pair_index,scene,source_id,target_id,method,num_correspondences,putative_inlier_ratio,rotation_error_deg,translation_error,success,runtime_seconds,mean_hops,best_hops,effective_rank,regeneration_updates,regenerated_correspondences,subsample_seconds,graph_seconds,seed_seconds,search_seconds,refinement_seconds,regeneration_seconds
0,7-scenes-redkitchen,1,0,sagereg_regen,780,0.8615384615384616,0.4458360671857288,0.0068337772262607,True,0.3276916720001281,2.0,2.0,2.2827492408408294,4.0,8214.0,1.7685999864625046e-05,0.0272724609999386,0.1653598610000699,0.0687452059996758,0.012010809000003,0.0542260330003045
1,7-scenes-redkitchen,2,0,sagereg_regen,330,0.5454545454545454,1.0886301018946192,0.0335845517534098,True,0.1665356620005695,2.0,2.0,2.0849315523430647,4.0,5761.0,1.2645999959204346e-05,0.0074974880003537,0.0424432849999902,0.0618962240000655,0.0078534470003432,0.0467730200002733
2,7-scenes-redkitchen,3,0,sagereg_regen,334,0.467065868263473,1.1899214023513718,0.0347461528718349,True,0.1597945550001895,1.9791666666666667,2.0,2.709657519006214,3.0,5806.0,1.2079000043740962e-05,0.0072182620001512,0.0428063819999806,0.0604030049998982,0.00754321300019,0.0417687399999522
3,7-scenes-redkitchen,4,0,sagereg_regen,337,0.5400593471810089,1.4045368507825666,0.039975289591216,True,0.1692619659997944,1.9791666666666667,2.0,2.2102113181191085,2.0,6206.0,1.267200013899128e-05,0.0077023290000397,0.0449281450000853,0.062127220000093,0.0078395840000666,0.0466083839996827
4,7-scenes-redkitchen,5,0,sagereg_regen,232,0.418103448275862,1.016184610975056,0.0467158609399439,True,0.1423525130003327,2.0,2.0,2.0496294729267426,4.0,5387.0,9.840000075200804e-06,0.0042094509999515,0.022756993999792,0.0578108909999173,0.0067849890001525,0.0507391690002805
5,7-scenes-redkitchen,6,0,sagereg_regen,258,0.5426356589147286,1.0017842070465064,0.0558206746625086,True,0.1390120589999242,1.9895833333333333,2.0,2.118323488880492,3.0,4356.0,1.0619000022416005e-05,0.0046900140000616,0.0292410069996549,0.0614729009998882,0.0076175429999238,0.0359340740001243
6,7-scenes-redkitchen,10,0,sagereg_regen,346,0.5664739884393064,1.2213293669158034,0.0419580353761418,True,0.164043515999765,2.0,2.0,2.0767359204042624,4.0,5921.0,1.1794999863923294e-05,0.0070805289997224,0.044485904999874,0.062857860999884,0.0078922729999248,0.0416725049999513
7,7-scenes-redkitchen,11,0,sagereg_regen,383,0.7284595300261096,1.4185149279483111,0.0293117622130397,True,0.1840602780002882,2.0,2.0,2.291107070264508,3.0,6709.0,1.3367000065045431e-05,0.0082821910000348,0.0584367579999707,0.0632936090000839,0.0084750789997087,0.0455151510000177
8,7-scenes-redkitchen,12,0,sagereg_regen,506,0.7213438735177866,1.1915068071841697,0.0221733629957098,True,0.2298475450002115,2.0,2.0,2.165908979035644,4.0,6766.0,1.6109000171127263e-05,0.0118646539999645,0.0925945929998306,0.0635753820001809,0.0097820890000548,0.0519666509999297
9,7-scenes-redkitchen,13,0,sagereg_regen,382,0.7722513089005235,1.6526714480989173,0.0299239658430454,True,0.1760432400001264,2.0,2.0,2.2919451282066845,4.0,5583.0,1.3097999726596754e-05,0.0077661479999733,0.0599661410001317,0.062536020999687,0.0084678690000146,0.0372496150002916
10,7-scenes-redkitchen,14,0,sagereg_regen,327,0.5565749235474006,2.903268345424461,0.0501960825488504,True,0.1603269229999568,2.0,2.0,2.3118402786322063,5.0,5455.0,1.1159999758092454e-05,0.0061897629998384,0.0432389900001908,0.0605288880001353,0.0078134339996722,0.0425014940001347
11,7-scenes-redkitchen,15,0,sagereg_regen,234,0.2564102564102564,1.930960594034728,0.0453755002187388,True,0.1270279750001464,1.9583333333333333,2.0,1.9523836587762635,6.0,4306.0,9.71100007518544e-06,0.0035754730001826,0.0223713650002537,0.0558168960001239,0.0065604230003373,0.0386540029999196
12,7-scenes-redkitchen,19,0,sagereg_regen,243,0.4567901234567901,1.4725264821284128,0.0104710578867678,True,0.1379146409999521,1.9479166666666667,2.0,1.6291767348434292,5.0,4612.0,9.991999831981955e-06,0.0040243309999823,0.0238739799997347,0.0588427329998921,0.0068828779999421,0.0442351920000874
13,7-scenes-redkitchen,26,0,sagereg_regen,294,0.1156462585034013,90.21003773195848,2.931367522961286,False,0.145894854999824,1.9791666666666667,2.0,2.0663622669054726,6.0,3815.0,1.067099992724252e-05,0.0050893779998659,0.032517937999728,0.0575358119999691,0.0064376489999631,0.0442596679999951
14,7-scenes-redkitchen,27,0,sagereg_regen,356,0.1769662921348314,2.1075623755302324,0.0556303113913197,True,0.1852755879999676,1.9583333333333333,2.0,2.0405203967846752,6.0,7897.0,1.2086999959137756e-05,0.0065338730000803,0.0468272660000366,0.0581697140000869,0.0069917760001771,0.0666974809996645
15,7-scenes-redkitchen,28,0,sagereg_regen,277,0.2057761732851985,2.394890955233981,0.094046980202063,True,0.1505900180004573,1.9791666666666667,2.0,2.1616596791003304,5.0,6031.0,1.009600009638234e-05,0.0047339919997284,0.0284480250002161,0.0592694719998689,0.0066861979998975,0.051400797000042
16,7-scenes-redkitchen,29,0,sagereg_regen,216,0.199074074074074,2.288074145820932,0.0637241416340252,True,0.1268122580004274,1.9479166666666667,2.0,2.32256026792399,6.0,4773.0,9.720999969431432e-06,0.003340768000271,0.0192013629998655,0.0555502279999018,0.0064392510003017,0.0422277090001443
17,7-scenes-redkitchen,31,0,sagereg_regen,165,0.1939393939393939,2.893980492896601,0.0403158197210228,True,0.1069970799999282,1.96875,2.0,2.503637880495222,6.0,3621.0,9.138000223174458e-06,0.0024442369999633,0.0114876890002051,0.0542819769998459,0.0058789580002667,0.0328558369997153
18,7-scenes-redkitchen,32,0,sagereg_regen,155,0.2516129032258064,3.554133743457434,0.0425478217085219,True,0.1083573809996778,1.9583333333333333,2.0,1.806792761551989,4.0,3914.0,8.318000254803337e-06,0.0026099529995917,0.0123564639998221,0.0558943620003447,0.0061137200000302,0.0313367979997565
19,7-scenes-redkitchen,37,0,sagereg_regen,297,0.1279461279461279,2.118332729012162,0.0463747009487872,True,0.1498599210003703,1.90625,2.0,1.506243195074055,6.0,4675.0,1.0891999863815728e-05,0.0048453520003022,0.0321419339998101,0.0561489239998991,0.0068547249998118,0.0498102650003602
20,7-scenes-redkitchen,38,0,sagereg_regen,213,0.2065727699530516,3.0251451521372466,0.0319473652670267,True,0.1250013950002539,1.9479166666666667,2.0,1.7797441342185585,4.0,4257.0,9.453999609831952e-06,0.0033154140000988,0.0184200300000156,0.0543834539998897,0.006364898999891,0.0424691830003212
21,7-scenes-redkitchen,39,0,sagereg_regen,335,0.2805970149253731,3.452381496080284,0.0585149625202563,True,0.1523788209997292,1.96875,2.0,1.5451752376768066,3.0,5151.0,1.1132000054203672e-05,0.0060085869999966,0.0394458709997707,0.0597170410001126,0.007165562999944,0.0399860359998456
22,7-scenes-redkitchen,41,0,sagereg_regen,229,0.2270742358078602,2.4324127339252057,0.0930165067585098,True,0.1224158530003478,1.875,2.0,2.484629424026397,5.0,3677.0,9.773999863682548e-06,0.0032732939998822,0.020850005000284,0.0531779240000105,0.0064255590000357,0.038640129000214
23,7-scenes-redkitchen,2,1,sagereg_regen,790,0.8810126582278481,0.8331563483258272,0.0094488884237724,True,0.3048645079998096,2.0,2.0,2.258725421314402,0.0,6614.0,1.7544000002089888e-05,0.0242584470001929,0.1703886229997806,0.0684773909997602,0.0121449349999238,0.0295190090000687
24,7-scenes-redkitchen,3,1,sagereg_regen,342,0.5321637426900585,1.23846815094762,0.0255984295761032,True,0.1671496509998178,1.9895833333333333,2.0,2.6461020948020733,4.0,6000.0,1.226599988513044e-05,0.0069014359996799,0.0468037390000972,0.061685615999977,0.0077874359999441,0.0439146009998694
25,7-scenes-redkitchen,4,1,sagereg_regen,296,0.4594594594594595,1.5029549609938315,0.0309447889446518,True,0.1571450500005085,2.0,2.0,2.4354034309060726,5.0,5326.0,1.1027999789803287e-05,0.0054826440000397,0.036338465999961,0.0605033320002803,0.0073171170001842,0.0474507860003541
26,7-scenes-redkitchen,5,1,sagereg_regen,207,0.2753623188405797,0.8893428076187807,0.0293890427136121,True,0.1154822179996699,1.8854166666666667,2.0,1.7761971971154955,2.0,4464.0,9.586000032868467e-06,0.002828538000358,0.0173284149996106,0.0528010839998387,0.006392137000148,0.0360847359997933
27,7-scenes-redkitchen,10,1,sagereg_regen,218,0.2981651376146789,1.0591353800244263,0.0299053857604421,True,0.1221079980005015,1.9583333333333333,2.0,1.98881043604659,3.0,4722.0,9.592999958840664e-06,0.0033905929999491,0.0198763690000305,0.0556982799998877,0.0064504730003136,0.0366441230003147
28,7-scenes-redkitchen,11,1,sagereg_regen,341,0.5219941348973607,1.4423253624613603,0.0256902314799961,True,0.1694189059999189,1.9791666666666667,2.0,2.4164345683165007,5.0,5788.0,1.222299988512532e-05,0.0071347810003317,0.0466577469996991,0.0598551090001819,0.0076599219996751,0.0480545209998126
29,7-scenes-redkitchen,12,1,sagereg_regen,461,0.7071583514099783,1.3169778084459332,0.0145333805240036,True,0.2114787839996097,2.0,2.0,2.4303442410814826,4.0,6377.0,1.454499988540192e-05,0.0113089179999406,0.0842021700000259,0.0634023329998854,0.0091753450001306,0.0433270369999263
30,7-scenes-redkitchen,13,1,sagereg_regen,429,0.752913752913753,1.5849157232831728,0.0156296312224525,True,0.1935135749995424,1.9895833333333333,2.0,2.506377994357029,4.0,5482.0,1.3564999790105505e-05,0.0093961950001357,0.0702614390002054,0.0619812650002131,0.0088001220001388,0.0430148269997516
31,7-scenes-redkitchen,14,1,sagereg_regen,368,0.6983695652173914,2.381456528933052,0.0429699194158919,True,0.1723796010001024,1.9895833333333333,2.0,2.441300303810652,4.0,5168.0,1.2616999811143614e-05,0.0074344149998069,0.0547508290001133,0.0614694230002896,0.0082500129997242,0.0404179970000768
32,7-scenes-redkitchen,26,1,sagereg_regen,320,0.121875,2.511159303407608,0.0819331161075522,True,0.1584869119997165,1.96875,2.0,2.1298501514524766,6.0,5068.0,1.2832999800593823e-05,0.0058048390001204,0.0389520489998176,0.0574224430001777,0.0064319810003325,0.0498221319999174
33,7-scenes-redkitchen,27,1,sagereg_regen,286,0.1853146853146853,1.887867069534113,0.0311040319170753,True,0.1697978930001227,1.9583333333333333,2.0,2.5722384750044043,6.0,8126.0,1.0528000075282762e-05,0.0048988700000336,0.034029086999908,0.0579922410001927,0.006571636999979,0.0662478920003195
34,7-scenes-redkitchen,28,1,sagereg_regen,292,0.2431506849315068,2.0077036426812045,0.0708742767995344,True,0.1599114160003409,1.9895833333333333,2.0,2.666445255275136,6.0,6994.0,1.0798999937833289e-05,0.0052866410001115,0.0353434070002549,0.0580422829998497,0.0068385009999474,0.0543491180001183
35,7-scenes-redkitchen,29,1,sagereg_regen,286,0.2517482517482518,2.3133734567698734,0.0604443288305297,True,0.1481657210001685,2.0,2.0,2.1526659145832263,5.0,5280.0,1.1070000255131164e-05,0.0050758860002133,0.0335859749998235,0.0592242110001279,0.006909971999903,0.0433165849999568
36,7-scenes-redkitchen,31,1,sagereg_regen,197,0.3197969543147208,2.564656690237772,0.0372358958268255,True,0.1211737230000835,1.96875,2.0,2.871485488277318,5.0,4277.0,9.284000043408014e-06,0.0034776680004142,0.0179732960000365,0.0553820979998818,0.0063068640001802,0.0379870060000939
37,7-scenes-redkitchen,32,1,sagereg_regen,184,0.25,2.527046522576599,0.0319553772140366,True,0.1198975030001747,1.9166666666666667,2.0,2.421508259883963,6.0,4187.0,8.604999948147452e-06,0.0030622210001638,0.0164108140002099,0.0562228979997598,0.0062650959998791,0.037888856000336
38,7-scenes-redkitchen,40,1,sagereg_regen,240,0.3916666666666666,2.096006114112957,0.0738316288143403,True,0.1420571930002552,1.96875,2.0,2.4748910706883738,6.0,5239.0,1.0567999652266735e-05,0.0041182869999829,0.025494953999896,0.0581986960000904,0.0066868710000562,0.0475080650003292
39,7-scenes-redkitchen,41,1,sagereg_regen,169,0.0710059171597633,129.162618460274,3.412025459752671,False,0.1084149559997058,1.75,2.0,1.667347568019267,6.0,3076.0,8.487999821227277e-06,0.0019966649997513,0.0114338580001458,0.0476957320001929,0.0058955740000783,0.0413426629997957
40,7-scenes-redkitchen,3,2,sagereg_regen,663,0.8838612368024132,0.5393567211541089,0.0141827064066945,True,0.2777608940000391,2.0,2.0,2.50579413759055,3.0,6711.0,1.609900027688127e-05,0.0182636829999864,0.1373707170000671,0.0663111229996502,0.010866051999983,0.0448805569999422
41,7-scenes-redkitchen,11,2,sagereg_regen,304,0.3421052631578947,1.317167808552092,0.0312908826768891,True,0.1436591880005835,1.9791666666666667,2.0,2.088645632756466,6.0,4157.0,1.0572000064712483e-05,0.0053452040001502,0.0316836160000093,0.0600471889997606,0.0070251560000542,0.0395050840002113
42,7-scenes-redkitchen,12,2,sagereg_regen,465,0.8602150537634409,1.3587113458818638,0.021188111628985,True,0.1982634339992728,2.0,2.0,2.552883353292949,1.0,5730.0,1.342899986411794e-05,0.0103026930000851,0.0837387219999072,0.0627640970001266,0.0091485640000428,0.0322499709996009
43,7-scenes-redkitchen,13,2,sagereg_regen,561,0.8716577540106952,1.2004010673025267,0.0155330938702134,True,0.2447123510000892,2.0,2.0,2.6073814747826143,4.0,5506.0,1.4343000202643452e-05,0.0153626810001696,0.1159976409999217,0.0657111079999595,0.0102142539999476,0.0373528179998174
44,7-scenes-redkitchen,14,2,sagereg_regen,405,0.7407407407407407,1.2802205581264592,0.0288848014066734,True,0.1795457880002686,2.0,2.0,2.653536271284537,3.0,4336.0,1.2601999969774624e-05,0.0094689679999646,0.0657235429998763,0.0617791810000198,0.0085678380000899,0.0339485170002262
45,7-scenes-redkitchen,26,2,sagereg_regen,278,0.0359712230215827,73.41032753411699,2.3774041048020624,False,0.1496209080000881,1.96875,2.0,2.146906119198018,6.0,5584.0,1.0138000106962863e-05,0.0046966790000624,0.028573631999734,0.057560783000099,0.0064045619997159,0.0523287599999093
46,7-scenes-redkitchen,27,2,sagereg_regen,334,0.2335329341317365,2.3704046613869174,0.079081998395995,True,0.1817358870002863,1.9583333333333333,2.0,2.299602787341818,4.0,8243.0,1.137000026574242e-05,0.0062576479999734,0.0437060970002676,0.0581473949996507,0.0068009470001015,0.0667705420000857
47,7-scenes-redkitchen,28,2,sagereg_regen,402,0.5149253731343284,1.8086571899190864,0.0375805797699535,True,0.204266364999512,2.0,2.0,2.283354153949201,4.0,7871.0,1.3500000022759195e-05,0.008631097000034,0.0648095609999472,0.0619222029999946,0.0081849720004356,0.0606598639997173
48,7-scenes-redkitchen,29,2,sagereg_regen,398,0.507537688442211,1.817587374571028,0.0229410773163613,True,0.188183406999542,2.0,2.0,2.3926503056092527,5.0,7091.0,1.2775999948644312e-05,0.0084426429998529,0.0591514289999395,0.060806539999703,0.007912602000033,0.0518126829997527
49,7-scenes-redkitchen,30,2,sagereg_regen,187,0.2352941176470588,1.530068523727374,0.0675124189337314,True,0.1200999729999239,2.0,2.0,2.334317425126958,6.0,5020.0,1.0720999853219835e-05,0.003266781000093,0.0169432129996494,0.0558660840001721,0.0061937539999235,0.0377804360000482
50,7-scenes-redkitchen,31,2,sagereg_regen,211,0.3838862559241706,2.3242498516261696,0.0304738643176793,True,0.1254190220001874,2.0,2.0,2.2255788534044494,5.0,4633.0,9.0720000116562e-06,0.0034254410002176,0.0227809670000169,0.0554180629997063,0.0064161569998759,0.0373308809998889
51,7-scenes-redkitchen,40,2,sagereg_regen,399,0.7142857142857143,1.5524002137799089,0.0621688607707075,True,0.1974600180001289,2.0,2.0,2.4867360132965017,5.0,6376.0,1.3674000001628883e-05,0.0086665999997421,0.0630856150000909,0.0628866590000143,0.0084906970000702,0.0542737390001093
52,7-scenes-redkitchen,41,2,sagereg_regen,386,0.6968911917098446,1.1545665776998728,0.0361949296183566,True,0.1793033889998696,2.0,2.0,2.3170822912874125,3.0,5710.0,1.2879999758297345e-05,0.007927822000056,0.0584962930001893,0.0622152860000824,0.0082619770000746,0.0423441220000313
53,7-scenes-redkitchen,42,2,sagereg_regen,311,0.6977491961414791,1.466558490909183,0.0441358549015006,True,0.1538368680003259,2.0,2.0,2.3503010932386434,4.0,4395.0,1.1629000255197752e-05,0.0059737429996857,0.0394236060001276,0.0616935369998827,0.0077194969999254,0.0389715410001372
54,7-scenes-redkitchen,4,3,sagereg_regen,430,0.6232558139534884,0.8585367759489778,0.0226177779265822,True,0.1827151190000222,2.0,2.0,2.249295259438437,1.0,5732.0,1.3464999938150868e-05,0.0093545710001308,0.0682184380002581,0.0628731900001184,0.0085105859998293,0.0336966300001222
55,7-scenes-redkitchen,5,3,sagereg_regen,205,0.1707317073170731,2.100404103437784,0.0321966256200469,True,0.111934734999977,1.9583333333333333,2.0,1.2351498659704832,3.0,4083.0,9.26100028664223e-06,0.0029956530001982,0.0154773139997814,0.0538129459996525,0.0059969629996885,0.0336018150001109
56,7-scenes-redkitchen,10,3,sagereg_regen,230,0.3130434782608696,1.199782668370758,0.0343663386933835,True,0.1308656760002122,1.9791666666666667,2.0,1.848128164265635,6.0,4681.0,9.466000392421847e-06,0.0035206239999752,0.0207332800000585,0.0561338080001405,0.0065628429997559,0.0438651710001067
57,7-scenes-redkitchen,11,3,sagereg_regen,326,0.4233128834355828,1.04042107081604,0.0150850312368082,True,0.1570224340002823,2.0,2.0,2.367051764624872,4.0,5477.0,1.1033000191673636e-05,0.0060961379999753,0.0374544449996392,0.0612985299999309,0.0074313740001343,0.0446816240000771
58,7-scenes-redkitchen,12,3,sagereg_regen,590,0.8559322033898306,0.8334197759653998,0.0192849787156561,True,0.2647275389999777,2.0,2.0,2.7328928584783743,2.0,7013.0,1.5193999843177153e-05,0.0146569449998423,0.1292156489998888,0.0645962339999641,0.0103630389999125,0.0458262560000548
59,7-scenes-redkitchen,13,3,sagereg_regen,677,0.8892171344165436,1.2332373420604976,0.0303029780869103,True,0.2951156099998115,2.0,2.0,2.75174320914089,4.0,6364.0,1.6171999959624372e-05,0.0188692860001538,0.1511706149999554,0.0658930499998859,0.0111321089998455,0.0479791930001738
60,7-scenes-redkitchen,14,3,sagereg_regen,383,0.7885117493472585,1.8395361017389813,0.0288089650837888,True,0.1834343959994839,2.0,2.0,2.796734794693504,3.0,5540.0,1.3923000096838225e-05,0.0082434249998186,0.0601527270000588,0.0612522559999888,0.0084536869999283,0.0452735139997457
61,7-scenes-redkitchen,26,3,sagereg_regen,217,0.0737327188940092,1.7201181713671678,0.0285644301361852,True,0.1241393809996225,1.9791666666666667,2.0,2.283037394817625,6.0,4419.0,9.045999831869269e-06,0.0034382620001451,0.0183752749999257,0.0542570109996631,0.0061688739997407,0.0418515319997823
62,7-scenes-redkitchen,27,3,sagereg_regen,392,0.3418367346938775,1.6921341396812426,0.025358667168276,True,0.1915638789996592,2.0,2.0,2.790418495409818,3.0,8688.0,1.2432999938027932e-05,0.0082808269999077,0.0569122399997468,0.0605546420001701,0.0076905320001969,0.0580658429998948
63,7-scenes-redkitchen,28,3,sagereg_regen,372,0.4516129032258064,1.9607237173847536,0.0628666568885549,True,0.188836531999641,1.9791666666666667,2.0,2.62592510567818,5.0,7567.0,1.1612999969656812e-05,0.0076424150001912,0.0555547760000081,0.0606651269999929,0.007702848000008,0.0572169039996879
64,7-scenes-redkitchen,29,3,sagereg_regen,340,0.5558823529411765,1.6933254895299767,0.0309531950126912,True,0.1638081810001495,2.0,2.0,2.568377154653378,4.0,6227.0,1.2006999895675108e-05,0.0070134649999999,0.0482050029995662,0.0608418580000034,0.0076758170002904,0.0400109970000812
65,7-scenes-redkitchen,30,3,sagereg_regen,173,0.1965317919075144,1.6999208096360037,0.0450461475027934,True,0.1107344420001936,1.9791666666666667,2.0,2.315594177738124,6.0,3895.0,8.935000096244039e-06,0.0028734420002365,0.0133494399997289,0.0558841370002483,0.0061261420000846,0.0324547479999637
66,7-scenes-redkitchen,40,3,sagereg_regen,524,0.700381679389313,1.802037567642797,0.0652615649406296,True,0.2309338110003409,2.0,2.0,2.618067334728295,3.0,6990.0,1.653099980103434e-05,0.012434808999842,0.0966904419997263,0.0642270579996875,0.0094014249998508,0.048115023000264
67,7-scenes-redkitchen,41,3,sagereg_regen,542,0.7878228782287823,1.4533049489290644,0.0478784786587314,True,0.2563462550001532,2.0,2.0,2.566274736935669,4.0,6580.0,1.399000029778108e-05,0.0138729069999499,0.1121554030000879,0.0650077379996219,0.0098759950001294,0.0553709880000496
68,7-scenes-redkitchen,42,3,sagereg_regen,582,0.9106529209621992,1.3936926257839253,0.0444898897869143,True,0.2534855670000979,2.0,2.0,2.3896137336916885,4.0,5726.0,1.5054999948915793e-05,0.0141363889997592,0.1240652010001213,0.0661254660003578,0.0102643750001334,0.0388298689999828
69,7-scenes-redkitchen,43,3,sagereg_regen,524,0.91793893129771,0.8745185500670941,0.031390065971002,True,0.2265660969997043,2.0,2.0,2.399654348894793,3.0,5110.0,1.4327999906527111e-05,0.0124139159997866,0.1042593649999616,0.0658562120001988,0.0099655510002776,0.0340068519999476
70,7-scenes-redkitchen,44,3,sagereg_regen,361,0.850415512465374,0.8182596371727424,0.0232159370785329,True,0.1615479510001023,2.0,2.0,2.330689755059759,3.0,4467.0,1.228500013894518e-05,0.0071687989998281,0.0537007480002103,0.0615065299998605,0.0082802850001826,0.0308349199999611
71,7-scenes-redkitchen,45,3,sagereg_regen,183,0.7868852459016393,0.4484197306367262,0.0197552421539918,True,0.1104850239998995,2.0,2.0,2.412889057438772,1.0,3624.0,9.39900019147899e-06,0.0035191970000596,0.0184749089999058,0.058220572999744,0.0068681319999086,0.023352523000085
72,7-scenes-redkitchen,5,4,sagereg_regen,540,0.812962962962963,0.2642124459415045,0.0088459971885567,True,0.2583333319998928,2.0,2.0,2.493234916419256,6.0,7747.0,1.6122000033647055e-05,0.0128538960002515,0.1112685860002784,0.064541674999873,0.0098394300002837,0.0597591139999167
73,7-scenes-redkitchen,6,4,sagereg_regen,253,0.549407114624506,1.259074104110622,0.0440052970794488,True,0.1453406669998003,1.96875,2.0,2.3594143395825062,5.0,5371.0,9.593999948265264e-06,0.0045217509996291,0.0292894710000837,0.0583428640002239,0.0071962370002438,0.0459375649998037
74,7-scenes-redkitchen,7,4,sagereg_regen,206,0.2184466019417475,1.7497501444977566,0.0704131304299318,True,0.1154642050000802,1.9583333333333333,2.0,2.401563711337172,4.0,4690.0,8.51400000101421e-06,0.0030862559997331,0.0172806129999116,0.0537638240002706,0.0062435790000563,0.0350427590001345
75,7-scenes-redkitchen,9,4,sagereg_regen,381,0.6482939632545932,1.0600226545272775,0.0354233835982194,True,0.1761113429997749,1.9895833333333333,2.0,2.600848881746266,2.0,5333.0,1.2847000107285568e-05,0.0082545730001584,0.0556587139999464,0.0609116959999482,0.0080045469999276,0.0432240539998929
76,7-scenes-redkitchen,10,4,sagereg_regen,649,0.8058551617873652,1.2504490291658197,0.0235739909295393,True,0.2827182800001537,2.0,2.0,2.209672105164603,4.0,8215.0,1.55870002345182e-05,0.0173105490002853,0.139153983000142,0.0657247439999082,0.0105214239997621,0.0499367990000791
77,7-scenes-redkitchen,11,4,sagereg_regen,734,0.904632152588556,0.7773739664402288,0.0170598529644137,True,0.2997158339994712,2.0,2.0,2.373953655548782,2.0,7735.0,1.725999982227222e-05,0.0206490179998581,0.1610134379998271,0.0672949669997251,0.0117983879999883,0.0388893189997361
78,7-scenes-redkitchen,12,4,sagereg_regen,457,0.787746170678337,1.484487866153667,0.0387173402458956,True,0.2145151649997387,2.0,2.0,2.5728963030480503,5.0,6224.0,1.3391000265983166e-05,0.010406093000256,0.0828928470000391,0.0630282800002532,0.0091113329999643,0.0490166519998638
79,7-scenes-redkitchen,13,4,sagereg_regen,371,0.6522911051212938,1.898806218559713,0.056049326162366,True,0.1731276300001809,2.0,2.0,2.7639193991869844,5.0,4899.0,1.373899976897519e-05,0.008080480999979,0.0514442919998145,0.0615928140000505,0.0081891500003621,0.0437609870000414
80,7-scenes-redkitchen,14,4,sagereg_regen,307,0.6742671009771987,3.056586022746796,0.0659713013678119,True,0.1524341819995243,2.0,2.0,2.599899095918061,4.0,5219.0,1.1979999726463577e-05,0.0059622489998218,0.0373352289998365,0.0603871899998011,0.0076440779998847,0.0410504269998455
81,7-scenes-redkitchen,15,4,sagereg_regen,209,0.5598086124401914,2.719802900736632,0.0490422315385885,True,0.1278665009999713,2.0,2.0,2.2611484390606944,3.0,5562.0,8.840999726089649e-06,0.0037400549999802,0.0222657129997969,0.0590514300001814,0.0069151369998508,0.0358417970001028
82,7-scenes-redkitchen,18,4,sagereg_regen,397,0.5239294710327456,1.0428200549917874,0.0592297674075495,True,0.1876663240000198,2.0,2.0,2.7680286943584305,5.0,5288.0,1.3247999959276058e-05,0.0081225290000475,0.0595906660000764,0.0622458749999168,0.0083970369996677,0.0492518709997966
83,7-scenes-redkitchen,19,4,sagereg_regen,338,0.7159763313609467,1.606503816274545,0.0483767554123356,True,0.1636335919997691,2.0,2.0,2.3548661435221288,2.0,5639.0,1.1571999948500888e-05,0.0064379919999737,0.0469549109998297,0.0610937550000016,0.0080773009999575,0.0410125999997035
84,7-scenes-redkitchen,20,4,sagereg_regen,212,0.2122641509433962,2.2993603389992754,0.1533438172387771,True,0.1237889030003316,1.9270833333333333,2.0,2.6299775703007504,6.0,4302.0,9.628000043448992e-06,0.003133494999929,0.01720567700022,0.0543515360000128,0.0062985649997244,0.0427504640001643
85,7-scenes-redkitchen,25,4,sagereg_regen,212,0.2216981132075471,1.1708368432326342,0.0182708936439581,True,0.1339477179994901,1.9375,2.0,2.6014022794539846,6.0,5807.0,9.078999937628396e-06,0.0033292019998043,0.0192368429998168,0.0543067050002719,0.0063087130001804,0.0507181419998232
86,7-scenes-redkitchen,26,4,sagereg_regen,234,0.2179487179487179,1.5394545162874904,0.0335745326608714,True,0.1479630359999646,1.96875,2.0,2.298433558168747,5.0,7692.0,9.589000001142269e-06,0.0038185260000318,0.0226561800000126,0.0559531270000661,0.0064080610000019,0.0590780629995606
87,7-scenes-redkitchen,27,4,sagereg_regen,305,0.101639344262295,87.46436568116059,4.039651179134838,False,0.1450047960001939,1.96875,2.0,1.94461029787204,4.0,3582.0,1.088799990611733e-05,0.0054497710002578,0.0323165029999472,0.0577840509999987,0.0068903760002285,0.0425102490003155
88,7-scenes-redkitchen,37,4,sagereg_regen,252,0.3134920634920635,2.341153365617259,0.0443849658015014,True,0.1488530029996582,2.0,2.0,2.1345455550717696,4.0,5801.0,9.709999631013488e-06,0.0044549250001182,0.0297629990000132,0.0562138270001923,0.0066867069999716,0.0516851819998009
89,7-scenes-redkitchen,38,4,sagereg_regen,188,0.3085106382978723,2.3351998282289657,0.0415232559607212,True,0.123480598000242,1.9791666666666667,2.0,2.457498438577393,6.0,4718.0,8.970000180852367e-06,0.0031191849998322,0.0167354639997938,0.0562981789998957,0.0063601570000173,0.0409189150000202
90,7-scenes-redkitchen,39,4,sagereg_regen,273,0.3626373626373626,2.518296669210189,0.0654947247750497,True,0.1429886240002815,1.9895833333333333,2.0,2.298356961269398,3.0,5721.0,1.0566000128164887e-05,0.0048307980000572,0.0316530499999316,0.0575537290001193,0.0069932940000398,0.0419068360001801
91,7-scenes-redkitchen,41,4,sagereg_regen,285,0.3824561403508772,1.4910156732215498,0.0456375956698289,True,0.1371393659997011,1.9375,2.0,2.2613194089771014,4.0,3784.0,1.0302000191586558e-05,0.0047217970000019,0.0269220850000238,0.0582320119997348,0.0069007339998279,0.0403110929996728
92,7-scenes-redkitchen,6,5,sagereg_regen,444,0.7905405405405406,0.692326354663333,0.0310958807676634,True,0.2081741339998188,2.0,2.0,2.403719338695874,5.0,6783.0,1.369299980069627e-05,0.0100317490000634,0.075784078000197,0.0620551259999047,0.0087140870000439,0.0515262549997714
93,7-scenes-redkitchen,7,5,sagereg_regen,248,0.5080645161290323,1.2507370054512774,0.0673987044338767,True,0.1429141040002832,2.0,2.0,2.5471532859959747,4.0,6138.0,1.043599968397757e-05,0.0041685510000206,0.0260499050000362,0.0581918620000578,0.0069578009997712,0.0474967520003701
94,7-scenes-redkitchen,8,5,sagereg_regen,305,0.4655737704918032,2.273199246689352,0.1013471178737552,True,0.1542672700002185,1.96875,2.0,2.487073157103071,5.0,4888.0,1.059299984262907e-05,0.0054207500002121,0.0359321820001241,0.0588913639999191,0.0072688440000092,0.0466999830000531
95,7-scenes-redkitchen,9,5,sagereg_regen,569,0.7486818980667839,1.0811407314581518,0.0346430896693127,True,0.2473379000002751,2.0,2.0,2.667657180589917,2.0,6703.0,1.463799981138436e-05,0.0136508579998917,0.1188709399998515,0.065314562000367,0.0100451620000967,0.0393922530001873
96,7-scenes-redkitchen,10,5,sagereg_regen,683,0.8155197657393851,0.9166516344980368,0.0119381960778773,True,0.3057190169997739,2.0,2.0,2.4763104642892744,5.0,8036.0,1.732300006551668e-05,0.0190564520003135,0.1506643959996836,0.0666662940002424,0.0110301439999602,0.0582304569998086
97,7-scenes-redkitchen,11,5,sagereg_regen,449,0.8173719376391982,0.7052810933299762,0.0079435138230383,True,0.2119683760001862,2.0,2.0,2.2800484714527727,4.0,6993.0,1.5101999906619312e-05,0.0101747690000593,0.0772530119998009,0.0632011620000412,0.0091363079995971,0.0521426479999718
98,7-scenes-redkitchen,12,5,sagereg_regen,252,0.4444444444444444,1.163011586439921,0.0166304702467655,True,0.1270230670002092,1.9583333333333333,2.0,1.6384450167437243,2.0,4730.0,9.575000149197876e-06,0.004056410999965,0.0240699579999272,0.0567763869998998,0.0067410689998723,0.0353300589999889
99,7-scenes-redkitchen,15,5,sagereg_regen,198,0.5606060606060606,2.523900467767976,0.0398661206784928,True,0.1236036119998971,1.9791666666666667,2.0,2.3402867597380843,3.0,5446.0,9.287000011681812e-06,0.0033577140002307,0.0201508420000209,0.0572960770000463,0.0067295030003151,0.0360203730001558
100,7-scenes-redkitchen,16,5,sagereg_regen,259,0.3166023166023166,2.108315833745992,0.0630155984469553,True,0.1362471040001764,2.0,2.0,2.294694569727813,2.0,5130.0,1.1097999959019944e-05,0.0045141350001358,0.0295879730001615,0.0591064199998072,0.0070052999999461,0.0359779039999921
101,7-scenes-redkitchen,17,5,sagereg_regen,317,0.2302839116719243,2.255183196799214,0.0585222848512083,True,0.1457623629999034,1.9895833333333333,2.0,2.318977577707422,2.0,5229.0,1.1076999726356007e-05,0.005713394000395,0.0398006099999292,0.0609249089998229,0.0077136139998401,0.0315498519998982
102,7-scenes-redkitchen,18,5,sagereg_regen,525,0.7085714285714285,1.0671196897960475,0.0440450169040437,True,0.2336488910000298,2.0,2.0,2.55038845970581,4.0,6623.0,1.4679999821964884e-05,0.0122332769997228,0.0994416600001386,0.0647170319998622,0.0096292159996664,0.0475632960001348
103,7-scenes-redkitchen,19,5,sagereg_regen,550,0.8763636363636363,1.2977936403785089,0.0256086036526968,True,0.2528678580001724,2.0,2.0,2.48494365716202,3.0,7095.0,1.3917000160290629e-05,0.0135665769998922,0.1167642389996217,0.0652486369999678,0.0100322840003173,0.0471902590002173
104,7-scenes-redkitchen,20,5,sagereg_regen,289,0.3979238754325259,1.3434999883691146,0.0544863172777053,True,0.1540460249998432,1.9791666666666667,2.0,2.349378377667049,5.0,5409.0,1.0569999631115934e-05,0.0050976550000996,0.0334362439998585,0.0592330619997483,0.0070332670002244,0.0491930739999588
105,7-scenes-redkitchen,21,5,sagereg_regen,261,0.1685823754789272,1.83481978350501,0.0710309728393744,True,0.1233077110000522,1.875,2.0,2.1302456838613946,4.0,3746.0,9.955000223271782e-06,0.003792274999796,0.0241852799999833,0.0536992229999668,0.006426353000279,0.0351537159999679
106,7-scenes-redkitchen,25,5,sagereg_regen,258,0.3410852713178294,1.1998288446667589,0.0359043134919715,True,0.1425426410000909,1.96875,2.0,2.4770656611433526,3.0,6579.0,1.13989999590558e-05,0.004527070000222,0.0268238789999486,0.0576406629998018,0.0067001180000261,0.0467987940000966
107,7-scenes-redkitchen,26,5,sagereg_regen,274,0.2408759124087591,1.923304418600284,0.0702976646231321,True,0.1555827160000262,1.9479166666666667,2.0,2.0557763847428547,6.0,7329.0,1.025400024445844e-05,0.0045886480002081,0.0293574420002187,0.0571399360001123,0.0068729419999726,0.0575725389999206
108,7-scenes-redkitchen,36,5,sagereg_regen,256,0.2890625,1.661252527265113,0.0655350206742632,True,0.1476499210007205,1.96875,2.0,2.4306319209197045,5.0,5363.0,1.0172000202146592e-05,0.004210938000142,0.0257148929999857,0.0569055340001796,0.0067853690002266,0.0539790310003809
109,7-scenes-redkitchen,37,5,sagereg_regen,251,0.3944223107569721,1.6576859153442458,0.0406397687305218,True,0.1463996490001591,1.9895833333333333,2.0,1.7017247852720796,6.0,6073.0,9.52299978962401e-06,0.0041436569999859,0.0244780309999441,0.0577759259999766,0.0067891680000684,0.0531631150001885
110,7-scenes-redkitchen,38,5,sagereg_regen,185,0.4108108108108108,2.3920365957801697,0.0489195538133643,True,0.1149070330002359,1.9895833333333333,2.0,2.1277131331282315,3.0,5064.0,8.758000149100553e-06,0.0029802969997945,0.0127811239999573,0.0562357779999729,0.0062960549998933,0.0365670129999671
111,7-scenes-redkitchen,39,5,sagereg_regen,305,0.4655737704918032,1.983053703058523,0.0534979107125012,True,0.1676255779998428,2.0,2.0,2.14372089085008,6.0,6814.0,1.076499984264956e-05,0.0057834199997159,0.0399632120002024,0.0600460569999086,0.0075154810001549,0.0542632340002455
112,7-scenes-redkitchen,7,6,sagereg_regen,520,0.775,0.8589099666003827,0.0308151832868672,True,0.2347314899998309,2.0,2.0,2.299256275276184,2.0,7205.0,1.5686000097048236e-05,0.0124095900000611,0.1028194000000439,0.0646990079999341,0.0096075709998331,0.0451311369997711
113,7-scenes-redkitchen,8,6,sagereg_regen,367,0.5858310626702997,1.4597623875881265,0.0370004414774083,True,0.1705906809997941,1.9895833333333333,2.0,2.222512782643315,2.0,5709.0,1.1974999779340578e-05,0.0076492309999594,0.0519184330000825,0.0614940049999859,0.0080428890000803,0.0414276980000067
114,7-scenes-redkitchen,9,6,sagereg_regen,459,0.7603485838779956,1.2577409111583708,0.0311182675378608,True,0.2183852929997556,2.0,2.0,2.2577033610502184,5.0,6678.0,1.3666999620909335e-05,0.0103674400002091,0.0803251749998708,0.0633580610001445,0.008939002000261,0.0553330889997596
115,7-scenes-redkitchen,10,6,sagereg_regen,415,0.7325301204819277,0.9751078038330788,0.0383218790270572,True,0.1916786199999478,2.0,2.0,2.430527782937013,3.0,6371.0,1.2600999980350023e-05,0.0088077680002243,0.0688520680000692,0.0618739799997456,0.00862927199978,0.0434580000001005
116,7-scenes-redkitchen,11,6,sagereg_regen,406,0.7660098522167488,1.1444045834016934,0.0369880253593126,True,0.1819181529999696,2.0,2.0,2.460392594886918,3.0,5198.0,1.3002000287087869e-05,0.0085723020001751,0.0656055879999257,0.0626495440001235,0.0086295060000338,0.036400685999979
117,7-scenes-redkitchen,12,6,sagereg_regen,219,0.319634703196347,1.5583138327911827,0.0431244026337772,True,0.1125375890001123,1.9791666666666667,2.0,1.8719422921361464,4.0,3264.0,9.354000212624667e-06,0.0034665929997572,0.0187489129998539,0.0559111229999871,0.0066122920002271,0.0277490329999636
118,7-scenes-redkitchen,15,6,sagereg_regen,188,0.4840425531914893,2.611193495405709,0.0308546829530157,True,0.1127750240002569,1.9791666666666667,2.0,2.168578383992815,4.0,4630.0,9.350000254926272e-06,0.0033410660003028,0.0167936009997902,0.0561014650002107,0.0064547019997007,0.0300343570002041
119,7-scenes-redkitchen,16,6,sagereg_regen,309,0.5825242718446602,2.221074142688165,0.0475943399565023,True,0.1584233019993917,1.9895833333333333,2.0,2.098171540936605,5.0,5718.0,1.114899987442186e-05,0.0059492030000001,0.0392535099999804,0.0601010899999892,0.0077790780001123,0.0452865519996521
120,7-scenes-redkitchen,17,6,sagereg_regen,301,0.3920265780730897,2.179814775987816,0.0428049855010034,True,0.1567369900003541,2.0,2.0,1.9955897868234664,5.0,5613.0,1.1051000001316424e-05,0.0054875260002518,0.0348187069998857,0.0593502589999843,0.0071874410000418,0.0498383300000568
121,7-scenes-redkitchen,18,6,sagereg_regen,378,0.6640211640211641,1.1268673004696614,0.0190453162415757,True,0.1903174459998808,2.0,2.0,2.339983804000944,5.0,6842.0,1.19410001389042e-05,0.0076624959997388,0.0571434470002714,0.0618929659999594,0.0083886500001426,0.0551701499998671
122,7-scenes-redkitchen,19,6,sagereg_regen,550,0.7963636363636364,0.9789499358627964,0.0094857642871657,True,0.2592201280003792,2.0,2.0,2.503078944133099,4.0,7406.0,1.6757000139477896e-05,0.0130403550001574,0.1174158789999637,0.0641659630000504,0.0096692759998404,0.0548624070002006
123,7-scenes-redkitchen,20,6,sagereg_regen,350,0.5714285714285714,1.1598471577347642,0.0111572450771489,True,0.1749871120000534,2.0,2.0,2.054270371962643,5.0,6290.0,1.1453000297478866e-05,0.0069817010003134,0.0485833090001506,0.0608100270001159,0.0079468620001534,0.0505986279999888
124,7-scenes-redkitchen,21,6,sagereg_regen,286,0.4090909090909091,1.2256238575111733,0.0188970874863165,True,0.1485571019998133,1.9895833333333333,2.0,2.072128141336331,4.0,4807.0,1.051599974744022e-05,0.0050975210001524,0.0317064630003187,0.0577095350004128,0.0068507800001498,0.0471394450000843
125,7-scenes-redkitchen,24,6,sagereg_regen,239,0.2301255230125523,2.876441098045307,0.0636579562087181,True,0.1304355629999918,1.9895833333333333,2.0,1.9277989324792444,5.0,4033.0,9.8489999800222e-06,0.0039529460000267,0.0232839969999076,0.0576231659997574,0.006475489999957,0.0390491560001464
126,7-scenes-redkitchen,25,6,sagereg_regen,275,0.3927272727272727,1.4442165022215832,0.0435989597224778,True,0.1595391810001274,1.9791666666666667,2.0,2.3204964277717823,6.0,7034.0,1.0071999895444604e-05,0.0049378170001546,0.0333241680000355,0.0590043750003133,0.0069143350001468,0.0553085900000951
127,7-scenes-redkitchen,26,6,sagereg_regen,258,0.3565891472868217,1.892878798686405,0.0443671644812203,True,0.1494865450003999,1.9479166666666667,2.0,1.98468722504004,6.0,6458.0,1.0788000054162694e-05,0.0046382420000554,0.0276350129997808,0.0576736449997952,0.0068462669996733,0.0526406130002214
128,7-scenes-redkitchen,35,6,sagereg_regen,269,0.1263940520446096,1.873895012466215,0.0306466705388336,True,0.13712095999972,1.9479166666666667,2.0,2.135578126316742,5.0,4579.0,1.028199994834722e-05,0.0042051280001942,0.0267447729997911,0.0531653089997234,0.0063280689996645,0.0466247819999807
129,7-scenes-redkitchen,36,6,sagereg_regen,250,0.204,1.808646348948772,0.0473378106521826,True,0.1394673589998092,1.9583333333333333,2.0,2.213531246629909,5.0,5451.0,9.760000011738155e-06,0.0038469870000881,0.022695006000049,0.0552168320000419,0.0065125500000249,0.0511454379998213
130,7-scenes-redkitchen,37,6,sagereg_regen,187,0.3850267379679144,1.6627817558226363,0.0401403012143152,True,0.1315781870002865,1.9479166666666667,2.0,2.1658177142142376,6.0,5725.0,8.680000064487103e-06,0.0030927630000405,0.0160144070000569,0.0560656530001324,0.0062990960000206,0.0500576829999772
131,7-scenes-redkitchen,38,6,sagereg_regen,143,0.3566433566433566,1.660102539550428,0.0176223745111378,True,0.1157114760003423,1.9791666666666667,2.0,1.986021520428132,6.0,4723.0,8.015000275918283e-06,0.0023845649998293,0.0099913099998047,0.0550853099998676,0.0061970030001248,0.0420069860001603
132,7-scenes-redkitchen,39,6,sagereg_regen,325,0.5015384615384615,1.7842895223978354,0.030971286286992,True,0.1749184750005952,2.0,2.0,2.168714369389121,5.0,7180.0,1.1243000244576253e-05,0.0065657700001793,0.0428585170002406,0.0606093149999651,0.0075429769999573,0.057284353000341
133,7-scenes-redkitchen,53,6,sagereg_regen,182,0.4285714285714285,3.50251414613221,0.0354763894416464,True,0.1114020939999136,1.9791666666666667,2.0,1.8895433094697216,3.0,4072.0,9.031999979924876e-06,0.0029900590002398,0.0152758230001381,0.0564722739995886,0.006432329999825,0.0301826280001478
134,7-scenes-redkitchen,54,6,sagereg_regen,256,0.19140625,2.353843561054649,0.0526638850529823,True,0.133300040999984,1.9791666666666667,2.0,1.8163240925791029,6.0,4400.0,1.003599982141168e-05,0.0040740229997027,0.0248856509997494,0.0555065019998437,0.0063776680003684,0.042404610000176
135,7-scenes-redkitchen,59,6,sagereg_regen,152,0.3223684210526316,2.480139284711905,0.0596969269796387,True,0.1081719610001528,2.0,2.0,2.095674657105221,5.0,3922.0,8.160000106727239e-06,0.0023941260001265,0.0096326869997938,0.054877432000012,0.006124507000095,0.0350978209999084
136,7-scenes-redkitchen,8,7,sagereg_regen,543,0.7569060773480663,0.8427150986510062,0.0431197084851228,True,0.2507121169996935,1.9895833333333333,2.0,2.18574655424282,4.0,6457.0,1.6008999864425277e-05,0.0128057629999602,0.1075156990000323,0.0639798560000599,0.0096669510003266,0.0566746609997608
137,7-scenes-redkitchen,9,7,sagereg_regen,374,0.6550802139037433,1.0745478780143018,0.030879707029329,True,0.1906043699996189,2.0,2.0,2.3556685796545844,5.0,6878.0,1.2146999779361067e-05,0.0078794259998176,0.0560033399997337,0.0619959880000351,0.0083007049997831,0.0563643460000093
138,7-scenes-redkitchen,10,7,sagereg_regen,258,0.4263565891472868,1.131499634024557,0.0648215948468202,True,0.135380637000253,1.96875,2.0,2.5144726211646424,4.0,5647.0,1.020600029733032e-05,0.0040562559997852,0.0281997980000596,0.0569654109999646,0.0068227719998503,0.0392833079999945
139,7-scenes-redkitchen,11,7,sagereg_regen,243,0.588477366255144,1.6822602096975086,0.0696946044299717,True,0.13771797399977,1.96875,2.0,2.5981503600711613,6.0,4743.0,1.0074999863718404e-05,0.004274807999991,0.0268563760000688,0.0584334350000972,0.0072116409996851,0.0408924710000064
140,7-scenes-redkitchen,15,7,sagereg_regen,161,0.4037267080745341,1.8823923419425943,0.0443678645106595,True,0.1064346630000727,1.9375,2.0,1.9969574349401047,3.0,4305.0,8.96400024430477e-06,0.0028358060003483,0.0127270409998345,0.0551190780001888,0.0065199569999094,0.0291824089999863
141,7-scenes-redkitchen,16,7,sagereg_regen,267,0.4719101123595505,1.5074493512575295,0.0277409611329782,True,0.143058794999888,1.9895833333333333,2.0,2.096170645602873,4.0,6162.0,1.0555999779171543e-05,0.004905169000267,0.0306061920000502,0.0598865860001751,0.0070971740001368,0.0405115160001514
142,7-scenes-redkitchen,17,7,sagereg_regen,337,0.3353115727002967,2.105957733908072,0.0342140193174882,True,0.1564560549995803,1.9895833333333333,2.0,2.223752136756224,4.0,6137.0,1.0767000276246108e-05,0.0060179080001034,0.0412496300000384,0.0586641439999766,0.0070019439999668,0.043467581999721
143,7-scenes-redkitchen,18,7,sagereg_regen,312,0.4230769230769231,1.215227198404646,0.0208917170917325,True,0.1720508550001795,2.0,2.0,2.318869125065571,5.0,7078.0,1.1578000339795835e-05,0.0054705590000594,0.0401635430002897,0.0597655819997271,0.007527399999617,0.0590664139999717
144,7-scenes-redkitchen,19,7,sagereg_regen,392,0.701530612244898,1.20128837783876,0.0167340383697617,True,0.1800508919995991,2.0,2.0,2.309474079836426,1.0,7499.0,1.2688999959209468e-05,0.0082461840001997,0.0629883179999524,0.0617916699998204,0.008341830000063,0.0386189019995981
145,7-scenes-redkitchen,20,7,sagereg_regen,395,0.5746835443037974,1.7993445801069734,0.0364169749621162,True,0.1853163109994966,2.0,2.0,1.9743055999396304,4.0,6949.0,1.3085999853501562e-05,0.0086096690001795,0.0592064140000729,0.0632330290000027,0.0083517610000853,0.0458557839997411
146,7-scenes-redkitchen,21,7,sagereg_regen,287,0.4216027874564459,1.2025861247725331,0.0259071938684332,True,0.1563230389997443,1.9895833333333333,2.0,1.806678369633553,3.0,5852.0,1.053200003298116e-05,0.0052063309999539,0.03121619500007,0.0593902360001266,0.0070215820001067,0.0534238469999763
147,7-scenes-redkitchen,24,7,sagereg_regen,318,0.5220125786163522,1.2526229960387558,0.0112069057765109,True,0.1604408009993676,2.0,2.0,2.6399662648529354,4.0,4628.0,1.1074999747506808e-05,0.0059188969999013,0.0396348090002902,0.0606699370000569,0.0076087150000603,0.0465548559996022
148,7-scenes-redkitchen,25,7,sagereg_regen,320,0.603125,1.2478014387959315,0.0232760053048846,True,0.1765543779997642,2.0,2.0,2.263260274460527,4.0,6996.0,1.1853999694722006e-05,0.006563083000401,0.0432095400001344,0.0617200910000974,0.0076924469999539,0.057308348999868
149,7-scenes-redkitchen,26,7,sagereg_regen,263,0.3536121673003802,1.7732067424423914,0.0394373601958766,True,0.1463971739999578,1.875,2.0,2.339585769671172,4.0,5816.0,1.0070000371342758e-05,0.004486240999995,0.0293549650000386,0.0571629510000093,0.0069594619999406,0.0483811369999784
150,7-scenes-redkitchen,35,7,sagereg_regen,245,0.1918367346938775,1.7529397384694605,0.0303625337808015,True,0.131889916000091,1.9583333333333333,2.0,1.772037805981839,3.0,5083.0,9.843000043474603e-06,0.0038108849998934,0.0241458539999257,0.0548734520002653,0.0065153200002896,0.042494071999954
151,7-scenes-redkitchen,36,7,sagereg_regen,207,0.1739130434782608,1.7502873034780968,0.041946483185942,True,0.1307164879999618,1.8645833333333333,2.0,2.1663207990425466,5.0,5670.0,9.43200029723812e-06,0.0029838549999112,0.0169310480000604,0.051692654999897,0.0061821179997423,0.0528736669998579
152,7-scenes-redkitchen,37,7,sagereg_regen,160,0.25625,1.5363795115308445,0.0249949629699206,True,0.1168693010004062,1.9479166666666667,2.0,2.358599946002707,4.0,5554.0,8.790000265435083e-06,0.0024345060000996,0.0103265500001725,0.0531406599998263,0.0061111390000405,0.0448070470001766
153,7-scenes-redkitchen,38,7,sagereg_regen,132,0.3409090909090909,1.57659673568171,0.0204191179176474,True,0.1021301350001522,1.9662921348314608,2.0,1.8083032128694856,3.0,4584.0,8.689999958733097e-06,0.0021772339996459,0.0085293809997892,0.0513740999999754,0.0061687530001108,0.0338342110003395
154,7-scenes-redkitchen,39,7,sagereg_regen,290,0.4551724137931034,1.7653479654611457,0.0275619140301202,True,0.1613138530005926,1.9895833333333333,2.0,2.226945369945772,2.0,7271.0,1.0462000318511857e-05,0.0054260270003396,0.0360239380001985,0.0597772539999823,0.0071399689995814,0.0528928950002409
155,7-scenes-redkitchen,53,7,sagereg_regen,121,0.140495867768595,6.054693900062931,0.0916273489241771,True,0.0865306370001235,1.9189189189189189,2.0,2.1289666705361285,6.0,3405.0,7.775000085530337e-06,0.0021360589998948,0.0057735899999897,0.0393061510003462,0.005724310000005,0.0335442770001463
156,7-scenes-redkitchen,54,7,sagereg_regen,273,0.2051282051282051,2.0382743384973643,0.0331005406223476,True,0.1450812119996953,1.9583333333333333,2.0,2.0624812649430737,6.0,4918.0,1.0093999662785793e-05,0.0044674549999399,0.0268702619996474,0.0561366090000774,0.006634908000251,0.0509203110000271
157,7-scenes-redkitchen,58,7,sagereg_regen,133,0.4511278195488721,1.7929799131261146,0.0459123730737677,True,0.0935000809995472,1.934782608695652,2.0,1.7531044942447875,2.0,3680.0,7.884999831730966e-06,0.0022060080000301,0.0088774240002749,0.0527764690000367,0.0062728640000386,0.0233192349996897
158,7-scenes-redkitchen,59,7,sagereg_regen,141,0.4113475177304964,1.475982307907768,0.0283877009063639,True,0.1044009639995238,2.0,2.0,1.7071920671724907,5.0,4147.0,8.310999874083791e-06,0.0022532779998982,0.008715046999896,0.051915173999987,0.0060410000000956,0.0354328509997685
159,7-scenes-redkitchen,9,8,sagereg_regen,700,0.7914285714285715,0.6936973826552938,0.0453909160576642,True,0.3089139869998689,2.0,2.0,2.505067822500961,2.0,8846.0,1.7673999991529854e-05,0.0203490620001502,0.14758560700011,0.0664073439997992,0.0113150870001845,0.0631808929997532
160,7-scenes-redkitchen,16,8,sagereg_regen,330,0.3636363636363636,2.1715713203796376,0.0516525592832706,True,0.1717454520003229,2.0,2.0,2.1821719816120075,5.0,7352.0,1.3522000244847732e-05,0.006120531000306,0.0420922039998004,0.0595742649998101,0.007340971999838,0.0565592510001806
161,7-scenes-redkitchen,17,8,sagereg_regen,371,0.3692722371967655,1.774881790718659,0.0445061757704906,True,0.1997511580002537,1.9791666666666667,2.0,2.2811007601779005,5.0,9253.0,1.1531999916769564e-05,0.0073072840000349,0.0532747570000537,0.0608996490000208,0.0076519680001183,0.0705599190000612
162,7-scenes-redkitchen,18,8,sagereg_regen,513,0.5886939571150097,1.790223301484952,0.0245316850160558,True,0.2466881380000813,1.9895833333333333,2.0,2.2493989663611065,6.0,9369.0,1.4643000213254709e-05,0.0116252900002109,0.0928911320002043,0.0629132540002501,0.0090617109999584,0.0701328059999468
163,7-scenes-redkitchen,19,8,sagereg_regen,359,0.4094707520891364,1.8864262549021464,0.0870799985683961,True,0.1654496520000066,2.0,2.0,2.3555213684906624,2.0,6803.0,1.2137999874539672e-05,0.0070663299998159,0.0500807479998002,0.0598073460000705,0.0074685770000542,0.0409704720000263
164,7-scenes-redkitchen,20,8,sagereg_regen,342,0.5146198830409356,2.206354294765689,0.0572443463774783,True,0.172971246000543,2.0,2.0,1.9106065727220285,3.0,7310.0,1.3103000128467102e-05,0.006737922999946,0.0466291799998543,0.0620686029997159,0.0077662919998147,0.0497092990003693
165,7-scenes-redkitchen,21,8,sagereg_regen,327,0.5076452599388379,1.5511475376710129,0.0508816230658684,True,0.1803680110001551,2.0,2.0,2.0647454639568528,6.0,7513.0,1.114899987442186e-05,0.0063334199999189,0.0414035270000567,0.0609733250003046,0.0076290229999358,0.0639700260003337
166,7-scenes-redkitchen,22,8,sagereg_regen,352,0.625,0.8034172038606223,0.0199054688170114,True,0.1803637689999959,1.9895833333333333,2.0,2.3398810527289844,5.0,6649.0,1.1271999937889632e-05,0.0070887060001041,0.047013422999953,0.0608059829996818,0.0078059020002001,0.0575941759998386
167,7-scenes-redkitchen,23,8,sagereg_regen,470,0.6361702127659574,1.20778966742482,0.0255228415705054,True,0.2151889700003266,1.9895833333333333,2.0,2.8094127543548426,6.0,6405.0,1.381799984301324e-05,0.0101778309999644,0.0769412659997215,0.0610736260000521,0.0087755479999032,0.0581581700002971
168,7-scenes-redkitchen,24,8,sagereg_regen,578,0.6608996539792388,1.0834342822026617,0.0062689383580619,True,0.2741790730001412,2.0,2.0,2.803447037546938,5.0,8567.0,1.7228000160685042e-05,0.0151878179999584,0.1169851810000182,0.0646808729998156,0.0097577819997241,0.0674967239997386
169,7-scenes-redkitchen,25,8,sagereg_regen,431,0.6032482598607889,1.426070694829203,0.0200477485650173,True,0.2019640030002847,2.0,2.0,2.738819109403749,3.0,6992.0,1.2959999821759992e-05,0.0101768220001758,0.0691520959999252,0.0627777240001705,0.0085885590001453,0.0511997260000498
170,7-scenes-redkitchen,35,8,sagereg_regen,353,0.4815864022662889,1.409473480682116,0.040962825962379,True,0.193210617999739,2.0,2.0,2.2608645156703875,4.0,9227.0,1.1822000033134827e-05,0.0067220500000075,0.04986013000007,0.0604005389996018,0.007666687999972,0.0684939629995824
171,7-scenes-redkitchen,36,8,sagereg_regen,377,0.3952254641909814,1.740758654549465,0.0443809981269065,True,0.1928585850000672,1.9270833333333333,2.0,2.0902760979214894,6.0,8317.0,1.161499994850601e-05,0.0068088269999861,0.0524197360000471,0.0581096149999211,0.0075330929998926,0.0679261619998214
172,7-scenes-redkitchen,37,8,sagereg_regen,246,0.1829268292682926,2.118252595306623,0.0495927007902669,True,0.1476870460001009,1.9479166666666667,2.0,2.4902679181048843,6.0,6520.0,9.98899986370816e-06,0.0038610930000686,0.0234265129997766,0.0538164340000548,0.0066342869999971,0.0598983780000708
173,7-scenes-redkitchen,39,8,sagereg_regen,278,0.316546762589928,2.7031658317027283,0.0902171764706514,True,0.1493335229997683,2.0,2.0,2.123020716922104,4.0,6610.0,1.0306999683962204e-05,0.0046975889999885,0.0298040299999229,0.059268370999689,0.0069048189998284,0.0486032740000155
174,7-scenes-redkitchen,54,8,sagereg_regen,368,0.3369565217391304,1.2104106347724397,0.0445782465872978,True,0.1950195860003987,1.9895833333333333,2.0,2.425934510561876,6.0,8983.0,1.1252000149397643e-05,0.0072136260000661,0.0513365130000238,0.0589359660002628,0.0075092329998369,0.0699639980002757
175,7-scenes-redkitchen,59,8,sagereg_regen,150,0.2933333333333333,1.9831884093890035,0.0697299767334613,True,0.1205443719995855,1.9894736842105265,2.0,2.042479915495092,6.0,5769.0,7.964999895193614e-06,0.0024358669998036,0.009876806000193,0.0546292240001093,0.0060276660001363,0.0475228719997176
176,7-scenes-redkitchen,10,9,sagereg_regen,520,0.8307692307692308,1.1492374717948093,0.0543218356265719,True,0.2279384809999101,2.0,2.0,2.426765985716794,1.0,5983.0,1.3598000350611985e-05,0.0128649599996606,0.1027240909997999,0.0649519320004401,0.0097901599997385,0.0375444909996076
177,7-scenes-redkitchen,11,9,sagereg_regen,424,0.6839622641509434,1.1022995684389871,0.049566151254527,True,0.1927266219995544,2.0,2.0,2.4798210750164094,4.0,4714.0,1.3379999927565224e-05,0.0095975859999271,0.0685642729999926,0.0628569040000002,0.0087103099999694,0.042939677999584
178,7-scenes-redkitchen,16,9,sagereg_regen,406,0.5147783251231527,1.2468049849520786,0.052376735081832,True,0.1997021690003748,2.0,2.0,2.1011795924859573,6.0,7948.0,1.276600005439832e-05,0.0090029779998985,0.0627872780000871,0.0601082799998948,0.0081873509998331,0.0595577210001465
179,7-scenes-redkitchen,17,9,sagereg_regen,442,0.4049773755656108,1.409844995796249,0.0571414275986771,True,0.2244664279996868,2.0,2.0,2.300188247407576,6.0,8769.0,1.2867999885202153e-05,0.0094833509997442,0.0708624290000443,0.0659489200002099,0.0105385130000286,0.0675635409997994
180,7-scenes-redkitchen,18,9,sagereg_regen,602,0.6013289036544851,1.1123731694894563,0.0302289839235044,True,0.2807873990000189,2.0,2.0,2.461415339415924,3.0,9846.0,1.792700004443759e-05,0.0164083040003788,0.1258478260001538,0.0650421469999855,0.010184529000071,0.063231751999865
181,7-scenes-redkitchen,19,9,sagereg_regen,430,0.7023255813953488,1.5548824808841752,0.0300328464663804,True,0.2078186040002947,1.9895833333333333,2.0,2.426948736804302,2.0,8173.0,1.54330000441405e-05,0.0092931789999965,0.0742782990000705,0.0625770239998928,0.0086261789997479,0.0529806990002725
182,7-scenes-redkitchen,20,9,sagereg_regen,305,0.5081967213114754,1.2841845161424297,0.0367501605560822,True,0.1712184569996679,2.0,2.0,2.199399198787025,5.0,7080.0,1.1307999557175208e-05,0.0058106860001316,0.0388467359998685,0.0604857920002359,0.0075897079996138,0.0584286949997476
183,7-scenes-redkitchen,21,9,sagereg_regen,269,0.3717472118959107,1.0867276114121125,0.0407268448830764,True,0.1511510540003655,1.9791666666666667,2.0,2.026020078906148,6.0,5602.0,1.0032000318460632e-05,0.0045319969999582,0.0265777889999299,0.0579063649997806,0.0067871269998249,0.0552962420001676
184,7-scenes-redkitchen,24,9,sagereg_regen,404,0.5,1.8217617267257264,0.051043362243943,True,0.1976938729999346,2.0,2.0,2.4777693589247813,5.0,7022.0,1.364699983241735e-05,0.0083127709999644,0.0595867279998856,0.0609192070000972,0.0080270379999092,0.0607870529997853
185,7-scenes-redkitchen,25,9,sagereg_regen,397,0.4962216624685138,1.2951305373062418,0.0105802328340389,True,0.2024169240003175,2.0,2.0,2.5320951518463164,4.0,8163.0,1.2976000107300932e-05,0.0082713430001604,0.0606956090000494,0.0622572290003518,0.0080581329998494,0.0630717100002584
186,7-scenes-redkitchen,26,9,sagereg_regen,288,0.3576388888888889,1.2793171682815443,0.0380824229249878,True,0.152017693000289,1.9270833333333333,2.0,2.56037731969766,6.0,6360.0,1.059500027622562e-05,0.0044554590003826,0.0300243259998751,0.0563694890001897,0.0067697300000872,0.0543441009999696
187,7-scenes-redkitchen,35,9,sagereg_regen,308,0.2337662337662337,1.318905521912514,0.0791448561165336,True,0.1711401960001239,1.96875,2.0,2.053838801057291,5.0,7901.0,1.0459999884915304e-05,0.0052186759999131,0.0378307830001176,0.0560070709998399,0.0068635779998658,0.0651673380002648
188,7-scenes-redkitchen,36,9,sagereg_regen,345,0.2869565217391304,1.6096867910549049,0.0850108840643709,True,0.1757199939997917,1.9479166666666667,2.0,1.6889371734571148,4.0,8344.0,1.2055999832227826e-05,0.0060320400002638,0.0462030229996344,0.0587988890001724,0.0075503049997678,0.0570795539997561
189,7-scenes-redkitchen,37,9,sagereg_regen,256,0.27734375,1.953604965088295,0.051854875554789,True,0.1552740770002856,1.9895833333333333,2.0,2.26095235897162,6.0,7686.0,1.0402000043541191e-05,0.004190385000129,0.0265269440001247,0.0566762710000148,0.0067589229997793,0.06106997400002
190,7-scenes-redkitchen,38,9,sagereg_regen,165,0.296969696969697,2.0226133160621824,0.0495494088693511,True,0.1233681859998796,1.96875,2.0,1.9923473899400408,6.0,5561.0,1.014200006466126e-05,0.0027931190002163,0.012743347000196,0.0532638310000948,0.0060274079996816,0.0484921439997378
191,7-scenes-redkitchen,39,9,sagereg_regen,284,0.4859154929577465,2.057426541790865,0.0601105595214193,True,0.1600906890002988,1.9791666666666667,2.0,2.348812603518305,4.0,7747.0,1.0416000350232936e-05,0.0051519980002012,0.0352374490003057,0.0587432899997111,0.0073169530000996,0.0535885240001334
192,7-scenes-redkitchen,54,9,sagereg_regen,332,0.2198795180722891,0.976075379550146,0.0801772437583911,True,0.1749502329998904,1.9791666666666667,2.0,1.7931002825277274,6.0,7613.0,1.226899985340424e-05,0.0060282840004219,0.041416388000016,0.0573098790000585,0.0070816540001032,0.0630553030000555
193,7-scenes-redkitchen,59,9,sagereg_regen,139,0.539568345323741,2.2036611668193844,0.0577665482423987,True,0.117921127000045,1.98876404494382,2.0,1.9924011292513304,6.0,5730.0,8.320999768329784e-06,0.0023440530003426,0.0090089509999415,0.0521914259998084,0.0062421669999821,0.0480895620003138
194,7-scenes-redkitchen,11,10,sagereg_regen,871,0.939150401836969,0.4880385843961892,0.0037659063000906,True,0.3454938100003346,2.0,2.0,2.2178768999704266,2.0,7522.0,1.8136000107915606e-05,0.0266066089998275,0.1885281820000273,0.0691289139999753,0.0128959469998335,0.0482486030000472
195,7-scenes-redkitchen,12,10,sagereg_regen,321,0.6635514018691588,0.4570077710457014,0.0074177592537775,True,0.1615438220001124,2.0,2.0,1.9632171624091144,6.0,5484.0,1.5396999970107572e-05,0.0064628519999132,0.0416052119999221,0.0603562779997446,0.0075347649999457,0.0455222220002724
196,7-scenes-redkitchen,13,10,sagereg_regen,207,0.4734299516908212,0.8094944333271868,0.0162246126708356,True,0.1234599909998905,1.9895833333333333,2.0,2.4215204803119,6.0,4277.0,9.3820003712608e-06,0.00361650800005,0.0179337720001058,0.0575959860002512,0.0066588320000846,0.037604084999657
197,7-scenes-redkitchen,14,10,sagereg_regen,186,0.3440860215053763,2.454865139809709,0.0469173749869042,True,0.1185405979999814,1.96875,2.0,1.6905354521384293,6.0,4641.0,9.262000276066829e-06,0.0029582449997178,0.0154399110001577,0.0565878820002581,0.0063590690001547,0.0371442949999618
198,7-scenes-redkitchen,15,10,sagereg_regen,180,0.4944444444444444,1.629596601409427,0.0328320143081468,True,0.1212586759997975,1.96875,2.0,2.2499714937173985,6.0,5560.0,8.863999937602784e-06,0.0030117360001895,0.0156973920002201,0.0558452590003071,0.0064301110000997,0.0402268660000117
199,7-scenes-redkitchen,16,10,sagereg_regen,253,0.2964426877470356,1.676189379600476,0.0802130539178467,True,0.1305827430001045,1.9791666666666667,2.0,2.045190169439391,4.0,4874.0,9.999000212701503e-06,0.0041562810001778,0.0272069700004067,0.0574204519998602,0.0067499059996407,0.0349980559999494
200,7-scenes-redkitchen,17,10,sagereg_regen,334,0.18562874251497,1.914571121686786,0.0732332849957413,True,0.1507162189996052,1.9791666666666667,2.0,2.250686875443196,3.0,4854.0,1.1245999758102698e-05,0.0060250769997765,0.0389949350001188,0.0600373180000133,0.0074364160000186,0.0381675819999145
201,7-scenes-redkitchen,18,10,sagereg_regen,506,0.5098814229249012,1.018400414030197,0.0511038772708789,True,0.2247631580003144,1.9895833333333333,2.0,2.541421320120032,3.0,6131.0,1.4744000054633943e-05,0.0116992610001034,0.0935539040001458,0.0638687939999727,0.009310920000189,0.0462610560002758
202,7-scenes-redkitchen,19,10,sagereg_regen,466,0.7854077253218884,0.8305857469571918,0.0253597429330609,True,0.2176552840001022,2.0,2.0,2.438830576172593,4.0,6541.0,1.411400035067345e-05,0.0107199620001665,0.0838901739998618,0.0628381710002941,0.0092113149999022,0.0509322009997958
203,7-scenes-redkitchen,20,10,sagereg_regen,271,0.2029520295202952,0.9391484800839462,0.0760121867682831,True,0.1421148449999236,1.90625,2.0,2.394920565420063,6.0,5140.0,1.0149999980058055e-05,0.0044771849998141,0.029246497999793,0.0557085919999735,0.006699817000026,0.0459303229999932
204,7-scenes-redkitchen,25,10,sagereg_regen,285,0.4456140350877193,1.0057030835682328,0.047449010844674,True,0.1481013319998965,2.0,2.0,2.24939807699414,4.0,6424.0,1.0527000085858162e-05,0.0049951519999922,0.0338469829998757,0.0586341680000259,0.0072252600002684,0.0433391110000229
205,7-scenes-redkitchen,26,10,sagereg_regen,307,0.4039087947882736,1.644633492800694,0.0608212962723136,True,0.1714938509999228,1.9791666666666667,2.0,2.358408998650482,5.0,7736.0,1.073500015991158e-05,0.005480370999976,0.0388542989999223,0.059109501000421,0.007360239999798,0.0606349989998307
206,7-scenes-redkitchen,27,10,sagereg_regen,267,0.0898876404494382,3.722708035534651,0.1286724878474262,True,0.1462215469996408,1.90625,2.0,1.8228392899657555,6.0,6175.0,1.0330999884899938e-05,0.0038522599998032,0.0256979579999097,0.0542740089999824,0.0062590880002062,0.0560818009998911
207,7-scenes-redkitchen,36,10,sagereg_regen,274,0.2080291970802919,2.056639741914446,0.0880444207018033,True,0.1390898959998594,1.9479166666666667,2.0,2.3245798836023464,4.0,5098.0,1.0517999726289418e-05,0.0041098379997492,0.0261304050000035,0.0570313639996129,0.0067094699998051,0.0450581230002171
208,7-scenes-redkitchen,37,10,sagereg_regen,204,0.4509803921568627,1.8753344854907343,0.0495584335520497,True,0.1289087230002223,1.9791666666666667,2.0,1.8913748963903816,3.0,5747.0,9.495000085735228e-06,0.0032847679999576,0.0185315120002087,0.0566129949997957,0.0066719279998324,0.0437594119998721
209,7-scenes-redkitchen,38,10,sagereg_regen,179,0.3407821229050279,1.7839396456605046,0.0439804547554628,True,0.120822162999957,1.9895833333333333,2.0,1.90875236779573,3.0,4747.0,8.88600015969132e-06,0.0028721589997076,0.0136837889999696,0.0569522429996141,0.0063040199997885,0.0409584399999403
210,7-scenes-redkitchen,39,10,sagereg_regen,306,0.3627450980392157,1.955943491524078,0.0558421486422337,True,0.143345982000028,2.0,2.0,2.310051530782643,2.0,6384.0,1.074700003300677e-05,0.0052714889998242,0.0342662179996295,0.0584076179998191,0.0072215129998767,0.03812036599993
211,7-scenes-redkitchen,41,10,sagereg_regen,228,0.219298245614035,0.0,0.0478015161746758,True,0.1206741900000452,1.8229166666666667,2.0,2.484075177984052,4.0,3132.0,9.542000043438748e-06,0.0034338110003773,0.0209390579998398,0.0526587489998746,0.0063144349996946,0.0372790900000836
212,7-scenes-redkitchen,12,11,sagereg_regen,505,0.8633663366336634,0.8507755081643255,0.0177091798593065,True,0.2190790330000709,2.0,2.0,2.401444567954891,4.0,6193.0,1.90760001714807e-05,0.0118342850000772,0.094573653000225,0.0641680290000294,0.0096607519999452,0.0387712599999758
213,7-scenes-redkitchen,13,11,sagereg_regen,346,0.7341040462427746,1.5886318037144362,0.0280900695213318,True,0.1649797210002361,2.0,2.0,2.606409820321115,4.0,5066.0,1.2634000086109154e-05,0.0070188400000006,0.0466602770002282,0.0622310590001689,0.0081592840001576,0.0408532890000969
214,7-scenes-redkitchen,14,11,sagereg_regen,281,0.6014234875444839,2.852979781908025,0.0431936063288129,True,0.1436327110000093,1.9895833333333333,2.0,2.576259747646423,3.0,5293.0,1.066999993781792e-05,0.0053286490001482,0.0318852939999487,0.0602539510000497,0.0074213730003975,0.0386861759998282
215,7-scenes-redkitchen,15,11,sagereg_regen,266,0.6428571428571429,2.7441227768180703,0.0482641204246002,True,0.1445064939998701,1.9791666666666667,2.0,2.42352638030978,5.0,5371.0,1.0684000244509662e-05,0.00491250999994,0.0317494529999748,0.0598649829998976,0.0074425570001039,0.0404853619997993
216,7-scenes-redkitchen,18,11,sagereg_regen,379,0.4881266490765171,0.8554560865307067,0.0657747107999149,True,0.1691189709995342,1.9791666666666667,2.0,2.4619556944533016,4.0,4870.0,1.3000999842915917e-05,0.0074203489998581,0.0541139060001114,0.0613287360001777,0.0080200209999929,0.0381744009996509
217,7-scenes-redkitchen,19,11,sagereg_regen,369,0.7046070460704607,1.1038988764437137,0.0308502996306766,True,0.1800939879999532,2.0,2.0,2.264732513150541,4.0,5482.0,1.3223999758338325e-05,0.0073297210001328,0.0564175909998994,0.0614546219999283,0.0083019670000794,0.0465322280001601
218,7-scenes-redkitchen,20,11,sagereg_regen,229,0.2751091703056768,1.7344924019353731,0.1092496738660886,True,0.1306710909998401,1.9583333333333333,2.0,2.571324778746068,6.0,4121.0,9.497000064584428e-06,0.0039114699998208,0.0238099069997588,0.0564032269999188,0.0067564449996098,0.0397398799996153
219,7-scenes-redkitchen,25,11,sagereg_regen,299,0.3578595317725752,1.373308088580746,0.0535712436345887,True,0.1528789620001589,1.9791666666666667,2.0,2.2314312599206967,5.0,5427.0,1.0495999958948232e-05,0.0053315459999794,0.0335453570000936,0.0587162910001097,0.0069672429999627,0.0482662300000811
220,7-scenes-redkitchen,26,11,sagereg_regen,343,0.3498542274052478,1.4739633615124854,0.0570524510436281,True,0.1647278320001532,1.9791666666666667,2.0,2.389742357566264,2.0,7551.0,1.1156999789818656e-05,0.0066923640001732,0.0483025730000008,0.0602679820003686,0.0074116860000685,0.0419945310000002
221,7-scenes-redkitchen,27,11,sagereg_regen,344,0.1715116279069767,3.0456195300382944,0.1026338314068461,True,0.1662068260002343,1.9791666666666667,2.0,2.039128808659101,4.0,6968.0,1.1702999927365454e-05,0.0061682190003011,0.0437786659999801,0.0599701249998361,0.0068303269999887,0.0493979970001419
222,7-scenes-redkitchen,28,11,sagereg_regen,292,0.1027397260273972,4.794166081526392,0.1829268072874937,True,0.1452693300002465,2.0,2.0,1.486398231106738,6.0,4948.0,1.0680000286811264e-05,0.0055314719998023,0.0305390359999364,0.0594813490001797,0.0065675790001478,0.043096862999846
223,7-scenes-redkitchen,37,11,sagereg_regen,304,0.3256578947368421,2.277671572043166,0.0606273955604667,True,0.1589796589996694,1.9895833333333333,2.0,2.047739223419955,5.0,5605.0,1.1519000054249773e-05,0.0052647140000772,0.0351594300000215,0.0588132709999627,0.0071216960000128,0.0525665239997579
224,7-scenes-redkitchen,38,11,sagereg_regen,171,0.4385964912280701,2.4753182495276698,0.0500410082303411,True,0.1187352079996344,2.0,2.0,2.0940981160250742,6.0,4477.0,9.328000032837735e-06,0.0033806259998527,0.0119765119998191,0.0563270900001953,0.0062851470001987,0.0407172769996577
225,7-scenes-redkitchen,39,11,sagereg_regen,291,0.3676975945017182,2.2751181333354378,0.0767497316353579,True,0.1531048940000801,2.0,2.0,2.2480169460833634,5.0,5675.0,1.11660001493874e-05,0.0054007459998501,0.0327084979999199,0.0600046079998719,0.0072660139999243,0.0476675129998511
226,7-scenes-redkitchen,41,11,sagereg_regen,242,0.1983471074380165,0.4867068832834798,0.0404492049078979,True,0.1190324380004312,1.9166666666666667,2.0,2.180143061973964,3.0,3417.0,9.856999895418994e-06,0.0035192160003134,0.0221061329998519,0.0533503920000839,0.0063858550001896,0.0336162000003241
227,7-scenes-redkitchen,13,12,sagereg_regen,1037,0.9594985535197684,0.666351955256894,0.0098109140077296,True,0.3990241020001122,2.0,2.0,2.677714576128555,4.0,6247.0,2.118700012943009e-05,0.0400835260002168,0.2316563320000568,0.0715223659999537,0.0141611039998679,0.0415143730001545
228,7-scenes-redkitchen,14,12,sagereg_regen,653,0.892802450229709,1.8357698570119376,0.0253974129362719,True,0.2776296880001609,2.0,2.0,2.7010854039186043,6.0,5967.0,1.5996000001905486e-05,0.0172040150000611,0.141227125000114,0.0654828570000063,0.010905515000104,0.0427368830000887
229,7-scenes-redkitchen,15,12,sagereg_regen,190,0.4736842105263157,2.0937972087920507,0.0272177529951595,True,0.1200385330002973,2.0,2.0,2.4374448222376097,5.0,4187.0,9.527000202069758e-06,0.0033574930002941,0.017242095000256,0.0590397310002117,0.006641053000294,0.0337088510000285
230,7-scenes-redkitchen,19,12,sagereg_regen,224,0.2544642857142857,1.576575381184405,0.0233830013229114,True,0.1206928159999733,1.9583333333333333,2.0,1.3365740784598514,5.0,3344.0,9.044999842444668e-06,0.0032975149997582,0.01945286199998,0.0547884010002235,0.0064015640000434,0.0366987090001202
231,7-scenes-redkitchen,26,12,sagereg_regen,222,0.1756756756756756,1.2336265237762722,0.0229667370688015,True,0.1324189890001434,1.96875,2.0,1.3435361010878206,6.0,5221.0,9.401000170328189e-06,0.0036668950001512,0.0206736260001889,0.0552474289997917,0.0062016850001782,0.0465801690002081
232,7-scenes-redkitchen,27,12,sagereg_regen,366,0.2349726775956284,2.269054908247948,0.053807381103339,True,0.183563184000377,1.9895833333333333,2.0,2.176112083664599,4.0,8311.0,1.2896000043838283e-05,0.0075517280001804,0.0527210449999984,0.0597588290002022,0.0071640070000285,0.0563086610000027
233,7-scenes-redkitchen,28,12,sagereg_regen,362,0.361878453038674,2.760739319869847,0.1044598303732145,True,0.1834057000000939,1.9895833333333333,2.0,1.8681994255087768,5.0,6690.0,1.2642999990930548e-05,0.0076314269999784,0.0533592319998206,0.0610317670002586,0.0075074459996358,0.0538173360000655
234,7-scenes-redkitchen,29,12,sagereg_regen,300,0.37,2.5275904519636567,0.069925068351571,True,0.1445682710000255,1.9895833333333333,2.0,2.567100613869358,3.0,5133.0,1.1281999832135623e-05,0.0057539160002306,0.0386458709999715,0.0591450150000127,0.0070676569998795,0.033900727999935
235,7-scenes-redkitchen,37,12,sagereg_regen,242,0.1735537190082644,3.6248403688849447,0.0340847577360454,True,0.1309441960006552,2.0,2.0,1.569684831436285,5.0,4115.0,9.828000202105612e-06,0.0037545060004049,0.0236019590001888,0.0558375750001687,0.0063185809999595,0.0413801070003501
236,7-scenes-redkitchen,40,12,sagereg_regen,314,0.6496815286624203,2.180770153465808,0.0876545243130154,True,0.1576388800003769,2.0,2.0,2.876423777930456,3.0,5389.0,1.1343000096530886e-05,0.0060700559997712,0.0434536409998145,0.061197295999591,0.0079887520000738,0.0388647220001985
237,7-scenes-redkitchen,41,12,sagereg_regen,283,0.5865724381625441,2.1710978872041395,0.098503646599619,True,0.1412504400000216,1.9895833333333333,2.0,2.788014334550834,4.0,4670.0,1.1332000212860294e-05,0.0051860749999832,0.0321113869999862,0.0607508459997916,0.0074918880000041,0.0356553189999431
238,7-scenes-redkitchen,42,12,sagereg_regen,275,0.72,2.6577829423997783,0.0985079525832476,True,0.1420653860000129,1.9791666666666667,2.0,2.71389585411097,5.0,4215.0,1.0569000096438684e-05,0.0051748989999396,0.0320553599999584,0.0604176330002701,0.0078795569997964,0.0364839149997351
239,7-scenes-redkitchen,43,12,sagereg_regen,195,0.6410256410256411,1.862058689087024,0.0662598200999418,True,0.1104602359996533,2.0,2.0,2.3919060342696947,1.0,3807.0,9.270000191463623e-06,0.0036290000002736,0.0182380549999834,0.0583188760001576,0.006552886999998,0.0236726469997847
240,7-scenes-redkitchen,44,12,sagereg_regen,168,0.6130952380952381,1.3349918368259817,0.0636324106720301,True,0.1053237289997923,2.0,2.0,2.149894094146376,2.0,3726.0,8.721000085643027e-06,0.0028450099998735,0.0130679779999809,0.0569341400000666,0.006503253000119,0.0259261329997571
241,7-scenes-redkitchen,14,13,sagereg_regen,706,0.9546742209631728,1.211477193733832,0.0184215175273505,True,0.2989860920001774,2.0,2.0,2.7954740786494745,5.0,5335.0,1.6634000076010125e-05,0.0197186189998319,0.1607210639999721,0.0680072919999474,0.011706507999861,0.0387599200003023
242,7-scenes-redkitchen,15,13,sagereg_regen,189,0.2804232804232804,2.0563523688541245,0.0152155724103151,True,0.1101273550002588,1.9895833333333333,2.0,1.8079017230787588,6.0,3151.0,9.11999995878432e-06,0.0035055550001743,0.0155783930003963,0.0560175900000103,0.0063961119999476,0.0285802880002847
243,7-scenes-redkitchen,26,13,sagereg_regen,217,0.064516129032258,92.1552665053032,3.690189989640413,False,0.1188559069996699,1.96875,2.0,1.9703674891431329,4.0,4892.0,9.271999715565473e-06,0.003456491000179,0.0195352999999158,0.0527064379998591,0.0059575380000751,0.0371504099998674
244,7-scenes-redkitchen,27,13,sagereg_regen,331,0.2145015105740181,2.752029848653184,0.0563035761563634,True,0.1780550729999959,1.9791666666666667,2.0,2.495855877944123,6.0,7326.0,1.163300021289615e-05,0.0065538349999769,0.0444730789999994,0.0606392740000956,0.007047577999856,0.0592806619997645
245,7-scenes-redkitchen,28,13,sagereg_regen,334,0.4191616766467065,2.7198600491607774,0.0900924414426681,True,0.1690534180002032,2.0,2.0,2.276385178056467,5.0,6129.0,1.1458000244601864e-05,0.0065601669998613,0.047402723000232,0.060623478999787,0.0074410150000403,0.0469684859999688
246,7-scenes-redkitchen,29,13,sagereg_regen,301,0.3554817275747508,2.6044806075579494,0.0617890749308891,True,0.1478399840002566,2.0,2.0,2.2900174471511576,5.0,4974.0,1.1255000117671445e-05,0.0060058069998376,0.0357574489999024,0.0602666580002733,0.007087116999628,0.0386659370001325
247,7-scenes-redkitchen,30,13,sagereg_regen,107,0.0934579439252336,95.43062744837292,1.0796909566144777,False,0.0798539200004597,1.9135802469135803,2.0,1.7719441405091991,6.0,2779.0,7.6780002018495e-06,0.0016361160000997,0.0061638030001631,0.0396788409998407,0.0055209860001923,0.0268108220002432
248,7-scenes-redkitchen,40,13,sagereg_regen,335,0.6955223880597015,2.073155351057571,0.0856809392093881,True,0.1679344300000593,2.0,2.0,2.847511687415662,5.0,5284.0,1.2178999895695595e-05,0.0066172440001537,0.0448089960000288,0.0619504590003998,0.0082414180001251,0.0462557710002329
249,7-scenes-redkitchen,41,13,sagereg_regen,244,0.6926229508196722,1.9542016424175903,0.0877386880103125,True,0.1378970739997385,1.96875,2.0,2.8011654062752283,6.0,4457.0,1.0580999969533876e-05,0.004645119000088,0.0265093830003024,0.0585488740002801,0.0072892019998107,0.0408496589998321
250,7-scenes-redkitchen,42,13,sagereg_regen,255,0.7254901960784313,2.253610033874844,0.0831672844122614,True,0.1290570820001448,1.9791666666666667,2.0,2.62360170717151,4.0,3937.0,1.0340000244468683e-05,0.0046724320000066,0.0291075630002524,0.0595158569999512,0.0073976029998448,0.0283103070000834
251,7-scenes-redkitchen,43,13,sagereg_regen,159,0.660377358490566,1.6108974314037858,0.0629075208438712,True,0.1055636970004343,1.9791666666666667,2.0,2.3154069569035656,3.0,3526.0,8.878999778971775e-06,0.0027966850002485,0.0130831689998558,0.0575013319999015,0.0063284400002885,0.0258066720002716
252,7-scenes-redkitchen,44,13,sagereg_regen,138,0.717391304347826,1.4813996972382288,0.062290060184559,True,0.0944819330002246,1.98876404494382,2.0,1.995178687950232,2.0,3423.0,8.474999958707485e-06,0.0027343860001565,0.0092826919999424,0.0529374870002357,0.0063479700002062,0.0231341060002705
253,7-scenes-redkitchen,45,13,sagereg_regen,90,0.5,1.7075320829020155,0.0690877889200264,True,0.0693270719998508,1.9,2.0,1.6488145683341262,6.0,2931.0,7.918999926914694e-06,0.0017010659998959,0.0040162350001082,0.0325276749999829,0.005839885000114,0.0252032090002103
254,7-scenes-redkitchen,15,14,sagereg_regen,244,0.4877049180327868,0.5638405109843658,0.0138843140341238,True,0.1285082059998785,2.0,2.0,2.511425523427286,6.0,3920.0,9.4619999799761e-06,0.0045560269995803,0.02802828699987,0.0589875159998882,0.0068271720001575,0.0300589299999956
255,7-scenes-redkitchen,19,14,sagereg_regen,126,0.0555555555555555,4.505150383104387,0.0384476830873845,True,0.0854696179999336,1.7471264367816093,2.0,1.4172721286574097,6.0,2682.0,7.97199982116581e-06,0.0017858849996628,0.0070024709998506,0.0411904529996718,0.0055475359999945,0.0298992829998496
256,7-scenes-redkitchen,25,14,sagereg_regen,180,0.1333333333333333,2.9504188706584613,0.0953115284191379,True,0.1096413350001057,1.9270833333333333,2.0,2.016351739809231,5.0,3047.0,8.889000127965119e-06,0.0026962929996443,0.0145444239997232,0.0532135900002685,0.0059231979998912,0.0332164589999592
257,7-scenes-redkitchen,26,14,sagereg_regen,185,0.0594594594594594,85.54217067421627,3.4205980424779896,False,0.1183405489996403,1.9895833333333333,2.0,2.694291845935795,6.0,3721.0,9.21099990591756e-06,0.0032044690001384,0.0152112880000458,0.0553122510000321,0.0060989099997641,0.0384628369997699
258,7-scenes-redkitchen,27,14,sagereg_regen,288,0.1145833333333333,87.04063821817324,4.050008515774185,False,0.1501144730000305,1.9895833333333333,2.0,2.0001048524044704,6.0,3808.0,1.051600020218757e-05,0.0054331639998963,0.0338505029999396,0.0588566229998832,0.0067553220001173,0.0451655000001665
259,7-scenes-redkitchen,28,14,sagereg_regen,270,0.1481481481481481,86.41518334356971,3.0125381794073824,False,0.1406898360000923,2.0,2.0,1.8526443435106503,6.0,3480.0,1.0507000297366176e-05,0.0051739350001298,0.0306503920000977,0.0587906549999388,0.0065408489999754,0.0394770319999224
260,7-scenes-redkitchen,29,14,sagereg_regen,275,0.1890909090909091,86.62276727037839,2.3165447078311394,False,0.1380480249999891,2.0,2.0,1.8562626373592948,6.0,3432.0,1.07790001493413e-05,0.0052354139997987,0.0315551129997402,0.0601993010000114,0.0071607980003136,0.0338429469998118
261,7-scenes-redkitchen,37,14,sagereg_regen,187,0.1764705882352941,5.625262662595731,0.0748894546592882,True,0.1192075969997858,1.9791666666666667,2.0,2.1823740742372326,5.0,3949.0,9.371000032842858e-06,0.003062649000185,0.0161898579999615,0.0555119999999078,0.0063038620000952,0.0380909149998842
262,7-scenes-redkitchen,38,14,sagereg_regen,159,0.1446540880503144,3.630106650450689,0.0661287243904912,True,0.1079004950001945,1.9895833333333333,2.0,2.784097882957334,5.0,3427.0,8.882000201992923e-06,0.0025535800000398,0.0120628029999352,0.0547688370002106,0.0060040369999114,0.0324622709999857
263,7-scenes-redkitchen,39,14,sagereg_regen,147,0.2448979591836734,2.313820234038454,0.0733212084776711,True,0.1065277719999358,1.9375,2.0,2.257369249803705,6.0,3328.0,8.125000022118911e-06,0.002535796000302,0.0103140709998115,0.0530180719997588,0.0062885199999982,0.0343209299999216
264,7-scenes-redkitchen,40,14,sagereg_regen,222,0.4909909909909909,2.9147147951130674,0.1066788775093255,True,0.128439784999955,1.9895833333333333,2.0,2.500335275908572,2.0,4313.0,9.646000307839133e-06,0.0039299199997913,0.0230046769997898,0.0591926130000501,0.0071494960002382,0.0351128879997304
265,7-scenes-redkitchen,41,14,sagereg_regen,177,0.5423728813559322,2.6921509297637485,0.096174775749488,True,0.1178837919997022,1.9479166666666667,2.0,2.9180740311280635,3.0,3606.0,9.093999778997386e-06,0.0029955540003356,0.0162243300001136,0.0567026449998593,0.006609496999772,0.0353031169997848
266,7-scenes-redkitchen,42,14,sagereg_regen,193,0.6476683937823834,2.90288950626492,0.1008874902736632,True,0.1142499839997981,1.9895833333333333,2.0,2.65481446628364,3.0,3110.0,9.269999736716272e-06,0.003442676999839,0.0170151479997002,0.0581855369996446,0.0069229000000632,0.0286338969999633
267,7-scenes-redkitchen,59,14,sagereg_regen,107,0.0747663551401869,92.31127755258508,0.6221816526031467,False,0.0772760629997719,1.943661971830986,2.0,2.4977202743598816,6.0,2105.0,8.153000180755043e-06,0.0017293759997301,0.0050722370001494,0.0372375229999306,0.0056282519999513,0.0275645929996244
268,7-scenes-redkitchen,16,15,sagereg_regen,301,0.5980066445182725,1.117977885436832,0.0469298690801211,True,0.1454490409996651,2.0,2.0,2.6006431731536925,2.0,3894.0,1.0890999874391127e-05,0.0056279670002368,0.043561820999912,0.0603039320003517,0.0075378700003057,0.0283601649998672
269,7-scenes-redkitchen,17,15,sagereg_regen,219,0.2146118721461187,1.8076161581871404,0.0651169900483792,True,0.115724410999519,1.9791666666666667,2.0,1.837349816065997,4.0,3515.0,9.61599971560645e-06,0.0033397930001228,0.0204435539999394,0.0554748420004216,0.0065654200002427,0.0298498369998014
270,7-scenes-redkitchen,18,15,sagereg_regen,221,0.3936651583710407,2.322251567885943,0.073365073849979,True,0.1238286669999979,1.9791666666666667,2.0,2.31407755148994,2.0,4347.0,9.469000360695644e-06,0.00369212600026,0.0231739150003704,0.0566273250001359,0.0066928369997185,0.0335870349999822
271,7-scenes-redkitchen,19,15,sagereg_regen,196,0.4285714285714285,1.6416220940947883,0.025746526196726,True,0.1358091300003252,1.9791666666666667,2.0,2.200201462351067,5.0,4597.0,8.835999778966652e-06,0.0032892640001591,0.0183384110000588,0.0696603040000809,0.0063967490000322,0.0380756220001785
272,7-scenes-redkitchen,20,15,sagereg_regen,141,0.1914893617021276,2.50806474838958,0.1020802802242103,True,0.1017784059999939,1.84375,2.0,2.101705861469613,5.0,3449.0,8.362000244233059e-06,0.0020391970001583,0.0092825359997732,0.0496140599998398,0.0059215609999228,0.0348711739998179
273,7-scenes-redkitchen,21,15,sagereg_regen,176,0.0397727272727272,74.03273078804361,0.7370195605880651,False,0.1012393300002258,1.5104166666666667,2.0,1.940222120409092,6.0,2776.0,8.789000276010484e-06,0.0019837019999613,0.0126733739998599,0.0451412349998463,0.0060325350000312,0.0353596439999819
274,7-scenes-redkitchen,25,15,sagereg_regen,181,0.2707182320441988,1.55694906456779,0.0422757181595926,True,0.1230408599999464,2.0,2.0,2.5197358360037687,6.0,5407.0,9.553000381856693e-06,0.0033081380001931,0.0147280589999354,0.0558134100001552,0.0063303049996648,0.0428113039997697
275,7-scenes-redkitchen,26,15,sagereg_regen,164,0.2317073170731707,1.3576067727605463,0.0342655565967891,True,0.1216916319995107,1.9479166666666667,2.0,2.7064050268158653,6.0,6124.0,8.634999630885432e-06,0.0025491530000181,0.0129939660000673,0.0531570269999974,0.0058717189999697,0.0470739129996218
276,7-scenes-redkitchen,27,15,sagereg_regen,222,0.1306306306306306,3.979596438782909,0.1006652878541926,True,0.1299694449994604,2.0,2.0,2.3398480758029345,3.0,4609.0,9.641999895393384e-06,0.0034748620000755,0.0212580359998355,0.0549836830000458,0.0061650340003325,0.0440380329996514
277,7-scenes-redkitchen,36,15,sagereg_regen,212,0.4245283018867924,2.5944771318286683,0.0525853762898296,True,0.1278228380001564,1.96875,2.0,2.29427900739115,4.0,4481.0,1.0067999937746208e-05,0.0034352580000813,0.022885320000114,0.0585341729997708,0.0068224830001781,0.0360952400001224
278,7-scenes-redkitchen,37,15,sagereg_regen,353,0.4929178470254957,1.9952610482527784,0.0640664351509728,True,0.1708134170003177,2.0,2.0,2.3408340986339327,6.0,5740.0,1.306100011788658e-05,0.0066638489997785,0.0523502429996369,0.0593232830001397,0.0078273680001075,0.0445886090001295
279,7-scenes-redkitchen,38,15,sagereg_regen,223,0.3183856502242152,1.937713809060583,0.0697870099947931,True,0.1274876190000213,2.0,2.0,2.644782965956923,6.0,4651.0,9.87699968391098e-06,0.0038455939998129,0.0229530999999951,0.0568592149998039,0.0064164410000557,0.0373650120000093
280,7-scenes-redkitchen,39,15,sagereg_regen,211,0.4549763033175355,2.18003047167383,0.0537639944317287,True,0.1353217619998759,2.0,2.0,2.7013411444557094,6.0,5410.0,9.378999948239652e-06,0.0037765580000268,0.0215407109999432,0.0586100939999596,0.00684290900017,0.0444961550001608
281,7-scenes-redkitchen,59,15,sagereg_regen,135,0.2296296296296296,2.392606022199113,0.077396729188787,True,0.1012264619998859,1.988888888888889,2.0,2.5707615125657908,6.0,3599.0,8.644999979878776e-06,0.0022803970000495,0.008523999999852,0.0528363620001073,0.0061651809996874,0.0313727269999617
282,7-scenes-redkitchen,17,16,sagereg_regen,759,0.8893280632411067,0.7559325457093122,0.0166880903660047,True,0.3161189129996273,2.0,2.0,2.5803714763060857,2.0,7485.0,1.7379999917466193e-05,0.0214568900000813,0.1649285710000185,0.0682007510004041,0.0118983540000954,0.0495602399996641
283,7-scenes-redkitchen,18,16,sagereg_regen,498,0.7871485943775101,1.1933994581302358,0.0269052860154099,True,0.2397058099995774,2.0,2.0,2.385836490672845,5.0,8124.0,1.4076999832468571e-05,0.0118624460001228,0.094053070999962,0.0634415509998689,0.0092506030000549,0.0610355529997832
284,7-scenes-redkitchen,19,16,sagereg_regen,336,0.4047619047619047,1.4133604217394384,0.0416641895359058,True,0.1661456000001635,1.9791666666666667,2.0,2.0829348181894094,2.0,6953.0,1.19420001283288e-05,0.0067072700003336,0.0459496820003551,0.0602062629995998,0.0077749919996676,0.0454483650000838
285,7-scenes-redkitchen,20,16,sagereg_regen,247,0.4089068825910931,1.704300508861492,0.0466608166710547,True,0.1429149150008015,1.9583333333333333,2.0,2.1190807258070867,5.0,5840.0,1.0126000233867671e-05,0.0040894660000958,0.0256492950002211,0.0579628899999988,0.0069089929997971,0.0482532990004074
286,7-scenes-redkitchen,21,16,sagereg_regen,322,0.2422360248447205,3.03278893146484,0.1077524495916592,True,0.1569996469997931,1.9479166666666667,2.0,2.0296346148963686,4.0,5086.0,1.07810001281905e-05,0.0056040829999801,0.0388757289997556,0.0576200660002541,0.0069344949997685,0.047906822999721
287,7-scenes-redkitchen,22,16,sagereg_regen,259,0.1312741312741312,5.383531647815263,0.2039165937911579,True,0.1367958580003687,1.9791666666666667,2.0,1.545195698878439,5.0,3943.0,9.683000371296656e-06,0.0042239900003551,0.025429129999793,0.0571911649999492,0.0062229089999163,0.0436742420001792
288,7-scenes-redkitchen,23,16,sagereg_regen,292,0.0650684931506849,6.13517269563589,0.0421643410164656,True,0.1444182899999759,1.9791666666666667,2.0,1.8113304733120976,6.0,4246.0,1.0851000297407154e-05,0.0050187430001642,0.0318147029997817,0.0574690759999612,0.0064291280000361,0.0436276199998246
289,7-scenes-redkitchen,24,16,sagereg_regen,323,0.2972136222910216,2.740482252607407,0.0599350464324721,True,0.1628039449997231,1.9895833333333333,2.0,2.4904324676475227,6.0,6310.0,1.1823000022559428e-05,0.0061118449998502,0.0372027870002966,0.0611956890002147,0.0072493480001867,0.0509791079998649
290,7-scenes-redkitchen,25,16,sagereg_regen,320,0.384375,0.7994098123482154,0.0409683234295638,True,0.1750592729995332,1.9895833333333333,2.0,2.6305570270245022,5.0,7486.0,1.1170999641763046e-05,0.0060919640000065,0.0415354440001465,0.0609555569999429,0.0077161250001154,0.0587044969997805
291,7-scenes-redkitchen,26,16,sagereg_regen,267,0.1722846441947565,2.1785073401073314,0.0446602207639466,True,0.1398298919998524,1.90625,2.0,1.952310464543596,6.0,5352.0,1.028099995892262e-05,0.0041748919998099,0.0279403790000287,0.0533139469998786,0.0064434060000166,0.0479045199999745
292,7-scenes-redkitchen,35,16,sagereg_regen,326,0.4754601226993865,1.028321412098367,0.0152145822462592,True,0.1662237410005218,2.0,2.0,2.499527959746293,3.0,7023.0,1.1876000371557892e-05,0.0064024460002656,0.0435755710000194,0.060098686999936,0.0075057389999528,0.0485836140001083
293,7-scenes-redkitchen,36,16,sagereg_regen,400,0.545,1.1894727969772865,0.0209426740095031,True,0.2003800160005084,2.0,2.0,2.351653441540852,6.0,7748.0,1.3466999917000066e-05,0.0078315889995792,0.0617761079997762,0.060421067000334,0.0082846219997918,0.0620043460003216
294,7-scenes-redkitchen,37,16,sagereg_regen,360,0.6055555555555555,1.196104533616854,0.013812907699968,True,0.1828908990000854,2.0,2.0,2.500864911110282,6.0,6896.0,1.1548000202310504e-05,0.006910400000379,0.0539280149996557,0.0602075299998432,0.0078392400000666,0.0539471130000492
295,7-scenes-redkitchen,38,16,sagereg_regen,250,0.504,1.3103200483356403,0.0125211078342554,True,0.1432703590003257,2.0,2.0,2.1386843435373186,5.0,5760.0,1.0349000149290076e-05,0.0044993400001658,0.0278858589999799,0.0584127380002428,0.0068177600001035,0.0456008380001549
296,7-scenes-redkitchen,39,16,sagereg_regen,409,0.6919315403422983,1.6334322770333245,0.0139123747775384,True,0.1870728760004567,2.0,2.0,2.598655387540905,2.0,7136.0,1.315300005444442e-05,0.0087508709998473,0.0686195270000098,0.0624258559996633,0.0087133619999804,0.0385019270001976
297,7-scenes-redkitchen,53,16,sagereg_regen,273,0.5018315018315018,2.058163047278992,0.0407657055135544,True,0.1398415230000864,2.0,2.0,1.8866956751273944,5.0,4756.0,1.1184999948454788e-05,0.0049401590003981,0.0317269099996337,0.0597442339999361,0.0073605279999355,0.0360129529999539
298,7-scenes-redkitchen,54,16,sagereg_regen,354,0.480225988700565,0.6641980612890815,0.0179086271407404,True,0.1775282300004619,2.0,2.0,2.1698206768497417,5.0,6815.0,1.219100022353814e-05,0.007018808000339,0.0487379670003065,0.0601487559997622,0.0076308259999677,0.053934742000365
299,7-scenes-redkitchen,55,16,sagereg_regen,321,0.292834890965732,0.3329974347705122,0.0205369266378034,True,0.1475446689996715,2.0,2.0,1.6233730018804575,4.0,5529.0,1.071699989552144e-05,0.0057152589997713,0.036460444000113,0.0587063839998336,0.0069355820000964,0.0396644369998284
300,7-scenes-redkitchen,56,16,sagereg_regen,271,0.3357933579335793,0.8566186650335376,0.0515450826820483,True,0.1344997279998097,2.0,2.0,2.091585965962652,6.0,4426.0,1.0409999958937988e-05,0.0045492399999602,0.0255772200002866,0.0589335709996703,0.0068033759998797,0.0385803049998685
301,7-scenes-redkitchen,58,16,sagereg_regen,216,0.5324074074074074,0.7887924343321747,0.0239905124924568,True,0.1261639210001703,2.0,2.0,2.083579576398343,6.0,4994.0,9.422000402992126e-06,0.0036128700003246,0.0184457909999764,0.0591206239996608,0.0067278299998179,0.0382061790000989
302,7-scenes-redkitchen,59,16,sagereg_regen,263,0.6083650190114068,0.7934147979723927,0.0195137661388216,True,0.1411486600004536,2.0,2.0,2.039847162223417,6.0,5779.0,9.8479999905976e-06,0.0045939360002194,0.0263145120002263,0.0599343029998635,0.0072385069997835,0.0430151570003545
303,7-scenes-redkitchen,18,17,sagereg_regen,881,0.7786606129398411,1.221631609843221,0.0244099388173846,True,0.3540539910000007,2.0,2.0,2.406123003736377,1.0,9662.0,1.8003000150201842e-05,0.0280651080001916,0.191765081000085,0.0690218760000789,0.0125655800002277,0.0525612699998419
304,7-scenes-redkitchen,19,17,sagereg_regen,347,0.3054755043227665,1.2611579833039916,0.0554436255829296,True,0.1825528900003519,1.96875,2.0,2.270195289311202,6.0,6905.0,1.2799000160157448e-05,0.0069101389999559,0.0491638570001669,0.0610193729999082,0.0079014919997462,0.0574980700002925
305,7-scenes-redkitchen,20,17,sagereg_regen,326,0.352760736196319,1.2352085125209469,0.025844375815875,True,0.1689498729997467,1.96875,2.0,2.0813777232520274,4.0,6928.0,1.1253000138822244e-05,0.0057768390001911,0.0389528350001455,0.0594616919997861,0.0071952359999158,0.0575008759997217
306,7-scenes-redkitchen,21,17,sagereg_regen,321,0.2461059190031152,2.265230046511907,0.0865481751886995,True,0.1651931320002404,2.0,2.0,2.0743732640047616,6.0,6955.0,1.1325999821565348e-05,0.0055940380002539,0.0348201819997484,0.0579923079999389,0.0069483270003729,0.0597834040004272
307,7-scenes-redkitchen,22,17,sagereg_regen,369,0.5338753387533876,2.64573384099228,0.1101929695486175,True,0.1879241739998178,1.9895833333333333,2.0,2.7599420311151324,5.0,6509.0,1.2224999863974516e-05,0.0073372409997318,0.0534818890000678,0.0607333879997895,0.0078381339999396,0.0584760990000177
308,7-scenes-redkitchen,23,17,sagereg_regen,353,0.4249291784702549,3.0957075454309817,0.0952713178559386,True,0.1816047009997419,1.9895833333333333,2.0,2.343159119739498,5.0,6722.0,1.1379999705241062e-05,0.0065519740001036,0.0477387639998596,0.0597058769999421,0.0078254820000438,0.0597222809997219
309,7-scenes-redkitchen,24,17,sagereg_regen,358,0.3519553072625698,1.9247824557330344,0.0202687771841553,True,0.1599435469997843,2.0,2.0,2.5358811443877363,0.0,8769.0,1.19430001177534e-05,0.0070798560000184,0.0478121520000058,0.0623967989999982,0.0076782730002378,0.034917010999834
310,7-scenes-redkitchen,25,17,sagereg_regen,336,0.2261904761904762,1.5045180136792904,0.0482780407164753,True,0.1649515080002856,1.9895833333333333,2.0,2.6141109355971843,4.0,7370.0,1.1266999990766635e-05,0.0061234489999151,0.0425984989997232,0.0585031759997036,0.0070738839999648,0.0505941430001257
311,7-scenes-redkitchen,35,17,sagereg_regen,496,0.5604838709677419,1.5087139640977123,0.0434431850739131,True,0.248332209000182,2.0,2.0,2.265742542546848,4.0,9548.0,1.367799995932728e-05,0.01263599899994,0.0904784059998746,0.0634855239995886,0.0087284599999293,0.0729364710000481
312,7-scenes-redkitchen,36,17,sagereg_regen,432,0.6689814814814815,1.1376503129377158,0.0188886405280717,True,0.2047011379995638,2.0,2.0,2.1915054423850604,3.0,9052.0,1.332200008619111e-05,0.0101179700000102,0.0655178469996826,0.0611665349997565,0.0086261199999171,0.0592096769996715
313,7-scenes-redkitchen,37,17,sagereg_regen,308,0.5292207792207793,1.331396823792881,0.0156960083685709,True,0.1609417240001676,1.9895833333333333,2.0,2.074896649342325,2.0,7319.0,1.1958999948546987e-05,0.0058783040003618,0.0370552989998032,0.059122457000285,0.0074479650002103,0.0513792179999654
314,7-scenes-redkitchen,38,17,sagereg_regen,220,0.4045454545454545,1.767597689890095,0.0344899024580742,True,0.1335635279992857,1.9791666666666667,2.0,2.0625088391479163,4.0,5115.0,9.609999779058851e-06,0.0034934089999296,0.0212585159997615,0.0561130189998948,0.0067164199999751,0.045924931999707
315,7-scenes-redkitchen,39,17,sagereg_regen,423,0.5673758865248227,1.9685806579484424,0.029790425451761,True,0.1976085360001889,1.9895833333333333,2.0,2.520368253289699,2.0,6834.0,1.2924000202474415e-05,0.0090848740001092,0.0671345490000021,0.0619998409997606,0.0083832870000151,0.0509470599999986
316,7-scenes-redkitchen,53,17,sagereg_regen,248,0.4596774193548387,1.5651844880810064,0.0518650655222971,True,0.1321942720001061,2.0,2.0,2.035658905969194,4.0,5066.0,1.0210999789705966e-05,0.004368338000404,0.0270384639998155,0.0583796109999639,0.0071172940001815,0.0352385390001472
317,7-scenes-redkitchen,54,17,sagereg_regen,570,0.643859649122807,0.0,0.0152383821180109,True,0.2690429280000899,2.0,2.0,2.190700292944748,3.0,9872.0,1.4866000128677117e-05,0.0149270280003293,0.1171969160000117,0.0648063180001372,0.0096512120003353,0.0623932720000084
318,7-scenes-redkitchen,55,17,sagereg_regen,411,0.4647201946472019,0.6086212452039952,0.0328379182381493,True,0.1947643739995328,2.0,2.0,2.06457781145806,5.0,7802.0,1.2208999578433575e-05,0.0081018280002354,0.0613005519999205,0.059101603000272,0.0079666780002298,0.0582332679996397
319,7-scenes-redkitchen,58,17,sagereg_regen,233,0.6008583690987125,1.1637237286009308,0.0335788952272979,True,0.1411941880005542,2.0,2.0,1.803857157615563,6.0,5882.0,9.805999980017075e-06,0.0041257319999203,0.0240989630001422,0.0594873889999689,0.0070191519998843,0.0464131970002199
320,7-scenes-redkitchen,59,17,sagereg_regen,282,0.723404255319149,1.2761688890739251,0.0367880177287699,True,0.1568491730004098,2.0,2.0,2.047494072245413,5.0,6596.0,1.0925999958999457e-05,0.0055292150000241,0.033234135999919,0.0605746900000667,0.0075620840002557,0.0498950710002645
321,7-scenes-redkitchen,19,18,sagereg_regen,613,0.6884176182707994,0.8153000641049141,0.0387032878151793,True,0.2667033280004034,2.0,2.0,2.3373272187864176,1.0,8322.0,1.561699991725618e-05,0.0167555339999125,0.1282068609998532,0.0662651909997293,0.0103507700000591,0.0450526460003857
322,7-scenes-redkitchen,20,18,sagereg_regen,365,0.5589041095890411,0.0,0.0111513422646882,True,0.179635841000163,1.9791666666666667,2.0,2.1105060175261827,3.0,7715.0,1.1548999736987753e-05,0.0069760100000166,0.0522442670003329,0.0605038469998362,0.007966844999828,0.0518857160000152
323,7-scenes-redkitchen,21,18,sagereg_regen,321,0.3800623052959501,1.2631764190596906,0.0285168194996234,True,0.1440191120000236,1.8854166666666667,2.0,2.1060262400148173,2.0,5989.0,1.1154000276292209e-05,0.0055288480002673,0.0351263200000175,0.0580439209998076,0.0071637230003034,0.0381012399998326
324,7-scenes-redkitchen,22,18,sagereg_regen,388,0.3891752577319587,2.898306063586244,0.1647518421662446,True,0.175397153999711,2.0,2.0,2.437462168076196,4.0,5406.0,1.2482999864005253e-05,0.0076246309999987,0.0546434840002802,0.0609966340002756,0.0078684290001547,0.0442014579998613
325,7-scenes-redkitchen,23,18,sagereg_regen,402,0.4353233830845771,2.7705150617778123,0.0976993216691022,True,0.1734120390001408,1.9583333333333333,2.0,2.547249681938609,2.0,5260.0,1.347699981124606e-05,0.0074608919999263,0.0597182040000916,0.059564661999957,0.0079080959999373,0.0386967970002842
326,7-scenes-redkitchen,24,18,sagereg_regen,403,0.4193548387096774,2.1443010152549595,0.0492701328649928,True,0.1920957120000821,1.9895833333333333,2.0,2.718073936680977,4.0,7932.0,1.2878999768872744e-05,0.0084563630002776,0.060193005000201,0.0607680269999946,0.0079169480000018,0.0547014620001391
327,7-scenes-redkitchen,25,18,sagereg_regen,357,0.4061624649859944,1.1832152589048526,0.0253913325109204,True,0.1799387390001356,2.0,2.0,2.695837409240857,4.0,8026.0,1.1473000085970853e-05,0.0067492510002011,0.0498343200001727,0.0609171010000864,0.0075457489997461,0.0548359160002291
328,7-scenes-redkitchen,26,18,sagereg_regen,341,0.2434017595307918,1.3442131457377318,0.0290336582983868,True,0.164496534000591,1.9375,2.0,2.20047136392698,6.0,6306.0,1.1548000202310504e-05,0.0059153969996259,0.0407398620000094,0.0562221889999818,0.0070522549999623,0.0545107000002644
329,7-scenes-redkitchen,35,18,sagereg_regen,401,0.456359102244389,1.3942487998968804,0.0609984325266939,True,0.1908653740001682,2.0,2.0,2.2478198349045995,1.0,8674.0,1.2636000064958353e-05,0.0082006729999193,0.0623696990001008,0.0617285270000138,0.0080613779996383,0.0504441680000127
330,7-scenes-redkitchen,36,18,sagereg_regen,453,0.5982339955849889,1.133094541992964,0.0398008485062309,True,0.2185219369998776,1.9791666666666667,2.0,1.9572120615976765,2.0,9644.0,1.5279999843187397e-05,0.0099187159999019,0.075935692999792,0.0612798540000767,0.0087545489996045,0.0625697179998496
331,7-scenes-redkitchen,37,18,sagereg_regen,300,0.4766666666666667,1.2836469629628444,0.0132548672440477,True,0.1712422529999457,1.9895833333333333,2.0,2.391217502544332,6.0,8271.0,1.0723000286816388e-05,0.0052955810001549,0.037178964999839,0.0590302089999568,0.0072430410000379,0.0624405319999823
332,7-scenes-redkitchen,38,18,sagereg_regen,240,0.5041666666666667,1.7604412241673268,0.0460858199672605,True,0.1390879959999438,1.9791666666666667,2.0,2.146450763971271,4.0,5794.0,9.70800010691164e-06,0.0038965499998084,0.0227744540002277,0.0579089889997703,0.0068983340001977,0.0475558089997321
333,7-scenes-redkitchen,39,18,sagereg_regen,458,0.6069868995633187,1.5257294876925476,0.0383902067111967,True,0.2256474179998804,2.0,2.0,2.4813329108922284,5.0,8097.0,1.347799980067066e-05,0.0105111840002791,0.0793612279999251,0.0627094369997394,0.0088399440001012,0.0641581630002292
334,7-scenes-redkitchen,54,18,sagereg_regen,444,0.5022522522522522,0.5430786661928475,0.0572349743307856,True,0.2147416689995225,1.9895833333333333,2.0,2.1469865940782293,3.0,8965.0,1.3480999768944455e-05,0.0099352390002422,0.0742100140000729,0.061007929000425,0.0084245650000411,0.0611020249998546
335,7-scenes-redkitchen,59,18,sagereg_regen,211,0.5071090047393365,2.174548164994281,0.0545108249240389,True,0.1304016399999454,2.0,2.0,1.9679118668415447,4.0,6457.0,9.517000307823764e-06,0.0035636429997794,0.0180065760000616,0.0582347780000418,0.0067900730000474,0.043758033999893
336,7-scenes-redkitchen,20,19,sagereg_regen,380,0.6684210526315789,0.4377285439174037,0.0283841179347853,True,0.1954604510001445,2.0,2.0,2.0473128427374254,4.0,6877.0,1.2860000424552707e-05,0.0079532720001225,0.0615216760002113,0.0612092869996558,0.0085491560002992,0.0561676180000176
337,7-scenes-redkitchen,21,19,sagereg_regen,333,0.4924924924924925,1.6280629180410504,0.1281422670777609,True,0.1640828219997274,1.9895833333333333,2.0,2.395473729883512,6.0,5405.0,1.1737000022549182e-05,0.0061819399998057,0.0401679810001951,0.0612133390000053,0.0076252280000517,0.0488375749996521
338,7-scenes-redkitchen,24,19,sagereg_regen,268,0.2350746268656716,2.292713286828287,0.0672690413802759,True,0.1432595700002821,1.9479166666666667,2.0,2.4714174911538955,6.0,5018.0,1.0501999895495828e-05,0.0042879059997176,0.0264534190000631,0.0563175629999932,0.0066681220000646,0.0494774120002148
339,7-scenes-redkitchen,25,19,sagereg_regen,276,0.3478260869565217,0.68293609947951,0.0328401400337027,True,0.1609565540002222,1.96875,2.0,2.280566826020063,6.0,7446.0,1.07800001387659e-05,0.0048380320004071,0.0322752479996779,0.058102123000026,0.0069485359999816,0.0587410610000915
340,7-scenes-redkitchen,26,19,sagereg_regen,213,0.3051643192488263,1.0335041536961187,0.0421217777854087,True,0.1404868520003219,1.9479166666666667,2.0,1.951511084072624,3.0,6515.0,9.409000085724983e-06,0.0036446300000534,0.0206405960002484,0.0560745479997422,0.0064331759999731,0.0536405699999704
341,7-scenes-redkitchen,36,19,sagereg_regen,310,0.3096774193548387,2.096062065531614,0.0862725084127907,True,0.1658645930001512,1.9791666666666667,2.0,2.151084654925055,5.0,6798.0,1.1652000011963535e-05,0.0054039040001043,0.0360332300001573,0.0583170469999458,0.007136532000004,0.0589128380001966
342,7-scenes-redkitchen,37,19,sagereg_regen,221,0.420814479638009,1.245955413312283,0.0413408976961411,True,0.1480576790004306,1.96875,2.0,1.9986391464432416,6.0,6912.0,9.347999821329722e-06,0.0037322439998206,0.020912386999953,0.0576789370002188,0.0067751899996437,0.0589017670004068
343,7-scenes-redkitchen,38,19,sagereg_regen,210,0.5952380952380952,1.9560108383033497,0.0373208624425585,True,0.1357862819995716,2.0,2.0,1.946896630281396,5.0,5791.0,9.83199970505666e-06,0.0038094070000624,0.0203615949999402,0.0582827980001638,0.0069018590002087,0.046382782999899
344,7-scenes-redkitchen,39,19,sagereg_regen,459,0.6013071895424836,1.3837371291718192,0.032359125596562,True,0.2248875190002763,1.9895833333333333,2.0,2.092343849098029,6.0,8252.0,1.3766999927611325e-05,0.0102813089997653,0.0795735930000773,0.0614632749998236,0.0088442749997739,0.064654480000172
345,7-scenes-redkitchen,54,19,sagereg_regen,273,0.1465201465201465,1.3267572755117445,0.0514485660330146,True,0.1442746129996521,1.8854166666666667,2.0,2.18804648410617,5.0,5590.0,1.0489000032976035e-05,0.0040351289999307,0.0281632710002668,0.0536769659997844,0.0063616109996473,0.0519860389999848
346,7-scenes-redkitchen,59,19,sagereg_regen,136,0.2720588235294117,1.659068933854425,0.0557848364291164,True,0.1080786979996446,1.9655172413793105,2.0,1.943691278014705,6.0,4691.0,8.381999577977695e-06,0.0023969920002855,0.0076718350001101,0.0491303399999196,0.0064689069999985,0.0423654940000233
347,7-scenes-redkitchen,21,20,sagereg_regen,597,0.7554438860971524,0.5875041385385855,0.0173465685251411,True,0.2703389910002443,2.0,2.0,2.1074393397380007,3.0,7134.0,1.4943000223865964e-05,0.014789741000186,0.1207409390003704,0.0661738199996762,0.010019530000136,0.0585495440000158
348,7-scenes-redkitchen,35,20,sagereg_regen,290,0.1758620689655172,1.6999913541475715,0.0296965813036389,True,0.1522897869999724,1.84375,2.0,2.131478655368163,5.0,5882.0,1.0977999863825971e-05,0.0043725999998969,0.0327665140002864,0.0535567190004258,0.0067059920002066,0.0548343360001126
349,7-scenes-redkitchen,36,20,sagereg_regen,275,0.1854545454545454,1.3868388176503934,0.0183707004638494,True,0.1496566299997539,1.8854166666666667,2.0,2.089250186117072,5.0,6070.0,1.105899991671322e-05,0.0039289090000238,0.0278883119999591,0.0553082360002008,0.0066176780001114,0.0558590269997694
350,7-scenes-redkitchen,39,20,sagereg_regen,421,0.5344418052256532,1.839565917695976,0.0349878390962231,True,0.2060385730001144,2.0,2.0,1.948270990850792,5.0,7363.0,1.2716000128421e-05,0.0092476360000546,0.0687663960002282,0.062228105000031,0.0082237000001441,0.057503423000071
351,7-scenes-redkitchen,22,21,sagereg_regen,611,0.7299509001636661,0.5080254082455217,0.0248772707303231,True,0.2801259919997392,1.9895833333333333,2.0,2.380033384370107,4.0,7366.0,1.5548000192211475e-05,0.0169677779999801,0.125204966000183,0.0655632019997938,0.010025804000179,0.0622948559998803
352,7-scenes-redkitchen,23,21,sagereg_regen,525,0.518095238095238,0.8885502870981313,0.0204362541406458,True,0.2307379240000955,1.9895833333333333,2.0,1.9841017090350743,5.0,6241.0,1.558799976919545e-05,0.0121662199999263,0.0902862130001267,0.0631426079999073,0.0088897709997581,0.0561855430000832
353,7-scenes-redkitchen,24,21,sagereg_regen,321,0.292834890965732,0.7928956155137117,0.0119294564993325,True,0.1591658229999666,1.96875,2.0,2.1526381096259573,4.0,6919.0,1.088699991669273e-05,0.0057034500000554,0.0368382699998619,0.0583976299999449,0.0070682219998161,0.0511050539998905
354,7-scenes-redkitchen,35,21,sagereg_regen,304,0.1151315789473684,1.277496305839787,0.0269103956451612,True,0.1616300839996256,1.8333333333333333,2.0,1.982153917318218,5.0,6686.0,1.0611999641696457e-05,0.0048750790001577,0.0360242390001985,0.0533165470001222,0.0063571420000698,0.0610001249997367
355,7-scenes-redkitchen,39,21,sagereg_regen,366,0.3333333333333333,2.1284571181099285,0.0771784034835144,True,0.179541698000321,1.9895833333333333,2.0,1.825974313809612,4.0,5665.0,1.1780000022554304e-05,0.0071780260000195,0.0474342530001195,0.0610349700000369,0.0073695520000001,0.0564689269999689
356,7-scenes-redkitchen,23,22,sagereg_regen,1067,0.8894095595126523,0.733239210364674,0.0110668041487406,True,0.4234805030000643,2.0,2.0,2.187688270870196,5.0,9794.0,2.1879000087210443e-05,0.039915180999742,0.2216457880003872,0.073074773999906,0.0143608350003887,0.0743957569998201
357,7-scenes-redkitchen,24,22,sagereg_regen,398,0.3768844221105528,0.6161591100882985,0.0261592829628751,True,0.2100663539999914,2.0,2.0,2.7650443304644328,5.0,6785.0,1.2208000043756329e-05,0.0080716209999991,0.0609854330000416,0.0752678159997231,0.0078909090002525,0.0577880890000415
358,7-scenes-redkitchen,35,22,sagereg_regen,351,0.3076923076923077,1.7200682931583575,0.0597441175768515,True,0.1834526450002158,1.96875,2.0,2.93930932108991,5.0,7050.0,1.153799985331716e-05,0.0067739279998022,0.0484733600001163,0.058390559000145,0.007226437999634,0.0625273290002041
359,7-scenes-redkitchen,36,22,sagereg_regen,322,0.2236024844720497,2.707988009395266,0.0949609356176612,True,0.1521366779998061,1.9270833333333333,2.0,2.512039053142474,4.0,5288.0,1.1456999800429912e-05,0.0055553769998368,0.0382574000000204,0.0558447389998946,0.0068980099999862,0.0455245029997968
360,7-scenes-redkitchen,54,22,sagereg_regen,336,0.369047619047619,2.3997470127779312,0.0937968331078076,True,0.1794723719999638,1.9583333333333333,2.0,2.914054381756531,6.0,7086.0,1.2076000075467164e-05,0.0063988819997575,0.0475572830000601,0.0595460149997961,0.0073873239998647,0.0585227149999809
361,7-scenes-redkitchen,55,22,sagereg_regen,307,0.3289902280130293,1.7841702107887456,0.0854657513595179,True,0.1587475959995572,2.0,2.0,1.8993763939655823,3.0,6942.0,1.1453999832156114e-05,0.0056439690001752,0.0367951759999414,0.0599400709998008,0.0072090849998858,0.0491023449999374
362,7-scenes-redkitchen,24,23,sagereg_regen,656,0.7972560975609756,1.0160722893713752,0.0148598986163545,True,0.2996540579997599,2.0,2.0,2.8535003359887465,3.0,7342.0,1.580300022396841e-05,0.0190895089999685,0.1420572299998639,0.0649230290000559,0.0107260710001355,0.0627893699997912
363,7-scenes-redkitchen,35,23,sagereg_regen,414,0.463768115942029,1.348881027780686,0.0592177894615512,True,0.1939402739999423,1.9895833333333333,2.0,2.886174466656189,2.0,7375.0,1.2805000096705044e-05,0.008638358999633,0.0618744140001581,0.0608334769999601,0.0078862089999347,0.0546481930000481
364,7-scenes-redkitchen,36,23,sagereg_regen,437,0.3684210526315789,2.2262370495100146,0.0719026007559277,True,0.1950589979996948,1.96875,2.0,2.746450759715191,4.0,5709.0,1.324599998042686e-05,0.0084042999997109,0.0668491420001373,0.0586004889996729,0.0078773310001452,0.0532653279997248
365,7-scenes-redkitchen,54,23,sagereg_regen,416,0.4254807692307692,2.563943920913894,0.1130578704836224,True,0.2050394019997838,1.9895833333333333,2.0,2.9391398512138447,4.0,7554.0,1.3417999980447348e-05,0.0086765159999231,0.0619227980000687,0.0615258550001271,0.0081402480000178,0.0647051219998502
366,7-scenes-redkitchen,55,23,sagereg_regen,362,0.5082872928176796,1.706256024022809,0.0973281377254865,True,0.1884752939999998,1.9791666666666667,2.0,2.2769508337718287,6.0,7021.0,1.1940000149479602e-05,0.0071238900000025,0.051495168999736,0.0609072960000958,0.0081114630002048,0.060772003999773
367,7-scenes-redkitchen,25,24,sagereg_regen,556,0.7230215827338129,0.9539557477491036,0.0323738114769343,True,0.2463431420001143,2.0,2.0,2.951113454304839,4.0,6334.0,1.547800002299482e-05,0.0143764210001791,0.1093594339999981,0.0660509419999471,0.0096723849997033,0.0468145510003523
368,7-scenes-redkitchen,35,24,sagereg_regen,419,0.3221957040572792,1.394647840777353,0.0566157960665304,True,0.2144802620005066,2.0,2.0,2.3672650827309907,4.0,9656.0,1.3312000191945115e-05,0.0088946939999914,0.0671554489999834,0.0612726669996845,0.0077233739998519,0.0693732120003005
369,7-scenes-redkitchen,36,24,sagereg_regen,406,0.312807881773399,1.909129120431548,0.0524414538318314,True,0.1968381949996001,1.9791666666666667,2.0,2.627807702069992,4.0,8384.0,1.3169999874662608e-05,0.007986757999788,0.0614241520001996,0.060473890999674,0.0076286899998194,0.0592645869996886
370,7-scenes-redkitchen,37,24,sagereg_regen,298,0.1375838926174496,1.899536852630974,0.0375443416520799,True,0.1545619690000421,1.96875,2.0,2.8167932421914257,6.0,6124.0,1.0481000117579242e-05,0.0049908890000551,0.034464320999632,0.0553407130000778,0.0065658899998197,0.0531461030000173
371,7-scenes-redkitchen,39,24,sagereg_regen,281,0.1672597864768683,1.7365522192166538,0.0691723175684111,True,0.1450957439997182,1.9166666666666667,2.0,2.328969729770492,6.0,5089.0,1.0508000286790777e-05,0.004624158000297,0.0293163490000551,0.0556635210000422,0.0065472639998915,0.0488846909997846
372,7-scenes-redkitchen,54,24,sagereg_regen,393,0.2748091603053435,1.5899492825783268,0.066379794281212,True,0.2056644019999112,2.0,2.0,2.578077265153603,5.0,9556.0,1.2079000043740962e-05,0.0081102950002787,0.0601526760001434,0.0611853400000654,0.0074784230000659,0.0686800230000699
373,7-scenes-redkitchen,55,24,sagereg_regen,358,0.2625698324022346,0.771985262821307,0.055632047395927,True,0.1874034729999039,2.0,2.0,2.393552218764779,4.0,7877.0,1.150800017057918e-05,0.0069546530003208,0.0521153640002012,0.0605717919997914,0.0072057749998748,0.0604961089998141
374,7-scenes-redkitchen,59,24,sagereg_regen,118,0.2033898305084746,2.138433575695064,0.0968264986840027,True,0.0954834099998152,1.860759493670886,2.0,1.8848997932037228,6.0,5263.0,7.729999651928665e-06,0.0016534900000806,0.0059693270000025,0.0391750479998336,0.0058163439998679,0.0428242399998453
375,7-scenes-redkitchen,26,25,sagereg_regen,1083,0.9353647276084948,1.5921572652527711,0.0567789243758009,True,0.416308244999982,2.0,2.0,2.7678505564193148,1.0,7806.0,2.1180999738135146e-05,0.0402946190001785,0.2435369280001396,0.0731675410002026,0.0141326150001077,0.0450863630003368
376,7-scenes-redkitchen,35,25,sagereg_regen,349,0.1833810888252149,1.5190299033873509,0.0295067796252335,True,0.177224882000246,1.96875,2.0,2.6755634963940125,6.0,7082.0,1.1915999948541868e-05,0.006403027000033,0.0461533299999246,0.0588186320001113,0.0068883519998053,0.0589037210002061
377,7-scenes-redkitchen,36,25,sagereg_regen,442,0.3619909502262443,1.4873042116079331,0.0631389916974934,True,0.2243403070001477,2.0,2.0,2.678013676161153,6.0,8810.0,1.3263999790069649e-05,0.0091295150000405,0.0748845690000052,0.0615566620003846,0.0080783569997038,0.0706259070002488
378,7-scenes-redkitchen,37,25,sagereg_regen,345,0.4608695652173913,1.470740170983035,0.0477078101257842,True,0.1870057569999517,2.0,2.0,2.502877847127271,6.0,8577.0,1.1314999937894754e-05,0.0065794719998848,0.048204091000116,0.0598762720001104,0.0076683130000674,0.064612962999945
379,7-scenes-redkitchen,38,25,sagereg_regen,186,0.2473118279569892,1.2880745305716286,0.0486086555638034,True,0.1301980850003019,1.96875,2.0,2.131495257319526,5.0,6251.0,8.664000233693514e-06,0.0028656250001404,0.0150615839997954,0.0543863150001016,0.0061919099998704,0.0516449870001451
380,7-scenes-redkitchen,39,25,sagereg_regen,243,0.3086419753086419,1.2355558440469807,0.0471899830696486,True,0.1347755440001492,2.0,2.0,2.0476420957107977,1.0,7640.0,1.0033000307885231e-05,0.0041139149998343,0.0264088710000578,0.0572939140001835,0.0067707270000028,0.0401350100000854
381,7-scenes-redkitchen,53,25,sagereg_regen,177,0.2429378531073446,2.5462119436328337,0.0380992244130408,True,0.1232080529998711,1.96875,2.0,1.907595201871696,6.0,5567.0,8.889000127965119e-06,0.0028400880000845,0.0155722720000994,0.0552198430000316,0.0062696589998267,0.0432548329999917
382,7-scenes-redkitchen,54,25,sagereg_regen,389,0.1902313624678663,1.2700515374829688,0.0187407058595455,True,0.18741781000017,1.9791666666666667,2.0,2.5103599183189536,6.0,6445.0,1.1717000234057195e-05,0.0078378250000241,0.0578564970001025,0.059509989000162,0.0070967010001368,0.0550562739999804
383,7-scenes-redkitchen,59,25,sagereg_regen,166,0.2891566265060241,0.6036136726151564,0.0354533116240435,True,0.1205104830000891,1.9166666666666667,2.0,1.478401781096517,6.0,5903.0,8.650999916426372e-06,0.0024740829999245,0.011775469999975,0.0537504540002373,0.0060189509999872,0.0464427150000119
384,7-scenes-redkitchen,27,26,sagereg_regen,394,0.3527918781725888,1.505461783950229,0.0683651403764025,True,0.1921154060000844,2.0,2.0,2.420183462800888,4.0,7355.0,1.2382000022626016e-05,0.0078274389998114,0.0547814080000534,0.0599286510000638,0.0075594380000438,0.0619584249998297
385,7-scenes-redkitchen,36,26,sagereg_regen,398,0.2512562814070351,2.5257605117299,0.0407795632385836,True,0.1803256539997164,1.9895833333333333,2.0,2.653648929285102,4.0,6592.0,1.239099992744741e-05,0.0074587949998203,0.0559636420002789,0.060387374000129,0.0076051270002608,0.048849816999791
386,7-scenes-redkitchen,37,26,sagereg_regen,322,0.5031055900621118,1.4692424775241246,0.0280131980049509,True,0.1672745980004037,1.9895833333333333,2.0,2.6242157911173734,4.0,7799.0,1.1389000064809808e-05,0.0059299479999026,0.0442065160000311,0.0586196039998867,0.0074896879996231,0.0509753569999702
387,7-scenes-redkitchen,38,26,sagereg_regen,227,0.237885462555066,1.931199983891986,0.0590002920971218,True,0.1359580240000468,1.9583333333333333,2.0,1.96449000388523,6.0,6292.0,9.270999726140872e-06,0.003739355000107,0.0206758209997133,0.0551956809999865,0.0063302130001829,0.0499667130002308
388,7-scenes-redkitchen,39,26,sagereg_regen,232,0.2887931034482758,2.6608137307904616,0.0915664336672742,True,0.1454350179997163,1.9791666666666667,2.0,1.962450017269976,5.0,7120.0,9.784000212675892e-06,0.003753749000225,0.0215127609999399,0.0574310169999989,0.0066163960000267,0.0560689869998896
389,7-scenes-redkitchen,28,27,sagereg_regen,853,0.7631887456037515,1.051163435385951,0.0678801012885999,True,0.3633710449998943,2.0,2.0,2.428713754625842,1.0,9636.0,1.847599969551084e-05,0.0301931469998635,0.1996511369998188,0.0698829510001814,0.0124519589999181,0.0511124879999442
390,7-scenes-redkitchen,29,27,sagereg_regen,479,0.4885177453027139,1.7935551749739738,0.0819088273512854,True,0.2191715070002828,2.0,2.0,2.033153339513176,3.0,7357.0,1.404799968440784e-05,0.0111049679999268,0.0867643579999821,0.0623832450000918,0.0090936579999834,0.0497600010003225
391,7-scenes-redkitchen,29,28,sagereg_regen,743,0.882907133243607,1.1595878074637946,0.0214803663413413,True,0.2968799069999477,2.0,2.0,2.296667320671924,2.0,7319.0,1.695400032986072e-05,0.0210207999998601,0.1604742009999427,0.0673431069999423,0.0114790210000137,0.0364917539995985
392,7-scenes-redkitchen,30,28,sagereg_regen,253,0.7430830039525692,1.3650802365884331,0.0491750932348539,True,0.1424749840002732,2.0,2.0,2.149501225250474,5.0,5389.0,9.951000265573384e-06,0.0046676270003445,0.0300136310002017,0.0600082350001685,0.0074790469998333,0.0402464670000881
393,7-scenes-redkitchen,31,28,sagereg_regen,210,0.3666666666666666,2.0556111866499256,0.0460835192255737,True,0.1265269020000232,1.9895833333333333,2.0,2.498159613620321,5.0,4801.0,9.41300004342338e-06,0.0034009619998869,0.0197916239999358,0.0581994290000693,0.0066246390001651,0.0384566160000758
394,7-scenes-redkitchen,40,28,sagereg_regen,300,0.2533333333333333,0.0,0.0525047575648621,True,0.161475056999734,1.9791666666666667,2.0,2.393065569988551,6.0,6836.0,1.0459999884915304e-05,0.0053306099998735,0.0341400729998895,0.0586954109999169,0.0068830189998152,0.0563720309996824
395,7-scenes-redkitchen,41,28,sagereg_regen,264,0.2803030303030303,1.6052480803727285,0.0778097477207047,True,0.1453008749999753,1.9270833333333333,2.0,2.010455540722205,5.0,5864.0,9.83199970505666e-06,0.0043986310001855,0.0277176230001714,0.0563808809997681,0.0066132709998782,0.0501398420001351
396,7-scenes-redkitchen,30,29,sagereg_regen,388,0.7912371134020618,1.538270022718558,0.0395353138098463,True,0.1813297300000158,2.0,2.0,2.2836782572688388,4.0,5066.0,1.3642999874718951e-05,0.0080801849999261,0.0650818639996941,0.0624134509998839,0.0086348029999498,0.0370517840001412
397,7-scenes-redkitchen,31,29,sagereg_regen,157,0.267515923566879,3.232825929274972,0.0442360402778348,True,0.1084432719994765,1.9895833333333333,2.0,2.644712059137328,6.0,3900.0,9.052000223164214e-06,0.0025782660000004,0.0115346389998194,0.0560228750000533,0.0062566870001319,0.0320001309996769
398,7-scenes-redkitchen,40,29,sagereg_regen,299,0.31438127090301,0.0,0.0534841113390428,True,0.1580454279996956,2.0,2.0,2.1834852128749747,5.0,6130.0,1.130800001192256e-05,0.00577783000017,0.0360112110001864,0.0593045109999366,0.007387978999759,0.049508381999658
399,7-scenes-redkitchen,41,29,sagereg_regen,264,0.4356060606060606,0.0,0.039151924104077,True,0.1459790200001407,1.96875,2.0,2.1247806564469407,3.0,5673.0,1.0136000128113665e-05,0.00479937099999,0.0289269790000616,0.0581120679999003,0.0067487159999473,0.0473399450002034
400,7-scenes-redkitchen,42,29,sagereg_regen,227,0.4096916299559471,0.0,0.0502986198149669,True,0.121360488999926,1.96875,2.0,2.180668640471464,2.0,4440.0,9.858999874268193e-06,0.0037361689996942,0.0238367329998254,0.0569167990001915,0.0067250340002829,0.0300881530001788
401,7-scenes-redkitchen,43,29,sagereg_regen,173,0.3526011560693641,0.0,0.0275289235852195,True,0.1125861410000652,1.9375,2.0,2.215964653458628,6.0,3751.0,9.020000106829684e-06,0.0027819319998343,0.0151231879999613,0.0560074159998293,0.0066107359998568,0.0320099059999847
402,7-scenes-redkitchen,31,30,sagereg_regen,196,0.6530612244897959,1.8361625984919487,0.0447953572584927,True,0.11649887700014,1.9895833333333333,2.0,1.9480810978860896,6.0,3874.0,8.740000339457765e-06,0.0034818530002667,0.0190972529999271,0.0575137570003789,0.0068162839997967,0.0295409559998915
403,7-scenes-redkitchen,32,30,sagereg_regen,99,0.3131313131313131,6.209120488808682,0.1322697383131432,True,0.0625033599999369,1.913793103448276,2.0,1.9520633211757168,4.0,2457.0,7.252000159496674e-06,0.0017511749997538,0.0037652930000149,0.0308700390000922,0.0055313359998763,0.0205487319999519
404,7-scenes-redkitchen,40,30,sagereg_regen,136,0.1323529411764706,1.8278461052492248,0.0635816332545318,True,0.1019638490001852,1.96875,2.0,2.316556562322816,4.0,4238.0,8.170000000973232e-06,0.0020964809996257,0.0096046150001711,0.0527068439996583,0.0059715440002037,0.0315364380003302
405,7-scenes-redkitchen,41,30,sagereg_regen,159,0.1949685534591195,2.914967066905888,0.0827092423417851,True,0.1072713919998022,1.9375,2.0,2.3852603901742584,6.0,4161.0,9.19800004339777e-06,0.0022552639998139,0.011104307000096,0.0509189019999212,0.0059811099999933,0.0369568470000558
406,7-scenes-redkitchen,42,30,sagereg_regen,127,0.2204724409448819,2.8271598693956577,0.0634724133547249,True,0.089049882999916,1.8863636363636365,2.0,2.16977989037255,4.0,3183.0,7.906000064394902e-06,0.001875119000033,0.0077443820000553,0.0457567280000148,0.0057868190001499,0.0278414669996891
407,7-scenes-redkitchen,32,31,sagereg_regen,208,0.5432692307692307,0.9020526154779008,0.0285367511712728,True,0.1254039790001115,2.0,2.0,2.651950445822113,5.0,4688.0,9.135999789577909e-06,0.0036933169999429,0.0228230799998527,0.0578736859997661,0.0069098099997972,0.0340554170002178
408,7-scenes-redkitchen,33,31,sagereg_regen,93,0.064516129032258,7.027948329960907,0.119671917212282,True,0.0737311820003014,1.838235294117647,2.0,1.9587681581256595,5.0,3330.0,7.572999948024517e-06,0.0016872000001058,0.0045724569999947,0.0332096440001805,0.0056345580001107,0.028585502000169
409,7-scenes-redkitchen,33,32,sagereg_regen,292,0.2123287671232876,9.828777433868964,0.1244395273786916,True,0.1560067699997489,2.0,2.0,2.039058430327309,6.0,5629.0,1.073199973689043e-05,0.0055921910002325,0.0413158589999511,0.0610160139999607,0.0075702379999711,0.0404544120001446
410,7-scenes-redkitchen,34,33,sagereg_regen,124,0.1532258064516129,7.403967242223942,0.0396847381678602,True,0.0936489099999562,1.9268292682926829,2.0,1.9392630538470983,6.0,3944.0,8.079000053839991e-06,0.0020232050001141,0.0071557199999006,0.044893452999986,0.0057582520003052,0.0337755049999941
411,7-scenes-redkitchen,36,35,sagereg_regen,1053,0.9316239316239316,0.7141396423481419,0.0127197639820964,True,0.4396458679998432,2.0,2.0,2.081244943988969,5.0,9788.0,2.133099997081445e-05,0.0391282359996694,0.2344553029997769,0.0722322449996681,0.0143294900003638,0.0794124260000899
412,7-scenes-redkitchen,37,35,sagereg_regen,291,0.4192439862542955,0.742347272868608,0.0170534522486403,True,0.1685776140002417,2.0,2.0,2.804026983893831,6.0,7487.0,1.088599992726813e-05,0.0052912430001015,0.0345241969998824,0.0589659030001712,0.0070557620001636,0.0626845260003392
413,7-scenes-redkitchen,53,35,sagereg_regen,299,0.5451505016722408,1.2996391921142876,0.0548102266734035,True,0.1466905020001832,1.9895833333333333,2.0,2.351321448068936,4.0,5195.0,1.1207000170543324e-05,0.0056796059998305,0.035835218000102,0.0601455699998041,0.0076041310003347,0.0373695140001473
414,7-scenes-redkitchen,54,35,sagereg_regen,1073,0.9030754892823858,0.0,0.0305230637352832,True,0.4322426090002409,2.0,2.0,2.45254915533177,3.0,10469.0,2.308000011908007e-05,0.0404767250001896,0.2361175420001018,0.0725854720003553,0.014451910000389,0.0685234190000301
415,7-scenes-redkitchen,55,35,sagereg_regen,684,0.8172514619883041,0.0,0.0214959617958322,True,0.2989274239998849,2.0,2.0,2.3112853014039256,2.0,8968.0,1.6011000298021827e-05,0.0211903650001659,0.1422264040002119,0.0670701109997935,0.0110473449999517,0.0573207379998166
416,7-scenes-redkitchen,56,35,sagereg_regen,380,0.4578947368421052,0.0,0.0609336112184269,True,0.188689365999835,1.9791666666666667,2.0,1.9638226095510287,5.0,7537.0,1.2807000075554242e-05,0.0079530429998158,0.0546414880000156,0.0608290089999172,0.0082357820001561,0.0569688259997747
417,7-scenes-redkitchen,57,35,sagereg_regen,180,0.2611111111111111,1.777037398017522,0.0316945434587325,True,0.1277985619999526,1.9895833333333333,2.0,2.0649533516561944,6.0,5692.0,9.004999810713343e-06,0.0029697639997721,0.0147809579998465,0.0568874189998496,0.0064527590002398,0.0466596139999637
418,7-scenes-redkitchen,58,35,sagereg_regen,189,0.4285714285714285,0.0,0.0321240018426322,True,0.129039616999762,1.9479166666666667,2.0,2.1307134608266165,5.0,6224.0,9.224000223184705e-06,0.0031442069998774,0.0154810230001203,0.0561440899996341,0.0065043599997807,0.0477156889996877
419,7-scenes-redkitchen,59,35,sagereg_regen,184,0.2989130434782608,1.112810222963893,0.0503980747895396,True,0.1297431859998141,1.8958333333333333,2.0,2.0409340389791777,5.0,6289.0,8.841000180837e-06,0.0028313679999882,0.0148181160002422,0.0535747110002375,0.0062757850000707,0.0521917379996921
420,7-scenes-redkitchen,37,36,sagereg_regen,585,0.7435897435897436,0.6964485274560387,0.0181336478997173,True,0.2892995570000494,2.0,2.0,2.6814882104787,5.0,9576.0,1.5190000340226106e-05,0.0148621280000043,0.128363471999819,0.0646294539997143,0.0101262970001698,0.0712467289999949
421,7-scenes-redkitchen,38,36,sagereg_regen,175,0.1428571428571428,9.889601425502631,0.1467307752596605,True,0.1226652669997747,1.9791666666666667,2.0,2.086158440952564,5.0,4226.0,8.876999800122576e-06,0.0025369519999003,0.012932641000134,0.0545282050002242,0.0060624820002885,0.0465549340001416
422,7-scenes-redkitchen,39,36,sagereg_regen,284,0.2957746478873239,1.2446526458018703,0.0134070163966866,True,0.1512984210003196,1.9583333333333333,2.0,2.335743665551653,4.0,7028.0,1.0923999980150256e-05,0.0046906110001145,0.030701807999776,0.0572810449998542,0.0069938380001985,0.0515762240002004
423,7-scenes-redkitchen,53,36,sagereg_regen,337,0.6973293768545994,0.0,0.0437719749521526,True,0.1658742029999302,2.0,2.0,2.259921725768208,4.0,5493.0,1.290199998038588e-05,0.0065858970001499,0.0456463919999805,0.0608623650000481,0.0079435980001107,0.04477936999956
424,7-scenes-redkitchen,54,36,sagereg_regen,1021,0.8961802154750245,0.0,0.0328112839638116,True,0.423727315999713,2.0,2.0,2.285688156836447,3.0,9398.0,2.14879996747186e-05,0.0369316910000634,0.2269902670000192,0.0713840769999478,0.0141516549997504,0.0741811789998792
425,7-scenes-redkitchen,55,36,sagereg_regen,675,0.8355555555555556,0.0,0.0251126000049984,True,0.3035017289998905,2.0,2.0,2.323637694922571,6.0,7816.0,1.630199994906434e-05,0.0205455100003746,0.1418707249999897,0.0676671109999915,0.0111536940003134,0.0621942799998578
426,7-scenes-redkitchen,56,36,sagereg_regen,343,0.3090379008746355,0.0,0.0602399652918836,True,0.1728845160000673,1.9583333333333333,2.0,2.754316712945311,6.0,6751.0,1.1745999927370576e-05,0.0066599179999684,0.0425061740002092,0.0601673290002509,0.0077775529998689,0.0557147509998685
427,7-scenes-redkitchen,58,36,sagereg_regen,200,0.4,0.0,0.0375516001673853,True,0.1296641009998893,1.96875,2.0,2.1468272109931514,6.0,5985.0,9.339999905932928e-06,0.0032900209998842,0.0159040930002447,0.0558830410000155,0.0065035270004045,0.0480334999997467
428,7-scenes-redkitchen,59,36,sagereg_regen,220,0.2909090909090909,0.0,0.0165656795546061,True,0.1422691160000795,1.9791666666666667,2.0,1.871193060858043,6.0,7316.0,9.643000339565331e-06,0.003698035999605,0.0208739610002339,0.0574719229998663,0.006608765999772,0.0535641659998873
429,7-scenes-redkitchen,38,37,sagereg_regen,421,0.6769596199524941,0.8160860174534204,0.0073499402879211,True,0.2055428160001611,2.0,2.0,2.5367159972979016,5.0,7628.0,1.3714000033360207e-05,0.0088133760000346,0.0681364020001638,0.0623596850000467,0.0086304480000762,0.0575358450000749
430,7-scenes-redkitchen,39,37,sagereg_regen,333,0.6066066066066066,0.6588680445210005,0.0067823930606045,True,0.1729766160001418,2.0,2.0,2.3888927507028934,4.0,7942.0,1.1866000022564547e-05,0.006636354999955,0.0452536510001664,0.0604905139998663,0.0078317239999705,0.0527072820000285
431,7-scenes-redkitchen,54,37,sagereg_regen,322,0.2888198757763975,0.5243623158431947,0.030522722130847,True,0.1698948689995632,1.9895833333333333,2.0,2.354778594540339,6.0,7241.0,1.076399985322496e-05,0.0055495810001957,0.039578978999998,0.0581697920001715,0.0067922740004178,0.0597486529995876
432,7-scenes-redkitchen,55,37,sagereg_regen,280,0.15,0.0,0.0129770875819902,True,0.1494234720003078,1.9479166666666667,2.0,1.991525732247466,6.0,6124.0,1.0582999948383076e-05,0.0046488410002893,0.0317865170000004,0.0559895129999858,0.0066039180001098,0.0503420130003178
433,7-scenes-redkitchen,58,37,sagereg_regen,201,0.373134328358209,0.968737194230041,0.0640481717759938,True,0.1314796990000104,1.96875,2.0,2.230951055299708,6.0,5935.0,8.895000064512715e-06,0.0032768099999884,0.0175785800001904,0.057140727999922,0.0065838309997161,0.0468490499997642
434,7-scenes-redkitchen,59,37,sagereg_regen,257,0.3229571984435798,0.0,0.0404703299010701,True,0.1503613300005781,2.0,2.0,1.5244108392439255,6.0,7326.0,1.0076000307890354e-05,0.0043355150000934,0.0271755979997578,0.0581976999997095,0.006829492000179,0.0537696730002608
435,7-scenes-redkitchen,39,38,sagereg_regen,443,0.7742663656884876,1.0016367050255983,0.0217148389626702,True,0.2159565729998576,2.0,2.0,2.4164631460661363,3.0,7566.0,1.3334999948710902e-05,0.0103293060001306,0.0730569289999039,0.0633206590000554,0.0090423520000513,0.0601463170000897
436,7-scenes-redkitchen,54,38,sagereg_regen,191,0.1832460732984293,1.443364187685056,0.0446417283717999,True,0.1172347950005132,1.9375,2.0,1.4211942638944357,5.0,4146.0,9.111000053962924e-06,0.0029415300000437,0.014153135000015,0.0527968809997219,0.006186136999986,0.0411080520002542
437,7-scenes-redkitchen,58,38,sagereg_regen,182,0.1978021978021978,1.3166047866721269,0.0414320306729298,True,0.112137260000054,1.9375,2.0,1.8365140698792173,6.0,4612.0,8.82399990587146e-06,0.0026452259999132,0.01437393399965,0.0523420819999955,0.0060807009999734,0.03664335700023
438,7-scenes-redkitchen,59,38,sagereg_regen,319,0.4921630094043887,0.6383838380357146,0.0428151786030574,True,0.1589782749997539,2.0,2.0,2.400139881742065,6.0,6043.0,1.1270999948465033e-05,0.0059565430001384,0.0423775319995911,0.0590176780001456,0.0076113170002827,0.0439564799999061
439,7-scenes-redkitchen,59,39,sagereg_regen,193,0.4041450777202072,0.9130453627332058,0.0404645952366454,True,0.1271558200000981,2.0,2.0,1.8757017390605693,6.0,5547.0,9.08900028662174e-06,0.0031186960000013,0.0155267299996921,0.0569390109999403,0.00646189400004,0.0450534609999522
440,7-scenes-redkitchen,41,40,sagereg_regen,782,0.8618925831202046,1.3181644380744717,0.0312301503529161,True,0.3239478770001369,2.0,2.0,1.954662196950048,3.0,8483.0,1.8163999811804388e-05,0.0229568099998687,0.169284632000199,0.067197121999925,0.0119148799999493,0.0525182630003655
441,7-scenes-redkitchen,42,40,sagereg_regen,447,0.6487695749440716,2.0450401108829257,0.0530462377473948,True,0.2007875479998802,2.0,2.0,2.3485565305747595,2.0,6368.0,1.3827999737259232e-05,0.0097206620002907,0.0754918239999824,0.062268691999634,0.0089176999999835,0.0443236149999393
442,7-scenes-redkitchen,43,40,sagereg_regen,311,0.5337620578778135,1.805368400613888,0.0319514386385721,True,0.1419399030000931,2.0,2.0,2.079277458028673,2.0,5354.0,1.125900007536984e-05,0.0056824130001587,0.0396012030000747,0.0597780709999824,0.0076641430000563,0.0291557609998562
443,7-scenes-redkitchen,42,41,sagereg_regen,949,0.928345626975764,0.9600843987895282,0.0247181654834373,True,0.3816521779999675,2.0,2.0,2.593990569396832,5.0,7374.0,1.9485999928292586e-05,0.0326211410001633,0.2097289069997714,0.0699202399996465,0.0134285110002565,0.0558725060000142
444,7-scenes-redkitchen,43,41,sagereg_regen,685,0.9357664233576642,0.9200138449393788,0.0101081770422224,True,0.2843624839997574,2.0,2.0,2.59498654901236,3.0,6116.0,1.679299975876347e-05,0.0183969569998225,0.146734115000072,0.0673115980002876,0.011628784000095,0.0402157859998624
445,7-scenes-redkitchen,44,41,sagereg_regen,350,0.7542857142857143,1.495071989935385,0.0253468738468487,True,0.1695077019999189,2.0,2.0,2.6438773905409896,5.0,4809.0,1.2876999790023548e-05,0.0070587460004389,0.0525357500000609,0.0625706609998815,0.0084451789998638,0.0388363729998673
446,7-scenes-redkitchen,43,42,sagereg_regen,1030,0.9524271844660194,0.7209053853521113,0.0050791882552618,True,0.3953095690003465,2.0,2.0,2.7072978031283133,3.0,6075.0,2.129999984390452e-05,0.0376840310000261,0.2314302400000087,0.0715147760001855,0.0142389949996868,0.0403553280002597
447,7-scenes-redkitchen,44,42,sagereg_regen,534,0.8838951310861424,1.7612759815361996,0.0120942911645151,True,0.2179886399999304,2.0,2.0,2.640276012926097,2.0,4946.0,1.3970000054541742e-05,0.0122336399999767,0.1044524189996991,0.0650539749999552,0.0100813330000164,0.0261046689997783
448,7-scenes-redkitchen,45,42,sagereg_regen,259,0.752895752895753,2.0785461276434587,0.0534227886995992,True,0.1353255479998552,2.0,2.0,2.6559735426446163,5.0,3729.0,1.1515000096551375e-05,0.0048265190002894,0.0310304399999949,0.0608837589998074,0.0076518180003404,0.0308775079997758
449,7-scenes-redkitchen,44,43,sagereg_regen,669,0.9476831091180868,0.6774955777475808,0.0096852425797116,True,0.2641592629997831,2.0,2.0,2.671469697775868,0.0,4951.0,1.645400016059284e-05,0.017933388000074,0.1477168359997449,0.0678830060001018,0.0113457850002305,0.0192075559998556
450,7-scenes-redkitchen,45,43,sagereg_regen,330,0.906060606060606,1.3871449667542273,0.0417437807392678,True,0.1413772559999415,2.0,2.0,2.5955301802837605,2.0,3770.0,1.2232999779371312e-05,0.0064274960000147,0.045187794999947,0.0614297629999782,0.0083405939999465,0.0199329289998786
451,7-scenes-redkitchen,45,44,sagereg_regen,487,0.9383983572895276,0.8928560102037094,0.021799710503287,True,0.2048080909999043,2.0,2.0,2.4840788631270025,5.0,3967.0,1.3364000096771632e-05,0.0110028599997349,0.0906080449999535,0.0641798420001578,0.009576387999914,0.029375876999893
452,7-scenes-redkitchen,46,44,sagereg_regen,118,0.6440677966101694,1.1443951872513438,0.0167449325617327,True,0.0835049460001755,1.964705882352941,2.0,2.599995294093957,3.0,2636.0,8.161999630829087e-06,0.00226713200027,0.0080294379999941,0.0491362319999097,0.0061961960000189,0.0178306510001675
453,7-scenes-redkitchen,46,45,sagereg_regen,267,0.7790262172284644,0.2575306847890413,0.0044371439255438,True,0.1324704640001073,2.0,2.0,2.404778192129013,4.0,3253.0,1.1239999821555102e-05,0.0050964040001417,0.0342029799999181,0.0613249979996908,0.0077407380003933,0.0240422890001354
454,7-scenes-redkitchen,47,45,sagereg_regen,164,0.4207317073170731,1.8188458813738584,0.0179794520224238,True,0.0995800460004829,2.0,2.0,2.5335751620365867,4.0,2357.0,9.077000413526548e-06,0.0028122250000706,0.0147216760001356,0.05634303800025,0.0063412829999833,0.0193045480000364
455,7-scenes-redkitchen,47,46,sagereg_regen,230,0.6521739130434783,0.7777858146536312,0.0328744738726962,True,0.1142719950003083,2.0,2.0,2.2109659673498454,3.0,3007.0,9.698000212665647e-06,0.0042226069999742,0.0259712799997942,0.0587557470003048,0.0071855350001897,0.0180862750003143
456,7-scenes-redkitchen,48,46,sagereg_regen,126,0.3412698412698413,1.165546752339109,0.0426602751924115,True,0.0895749510000314,2.0,2.0,2.1865526396510058,3.0,2373.0,8.220999916375149e-06,0.0020644310002353,0.0094105690000105,0.0532627480001792,0.0059547989999373,0.0188339430001178
457,7-scenes-redkitchen,49,46,sagereg_regen,122,0.2295081967213114,4.02147820028318,0.083118190379278,True,0.0784438949999639,2.0,2.0,2.575214054326991,5.0,1904.0,8.070000149018597e-06,0.0019416679997448,0.00728527199999,0.0463266729998395,0.0059085879997837,0.0169335179998597
458,7-scenes-redkitchen,50,46,sagereg_regen,99,0.2121212121212121,1.7252334069670312,0.0590614054675887,True,0.0648892589997558,1.894736842105263,2.0,2.1777598415462105,5.0,1906.0,7.885999821155565e-06,0.0016385679996346,0.0054537060000257,0.0365064759998858,0.0056636879999132,0.0155841840000903
459,7-scenes-redkitchen,51,46,sagereg_regen,78,0.4871794871794871,2.8832845683490502,0.0553651817696779,True,0.0522520720001011,1.9285714285714288,2.0,1.880944242972362,4.0,1729.0,7.295000159501797e-06,0.001603112000339,0.0034559199998511,0.0296716549996745,0.0055520569999316,0.0119314480002685
460,7-scenes-redkitchen,52,46,sagereg_regen,82,0.3292682926829268,1.6728294121327338,0.0616932384378948,True,0.0585306209995906,1.870967741935484,2.0,2.0858766036505467,4.0,1852.0,7.789999926899327e-06,0.0017451400003665,0.0039187989996207,0.0315229679999902,0.0056253520001519,0.0156777779998265
461,7-scenes-redkitchen,48,47,sagereg_regen,231,0.7445887445887446,0.7208121685625541,0.0177685913170775,True,0.1183813069997086,2.0,2.0,2.236807288404556,4.0,3135.0,1.0653000117599731e-05,0.0042729889996735,0.0255818430000545,0.0589836389999618,0.0072613839997757,0.0222249039998132
462,7-scenes-redkitchen,49,47,sagereg_regen,150,0.6066666666666667,1.7322832429653856,0.0271172210760633,True,0.0974565030001031,2.0,2.0,2.4764831416106303,4.0,2774.0,8.706000244274037e-06,0.0025665820003268,0.0117501079998874,0.056666700000278,0.0063433740001528,0.0200821829998858
463,7-scenes-redkitchen,50,47,sagereg_regen,134,0.5895522388059702,2.1977125631684427,0.0442798590708022,True,0.0900221420001798,1.96875,2.0,1.9722262533905432,2.0,2524.0,7.992000064405147e-06,0.0023561670000162,0.0103454760001113,0.0554694309998922,0.0063195180000548,0.0154849479999938
464,7-scenes-redkitchen,51,47,sagereg_regen,64,0.34375,2.7238902183180187,0.0458215950141769,True,0.0464814629999636,1.933333333333333,2.0,2.2155119010443225,5.0,1869.0,7.3850001172104385e-06,0.0015702629998486,0.0023929230001158,0.022723765000137,0.0054957659999672,0.014260257999922
465,7-scenes-redkitchen,52,47,sagereg_regen,135,0.6814814814814815,1.43832304311316,0.0224568214543681,True,0.0952804580001611,1.9791666666666667,2.0,1.9630053933540232,5.0,2498.0,8.228000297094695e-06,0.0025416899998162,0.0111172650003936,0.0564310650001971,0.0064020029999483,0.0187394619997576
466,7-scenes-redkitchen,53,47,sagereg_regen,90,0.4555555555555555,2.64728764984781,0.0411020012311437,True,0.0655048099997657,1.953125,2.0,1.8745531567402929,4.0,2252.0,7.768000159558142e-06,0.0017114620000029,0.0043109869998261,0.0339613010000903,0.0057425679997322,0.0197373229998447
467,7-scenes-redkitchen,49,48,sagereg_regen,423,0.91725768321513,0.5982271136049409,0.0225494520041145,True,0.1738762360005239,2.0,2.0,2.226735263092252,4.0,3284.0,1.645800011829124e-05,0.0092622019997179,0.0716505860000324,0.0636945780001951,0.009170647999781,0.0200369590002083
468,7-scenes-redkitchen,50,48,sagereg_regen,235,0.9106382978723404,1.367466056867067,0.016171350587162,True,0.1159005810000053,2.0,2.0,1.946421626118931,4.0,2813.0,1.13979999696312e-05,0.0043844629999512,0.0272081450002588,0.0596927239998876,0.0075672590000976,0.0169935409999197
469,7-scenes-redkitchen,51,48,sagereg_regen,88,0.6022727272727273,2.5413191899003027,0.0300131611628515,True,0.0585046040000634,2.0,2.0,1.986013951608069,5.0,1740.0,7.323000318137929e-06,0.0017684360000203,0.0038449030002993,0.0329707740002049,0.0061622390003321,0.0137182769999526
470,7-scenes-redkitchen,52,48,sagereg_regen,320,0.93125,1.4763643376212332,0.0118116244253526,True,0.1405930730002182,2.0,2.0,1.7133584419700838,4.0,2940.0,1.1828999959107024e-05,0.0063750459999027,0.0446093030000156,0.0604941729998245,0.0081558690003475,0.0209023100001104
471,7-scenes-redkitchen,53,48,sagereg_regen,188,0.6861702127659575,1.9844192535406944,0.0455033342519649,True,0.1053862339995248,2.0,2.0,2.068063989811745,4.0,3029.0,9.689999842521502e-06,0.0034235109997098,0.0171121409998704,0.0578478679999534,0.0069714360001853,0.0199819249996835
472,7-scenes-redkitchen,54,48,sagereg_regen,133,0.0977443609022556,1.127589240514232,0.0935993131446904,True,0.087899274999927,1.8666666666666667,2.0,2.1015865091533,5.0,2227.0,8.423000053880969e-06,0.001800316000299,0.0075842710002689,0.0449457449999499,0.0058606930001587,0.0276607860000694
473,7-scenes-redkitchen,50,49,sagereg_regen,196,0.8826530612244898,1.6879658505605657,0.0274563998026717,True,0.1093783949995668,2.0,2.0,2.0062342404240576,5.0,2696.0,9.468999905948294e-06,0.0036393550003595,0.0199075760001505,0.0594437339996147,0.0071673930001452,0.019170075999682
474,7-scenes-redkitchen,52,49,sagereg_regen,274,0.9051094890510948,1.2584235156479384,0.0222661173914188,True,0.1265092849998836,2.0,2.0,1.8136346398341592,4.0,2919.0,1.187899988508434e-05,0.0053967079998074,0.0351744429999598,0.0608598229996459,0.0078400259999398,0.0171831769998789
475,7-scenes-redkitchen,53,49,sagereg_regen,241,0.8589211618257261,2.108897333093624,0.0378375895531139,True,0.1245200139996995,2.0,2.0,1.903894977692056,6.0,3663.0,9.717000011733036e-06,0.0044453290001911,0.026867876000324,0.0587847120000333,0.007486548000088,0.026882267000019
476,7-scenes-redkitchen,54,49,sagereg_regen,121,0.1900826446280991,1.4417335514944412,0.0921079217407946,True,0.0884183139996821,1.9069767441860463,2.0,2.05609613794236,4.0,2892.0,8.42200006445637e-06,0.0019488369998725,0.0072012730001915,0.0467068739999376,0.0059987839999848,0.0265167019997534
477,7-scenes-redkitchen,59,49,sagereg_regen,70,0.0,94.85481416670254,2.103928183332004,False,0.0488450560001183,1.5,2.0,1.3671087430986422,5.0,429.0,9.886000043479726e-06,0.0015343730001404,0.0027886610000678,0.0232945730003848,0.0057415910000599,0.0154447810000419
478,7-scenes-redkitchen,51,50,sagereg_regen,126,0.8492063492063492,1.8593247870847949,0.0126792278643618,True,0.081024344999605,1.9775280898876404,2.0,2.142884639030964,2.0,1716.0,8.640000032755779e-06,0.0026156450003327,0.0090865970000777,0.0519162209998285,0.0063362949999827,0.0110181129998636
479,7-scenes-redkitchen,52,50,sagereg_regen,319,0.9498432601880876,1.0846292247721516,0.0116061228585873,True,0.1331213190001108,2.0,2.0,2.067003068012047,2.0,2690.0,1.2261000392754797e-05,0.0061188690001472,0.0440303630002745,0.0617012309999154,0.0082322820003355,0.0129803949998859
480,7-scenes-redkitchen,53,50,sagereg_regen,191,0.7382198952879581,1.667682931957017,0.0437534398293015,True,0.1099067919994922,2.0,2.0,2.178279638866824,5.0,2699.0,8.878999778971775e-06,0.0037038440000287,0.0181692910000492,0.0588629660001061,0.0071727690001353,0.0219464809997589
481,7-scenes-redkitchen,54,50,sagereg_regen,103,0.203883495145631,2.262490549004826,0.0927801086301097,True,0.0717834149995724,1.8656716417910448,2.0,2.4745730090142333,6.0,2023.0,7.773999641358387e-06,0.0015555989998574,0.0045598839997182,0.0332457760000579,0.0057090919999609,0.0266672249999828
482,7-scenes-redkitchen,52,51,sagereg_regen,128,0.8203125,1.3144972750488586,0.0183056738787132,True,0.0846123239998632,2.0,2.0,2.176419516865925,3.0,1704.0,8.128999979817308e-06,0.0023529919999418,0.0098179999999956,0.0545235069998852,0.0063225170001715,0.0115485110000008
483,7-scenes-redkitchen,53,51,sagereg_regen,65,0.4615384615384615,4.648226484605831,0.0710301012409467,True,0.0478503559997989,1.9555555555555555,2.0,2.466674539179226,5.0,1339.0,7.430000096064759e-06,0.0014376809999703,0.0024843430001055,0.0236935899997661,0.0055679680003777,0.0146289929998602
484,7-scenes-redkitchen,53,52,sagereg_regen,251,0.8167330677290837,0.7390489184073109,0.0464220434609467,True,0.1213283110000702,2.0,2.0,2.1959594485746057,2.0,3109.0,1.1046000054193428e-05,0.004736456000046,0.0293679349997546,0.059975084999678,0.0075775230002363,0.0196197529999153
485,7-scenes-redkitchen,54,52,sagereg_regen,144,0.1805555555555555,1.849644053130983,0.0890256804768393,True,0.0950482359999114,1.90625,2.0,2.342082572943778,5.0,2396.0,8.137999884638702e-06,0.0018765329996313,0.0096599329999662,0.0495187620003889,0.0060099459997218,0.0279335569998693
486,7-scenes-redkitchen,54,53,sagereg_regen,274,0.5693430656934306,1.1821536024883912,0.0283791011900262,True,0.144159464000495,2.0,2.0,2.5439183978098354,5.0,4811.0,1.0373000350227812e-05,0.0051096390002385,0.0315858579997438,0.0587365760002285,0.0073966180002571,0.0412726190002104
487,7-scenes-redkitchen,55,53,sagereg_regen,175,0.1885714285714285,1.3981100282848122,0.0426391987692832,True,0.1050972109997019,1.9479166666666667,2.0,2.3459077824511936,6.0,2985.0,8.603999958722852e-06,0.0025755820001904,0.0126313960004154,0.0523188749998553,0.0060158040000715,0.0315071229997556
488,7-scenes-redkitchen,56,53,sagereg_regen,138,0.036231884057971,1.8807331956294784,0.2826639147309109,True,0.085224337999989,1.6458333333333333,2.0,2.016632663535617,6.0,2382.0,8.130999958666507e-06,0.0017868079999061,0.0092240359999777,0.0427278189999924,0.0057333409999955,0.0257061290003548
489,7-scenes-redkitchen,58,53,sagereg_regen,96,0.1145833333333333,3.355952062588276,0.3623551075148609,False,0.0686638120000679,1.7575757575757576,2.0,1.705502515528747,6.0,2170.0,7.488000392186223e-06,0.0020268680000299,0.0043277059999127,0.0332665830001133,0.0056025200001386,0.0233986989996992
490,7-scenes-redkitchen,59,53,sagereg_regen,116,0.0689655172413793,3.3440549079892894,2.013553326651762,False,0.073752155999955,1.8860759493670889,2.0,1.86082231939958,6.0,1462.0,8.382000032725045e-06,0.0017702700001791,0.0060312479999993,0.0391048059996137,0.0056143100000554,0.0211858309999115
491,7-scenes-redkitchen,55,54,sagereg_regen,981,0.8807339449541285,0.8933632233426572,0.0245029052561565,True,0.4012010840001494,2.0,2.0,2.179333119080808,5.0,8307.0,1.93099999705737e-05,0.0342094650000035,0.2168148880000444,0.0703312850000656,0.0135550280001552,0.0661997110000811
492,7-scenes-redkitchen,56,54,sagereg_regen,432,0.4722222222222222,1.6031447226206017,0.034646922139923,True,0.1973280289998911,2.0,2.0,1.6116704439789489,4.0,6934.0,1.33369999275601e-05,0.0094880480000938,0.0713351760000478,0.0615724950002913,0.0087033579998205,0.0461618569997881
493,7-scenes-redkitchen,57,54,sagereg_regen,235,0.4382978723404255,3.3878139383597548,0.0697961746229662,True,0.1362762530002328,1.9895833333333333,2.0,1.88351231121414,6.0,5087.0,9.938000403053591e-06,0.0041082730003836,0.0231601299997237,0.0593094070000006,0.0070014030002312,0.04264285499994
494,7-scenes-redkitchen,58,54,sagereg_regen,232,0.5862068965517241,0.9699381266598252,0.037124202230823,True,0.1414796239996576,2.0,2.0,2.091937372043695,6.0,5910.0,1.0146000022359658e-05,0.0044407600003069,0.0236904619996494,0.0587467370000922,0.0069754930000272,0.047574786000041
495,7-scenes-redkitchen,59,54,sagereg_regen,254,0.5905511811023622,1.0872979320406395,0.0312006416872931,True,0.144465240000045,2.0,2.0,1.7989754897813564,5.0,6227.0,9.759000022313558e-06,0.0045303570000214,0.0254982989999916,0.0592253519998848,0.0072106539996639,0.0479469309998421
496,7-scenes-redkitchen,56,55,sagereg_regen,732,0.7855191256830601,0.5102087269197256,0.0279227201211342,True,0.3036260999997466,2.0,2.0,1.8154844006445665,3.0,7875.0,1.755799985403428e-05,0.020742804999827,0.1557793609999862,0.0663412339999922,0.0117252269997152,0.048957486999825
497,7-scenes-redkitchen,57,55,sagereg_regen,400,0.6325,1.85436364246663,0.031876097040084,True,0.183851152999523,2.0,2.0,2.105410042331782,4.0,6088.0,1.3687999853573274e-05,0.0089755819999481,0.0625628330003564,0.0632908070001576,0.008595108999998,0.0403632869997636
498,7-scenes-redkitchen,58,55,sagereg_regen,390,0.7153846153846154,0.6927050334388585,0.0181930672674481,True,0.1819569279996358,2.0,2.0,2.143074044811752,6.0,6599.0,1.2815999980375636e-05,0.0081571200003054,0.0579376979999324,0.0611212930002693,0.008373279999887,0.046306032999837
499,7-scenes-redkitchen,59,55,sagereg_regen,243,0.4238683127572016,1.0117345746381237,0.029217233652975,True,0.1309753309997177,2.0,2.0,1.624607652265517,4.0,6033.0,9.595999927114462e-06,0.0040685899998607,0.0223447230000601,0.0582085549999646,0.0067975990000377,0.0395039099998939
500,7-scenes-redkitchen,57,56,sagereg_regen,617,0.8411669367909238,1.1461433972052832,0.0239570459352135,True,0.2635994169995683,2.0,2.0,2.0309549240407354,3.0,6203.0,1.5544999769190326e-05,0.0156009699999231,0.1346764630002326,0.0656861800002843,0.0106707899999491,0.0368973179997738
501,7-scenes-redkitchen,58,56,sagereg_regen,425,0.6894117647058824,1.3954790640149115,0.0181401979989505,True,0.1910718419999284,2.0,2.0,1.8290138617579563,5.0,6277.0,1.2959999821759992e-05,0.0092904210000597,0.066091413000322,0.0632877660000303,0.0089194700003645,0.0434208530000432
502,7-scenes-redkitchen,59,56,sagereg_regen,258,0.4573643410852713,1.1093230689324731,0.0294597840226408,True,0.1391500959998666,2.0,2.0,1.6474083286323693,5.0,5469.0,1.0027999906014884e-05,0.0046723979999114,0.0277640730000712,0.0581957310000689,0.0071945300001061,0.0412671499998396
503,7-scenes-redkitchen,58,57,sagereg_regen,429,0.6923076923076923,2.811402006367856,0.0423085877670176,True,0.1834096289994704,2.0,2.0,1.6503228936770789,3.0,5242.0,1.3574000149674248e-05,0.0092040540002926,0.0719725550002294,0.0626387429997521,0.0089710329998524,0.0305636549996961
504,7-scenes-redkitchen,59,57,sagereg_regen,203,0.5467980295566502,0.8443575205508366,0.0129193702927331,True,0.1191859459995612,1.96875,2.0,1.3641725567209433,6.0,4480.0,9.610000233806204e-06,0.0034454120000191,0.0177280730003985,0.0573095239997201,0.006734194999808,0.0339175619997149
505,7-scenes-redkitchen,59,58,sagereg_regen,428,0.7266355140186916,1.1957175439110703,0.0236511902238148,True,0.1934625730000334,2.0,2.0,1.9756273618293283,4.0,5890.0,1.4011000075697666e-05,0.0092332439999154,0.0705270389998986,0.0624562230000265,0.0089834249997693,0.0421919229997911
506,sun3d-home_at-home_at_scan1_2013_jan_1,1,0,sagereg_regen,450,0.6844444444444444,2.363289141915261,0.0968553063238294,True,0.2174379670000235,2.0,2.0,2.623648520811753,3.0,8261.0,1.3736999790125992e-05,0.0100670050001099,0.0814924420001261,0.0624268719998326,0.0088808990003599,0.0545077850001689
507,sun3d-home_at-home_at_scan1_2013_jan_1,2,0,sagereg_regen,426,0.6713615023474179,1.870942384746925,0.0856946525358602,True,0.2034044070001073,2.0,2.0,2.377481218413448,3.0,7459.0,1.3185000170778949e-05,0.0093873640003039,0.0696265740002672,0.0619961289999082,0.0088229490002049,0.053509460999976
508,sun3d-home_at-home_at_scan1_2013_jan_1,2,1,sagereg_regen,1187,0.9056444818871104,0.5793227408530296,0.0231145306776468,True,0.4644652570000289,2.0,2.0,2.6681811840708387,2.0,10017.0,2.2678999812342227e-05,0.0464831899998898,0.2612859959999696,0.0749894499999754,0.0155146879997118,0.0660915140001634
509,sun3d-home_at-home_at_scan1_2013_jan_1,34,1,sagereg_regen,297,0.0875420875420875,1.3972375124957574,0.0900940624037836,True,0.1681071750003866,1.9583333333333333,2.0,2.1410198327556147,3.0,8421.0,1.1051000001316424e-05,0.0055839460001152,0.0361994530003357,0.0567060819998914,0.006750627999736,0.0628087590002905
510,sun3d-home_at-home_at_scan1_2013_jan_1,37,1,sagereg_regen,299,0.3277591973244147,1.353775714550132,0.0349193944201645,True,0.1730282390003594,1.96875,2.0,1.971179612832802,6.0,7180.0,1.0916000064753462e-05,0.0055052120001164,0.0399230839998381,0.0569328849996964,0.0069719860002805,0.0636398360002203
511,sun3d-home_at-home_at_scan1_2013_jan_1,38,1,sagereg_regen,293,0.3617747440273037,2.643524141895099,0.0572017063958643,True,0.1706778520001535,1.9895833333333333,2.0,2.06814061953797,5.0,6951.0,1.0523000128159763e-05,0.0055813760000091,0.0360445330002221,0.0603124469998874,0.0071921759999895,0.0614917289999539
512,sun3d-home_at-home_at_scan1_2013_jan_1,50,1,sagereg_regen,261,0.003831417624521,7.6454045908727055,0.8839624413564582,False,0.1486956710000413,1.9479166666666667,2.0,1.8839024770723845,6.0,5554.0,1.0507999832043424e-05,0.0038468440002361,0.0264606119999371,0.0537133170000743,0.0062203510001381,0.0584014290002414
513,sun3d-home_at-home_at_scan1_2013_jan_1,34,2,sagereg_regen,320,0.10625,0.3805488835909698,0.1095078657451537,True,0.1845800850001069,1.96875,2.0,2.474041718757543,6.0,8737.0,1.1824000011984026e-05,0.0057649020000098,0.041950462999921,0.0583337900002334,0.0070105599997987,0.0714636460002111
514,sun3d-home_at-home_at_scan1_2013_jan_1,36,2,sagereg_regen,298,0.1543624161073825,0.7348965064402903,0.0275837464211734,True,0.1612916830003996,2.0,2.0,1.83645077413084,4.0,7374.0,1.0558000212768093e-05,0.0054203999998208,0.0373944520001714,0.0576287960002446,0.0065030420000766,0.0542912910000268
515,sun3d-home_at-home_at_scan1_2013_jan_1,37,2,sagereg_regen,290,0.3241379310344827,1.782030203687985,0.0310587975570642,True,0.1716486690002057,1.96875,2.0,2.050425147576057,6.0,7313.0,1.0598999779176664e-05,0.005220601000019,0.0385928489999969,0.0584276459999273,0.0069242559998201,0.0624300050003512
516,sun3d-home_at-home_at_scan1_2013_jan_1,38,2,sagereg_regen,293,0.4027303754266211,2.433148531522812,0.0653680178586104,True,0.1602645450002455,2.0,2.0,2.162878648015064,2.0,7307.0,1.0635999842634192e-05,0.0054777380000814,0.0341437689999111,0.060404040999856,0.0073204000000259,0.0528576900001098
517,sun3d-home_at-home_at_scan1_2013_jan_1,4,3,sagereg_regen,114,0.1491228070175438,1.5851801878342868,0.1703815983078682,True,0.081192731000101,1.9855072463768115,2.0,1.999723305304529,6.0,3382.0,7.937000191304833e-06,0.001905570999952,0.0052737149999302,0.0381868409999697,0.0058537380000416,0.0299298489999273
518,sun3d-home_at-home_at_scan1_2013_jan_1,6,3,sagereg_regen,110,0.0909090909090909,0.911478515434654,0.1279103148084503,True,0.0806710910001129,1.881578947368421,2.0,2.3898208563201324,6.0,3600.0,7.993000053829746e-06,0.0017211129998031,0.005603548000181,0.0381577230000402,0.0056153780001295,0.0295289410000805
519,sun3d-home_at-home_at_scan1_2013_jan_1,31,3,sagereg_regen,119,0.1008403361344537,2.000535684433068,0.1234096418356144,True,0.0993842889997722,1.7674418604651163,2.0,2.222595580768388,6.0,5143.0,7.765000191284344e-06,0.0017965649999496,0.0069545890000881,0.0409363580001809,0.0056114660001185,0.044042988000001
520,sun3d-home_at-home_at_scan1_2013_jan_1,47,3,sagereg_regen,105,0.0380952380952381,165.9872386950284,4.847451596173647,False,0.0730310069998267,1.648648648648649,2.0,1.0770641624963324,6.0,2395.0,7.497999831684865e-06,0.0016096639997158,0.0052503849997265,0.0333877459997893,0.0056785379997563,0.0270621469999241
521,sun3d-home_at-home_at_scan1_2013_jan_1,6,4,sagereg_regen,540,0.8537037037037037,0.2391348693103107,0.0023388335942888,True,0.2212366079997991,2.0,2.0,2.0512734139759483,2.0,5731.0,1.4488000033452408e-05,0.0127116629996635,0.104547039999943,0.0650779009997677,0.0100858619998689,0.0287458650000189
522,sun3d-home_at-home_at_scan1_2013_jan_1,7,4,sagereg_regen,232,0.2456896551724137,1.811054774401549,0.1215915348135489,True,0.1188707329997669,2.0,2.0,2.6155154868547807,4.0,4485.0,9.741999747348018e-06,0.0037083020001773,0.0215757569999368,0.0563846220002233,0.0066470070000832,0.0305007789997944
523,sun3d-home_at-home_at_scan1_2013_jan_1,7,6,sagereg_regen,243,0.5267489711934157,1.6477978580911716,0.0912222365746794,True,0.1298910909995356,2.0,2.0,2.804893980665734,3.0,4358.0,1.0382999789726456e-05,0.0046115609998196,0.0247170960001312,0.0596231059998899,0.0071476029997938,0.0337417229998209
524,sun3d-home_at-home_at_scan1_2013_jan_1,9,8,sagereg_regen,241,0.5311203319502075,2.3086419871373773,0.0701775491322363,True,0.1237569959998836,2.0,2.0,2.386794669701751,1.0,4535.0,1.0298999768565407e-05,0.0044109880000178,0.027924688999974,0.0603294139996251,0.0072015720002127,0.023834005000026
525,sun3d-home_at-home_at_scan1_2013_jan_1,10,8,sagereg_regen,92,0.1413043478260869,1.1910225637988616,0.0854087101024681,True,0.0782006569997975,1.9538461538461536,2.0,2.4107894153046097,6.0,3281.0,7.726999683654867e-06,0.0016340610000042,0.0043208330002926,0.0343434400001569,0.0056671490001463,0.0321941450001759
526,sun3d-home_at-home_at_scan1_2013_jan_1,24,8,sagereg_regen,150,0.1733333333333333,2.996911464526985,0.0869696621594973,True,0.1040809730002365,1.9791666666666667,2.0,2.0522891801510594,6.0,3177.0,8.195000191335566e-06,0.0025544790000822,0.0107065359998159,0.0547566269997332,0.0058599310000317,0.030158037000092
527,sun3d-home_at-home_at_scan1_2013_jan_1,26,8,sagereg_regen,133,0.1278195488721804,5.75197155806323,0.2040726846288716,True,0.0939610569994329,1.988095238095238,2.0,2.1512544542314544,6.0,3011.0,8.074999641394243e-06,0.0021426829998745,0.0076340350001373,0.0473274760001913,0.0057944199998019,0.031019238999761
528,sun3d-home_at-home_at_scan1_2013_jan_1,28,8,sagereg_regen,132,0.1666666666666666,19.09644338945533,0.5830054401741336,False,0.0869412349998128,2.0,2.0,1.7717856011281483,6.0,1975.0,8.46900002215989e-06,0.0021258679998936,0.00707583600024,0.0455427500000951,0.0058412710000084,0.0263083340000775
529,sun3d-home_at-home_at_scan1_2013_jan_1,29,8,sagereg_regen,171,0.3391812865497076,2.051089089777,0.0664104199029048,True,0.1114293089995044,1.9895833333333333,2.0,2.443104383618888,4.0,4089.0,8.682000043336302e-06,0.0029651390000253,0.0133876379995854,0.0583617970000887,0.0064685140000619,0.0301930749997154
530,sun3d-home_at-home_at_scan1_2013_jan_1,10,9,sagereg_regen,196,0.4438775510204081,1.5965051515417283,0.0767539715174177,True,0.134300341999733,1.96875,2.0,2.318996522260109,5.0,6297.0,9.01100020200829e-06,0.0031503909999628,0.0189024500000414,0.0559343480003917,0.0065233279997301,0.0497413789998972
531,sun3d-home_at-home_at_scan1_2013_jan_1,29,9,sagereg_regen,193,0.3264248704663212,1.501643914409731,0.0733259351253559,True,0.1170308069999919,2.0,2.0,2.088856611800676,3.0,4344.0,8.672000149090309e-06,0.0032350179999411,0.0176850820002982,0.0576155990002007,0.0065409079998062,0.0319061999998666
532,sun3d-home_at-home_at_scan1_2013_jan_1,11,10,sagereg_regen,288,0.3368055555555556,2.956240118220275,0.1164956519345861,True,0.141158727000402,2.0,2.0,2.446783948104762,3.0,4692.0,1.1014000392606247e-05,0.0051907120000578,0.0299764400001549,0.0609316239997497,0.0069981380001991,0.0380063360003077
533,sun3d-home_at-home_at_scan1_2013_jan_1,12,11,sagereg_regen,475,0.7263157894736842,0.5473121497738187,0.03795571084289,True,0.2241189500000473,2.0,2.0,2.2244253549966726,4.0,6407.0,1.4679000287287636e-05,0.0109268109999902,0.0878606470000704,0.0638507029998436,0.0092057330002717,0.0522106339999481
534,sun3d-home_at-home_at_scan1_2013_jan_1,15,11,sagereg_regen,273,0.6227106227106227,1.729294818289223,0.0537539364110801,True,0.1527166180003405,2.0,2.0,2.077134201019903,5.0,5394.0,1.1225999969610712e-05,0.0053701759998148,0.0307282250000753,0.0589316510004209,0.0075606590003189,0.0500694870002007
535,sun3d-home_at-home_at_scan1_2013_jan_1,17,11,sagereg_regen,274,0.5766423357664233,0.798284901878528,0.0232068394156452,True,0.1482977119999304,2.0,2.0,1.931067766829804,6.0,5163.0,1.1024999821529493e-05,0.0051971170000797,0.033096690000093,0.0591334410000854,0.0073021329999392,0.0435145269998429
536,sun3d-home_at-home_at_scan1_2013_jan_1,13,12,sagereg_regen,584,0.898972602739726,0.1330687688815277,0.0201662733506309,True,0.244825201999447,2.0,2.0,2.327727265091249,1.0,5885.0,1.4574000033462651e-05,0.0144468749999759,0.1248163539999041,0.06637594599988,0.0107130720002714,0.0284051209996505
537,sun3d-home_at-home_at_scan1_2013_jan_1,14,12,sagereg_regen,427,0.6370023419203747,0.6794024080102947,0.064072118272527,True,0.1901016249998974,2.0,2.0,1.888916739373362,3.0,5895.0,1.2734999927488388e-05,0.0091857859997617,0.0703044810002211,0.0624415100000987,0.0087690159998601,0.0393365499999163
538,sun3d-home_at-home_at_scan1_2013_jan_1,15,12,sagereg_regen,224,0.3392857142857143,1.002188737104671,0.0621170595440557,True,0.1320300729998962,2.0,2.0,1.9344222057317544,4.0,4709.0,9.869999757938784e-06,0.0037760459999844,0.0207048069996744,0.0570697589996598,0.0064902030003395,0.0439362130000517
539,sun3d-home_at-home_at_scan1_2013_jan_1,16,12,sagereg_regen,258,0.6589147286821705,1.4453366546776862,0.0756197795245052,True,0.1344368599998233,2.0,2.0,1.8487598551660105,3.0,4636.0,1.0538999958953356e-05,0.0048219270001936,0.0292145729999901,0.0611627769999358,0.0074856330002148,0.0316947279998203
540,sun3d-home_at-home_at_scan1_2013_jan_1,17,12,sagereg_regen,261,0.524904214559387,0.2321927478286723,0.024799250413741,True,0.134881884999686,2.0,2.0,2.2102077652120173,3.0,5114.0,1.0113999906025128e-05,0.0046167790001163,0.0288830039999083,0.0599892509999335,0.007294290000118,0.0340439769997829
541,sun3d-home_at-home_at_scan1_2013_jan_1,18,12,sagereg_regen,314,0.7356687898089171,1.3150519754283254,0.0528395362170714,True,0.1533230189997994,2.0,2.0,1.803535465848372,4.0,4790.0,1.1756999811041167e-05,0.0062248409999483,0.0397909449998223,0.061580361000324,0.0077826870001445,0.0378867219997118
542,sun3d-home_at-home_at_scan1_2013_jan_1,21,12,sagereg_regen,181,0.4088397790055249,1.4509733740260775,0.0412124444655544,True,0.0999934010001197,2.0,2.0,2.017090410841872,2.0,3248.0,8.915000307752052e-06,0.0029842339999959,0.014644909999788,0.0565412159999141,0.0064318739996451,0.0193428930001573
543,sun3d-home_at-home_at_scan1_2013_jan_1,14,13,sagereg_regen,503,0.8588469184890656,0.2067121704207793,0.0270768771507648,True,0.2145915719997901,2.0,2.0,2.2622084787264773,3.0,5094.0,1.4519999695039589e-05,0.0117362109999703,0.0958056570002554,0.0646403369996733,0.0096210369997606,0.0327244360000804
544,sun3d-home_at-home_at_scan1_2013_jan_1,15,13,sagereg_regen,231,0.4025974025974026,0.9083628866765316,0.0258762327357728,True,0.1192915420001554,2.0,2.0,2.13892101556477,2.0,3794.0,9.558000328979688e-06,0.0039257460002772,0.0214496609996786,0.0580348729999968,0.0068142200002512,0.0290154240001356
545,sun3d-home_at-home_at_scan1_2013_jan_1,16,13,sagereg_regen,259,0.6254826254826255,0.4646425517815253,0.0272821200100831,True,0.1218622189999223,2.0,2.0,1.781555058019775,1.0,3680.0,1.0067999937746208e-05,0.0048811579999892,0.0280525050002324,0.0606779169997935,0.0072155339998971,0.0209813790002044
546,sun3d-home_at-home_at_scan1_2013_jan_1,17,13,sagereg_regen,303,0.66996699669967,1.3010049462724094,0.0257201175609116,True,0.1343288759999268,2.0,2.0,2.3374433202698843,1.0,4143.0,1.1418000212870538e-05,0.0058148680000158,0.0383688719998644,0.0605987530002494,0.0077726459999212,0.0217150009998476
547,sun3d-home_at-home_at_scan1_2013_jan_1,18,13,sagereg_regen,382,0.8900523560209425,1.2964199973022594,0.037059707160724,True,0.1622105030000966,2.0,2.0,2.0161137429767524,1.0,4354.0,1.2862999938079156e-05,0.0080900029997792,0.0610736519997772,0.0624139790002118,0.0086435889998028,0.0219304180000108
548,sun3d-home_at-home_at_scan1_2013_jan_1,15,14,sagereg_regen,476,0.75,0.5692955991622263,0.0309894784357682,True,0.2156054330002916,2.0,2.0,2.458833833548142,5.0,5624.0,1.5037000139273005e-05,0.0107723050000458,0.0875555960001293,0.0628293869999652,0.0090359099999659,0.0453443390001666
549,sun3d-home_at-home_at_scan1_2013_jan_1,16,14,sagereg_regen,621,0.8808373590982287,0.9537633849873268,0.0230667564984537,True,0.2549697439994816,2.0,2.0,1.9907069703361573,1.0,5327.0,1.5283999800885795e-05,0.0156648659999518,0.1349633820000235,0.0665177389996642,0.0106529509998836,0.0270984069998121
550,sun3d-home_at-home_at_scan1_2013_jan_1,17,14,sagereg_regen,385,0.8519480519480519,0.6435361599414743,0.0214780813214234,True,0.1699273639997045,2.0,2.0,2.3970567348889897,4.0,5068.0,1.3066000065009575e-05,0.0079240400000344,0.0583082180000928,0.0618264199997611,0.0085081510001145,0.0332983839998632
551,sun3d-home_at-home_at_scan1_2013_jan_1,18,14,sagereg_regen,707,0.9278642149929278,1.8393517758473663,0.0553974993357517,True,0.2826668389993756,2.0,2.0,2.438519300720619,3.0,5175.0,1.6510000023117755e-05,0.0193758810000872,0.151026211000044,0.0680364100003316,0.0112795390000428,0.0328734269996857
552,sun3d-home_at-home_at_scan1_2013_jan_1,20,14,sagereg_regen,288,0.7881944444444444,1.062586776238786,0.010637648909017,True,0.1352471230002265,2.0,2.0,2.0004038352380613,5.0,3304.0,1.153599987446796e-05,0.0055829759999141,0.0361161410000931,0.0601457319999099,0.0076908420001018,0.0256546240002535
553,sun3d-home_at-home_at_scan1_2013_jan_1,21,14,sagereg_regen,162,0.2901234567901234,0.707121607476769,0.0097532606059789,True,0.0998464950002926,1.9895833333333333,2.0,1.97516565404803,2.0,2920.0,8.891000106814317e-06,0.0027028049998989,0.0132991739997123,0.0566206180001245,0.006037446999926,0.0211381980002443
554,sun3d-home_at-home_at_scan1_2013_jan_1,16,15,sagereg_regen,521,0.7888675623800384,0.8490460935720391,0.0207599379332551,True,0.2214689479997105,2.0,2.0,2.307653716723226,3.0,5417.0,1.5529999927821336e-05,0.0121820760000446,0.0999899170001299,0.0636463720002211,0.0096878660001493,0.0358931809996647
555,sun3d-home_at-home_at_scan1_2013_jan_1,17,15,sagereg_regen,745,0.923489932885906,0.8353956326244467,0.0084286003415286,True,0.3037621749999744,2.0,2.0,1.901250023844109,5.0,6067.0,1.6633000086585525e-05,0.0212272440003289,0.1578022029998464,0.0673182599998654,0.0116242399999464,0.0457154220002848
556,sun3d-home_at-home_at_scan1_2013_jan_1,18,15,sagereg_regen,427,0.7681498829039812,1.09972536750766,0.0378147802135138,True,0.1839492440003596,2.0,2.0,2.441083771794962,4.0,4273.0,1.515200028734398e-05,0.0093643599998358,0.0682755799998631,0.0620879309999509,0.0087559039998268,0.0354026330001033
557,sun3d-home_at-home_at_scan1_2013_jan_1,21,15,sagereg_regen,272,0.7352941176470589,0.7478597452089427,0.0051822403322136,True,0.1305741520000083,1.9895833333333333,2.0,1.850408863815154,2.0,3872.0,1.1091000033047749e-05,0.0051539010000851,0.0313391920003596,0.0600163640001483,0.0074702060001072,0.0265406220000841
558,sun3d-home_at-home_at_scan1_2013_jan_1,17,16,sagereg_regen,367,0.6566757493188011,0.524150574107722,0.0220340561466361,True,0.1611189049999666,2.0,2.0,2.021862914684099,4.0,4097.0,1.2276999768801032e-05,0.0079073960000641,0.0500366670003131,0.0620791450000979,0.0081191049998778,0.0329188220002834
559,sun3d-home_at-home_at_scan1_2013_jan_1,18,16,sagereg_regen,601,0.9500831946755408,1.1784371307776094,0.0401001268225093,True,0.237992681000378,2.0,2.0,2.209703549107992,0.0,4292.0,1.4351000118040249e-05,0.0147884650000378,0.1291039249999812,0.0661716690001412,0.0105321870000807,0.0173312790002455
560,sun3d-home_at-home_at_scan1_2013_jan_1,19,16,sagereg_regen,202,0.7772277227722773,1.049852902893044,0.0310980078175621,True,0.1065041619999647,2.0,2.0,2.424195012590453,4.0,2259.0,9.596999916539062e-06,0.0038150050004333,0.0200997250003638,0.0589347659997656,0.0068818600002487,0.0167220180001095
561,sun3d-home_at-home_at_scan1_2013_jan_1,20,16,sagereg_regen,451,0.8425720620842572,1.1314718057489337,0.0228161531015072,True,0.1860843210001803,2.0,2.0,2.1695553800824867,4.0,3378.0,1.4783000096940668e-05,0.0099304899999879,0.0786264399998799,0.062942466000095,0.0090123939999102,0.0255111790002047
562,sun3d-home_at-home_at_scan1_2013_jan_1,21,16,sagereg_regen,191,0.3089005235602094,0.7694244648811073,0.0207464928134637,True,0.1058821579999858,2.0,2.0,1.9872017575279288,6.0,3024.0,8.600000001024455e-06,0.0032635289999234,0.0153090920002796,0.0569506349997936,0.0063132060004136,0.0239962830000877
563,sun3d-home_at-home_at_scan1_2013_jan_1,18,17,sagereg_regen,437,0.8077803203661327,1.647101964570594,0.043422239579648,True,0.1779558729999735,2.0,2.0,2.435661673287388,1.0,3885.0,1.3485000181390204e-05,0.0099003489999631,0.0742002969996065,0.0628609519999372,0.0089651009998306,0.0219693089998145
564,sun3d-home_at-home_at_scan1_2013_jan_1,21,17,sagereg_regen,324,0.8055555555555556,1.5878163110111088,0.0333920591353666,True,0.1526407830001517,2.0,2.0,1.953734620942668,4.0,3882.0,1.17879999379511e-05,0.0063186560000758,0.0450783999999657,0.0611991949999719,0.0082701430001179,0.0317141639998226
565,sun3d-home_at-home_at_scan1_2013_jan_1,22,17,sagereg_regen,268,0.5485074626865671,1.761123793125699,0.0409736292949815,True,0.1329349870002261,2.0,2.0,2.0598363183608983,5.0,3811.0,1.0449999990669312e-05,0.0048149560002457,0.0292567129999952,0.0602703480003583,0.0071760900000299,0.031363937000151
566,sun3d-home_at-home_at_scan1_2013_jan_1,19,18,sagereg_regen,193,0.8860103626943006,0.5921768031011029,0.0164472433360485,True,0.1034233929999572,2.0,2.0,2.7457105929045054,3.0,2043.0,9.28999997995561e-06,0.0035832530002153,0.018668195000373,0.0588159159997303,0.0070789970000078,0.01522488899991
567,sun3d-home_at-home_at_scan1_2013_jan_1,20,18,sagereg_regen,214,0.8457943925233645,1.6234978270851834,0.0410228820732747,True,0.1170393980000881,2.0,2.0,1.9965971019627,5.0,3022.0,9.516000318399165e-06,0.0041474889999335,0.0234716959998877,0.0590937349998057,0.007249480000155,0.0230258169999615
568,sun3d-home_at-home_at_scan1_2013_jan_1,21,18,sagereg_regen,161,0.3726708074534161,0.1869824616150363,0.0092171558737939,True,0.1003201650000846,1.9895833333333333,2.0,2.287406287351219,4.0,2566.0,8.781999895290937e-06,0.0027302739999868,0.0126022879999254,0.0572942099997817,0.0062758750000284,0.02136868100024
569,sun3d-home_at-home_at_scan1_2013_jan_1,20,19,sagereg_regen,226,0.9026548672566372,1.030371280124095,0.020343177985978,True,0.1127157119999537,2.0,2.0,2.468723010229799,6.0,2113.0,1.044000009642332e-05,0.0043197190002501,0.024219278000146,0.0600454899999931,0.0073777339998741,0.0167014689995994
570,sun3d-home_at-home_at_scan1_2013_jan_1,21,20,sagereg_regen,101,0.2871287128712871,2.194812045884899,0.038085949090597,True,0.0584902980003789,1.9230769230769231,2.0,1.7361452353450029,3.0,1705.0,7.95699997979682e-06,0.0016444730003968,0.0044832950002273,0.0339284650003719,0.0055809519999456,0.0128102220000982
571,sun3d-home_at-home_at_scan1_2013_jan_1,22,21,sagereg_regen,314,0.8471337579617835,2.86033882028441,0.0741390648180947,True,0.1406277780001801,2.0,2.0,2.178030047351819,4.0,3141.0,1.1469000128272455e-05,0.006231361999653,0.0433138100001997,0.0608738460000495,0.0082049920001736,0.0219480999999177
572,sun3d-home_at-home_at_scan1_2013_jan_1,23,22,sagereg_regen,280,0.5071428571428571,1.881208352320632,0.0870055197283032,True,0.134700230999897,2.0,2.0,2.437930533900773,4.0,4012.0,1.158399982159608e-05,0.0055155059999378,0.0348260060000029,0.0604398559999026,0.007485885999813,0.0263764400001491
573,sun3d-home_at-home_at_scan1_2013_jan_1,31,23,sagereg_regen,344,0.8372093023255814,1.404284151123167,0.0564476622410013,True,0.1553445459999238,2.0,2.0,2.1527585402821177,3.0,3351.0,1.2243999663041905e-05,0.0069754480000483,0.0491280119999828,0.0616244970001389,0.0083773940000355,0.0291816580001977
574,sun3d-home_at-home_at_scan1_2013_jan_1,32,23,sagereg_regen,384,0.8411458333333334,1.168475556839287,0.0405350178498908,True,0.1567102779995366,2.0,2.0,2.092047830166233,2.0,3767.0,1.4213999747880736e-05,0.0080765679999785,0.0561109759996725,0.0616812069997649,0.0085520750003524,0.0222303929999725
575,sun3d-home_at-home_at_scan1_2013_jan_1,42,23,sagereg_regen,139,0.1294964028776978,2.1384872452393955,0.0733490291008471,True,0.107330345000264,1.9583333333333333,2.0,1.8218114615713183,6.0,3658.0,8.17399995867163e-06,0.0022302140000647,0.0095425540002906,0.0541318949999549,0.0060319540002637,0.0353398990000641
576,sun3d-home_at-home_at_scan1_2013_jan_1,25,24,sagereg_regen,213,0.6384976525821596,0.4640640472297045,0.0304721373818201,True,0.1292832770000131,2.0,2.0,2.410646322092953,4.0,4715.0,9.601999863662058e-06,0.0040085629998429,0.0231477269999231,0.0588016709998555,0.0072236699998029,0.0360486230001697
577,sun3d-home_at-home_at_scan1_2013_jan_1,26,24,sagereg_regen,336,0.8184523809523809,1.3931876935140877,0.0459481462161644,True,0.1536310869996668,2.0,2.0,2.495242002633581,1.0,5002.0,1.203600004373584e-05,0.0066178849997413,0.0480846749996999,0.0618328459995609,0.0083181609998064,0.0287078169999404
578,sun3d-home_at-home_at_scan1_2013_jan_1,28,24,sagereg_regen,308,0.7337662337662337,2.229312816239652,0.0813573707368489,True,0.155163459999585,2.0,2.0,2.6601171492998645,5.0,4417.0,1.2113999673601938e-05,0.0061460840001927,0.0408108310002717,0.0610920899998745,0.0078584679999949,0.0391972299998997
579,sun3d-home_at-home_at_scan1_2013_jan_1,29,24,sagereg_regen,914,0.9529540481400438,0.730757630653754,0.0183792452381976,True,0.359458130999883,2.0,2.0,2.4780131099507976,4.0,6515.0,1.9206999695597915e-05,0.0301029219999691,0.1923947079999379,0.0700628710001183,0.0133518299999195,0.053462927000055
580,sun3d-home_at-home_at_scan1_2013_jan_1,30,24,sagereg_regen,184,0.4945652173913043,2.4626637836190466,0.0976576646724798,True,0.1148763310002323,2.0,2.0,2.18295334786948,2.0,3974.0,9.19600006454857e-06,0.0033373490000485,0.0184239340001113,0.0588449080000827,0.0067100359997311,0.0275100359999669
581,sun3d-home_at-home_at_scan1_2013_jan_1,31,24,sagereg_regen,313,0.5782747603833865,2.5728487747741453,0.0712186529563556,True,0.1407671929996468,2.0,2.0,2.386680580566986,4.0,3281.0,1.142799965236918e-05,0.0058981810002478,0.0345248749999882,0.0623227420001057,0.0075762139999824,0.0303853909999816
582,sun3d-home_at-home_at_scan1_2013_jan_1,26,25,sagereg_regen,383,0.783289817232376,0.8670477490129829,0.0248755672697233,True,0.1746546900003522,2.0,2.0,2.200138569612958,2.0,5460.0,1.2681000043812674e-05,0.0080420999997841,0.0606741019996661,0.0615479829998548,0.008534277000308,0.035795748000055
583,sun3d-home_at-home_at_scan1_2013_jan_1,27,25,sagereg_regen,125,0.288,2.816085285334492,0.1699889726501606,True,0.10109981100004,1.9893617021276595,2.0,1.8032652474702475,6.0,3640.0,8.307999905809993e-06,0.0022403839998332,0.0094815520001247,0.0539147859999502,0.0059975750000376,0.0294187479998981
584,sun3d-home_at-home_at_scan1_2013_jan_1,28,25,sagereg_regen,279,0.6810035842293907,1.6419397358460863,0.070972733436776,True,0.1357533370000965,2.0,2.0,2.177025287368906,2.0,4891.0,1.097899985325057e-05,0.0053223639997668,0.0337760089996663,0.0609097349997682,0.00765610299959,0.0280267379998804
585,sun3d-home_at-home_at_scan1_2013_jan_1,29,25,sagereg_regen,180,0.6055555555555555,1.0372165871805017,0.0392195218129906,True,0.1164188510001622,1.9791666666666667,2.0,2.296826081354519,3.0,4286.0,9.280000085709617e-06,0.0032700460001251,0.0162674309999601,0.0583891940000285,0.0066577590000633,0.0317798559999573
586,sun3d-home_at-home_at_scan1_2013_jan_1,27,26,sagereg_regen,184,0.4347826086956521,1.784257580148062,0.0656001254573153,True,0.1183395459997882,1.9895833333333333,2.0,2.5185889150036145,6.0,3804.0,8.488999810651876e-06,0.0031792999998287,0.0174581460000808,0.0575223020000521,0.0066914589997395,0.0334331459998793
587,sun3d-home_at-home_at_scan1_2013_jan_1,28,26,sagereg_regen,1053,0.9411206077872744,1.9176732455476448,0.0395955436065894,True,0.3904750539995802,2.0,2.0,2.0617503336673324,0.0,6578.0,2.0941999991919147e-05,0.0395276069998544,0.2352671959997678,0.0725323379997462,0.0143775199999254,0.0286858489998849
588,sun3d-home_at-home_at_scan1_2013_jan_1,29,26,sagereg_regen,356,0.8033707865168539,1.3181053362412805,0.0520726227072453,True,0.1740287769998758,2.0,2.0,2.3568965877905104,5.0,5171.0,1.230200041391072e-05,0.0071952289999899,0.051798406999751,0.0625695249996169,0.0084163430001353,0.0439880499998253
589,sun3d-home_at-home_at_scan1_2013_jan_1,28,27,sagereg_regen,175,0.56,1.24832830508213,0.0302094522903342,True,0.1193860250000398,2.0,2.0,2.5940629803181325,6.0,4118.0,8.927000180847244e-06,0.0031214430000545,0.0170527949999268,0.0579016980000233,0.0066143349999947,0.0346461829999498
590,sun3d-home_at-home_at_scan1_2013_jan_1,29,28,sagereg_regen,374,0.8235294117647058,2.661322884741508,0.0860978469582314,True,0.1764137399995888,2.0,2.0,2.3198881523200665,4.0,4903.0,1.249999968422344e-05,0.0078357540000979,0.0553361600000243,0.0619275989997731,0.0083656850001716,0.0428861209998103
591,sun3d-home_at-home_at_scan1_2013_jan_1,30,29,sagereg_regen,206,0.5485436893203883,1.946596563107059,0.0626838154589634,True,0.1272681870000269,2.0,2.0,2.128846576064966,6.0,4291.0,9.292999948229408e-06,0.0038835479999761,0.0228030549997129,0.0585788030002731,0.006992025999807,0.0349589990000822
592,sun3d-home_at-home_at_scan1_2013_jan_1,31,29,sagereg_regen,287,0.4808362369337979,3.3924533223386466,0.095727279488389,True,0.1384622389996366,2.0,2.0,2.3984541076275487,4.0,3737.0,1.0831999588845063e-05,0.00504951899984,0.0286210560002473,0.0609050840002964,0.0071909900002538,0.0366404329997749
593,sun3d-home_at-home_at_scan1_2013_jan_1,31,30,sagereg_regen,168,0.494047619047619,0.7335646387658857,0.0271878016417757,True,0.1093912069995894,1.96875,2.0,2.1589360352312763,4.0,3941.0,8.416000127908774e-06,0.0027376650000405,0.0127495280003131,0.0573835879999933,0.0064638270000614,0.0300083979996088
594,sun3d-home_at-home_at_scan1_2013_jan_1,32,30,sagereg_regen,145,0.4,2.503939066871913,0.1013071301013792,True,0.0967823250002766,1.936842105263158,2.0,1.3210116603992932,5.0,2385.0,8.427000011579366e-06,0.0023044240001581,0.0094932609999887,0.0536151480000626,0.0061509480001404,0.0251698500001111
595,sun3d-home_at-home_at_scan1_2013_jan_1,32,31,sagereg_regen,578,0.8269896193771626,0.507892351846917,0.0188484967918109,True,0.2531351520001408,1.9895833333333333,2.0,2.010401017572578,5.0,5295.0,1.4699000075779622e-05,0.0136286599999948,0.1188515519997963,0.0660352799995962,0.0101063480001357,0.0444402050002281
596,sun3d-home_at-home_at_scan1_2013_jan_1,33,31,sagereg_regen,273,0.4871794871794871,0.8012772024314975,0.0413484090937451,True,0.1493926940001984,1.9583333333333333,2.0,2.759623321096698,6.0,5065.0,1.0884000403166285e-05,0.0053867090000494,0.033894973000315,0.0587627119998614,0.0071960119998948,0.0440987040001346
597,sun3d-home_at-home_at_scan1_2013_jan_1,47,31,sagereg_regen,286,0.0979020979020979,0.0918191698979847,0.0489325384264406,True,0.161899921999975,1.9791666666666667,2.0,2.243966947402185,6.0,7408.0,1.0989000202243917e-05,0.0050790659997801,0.0354652070000156,0.0574957320000066,0.0065679179997459,0.0572353649999968
598,sun3d-home_at-home_at_scan1_2013_jan_1,48,31,sagereg_regen,207,0.1884057971014492,1.2170991762195067,0.0450501470870257,True,0.1372230839997428,1.9895833333333333,2.0,2.03694850543286,6.0,5704.0,9.014000170282088e-06,0.0033312550003756,0.0201271349997114,0.0548866039998756,0.0059947600002487,0.0528264359995773
599,sun3d-home_at-home_at_scan1_2013_jan_1,34,33,sagereg_regen,309,0.3689320388349514,3.5153541072633527,0.1316714840348423,True,0.1627116270001352,2.0,2.0,2.7881688339593453,5.0,4569.0,1.1109000297437888e-05,0.0061692090002907,0.0412230269998872,0.0600224939998952,0.0070779349998701,0.0481594640000366
600,sun3d-home_at-home_at_scan1_2013_jan_1,36,33,sagereg_regen,281,0.3807829181494662,2.9538976805911608,0.0632078026861431,True,0.1512424320003447,2.0,2.0,2.870279208257108,4.0,4427.0,1.1250000170548446e-05,0.0051521380000849,0.0331903329997658,0.0583373019999271,0.0068905869998161,0.0476161870001305
601,sun3d-home_at-home_at_scan1_2013_jan_1,38,33,sagereg_regen,138,0.3333333333333333,0.2838088674704354,0.0324812338906284,True,0.1098346560002028,1.8854166666666667,2.0,2.209003462476933,6.0,3297.0,8.14200029708445e-06,0.0024327099999936,0.0096692160000202,0.0526232040001559,0.006110585999977,0.038951119000103
602,sun3d-home_at-home_at_scan1_2013_jan_1,41,33,sagereg_regen,224,0.4598214285714285,2.864111421098969,0.050772408036576,True,0.1325011229996562,1.9479166666666667,2.0,2.604664529724203,6.0,5333.0,9.577000128047077e-06,0.0038837710003463,0.0224078750002263,0.0572823590000552,0.0066490090002844,0.0422263199998269
603,sun3d-home_at-home_at_scan1_2013_jan_1,42,33,sagereg_regen,129,0.3333333333333333,1.55621711569067,0.0461970869510443,True,0.1037321709995922,1.9101123595505616,2.0,2.4201375190956167,5.0,4195.0,8.04799992693006e-06,0.0020602990002771,0.0080730039999252,0.0488442490000124,0.0059716969999499,0.0387379789999613
604,sun3d-home_at-home_at_scan1_2013_jan_1,47,33,sagereg_regen,226,0.2035398230088495,1.4346618920549756,0.0529019590447675,True,0.1340066259995183,1.9791666666666667,2.0,2.565647049274622,6.0,5891.0,9.642999884817982e-06,0.0036904039998262,0.0229383010000674,0.055543211999975,0.0063703619998705,0.0454124449997834
605,sun3d-home_at-home_at_scan1_2013_jan_1,48,33,sagereg_regen,256,0.14453125,3.935588578162032,0.1707917199292061,True,0.1406401320000441,2.0,2.0,2.3006908938440604,4.0,5473.0,1.0305999694537604e-05,0.0044899540002916,0.0297662069997386,0.0581408030002421,0.0064149739996537,0.0417716570000266
606,sun3d-home_at-home_at_scan1_2013_jan_1,35,34,sagereg_regen,512,0.58984375,0.4784575939504607,0.0292336007182282,True,0.2524207249998653,1.9895833333333333,2.0,2.549208072934694,4.0,7514.0,1.599200004420709e-05,0.0122789420001936,0.0900515309999718,0.0631634749997829,0.0090004099997713,0.0778599589998521
607,sun3d-home_at-home_at_scan1_2013_jan_1,36,34,sagereg_regen,878,0.8006833712984055,0.7458859484954911,0.033515245679204,True,0.373697324999739,2.0,2.0,2.377810298504279,2.0,9974.0,1.83819997801038e-05,0.0288483999997879,0.193886707999809,0.0692640160000337,0.0124078620001455,0.0692084819997944
608,sun3d-home_at-home_at_scan1_2013_jan_1,37,34,sagereg_regen,420,0.5404761904761904,1.6869161901204288,0.0251167434957415,True,0.2129070969999702,2.0,2.0,2.374705287688782,6.0,8058.0,1.4057000043976586e-05,0.0093348999998852,0.0647788189999118,0.062789260000045,0.0082520259998091,0.0676867810002477
609,sun3d-home_at-home_at_scan1_2013_jan_1,50,35,sagereg_regen,498,0.3674698795180723,1.592840131145438,0.0544944563504831,True,0.2496926630001326,1.9791666666666667,2.0,2.2836914858046544,4.0,10966.0,1.4937999821995618e-05,0.0112772490001589,0.0846891789997243,0.0625516830000378,0.0083502239999688,0.0827503919999799
610,sun3d-home_at-home_at_scan1_2013_jan_1,37,36,sagereg_regen,721,0.7669902912621359,1.1487962776656533,0.0102126827951734,True,0.3282611869999527,2.0,2.0,2.213566038744176,5.0,8988.0,1.598900007593329e-05,0.0231893650002348,0.1534882820001257,0.0683775840002454,0.0113305970003239,0.0717999089997647
611,sun3d-home_at-home_at_scan1_2013_jan_1,48,36,sagereg_regen,289,0.3079584775086505,3.06477367913196,0.1171460313370697,True,0.172897679000016,2.0,2.0,2.7113374399619885,6.0,7157.0,1.0416999884910185e-05,0.0053965869997227,0.0365794119998099,0.0608008629997129,0.0070048180000412,0.0630531520000658
612,sun3d-home_at-home_at_scan1_2013_jan_1,49,36,sagereg_regen,348,0.278735632183908,2.073840498308954,0.09320901504641,True,0.1857771139998476,1.9375,2.0,1.944045058505664,5.0,6772.0,1.167800019175047e-05,0.0065713280000636,0.0463910210000904,0.057708575000106,0.0069968399998288,0.0680507550000584
613,sun3d-home_at-home_at_scan1_2013_jan_1,38,37,sagereg_regen,406,0.5640394088669951,1.1025288051969333,0.0737746157305852,True,0.1988459249996594,2.0,2.0,2.0841980278634047,4.0,6621.0,1.3924000086262822e-05,0.0084637780000775,0.0627234879998468,0.0619574000002103,0.0084338800002115,0.057199393999781
614,sun3d-home_at-home_at_scan1_2013_jan_1,49,37,sagereg_regen,257,0.2140077821011673,0.4824808787197876,0.0431326496055595,True,0.1537517390001994,1.96875,2.0,1.4956507656635638,6.0,6195.0,1.0345999726268928e-05,0.0041266190000897,0.0258250450001469,0.0559623260000989,0.0065845899998748,0.0611998100002892
615,sun3d-home_at-home_at_scan1_2013_jan_1,39,38,sagereg_regen,500,0.81,1.262302352303523,0.0314802868667015,True,0.2295763900006022,2.0,2.0,1.8866019990237253,5.0,6559.0,1.436100001228624e-05,0.0117656900001748,0.0901238530000227,0.0637865250000686,0.0094732409997959,0.0543655370001943
616,sun3d-home_at-home_at_scan1_2013_jan_1,40,39,sagereg_regen,238,0.3235294117647059,3.294926260240767,0.0863487853716971,True,0.1438818029996582,2.0,2.0,1.7440058104563847,6.0,5145.0,1.0648000170476736e-05,0.0045486099998015,0.0274196010000196,0.0586541529996793,0.0065753799999583,0.0466326739997384
617,sun3d-home_at-home_at_scan1_2013_jan_1,41,40,sagereg_regen,315,0.4095238095238095,1.7451474705835313,0.0621070844443445,True,0.1566428000000996,1.9895833333333333,2.0,1.9741093512236163,3.0,6243.0,1.2272999811102636e-05,0.0058343840000816,0.0406132279999837,0.0598239010000725,0.007464488000096,0.0428473370002393
618,sun3d-home_at-home_at_scan1_2013_jan_1,42,41,sagereg_regen,327,0.5137614678899083,1.625188405837133,0.0537337323626805,True,0.1638503909998689,2.0,2.0,2.864383125808616,6.0,5336.0,1.1635999726422597e-05,0.0060770049999518,0.0441235610001058,0.0594276550000358,0.0076595909999923,0.0465045430000827
619,sun3d-home_at-home_at_scan1_2013_jan_1,43,41,sagereg_regen,111,0.1711711711711711,2.625301038604264,0.1509329061345461,True,0.0811818719998882,1.84,2.0,2.114601415788356,6.0,2649.0,7.697999990341486e-06,0.0018026470002041,0.0056401959996037,0.0383602590000009,0.0055542079999213,0.0297827509998569
620,sun3d-home_at-home_at_scan1_2013_jan_1,44,41,sagereg_regen,140,0.0285714285714285,41.44547765353427,1.1130652354618165,False,0.087891534999926,1.59375,2.0,1.93741314683654,6.0,1858.0,8.431999958702363e-06,0.0017014619998008,0.008290900999782,0.0436577619998388,0.0056430469999213,0.0285493930000484
621,sun3d-home_at-home_at_scan1_2013_jan_1,45,41,sagereg_regen,115,0.0608695652173913,27.05885866198061,1.032648073953918,False,0.0748067099998479,1.4875,2.0,1.1714446912591077,6.0,1998.0,7.73900001149741e-06,0.0015079740001056,0.0057841130001179,0.0349795689999155,0.0057016179998754,0.0267889589999867
622,sun3d-home_at-home_at_scan1_2013_jan_1,46,41,sagereg_regen,164,0.2195121951219512,1.4676273303369791,0.077853163926069,True,0.1110779919999913,1.9479166666666667,2.0,2.4022686906847923,5.0,4245.0,8.518999948137207e-06,0.0024285730000883,0.0134423829999832,0.0538155649996952,0.0062114930001371,0.0351326989998597
623,sun3d-home_at-home_at_scan1_2013_jan_1,47,41,sagereg_regen,236,0.3983050847457627,2.007322042111544,0.0766358585124601,True,0.1332771669999601,2.0,2.0,2.657268160679593,6.0,5175.0,9.457000032853102e-06,0.0040207059996646,0.023132015000101,0.0566517080001176,0.0066011240000989,0.0428213089999189
624,sun3d-home_at-home_at_scan1_2013_jan_1,48,41,sagereg_regen,200,0.215,0.7512989705129899,0.0302056123581946,True,0.12156130700032,1.9895833333333333,2.0,1.9024781720499104,6.0,4097.0,9.356000191473868e-06,0.0030289309997897,0.0183377220000693,0.0545107170000846,0.0061817720002181,0.0394536190001417
625,sun3d-home_at-home_at_scan1_2013_jan_1,43,42,sagereg_regen,461,0.8676789587852495,0.4930112651062576,0.0340022849969958,True,0.2045166789998802,2.0,2.0,2.637423000589612,5.0,4822.0,1.7373999980918597e-05,0.0104757869999048,0.0827048860001014,0.0636574749996725,0.0092404699998951,0.0383681319999595
626,sun3d-home_at-home_at_scan1_2013_jan_1,44,42,sagereg_regen,238,0.5630252100840336,2.5415285570995296,0.0661044655114913,True,0.1342574299997068,1.9895833333333333,2.0,2.6938168933636746,6.0,5184.0,9.735999810800422e-06,0.0039716870001029,0.0237938880000001,0.0588214539998261,0.007192593000127,0.0404259289998663
627,sun3d-home_at-home_at_scan1_2013_jan_1,45,42,sagereg_regen,251,0.6055776892430279,2.2779344364449323,0.0445693186764953,True,0.1413553439997485,2.0,2.0,2.8012864522423007,6.0,5150.0,9.934999980032444e-06,0.0045175919999564,0.0270685619998403,0.06030521699995,0.0070902069996918,0.0423203969999121
628,sun3d-home_at-home_at_scan1_2013_jan_1,46,42,sagereg_regen,462,0.7727272727272727,0.9406142398643832,0.0502584082683306,True,0.2080789729993739,2.0,2.0,2.4966457146308927,5.0,6094.0,1.4396999631571816e-05,0.0104841480001596,0.0820468959996105,0.0629427589997249,0.0090020949996869,0.0435340749995702
629,sun3d-home_at-home_at_scan1_2013_jan_1,47,42,sagereg_regen,506,0.7193675889328063,2.015234491873362,0.0948064843500787,True,0.224524559999736,2.0,2.0,2.6437127894293906,5.0,6434.0,1.490600016040844e-05,0.0113252299997839,0.0894962539996413,0.0639204189997144,0.0094580519998999,0.0502555649995883
630,sun3d-home_at-home_at_scan1_2013_jan_1,48,42,sagereg_regen,116,0.1551724137931034,3.880355803725457,0.1700416479153589,True,0.0980555700002696,1.9325842696629207,2.0,2.2015180641078373,6.0,3303.0,7.420000201818766e-06,0.0018929149996438,0.0071819969998614,0.045488227000078,0.0057457739999335,0.0377000759999646
631,sun3d-home_at-home_at_scan1_2013_jan_1,44,43,sagereg_regen,354,0.8050847457627118,0.8799293380800425,0.0155802285659629,True,0.1584158119994754,2.0,2.0,2.424536364045335,2.0,6207.0,1.2496999715949642e-05,0.0072361070001534,0.051794080000036,0.0613275800001247,0.0082450469999457,0.0297551519997796
632,sun3d-home_at-home_at_scan1_2013_jan_1,45,43,sagereg_regen,363,0.7933884297520661,0.8452065472108836,0.0220150345078913,True,0.1630867240000952,2.0,2.0,2.328018583567035,2.0,6250.0,1.3019000107306056e-05,0.0075278009999237,0.0552008519998707,0.0616859879996809,0.0084616809999715,0.0301456639999742
633,sun3d-home_at-home_at_scan1_2013_jan_1,46,43,sagereg_regen,415,0.7759036144578313,1.290408662591245,0.0540153446130423,True,0.1739724630001546,2.0,2.0,2.7075243552683985,1.0,5258.0,1.3805999969918048e-05,0.0092885560002287,0.0664140620001489,0.0628734030001396,0.0087902059999578,0.0265425410002535
634,sun3d-home_at-home_at_scan1_2013_jan_1,47,43,sagereg_regen,228,0.7017543859649122,0.724923665093346,0.0324950538028164,True,0.1253480470004433,2.0,2.0,2.618728023470785,3.0,3802.0,9.758000032888958e-06,0.0042660420003812,0.0241129350001756,0.0593829819999882,0.0071565969997209,0.0303766290003295
635,sun3d-home_at-home_at_scan1_2013_jan_1,45,44,sagereg_regen,975,0.8758974358974358,0.7830346482541045,0.0249494392122008,True,0.394633409999642,2.0,2.0,2.538460998978656,5.0,6721.0,2.0016999769723043e-05,0.0343649019996519,0.2260701260001951,0.0691331950001767,0.0134815780002099,0.051500987000054
636,sun3d-home_at-home_at_scan1_2013_jan_1,46,44,sagereg_regen,287,0.6097560975609756,3.3469616675063425,0.1042083335602133,True,0.1463418250000359,1.9791666666666667,2.0,2.528413774038409,6.0,5632.0,1.111899973693653e-05,0.0053293129999474,0.0323591810001744,0.0607728599998154,0.0075245870002618,0.0402999590000945
637,sun3d-home_at-home_at_scan1_2013_jan_1,47,44,sagereg_regen,157,0.3885350318471338,0.6127436606163109,0.0118786519931478,True,0.1112852379997093,1.96875,2.0,2.177924672152681,6.0,3675.0,8.152999726007693e-06,0.0024794999999357,0.0107689689998551,0.0554550940000808,0.006262052999773,0.0362706539999635
638,sun3d-home_at-home_at_scan1_2013_jan_1,46,45,sagereg_regen,304,0.5394736842105263,2.4806213482089565,0.0602246806340663,True,0.1431842330002837,1.9895833333333333,2.0,2.441622805683034,4.0,5534.0,1.057600002241088e-05,0.0055855099999462,0.0354334849998849,0.0605485839996617,0.0076735960001315,0.0338865000003352
639,sun3d-home_at-home_at_scan1_2013_jan_1,47,45,sagereg_regen,168,0.4404761904761904,1.824568372227605,0.037894377269519,True,0.1148779029995239,1.9895833333333333,2.0,2.576872947520137,6.0,3733.0,8.88599970494397e-06,0.0028390689999469,0.0131617590000132,0.0559660700000677,0.0063153040000543,0.0365466809998906
640,sun3d-home_at-home_at_scan1_2013_jan_1,47,46,sagereg_regen,297,0.6397306397306397,2.8183471271784524,0.1276275004715327,True,0.1504695240000728,2.0,2.0,2.6632679960356254,4.0,5008.0,1.1669999821606323e-05,0.0058414799996171,0.0338415870000972,0.0614249390000622,0.0078203419998317,0.041482420000193
641,sun3d-home_at-home_at_scan1_2013_jan_1,48,46,sagereg_regen,76,0.1052631578947368,35.43062474515129,1.8750643914514435,False,0.0551456290004352,1.6730769230769231,2.0,1.5786977799698363,1.0,2244.0,7.6050000643590465e-06,0.0013436999997793,0.0028661199999078,0.0244339820001187,0.0055581070000698,0.0209047520002059
642,sun3d-home_at-home_at_scan1_2013_jan_1,48,47,sagereg_regen,389,0.781491002570694,0.663895649109091,0.0340262008797561,True,0.1812358279998989,2.0,2.0,2.241160347120766,4.0,6075.0,1.243899987457553e-05,0.0082587910001166,0.059841446000064,0.0613381869998193,0.0083820979998563,0.0433532130000458
643,sun3d-home_at-home_at_scan1_2013_jan_1,49,48,sagereg_regen,475,0.6231578947368421,2.189831162954192,0.0689029251236455,True,0.2052019940001628,1.9791666666666667,2.0,2.8183398751317466,1.0,6019.0,1.473500014981255e-05,0.0103035789998102,0.0838993180000216,0.0615282849998948,0.0085925769999448,0.0408097320000706
644,sun3d-home_at-home_at_scan1_2013_jan_1,50,48,sagereg_regen,301,0.3754152823920266,4.549638313081532,0.1561678239838084,True,0.1588276530001167,1.9375,2.0,2.681440288429024,5.0,4855.0,1.0975999884976773e-05,0.0053680810001424,0.0347661119999429,0.0581519400002434,0.0073256840000794,0.0531533120001768
645,sun3d-home_at-home_at_scan1_2013_jan_1,50,49,sagereg_regen,1115,0.8385650224215246,1.0075693063187574,0.0091724041278774,True,0.4556075329996929,2.0,2.0,2.345675816554723,3.0,11507.0,2.200100016125361e-05,0.042804038000213,0.2481617989997175,0.0733325500000319,0.0143723739997767,0.0768376699998043
646,sun3d-home_at-home_at_scan1_2013_jan_1,51,49,sagereg_regen,495,0.4808080808080808,1.0759978535716763,0.0199833310494542,True,0.2504363859998193,2.0,2.0,1.993528189142441,6.0,9487.0,1.3867999768990558e-05,0.0112901349998537,0.0958422680000694,0.060345849999976,0.0087376619999304,0.0741529490001084
647,sun3d-home_at-home_at_scan1_2013_jan_1,51,50,sagereg_regen,517,0.5996131528046421,0.9431035867605624,0.0080528019487809,True,0.2582582180007193,1.9895833333333333,2.0,2.1441176264214614,5.0,9573.0,1.4771000223845476e-05,0.0130120840003655,0.0997197790002246,0.0633188310002879,0.0091080030001649,0.0730301810003766
648,sun3d-home_at-home_at_scan1_2013_jan_1,55,51,sagereg_regen,263,0.1406844106463878,1.7830779822083822,0.1000204445113162,True,0.1630729609996706,1.9583333333333333,2.0,1.3360997895144051,6.0,7396.0,1.0479000138730044e-05,0.0044737960001839,0.030336152000018,0.056763688999581,0.006434702000206,0.0650089279997701
649,sun3d-home_at-home_at_scan1_2013_jan_1,53,52,sagereg_regen,207,0.1835748792270531,0.9546836238322638,0.0396300437524651,True,0.1332859700000881,2.0,2.0,1.8493018367551937,5.0,5909.0,9.296999905927804e-06,0.0037811980000697,0.0194894300002488,0.0569447520001631,0.0064255689999299,0.0465910570001142
650,sun3d-home_at-home_at_scan1_2013_jan_1,54,52,sagereg_regen,253,0.3438735177865613,1.8425827480162016,0.040909785767072,True,0.1478031460005695,2.0,2.0,1.8822706858052805,4.0,7222.0,9.63400043474394e-06,0.0045637640000677,0.0295870999998442,0.0579178670000146,0.0066677730001174,0.0490166860004137
651,sun3d-home_at-home_at_scan1_2013_jan_1,55,52,sagereg_regen,230,0.3347826086956522,2.107790522287645,0.0764176685840909,True,0.1511562259997845,1.9895833333333333,2.0,1.975837240551177,5.0,7094.0,9.431999842490768e-06,0.0040234359998976,0.0257189190001554,0.0575739219998467,0.006564242999957,0.0572251779999533
652,sun3d-home_at-home_at_scan1_2013_jan_1,54,53,sagereg_regen,558,0.8279569892473119,0.9039217707435784,0.0255790431201573,True,0.260096402999352,2.0,2.0,1.898382500782872,4.0,7488.0,1.4450999969994882e-05,0.0132263890000103,0.1104971309996472,0.0650631129997236,0.0101559320000887,0.0610823509996407
653,sun3d-home_at-home_at_scan1_2013_jan_1,55,53,sagereg_regen,520,0.7173076923076923,1.471783450563484,0.0374047125176728,True,0.2368132589995184,2.0,2.0,2.155435058870742,3.0,7711.0,1.5839999832678586e-05,0.0122724850002668,0.0966973370000232,0.0648794549997546,0.0095108319997052,0.0533879669997077
654,sun3d-home_at-home_at_scan1_2013_jan_1,56,53,sagereg_regen,369,0.5420054200542005,1.166627017845813,0.0245086748211057,True,0.164744359999986,2.0,2.0,2.5854498208830328,2.0,4552.0,1.2459000117814869e-05,0.0079726129997652,0.0528142789999037,0.0616435450001517,0.0078381330004049,0.0344107920000169
655,sun3d-home_at-home_at_scan1_2013_jan_1,58,53,sagereg_regen,251,0.4302788844621514,3.7025835342186033,0.0778330064157152,True,0.1298243449996334,2.0,2.0,2.343899839477853,2.0,3838.0,9.748000138642963e-06,0.004708083999958,0.0274769090001427,0.0592788359999758,0.0069922809998388,0.0313180029997965
656,sun3d-home_at-home_at_scan1_2013_jan_1,55,54,sagereg_regen,517,0.746615087040619,0.88270993363238,0.0056875330863402,True,0.2560202240001672,2.0,2.0,2.036525671716656,4.0,8631.0,1.4276999991125194e-05,0.0121522260001256,0.0997188589999495,0.0644405500001994,0.0092561950000344,0.0703815820002091
657,sun3d-home_at-home_at_scan1_2013_jan_1,57,56,sagereg_regen,191,0.3403141361256545,1.3342159139347023,0.0472969312899413,True,0.1157422759997643,1.9375,2.0,2.418669818819061,5.0,3442.0,9.142000180872856e-06,0.0033202069998878,0.0145457319999877,0.0566441380001379,0.0063627829999859,0.0348190069998963
658,sun3d-home_at-home_at_scan1_2013_jan_1,58,56,sagereg_regen,604,0.9122516556291392,0.523402655419802,0.014422740368096,True,0.2443359549997694,2.0,2.0,2.545755719790264,0.0,5620.0,1.561699991725618e-05,0.0152227339999626,0.1284508029998505,0.0666653309999674,0.0105087690003529,0.0234210399999028
659,sun3d-home_at-home_at_scan1_2013_jan_1,59,56,sagereg_regen,319,0.8495297805642633,2.0255610978955625,0.0509841370133258,True,0.1488412099997731,2.0,2.0,2.491715594538096,5.0,3448.0,1.2058999800501624e-05,0.0063088649999372,0.0421942720004153,0.0614651539999613,0.0081644109995977,0.0306511339999815
660,sun3d-home_at-home_at_scan1_2013_jan_1,58,57,sagereg_regen,372,0.6693548387096774,0.9962278088436424,0.0496766150087213,True,0.1687421030001132,1.9791666666666667,2.0,2.5281607729221767,2.0,5774.0,1.2509000043792184e-05,0.0076454629997897,0.0531900030000542,0.061083298000085,0.0082791509998969,0.0384847619998254
661,sun3d-home_at-home_at_scan1_2013_jan_1,59,58,sagereg_regen,275,0.8254545454545454,1.027646051005847,0.024812462051731,True,0.1417282379993594,1.9895833333333333,2.0,2.5939818603178906,6.0,4050.0,1.1137000001326667e-05,0.0052332089999254,0.0352901020000899,0.0612755970000762,0.007764083999973,0.0321122699997431
662,sun3d-home_md-home_md_scan9_2012_sep_30,2,1,sagereg_regen,251,0.3107569721115538,1.463530391377914,0.0471422256224541,True,0.1553221380004288,2.0,2.0,2.30933420608981,6.0,6656.0,9.734000286698574e-06,0.0044258500001888,0.027603431999978,0.0582732989996657,0.0070972060002532,0.0578652320000401
663,sun3d-home_md-home_md_scan9_2012_sep_30,3,2,sagereg_regen,604,0.7019867549668874,2.0965281933948634,0.086105805978892,True,0.2740532050002002,2.0,2.0,2.4944921990384,3.0,8082.0,1.5163999705691822e-05,0.0154251069998281,0.1240546700000777,0.0660747750002883,0.0104504320001979,0.0579746800003704
664,sun3d-home_md-home_md_scan9_2012_sep_30,5,2,sagereg_regen,481,0.6216216216216216,2.1540925882523223,0.0755242944389276,True,0.2195224310003141,2.0,2.0,2.3790075763511784,1.0,8259.0,1.4711999938299414e-05,0.0111139320001711,0.085909618000187,0.0632268909998856,0.0091866689999733,0.050020933000269
665,sun3d-home_md-home_md_scan9_2012_sep_30,7,2,sagereg_regen,608,0.7532894736842105,1.975791376825396,0.0766486396267647,True,0.2649448469996969,2.0,2.0,2.135874037285534,1.0,8698.0,1.5297000118152937e-05,0.0152225159999943,0.1275056340000446,0.0666945789998862,0.0104782869998416,0.0449743639996995
666,sun3d-home_md-home_md_scan9_2012_sep_30,4,3,sagereg_regen,1115,0.9237668161434978,0.8069126109020812,0.0330902248326468,True,0.4440651349996187,2.0,2.0,2.4478995929004164,3.0,9747.0,2.115600000252016e-05,0.0417820309999115,0.2489459710000119,0.0723895740002262,0.0147471780001069,0.0661102929998378
667,sun3d-home_md-home_md_scan9_2012_sep_30,5,3,sagereg_regen,1392,0.9597701149425288,0.9002682566284687,0.0375632637835191,True,0.5242602149996856,2.0,2.0,2.445892090006072,2.0,9778.0,2.5561999791534618e-05,0.0619631179997668,0.3055812739999055,0.0763328299999557,0.0170962500001223,0.0631874539999444
668,sun3d-home_md-home_md_scan9_2012_sep_30,6,3,sagereg_regen,698,0.8481375358166189,2.8634134365588566,0.106625240846311,True,0.307668403000207,2.0,2.0,2.2526799470999803,5.0,6897.0,1.69840000125987e-05,0.0192474750001565,0.1510083319999466,0.0671001210002941,0.0114293960000395,0.0588080090001312
669,sun3d-home_md-home_md_scan9_2012_sep_30,7,3,sagereg_regen,877,0.8449258836944128,2.636011381064515,0.1109717801481371,True,0.3679127659997903,2.0,2.0,2.3110465711755626,4.0,7729.0,1.8464999811840244e-05,0.0270113579999815,0.1964545680002629,0.0695766750000075,0.0129488289999244,0.0618411689997628
670,sun3d-home_md-home_md_scan9_2012_sep_30,38,3,sagereg_regen,482,0.6265560165975104,2.031838662678021,0.0286720445639179,True,0.2398647789996175,1.9895833333333333,2.0,2.0568331431862577,4.0,9007.0,1.3873999705538154e-05,0.0109731789998477,0.0862157429996841,0.0618845099997997,0.0090210549997209,0.0716927079997731
671,sun3d-home_md-home_md_scan9_2012_sep_30,39,3,sagereg_regen,441,0.4852607709750567,1.5070828213260234,0.054880670191646,True,0.2228430310001385,2.0,2.0,2.544373700984357,5.0,8913.0,1.3325000054464908e-05,0.0096901520000756,0.072833325999909,0.0617489600003864,0.0082835809998869,0.0702249290002328
672,sun3d-home_md-home_md_scan9_2012_sep_30,40,3,sagereg_regen,391,0.5345268542199488,0.6468980184136637,0.011531338937603,True,0.2008503239999299,1.9895833333333333,2.0,2.3881297743223167,6.0,7984.0,1.2696999874606265e-05,0.0081826609998643,0.0588111399997615,0.0611822860000756,0.0080700120001893,0.0645424909998837
673,sun3d-home_md-home_md_scan9_2012_sep_30,41,3,sagereg_regen,227,0.3215859030837004,2.1062468564393706,0.0501650520601412,True,0.13592709500017,2.0,2.0,2.385442852942055,2.0,5714.0,9.69500024439185e-06,0.0037991429999237,0.0225470080004015,0.0588329400002294,0.0068970130000707,0.0437939700000242
674,sun3d-home_md-home_md_scan9_2012_sep_30,45,3,sagereg_regen,260,0.3192307692307692,3.8687674430462864,0.1870490872274688,True,0.1483955500002594,1.9791666666666667,2.0,2.309911907622872,3.0,6402.0,1.0084999757964395e-05,0.0043699870002456,0.0293318889998772,0.0579829140001493,0.0067364870001256,0.0499197280000771
675,sun3d-home_md-home_md_scan9_2012_sep_30,46,3,sagereg_regen,446,0.4260089686098655,1.238076464135219,0.0411759414362597,True,0.232157885000106,2.0,2.0,2.536437090376917,4.0,9335.0,1.3311000202520518e-05,0.0104855550002866,0.0768368899998677,0.0621973830002389,0.008142207000219,0.0744309540000358
676,sun3d-home_md-home_md_scan9_2012_sep_30,47,3,sagereg_regen,256,0.265625,1.644131361764516,0.0407286020341695,True,0.1456206799998654,2.0,2.0,2.319449581235145,5.0,5646.0,1.0117999863723526e-05,0.0044794319996981,0.0268845649998183,0.0582016970001859,0.0066808460001084,0.0493217600001116
677,sun3d-home_md-home_md_scan9_2012_sep_30,5,4,sagereg_regen,1165,0.9236051502145924,0.8911721093710074,0.0395597637617841,True,0.4477527600001849,2.0,2.0,2.3277788987302657,4.0,9230.0,2.3195999801828293e-05,0.0446198039999217,0.2505315600001268,0.0741941480000605,0.0153220219999639,0.0629902260002381
678,sun3d-home_md-home_md_scan9_2012_sep_30,6,4,sagereg_regen,564,0.7819148936170213,3.50697494718849,0.1377383409158046,True,0.2444901740000205,2.0,2.0,2.2075235898874213,1.0,6044.0,1.425300024493481e-05,0.0135530600000493,0.116236421999929,0.0648957670000527,0.0101567870001417,0.0395762640000612
679,sun3d-home_md-home_md_scan9_2012_sep_30,7,4,sagereg_regen,630,0.7492063492063492,2.5377909513799883,0.1091491585847843,True,0.2819489509997765,2.0,2.0,2.433840364279144,4.0,7061.0,1.6076999600045383e-05,0.0188177889999678,0.1340083350000895,0.0667158080000263,0.0106801480001195,0.0516574409998611
680,sun3d-home_md-home_md_scan9_2012_sep_30,38,4,sagereg_regen,509,0.5599214145383105,1.6030370721910492,0.0461824611124962,True,0.2495941219999622,1.9895833333333333,2.0,2.097337197072143,5.0,9015.0,1.5885999800957507e-05,0.011870099999669,0.093181407999964,0.0627197939998041,0.0092821219996039,0.0724701590002041
681,sun3d-home_md-home_md_scan9_2012_sep_30,39,4,sagereg_regen,528,0.4507575757575757,1.1007270182932438,0.0459332778877731,True,0.264352031999806,1.9895833333333333,2.0,2.399750914638045,6.0,9789.0,1.5005000022938477e-05,0.0124951249999867,0.1024667120000231,0.0634947240000656,0.0089411390003988,0.0768848539996724
682,sun3d-home_md-home_md_scan9_2012_sep_30,40,4,sagereg_regen,443,0.4672686230248307,0.5102695997252754,0.0144849931244885,True,0.2200142320002669,2.0,2.0,2.1331889531199497,6.0,8912.0,1.2937000064994209e-05,0.0097340720003558,0.0740334770002846,0.0610194790001514,0.008210450000206,0.0669529740002872
683,sun3d-home_md-home_md_scan9_2012_sep_30,41,4,sagereg_regen,343,0.3119533527696793,2.0711866382384736,0.0531457467976704,True,0.1778439290001188,2.0,2.0,2.280939100488876,5.0,6396.0,1.2439999864000129e-05,0.0070744429999649,0.0487485509997895,0.0601379979998455,0.0072499869997955,0.05457517800005
684,sun3d-home_md-home_md_scan9_2012_sep_30,46,4,sagereg_regen,479,0.4175365344467641,0.863710449582339,0.0393597228274046,True,0.2448310290001245,1.9895833333333333,2.0,2.111723500996718,6.0,9636.0,1.470100005462882e-05,0.0109405859998332,0.087541131999842,0.0620658299999377,0.0085059729999557,0.0757096679999449
685,sun3d-home_md-home_md_scan9_2012_sep_30,47,4,sagereg_regen,349,0.3065902578796561,1.7893669055418655,0.0447345945286084,True,0.1823757480001404,2.0,2.0,2.2140738456302773,5.0,6461.0,1.2651999895751942e-05,0.0071541020001859,0.0497642440000163,0.0625201459997697,0.0074697000000014,0.0554004750001695
686,sun3d-home_md-home_md_scan9_2012_sep_30,6,5,sagereg_regen,815,0.9067484662576688,1.5209064311341256,0.0536042818769927,True,0.3419106169999395,2.0,2.0,2.3353033423398832,3.0,7603.0,1.829799975894275e-05,0.0238956130001497,0.1816508599999906,0.0685161759997754,0.0122865540001839,0.0554730240000935
687,sun3d-home_md-home_md_scan9_2012_sep_30,7,5,sagereg_regen,1152,0.9123263888888888,1.6061316156734513,0.0634341442484342,True,0.43220511599975,2.0,2.0,2.426646528578304,1.0,8251.0,2.180799992856919e-05,0.0433219280002958,0.2546907159999136,0.0733463550000124,0.0151940949999698,0.0455575569999382
688,sun3d-home_md-home_md_scan9_2012_sep_30,38,5,sagereg_regen,601,0.7171381031613977,1.8093152790093592,0.0156563806556464,True,0.2731311390002702,2.0,2.0,2.036617718182501,3.0,8906.0,1.7842000033851946e-05,0.0149401140001828,0.1241350089999286,0.0650397409999641,0.0102020419999462,0.0587417350002397
689,sun3d-home_md-home_md_scan9_2012_sep_30,39,5,sagereg_regen,506,0.5019762845849802,1.4930358840989015,0.0511241804826378,True,0.2475311939997482,2.0,2.0,2.379885341195342,5.0,8895.0,1.510499987489311e-05,0.0120290070003648,0.0907561160001932,0.0650037980003617,0.0091569269998217,0.0705150529997808
690,sun3d-home_md-home_md_scan9_2012_sep_30,40,5,sagereg_regen,399,0.5739348370927319,0.8566117332805415,0.0157227148348278,True,0.1993633880001653,2.0,2.0,2.1858718078972226,6.0,7644.0,1.2307000361033715e-05,0.0084071840001342,0.0611140780001733,0.0609028330000001,0.0081151240001418,0.0607639109998672
691,sun3d-home_md-home_md_scan9_2012_sep_30,45,5,sagereg_regen,307,0.3257328990228013,3.382596763869121,0.1670608379877707,True,0.1587456560000646,2.0,2.0,2.222799220066622,3.0,6343.0,1.1296999673504615e-05,0.0057861000000229,0.0377644740001414,0.0590510089996314,0.0070585610001216,0.04903189200013
692,sun3d-home_md-home_md_scan9_2012_sep_30,46,5,sagereg_regen,506,0.5039525691699605,1.4858231665310593,0.0507586957967374,True,0.2448524870001165,2.0,2.0,2.4016972276737087,3.0,9655.0,1.5713999800937017e-05,0.0124524149996432,0.0927743639999789,0.063991205000093,0.0088428240001121,0.0667196690001219
693,sun3d-home_md-home_md_scan9_2012_sep_30,7,6,sagereg_regen,686,0.7638483965014577,2.323706152024937,0.09981420538338,True,0.3046728979998079,2.0,2.0,2.3127815771263456,3.0,6674.0,1.6045999927882804e-05,0.0187380940001276,0.1494669379999322,0.0692587240000648,0.0113939499997286,0.0557397439997657
694,sun3d-home_md-home_md_scan9_2012_sep_30,46,6,sagereg_regen,293,0.2593856655290102,2.891883984794044,0.1237722001956608,True,0.167400495000038,1.9270833333333333,2.0,2.203260198021745,5.0,7581.0,1.034600018101628e-05,0.0051064510003016,0.0356709530001353,0.0560928479999347,0.0068762870000682,0.0635882430001402
695,sun3d-home_md-home_md_scan9_2012_sep_30,38,7,sagereg_regen,502,0.7091633466135459,1.7250662686817115,0.0560531324394757,True,0.2413311790000989,2.0,2.0,2.067242041812201,5.0,7581.0,1.389800036122324e-05,0.012903825000194,0.0945187220004299,0.0629969189999428,0.0093268119999265,0.0615186410000205
696,sun3d-home_md-home_md_scan9_2012_sep_30,46,7,sagereg_regen,396,0.3863636363636363,2.5903595493380704,0.1139167313933441,True,0.191166234999855,1.9895833333333333,2.0,2.3809523288966936,4.0,7185.0,1.2028000128339045e-05,0.0083209770000394,0.061966934999873,0.0600127110001267,0.0075887459997829,0.0532158729997718
697,sun3d-home_md-home_md_scan9_2012_sep_30,9,8,sagereg_regen,204,0.034313725490196,179.75418952984995,3.1083116416131515,False,0.1135108989997206,1.9895833333333333,2.0,1.4220022463655548,6.0,3158.0,9.18200021260418e-06,0.0034715939996203,0.0170449140000528,0.0572527559997979,0.0062962750002952,0.0293951779999588
698,sun3d-home_md-home_md_scan9_2012_sep_30,35,8,sagereg_regen,64,0.078125,42.73174117720928,1.5102021644823922,False,0.0493506459997661,2.0,2.0,1.5432616429297,6.0,1198.0,6.913000106578693e-06,0.0013779480000266,0.0023052930000631,0.0225253300000076,0.0054923850002523,0.0176124049999089
699,sun3d-home_md-home_md_scan9_2012_sep_30,36,8,sagereg_regen,57,0.0350877192982456,31.72620771972772,0.3566617126017609,False,0.0447190499994576,2.0,2.0,1.499891293690489,3.0,801.0,6.914999630680541e-06,0.0013973149998491,0.002236294999875,0.0216790690001289,0.0054178899999897,0.0139504049998322
700,sun3d-home_md-home_md_scan9_2012_sep_30,37,8,sagereg_regen,368,0.8260869565217391,0.9018109126053896,0.0165822698948712,True,0.169278426999881,2.0,2.0,2.0460117675183613,4.0,4234.0,1.2613999842869816e-05,0.0077629719999094,0.0570387379998464,0.0623515309998765,0.00865540399991,0.0334054800000558
701,sun3d-home_md-home_md_scan9_2012_sep_30,38,8,sagereg_regen,181,0.8729281767955801,3.589934691533609,0.0998087852218204,True,0.1173866710005313,2.0,2.0,2.328833377025544,4.0,2956.0,9.13700023374986e-06,0.0033506730001136,0.0181453889999829,0.0600941919997239,0.0071521810000376,0.0285938650004027
702,sun3d-home_md-home_md_scan9_2012_sep_30,10,9,sagereg_regen,397,0.7380352644836272,1.4637489854185102,0.0281153398153319,True,0.1854442989997551,2.0,2.0,2.662336662290634,6.0,5194.0,1.2393999895721208e-05,0.0083560319999378,0.0632427400000779,0.0624032630003057,0.0086683539998375,0.0427085910000641
703,sun3d-home_md-home_md_scan9_2012_sep_30,11,9,sagereg_regen,220,0.0636363636363636,179.54631460209612,1.2576450472981702,False,0.1086156970000047,1.9895833333333333,2.0,1.8807982639776624,6.0,2015.0,9.58199962042272e-06,0.003578329999982,0.0199756829997568,0.0552524409999932,0.0062811529996906,0.0234786190003433
704,sun3d-home_md-home_md_scan9_2012_sep_30,32,9,sagereg_regen,129,0.0,87.6429244904236,1.040580352563338,False,0.0925254900002983,1.7291666666666667,2.0,1.7123970396375772,6.0,3909.0,8.107999747153372e-06,0.001722410000184,0.0087185130000762,0.0443928370000321,0.0057716060000529,0.0318731720003597
705,sun3d-home_md-home_md_scan9_2012_sep_30,33,9,sagereg_regen,133,0.037593984962406,9.309238460777404,0.6944961720132651,False,0.0888922389999606,1.891304347826087,2.0,1.7548332329335428,6.0,2138.0,8.037000043259468e-06,0.0019052090001423,0.0083430350000526,0.0485562310000204,0.0058609360003174,0.0241799589998663
706,sun3d-home_md-home_md_scan9_2012_sep_30,35,9,sagereg_regen,138,0.1884057971014492,0.8782047128082902,0.0351302460815386,True,0.1019664640002702,1.9791666666666667,2.0,2.143125638528351,6.0,3562.0,8.595000053901458e-06,0.0022672879999845,0.0106093859999418,0.0524152779998985,0.0058266579999326,0.0308000280001579
707,sun3d-home_md-home_md_scan9_2012_sep_30,36,9,sagereg_regen,114,0.1578947368421052,3.560536925642632,0.0175341373492551,True,0.0855817219999153,1.974025974025974,2.0,1.8635740508582783,6.0,3790.0,7.588000244140858e-06,0.0018924240002888,0.0064040870001917,0.0417037120000713,0.0057581360001677,0.0297785879997718
708,sun3d-home_md-home_md_scan9_2012_sep_30,37,9,sagereg_regen,197,0.0253807106598984,177.11931341591145,2.810571616450375,False,0.1021225569998023,2.0,2.0,1.5183918809703365,6.0,1534.0,9.42899987421697e-06,0.0034143849998145,0.0170843000000786,0.0559693909999623,0.0062135160001162,0.0193896259997927
709,sun3d-home_md-home_md_scan9_2012_sep_30,11,10,sagereg_regen,433,0.6027713625866051,2.252480860335798,0.0965876769502987,True,0.192223068000203,2.0,2.0,2.88897400797553,3.0,5740.0,1.397300002281554e-05,0.0097862329998861,0.0728545499996471,0.0633795909998298,0.0088545369999337,0.0372851000001901
710,sun3d-home_md-home_md_scan9_2012_sep_30,12,10,sagereg_regen,258,0.5193798449612403,2.797454558271176,0.0956915934495263,True,0.1336866009996811,2.0,2.0,2.623031062707851,4.0,4490.0,9.59999988481286e-06,0.0046391720002247,0.0303333380002186,0.0588125190001846,0.0070789219998914,0.0327665259997047
711,sun3d-home_md-home_md_scan9_2012_sep_30,32,10,sagereg_regen,186,0.0161290322580645,91.17580643062914,3.123813879685556,False,0.1047535460002109,1.8125,2.0,2.654131038788869,6.0,3516.0,9.02600004337728e-06,0.0023660349997953,0.0147519130000546,0.0473267070001384,0.005854490999809,0.0344071980002809
712,sun3d-home_md-home_md_scan9_2012_sep_30,33,10,sagereg_regen,154,0.0194805194805194,178.33905252144416,4.442069437092091,False,0.096332073999747,1.90625,2.0,1.2290076211105407,6.0,3318.0,8.198999694286613e-06,0.0019485359998725,0.0108638890001202,0.0464738099999522,0.0058006229996863,0.0311993909999728
713,sun3d-home_md-home_md_scan9_2012_sep_30,35,10,sagereg_regen,146,0.0205479452054794,2.2491205755772645,0.0928185958711587,True,0.1043263980000119,1.9375,2.0,2.0924396078165244,6.0,3530.0,8.133999926940305e-06,0.0021701740001844,0.0110171270002865,0.0523850350000429,0.005941120999978,0.0327598290000423
714,sun3d-home_md-home_md_scan9_2012_sep_30,36,10,sagereg_regen,140,0.2285714285714285,1.908637262161448,0.0159645976727068,True,0.0948638659997413,1.9583333333333333,2.0,1.9529695208936493,4.0,2878.0,8.247999630839331e-06,0.0021907750001446,0.0114086020003014,0.0526073640003232,0.0058213819997945,0.022785444999954
715,sun3d-home_md-home_md_scan9_2012_sep_30,12,11,sagereg_regen,389,0.7172236503856041,1.1642014614229146,0.0463733732874841,True,0.1739055039997765,2.0,2.0,2.504043643243,6.0,4233.0,1.2617999800568214e-05,0.0081015719997594,0.0621197560003565,0.0617005970002537,0.0084040920000916,0.033519282999805
716,sun3d-home_md-home_md_scan9_2012_sep_30,32,11,sagereg_regen,125,0.0,170.0262648668919,0.6472821170857562,False,0.0820287139999891,1.6666666666666667,2.0,1.9952222202433123,6.0,2528.0,8.168000022124033e-06,0.0017081290002352,0.0070867939998606,0.0405567379998501,0.0057050669997806,0.0269272320001618
717,sun3d-home_md-home_md_scan9_2012_sep_30,33,11,sagereg_regen,170,0.0,111.17793134902644,0.4069505180557274,False,0.0952289659994676,1.875,2.0,1.413511760452351,6.0,2703.0,8.857000011630589e-06,0.0021548609997807,0.0127794169998196,0.0488840289999643,0.0061213339999994,0.0252391589997387
718,sun3d-home_md-home_md_scan9_2012_sep_30,14,13,sagereg_regen,322,0.6366459627329193,2.205934468106576,0.0642185553687152,True,0.1619162500001039,2.0,2.0,2.433506736960009,6.0,5246.0,1.0941999789793044e-05,0.0064623210000718,0.0449860650001028,0.0606177290001141,0.0079272610000771,0.0418659940000907
719,sun3d-home_md-home_md_scan9_2012_sep_30,15,13,sagereg_regen,249,0.4779116465863454,2.2996534035190592,0.0590231265414345,True,0.1387064790001204,2.0,2.0,2.0773519583340354,4.0,4300.0,1.0401000054116594e-05,0.0048756219998722,0.0274970529999336,0.0603058880001299,0.0073729499999899,0.0385927960001026
720,sun3d-home_md-home_md_scan9_2012_sep_30,16,13,sagereg_regen,220,0.5909090909090909,1.922011354352024,0.0528175567670049,True,0.1271787170003335,2.0,2.0,2.4343596468266,6.0,3896.0,9.733999831951223e-06,0.0041192690000571,0.025090961999922,0.0592978810000204,0.0071536119999109,0.0314655870001843
721,sun3d-home_md-home_md_scan9_2012_sep_30,15,14,sagereg_regen,1018,0.9607072691552064,0.2356657864329971,0.0074005125132041,True,0.3942417359999126,2.0,2.0,2.829402514245848,3.0,7159.0,2.068300000246381e-05,0.036262016999899,0.2244322999999894,0.0726558530000147,0.0143111490001501,0.0464910010000494
722,sun3d-home_md-home_md_scan9_2012_sep_30,16,14,sagereg_regen,706,0.9263456090651558,0.4869135697346024,0.0165628002357685,True,0.2931646229999387,2.0,2.0,2.6480648151945405,6.0,5783.0,1.608100001249113e-05,0.0197259980000126,0.1486528669997824,0.0680000629999995,0.0115637469998546,0.0451496949999636
723,sun3d-home_md-home_md_scan9_2012_sep_30,16,15,sagereg_regen,770,0.9311688311688312,0.2034369484290507,0.0109268252527984,True,0.3063000649999594,2.0,2.0,2.544246543969696,2.0,5746.0,1.831600002333289e-05,0.0224600969995663,0.1707190250003805,0.0693784879999839,0.0118628340001123,0.0317941690000225
724,sun3d-home_md-home_md_scan9_2012_sep_30,57,15,sagereg_regen,183,0.1256830601092896,5.310851687635884,0.2966333634093168,True,0.0922436419996302,1.7604166666666667,2.0,2.196015441706324,2.0,3110.0,9.014999704959337e-06,0.0023649569998269,0.0125433600001088,0.0471976270000595,0.0060244880000936,0.0240652009997575
725,sun3d-home_md-home_md_scan9_2012_sep_30,24,16,sagereg_regen,165,0.6545454545454545,2.383266134961847,0.0278138066319016,True,0.1041300150000097,1.9791666666666667,2.0,2.53931700198646,5.0,2622.0,8.836999768391252e-06,0.0029418889998851,0.0144803439998213,0.0590540019998115,0.0065485840000292,0.0210577709999597
726,sun3d-home_md-home_md_scan9_2012_sep_30,55,16,sagereg_regen,159,0.4339622641509434,1.801806696993551,0.0820983888321615,True,0.1013387500001954,1.9583333333333333,2.0,2.25712144390401,5.0,3030.0,8.69899986355449e-06,0.0024538799998481,0.0113379470003565,0.0535929090001445,0.0062380360000133,0.0276653750001969
727,sun3d-home_md-home_md_scan9_2012_sep_30,56,16,sagereg_regen,186,0.2473118279569892,3.4623893380311417,0.1441439678877134,True,0.1049471189999167,1.9166666666666667,2.0,2.548861960087885,6.0,2984.0,8.999000328913098e-06,0.0026193090002379,0.013982611999836,0.0531476490000386,0.0062712640001336,0.0288778909998654
728,sun3d-home_md-home_md_scan9_2012_sep_30,57,16,sagereg_regen,198,0.1666666666666666,4.446952029004781,0.2492043594155812,True,0.1014066269999602,1.8541666666666667,2.0,2.670667316063165,2.0,2941.0,9.41600001169718e-06,0.0028718880002998,0.0165842510000402,0.0494397690004007,0.0061551539997708,0.0263058240002465
729,sun3d-home_md-home_md_scan9_2012_sep_30,58,16,sagereg_regen,160,0.08125,2.082874003235167,0.0309017145853887,True,0.0982686899997133,1.78125,2.0,1.7237632607371287,6.0,2736.0,8.282999715447659e-06,0.0021337800003493,0.0113845979999496,0.047264837000057,0.0059937519999948,0.0314451419999386
730,sun3d-home_md-home_md_scan9_2012_sep_30,18,17,sagereg_regen,104,0.6730769230769231,2.326529109770719,0.0253467516319997,True,0.0659281809998901,2.0,2.0,2.6927203507414954,3.0,1678.0,7.553999694209779e-06,0.0021673329997611,0.0059547260002545,0.040708947999974,0.0060067109998271,0.0110470200002055
731,sun3d-home_md-home_md_scan9_2012_sep_30,19,17,sagereg_regen,86,0.5348837209302325,1.8358995246622472,0.018289375784027,True,0.0580782959996213,2.0,2.0,2.235119279782185,4.0,1447.0,7.663999895157758e-06,0.0020374749997245,0.0042446299999028,0.0340193989995896,0.0058083290000467,0.0119240009998975
732,sun3d-home_md-home_md_scan9_2012_sep_30,20,17,sagereg_regen,65,0.4769230769230769,2.16255345121489,0.0175927795978388,True,0.0456721360001211,2.0,2.0,2.0136866572974768,6.0,1352.0,7.21200012776535e-06,0.0014912609999555,0.0026644760000635,0.0253893869999046,0.0055597860000489,0.0105312280002181
733,sun3d-home_md-home_md_scan9_2012_sep_30,21,17,sagereg_regen,45,0.2444444444444444,14.817885052084431,0.1765100777955401,True,0.0302234559999305,1.967741935483871,2.0,1.707826294646421,2.0,1070.0,9.495000085735228e-06,0.0014844759998595,0.0015017139999145,0.0156928230003359,0.0053723420001006,0.0061352429997896
734,sun3d-home_md-home_md_scan9_2012_sep_30,22,17,sagereg_regen,43,0.3255813953488372,5.651523659042379,0.0384048952972918,True,0.0329593589999603,2.0,2.0,2.1322215750972604,5.0,1316.0,6.424999810406007e-06,0.0012842450000789,0.0014194590003171,0.0147963959998378,0.0052320609997877,0.0101950140001463
735,sun3d-home_md-home_md_scan9_2012_sep_30,54,17,sagereg_regen,96,0.1770833333333333,5.494521536890534,0.2478465781363491,True,0.0632139510003071,1.984375,2.0,2.3855542676611075,5.0,1938.0,7.465000180673087e-06,0.0018345050002608,0.0042885590000878,0.0340034400001059,0.0055335530000775,0.0175132340000345
736,sun3d-home_md-home_md_scan9_2012_sep_30,55,17,sagereg_regen,103,0.5145631067961165,3.399344632304321,0.1618003998479539,True,0.0743970179992175,2.0,2.0,2.47204194086601,5.0,2080.0,8.226999852922745e-06,0.0019554180003069,0.0058257660002709,0.041279945000042,0.0060522229996422,0.0192401719996269
737,sun3d-home_md-home_md_scan9_2012_sep_30,56,17,sagereg_regen,105,0.4666666666666667,3.360428546738675,0.1709638104592312,True,0.0714602010002636,2.0,2.0,2.5812571528370123,6.0,2001.0,7.548000212409533e-06,0.0019107939997411,0.0051145279999218,0.0389452569997956,0.0060526889997163,0.0193952839999838
738,sun3d-home_md-home_md_scan9_2012_sep_30,57,17,sagereg_regen,104,0.2596153846153846,4.70214494079072,0.2944656140199855,True,0.0704784069998822,2.0,2.0,2.1748820737750947,3.0,2261.0,7.63100024414598e-06,0.0017887610001707,0.0049708890001056,0.0379479250000258,0.0056208460000561,0.0201088639996669
739,sun3d-home_md-home_md_scan9_2012_sep_30,58,17,sagereg_regen,104,0.4230769230769231,5.01473142028169,0.2768063245204366,True,0.0774587649993918,1.9605263157894737,2.0,2.118337965947835,4.0,2232.0,7.65999993745936e-06,0.0020140950000495,0.0062259239998638,0.0423356500000409,0.0058446649995858,0.0209955299997091
740,sun3d-home_md-home_md_scan9_2012_sep_30,19,18,sagereg_regen,251,0.9601593625498008,1.0474210767564274,0.009157514478182,True,0.1147018379997462,2.0,2.0,2.593246951488221,2.0,1937.0,1.095100014936179e-05,0.0046772900000178,0.0300293059999603,0.0600406829998974,0.0076471669999591,0.0122539369999685
741,sun3d-home_md-home_md_scan9_2012_sep_30,20,18,sagereg_regen,64,0.53125,3.951376591669012,0.0222190991342288,True,0.0432821700005661,2.0,2.0,2.794163983863063,5.0,1159.0,7.359999926848104e-06,0.0016101640003398,0.0024635479999233,0.0239677149997987,0.0056471320003765,0.0095554600002287
742,sun3d-home_md-home_md_scan9_2012_sep_30,21,18,sagereg_regen,35,0.4,9.75214612527639,0.0434215857010286,True,0.027121201000682,2.0,2.0,2.723718299506576,5.0,862.0,6.404000032489421e-06,0.0011955209997722,0.0010495289998289,0.0116422390001389,0.0052358220000314,0.0079676510003992
743,sun3d-home_md-home_md_scan9_2012_sep_30,22,18,sagereg_regen,52,0.6730769230769231,5.35658821926803,0.0489910050484168,True,0.0390651919997253,2.0,2.0,2.707710544683648,2.0,1476.0,7.619999905728035e-06,0.0015007990000412,0.0020285270002204,0.0206340689996977,0.0054118410002956,0.0094551719998889
744,sun3d-home_md-home_md_scan9_2012_sep_30,23,18,sagereg_regen,76,0.2236842105263158,3.783631108539866,0.0316159448521822,True,0.0481327870002132,2.0,2.0,2.122482996275214,3.0,1374.0,7.892000212450512e-06,0.0015445719996023,0.0033228719998987,0.0286434689996895,0.0055176500000015,0.0090655200001492
745,sun3d-home_md-home_md_scan9_2012_sep_30,54,18,sagereg_regen,125,0.568,4.251031202805352,0.173330582625348,True,0.0848540599999978,1.9886363636363635,2.0,2.315001853209703,4.0,2082.0,8.132999937515706e-06,0.0023222899999382,0.0085196220002217,0.0518448029997671,0.0062509499998668,0.0158709629999975
746,sun3d-home_md-home_md_scan9_2012_sep_30,55,18,sagereg_regen,141,0.6170212765957447,3.463840716321299,0.1388926703205702,True,0.0950658229999135,1.9583333333333333,2.0,2.656685737632316,6.0,2270.0,8.091999916359782e-06,0.0024395659997935,0.0105204509995928,0.0560319169999274,0.0063096210001276,0.0197137670002121
747,sun3d-home_md-home_md_scan9_2012_sep_30,56,18,sagereg_regen,119,0.5210084033613446,3.1198554858501164,0.1512812884662595,True,0.0781495760002144,1.9875,2.0,2.655009145663609,3.0,2253.0,7.521000043198001e-06,0.0020355869996819,0.0069138869998823,0.0453915090001828,0.006016260999786,0.0177481539999462
748,sun3d-home_md-home_md_scan9_2012_sep_30,57,18,sagereg_regen,111,0.3063063063063063,5.721653529150086,0.296647574677277,True,0.0753215400000044,1.8904109589041096,2.0,2.889303664863357,5.0,2248.0,8.188000265363371e-06,0.0016807209999569,0.0052658489998975,0.0381721820003804,0.0057581949999985,0.0244019719998505
749,sun3d-home_md-home_md_scan9_2012_sep_30,58,18,sagereg_regen,111,0.1081081081081081,5.797848432498831,0.3204976746732312,False,0.0707634389996201,1.947368421052632,2.0,2.032111894550748,4.0,1985.0,8.03300008556107e-06,0.0016189759999178,0.0054375009999603,0.0384045299997524,0.0057117000001198,0.0195476939998116
750,sun3d-home_md-home_md_scan9_2012_sep_30,20,19,sagereg_regen,69,0.4492753623188406,3.210690622306763,0.0150974567826215,True,0.0452129299997068,1.94,2.0,2.728973610877584,5.0,949.0,6.920000032550888e-06,0.0015127010001378,0.0029027559999121,0.0269522829999004,0.0055166029997053,0.0082874699996864
751,sun3d-home_md-home_md_scan9_2012_sep_30,22,19,sagereg_regen,71,0.5492957746478874,3.264285737189591,0.0278628935418258,True,0.0456231129996922,2.0,2.0,2.6246262054554417,4.0,1348.0,7.38099970476469e-06,0.0018409229996905,0.0029277300000103,0.0268603879999318,0.0055164659997899,0.0084382509999159
752,sun3d-home_md-home_md_scan9_2012_sep_30,23,19,sagereg_regen,65,0.5076923076923077,1.3782520826196134,0.0166942632992471,True,0.0485739260002446,2.0,2.0,2.256076068873617,4.0,1346.0,7.582000307593262e-06,0.0017101089997595,0.0029518530000132,0.0272619239999585,0.0059092410001539,0.0106982750003226
753,sun3d-home_md-home_md_scan9_2012_sep_30,54,19,sagereg_regen,94,0.5212765957446809,4.661289131792644,0.1676044668941363,True,0.0644231860005675,2.0,2.0,2.8345166127066883,3.0,1877.0,7.92500031820964e-06,0.0018735489998107,0.0046574250000048,0.0371588719999635,0.0060244979999879,0.0146667930002877
754,sun3d-home_md-home_md_scan9_2012_sep_30,55,19,sagereg_regen,118,0.559322033898305,3.646085996392693,0.0691339490280658,True,0.0830729949998385,1.930232558139535,2.0,2.649841897648239,5.0,2055.0,1.009800007523154e-05,0.0025960250000025,0.0078407559999504,0.0482219579998854,0.0060100540003986,0.0183550909996483
755,sun3d-home_md-home_md_scan9_2012_sep_30,56,19,sagereg_regen,105,0.6,4.05254868696126,0.1349826000123599,True,0.0774704310001652,1.9605263157894737,2.0,2.843002936519816,6.0,2079.0,7.623999863426434e-06,0.0023352690000137,0.0061759169998367,0.0424890109998159,0.0059785349999401,0.0204506340000989
756,sun3d-home_md-home_md_scan9_2012_sep_30,57,19,sagereg_regen,95,0.4526315789473684,6.400754446542461,0.2904339305677168,True,0.0598297420001472,1.9180327868852456,2.0,2.76078221244117,2.0,2019.0,7.741999979771208e-06,0.0015893170002527,0.0037354350001805,0.0327423159997124,0.0058612560001165,0.0158599440001125
757,sun3d-home_md-home_md_scan9_2012_sep_30,58,19,sagereg_regen,63,0.3333333333333333,7.643115307455443,0.4023217293253244,False,0.0531397999998262,1.75,2.0,2.6426192713755405,6.0,1757.0,7.275999905687058e-06,0.0013407080000433,0.0022096540001257,0.0225359239998397,0.0055738380001457,0.0214432580000902
758,sun3d-home_md-home_md_scan9_2012_sep_30,21,20,sagereg_regen,110,0.9363636363636364,5.087367347160799,0.0531086449859204,True,0.0719687490000069,2.0,2.0,2.175428818527685,2.0,1033.0,8.076999620243441e-06,0.0022697829999742,0.0078801200002089,0.0488911399997959,0.0062103969999043,0.0066671240001596
759,sun3d-home_md-home_md_scan9_2012_sep_30,22,20,sagereg_regen,79,0.7341772151898734,4.078691186318879,0.0405970737949644,True,0.0496429760000864,2.0,2.0,2.5498429360459536,6.0,1075.0,7.371000265266048e-06,0.0017793430001802,0.0035282339999866,0.030060781999964,0.0058020930000566,0.0084347430001798
760,sun3d-home_md-home_md_scan9_2012_sep_30,23,20,sagereg_regen,28,0.0714285714285714,169.1057076740043,1.2223632057520686,False,0.024586759000158,1.8,2.0,1.900706607989075,5.0,1102.0,6.180000127642416e-06,0.0011832079999294,0.0009167009998236,0.0093935469999451,0.0043517350000001,0.0087100559999271
761,sun3d-home_md-home_md_scan9_2012_sep_30,54,20,sagereg_regen,63,0.3015873015873015,176.39533616837528,3.64655218219744,False,0.0431767390000459,1.8837209302325584,2.0,1.57896495145873,5.0,719.0,6.6949996835319325e-06,0.0013082579998808,0.002142792000086,0.0221982130001379,0.0056573609999759,0.011829040000066
762,sun3d-home_md-home_md_scan9_2012_sep_30,55,20,sagereg_regen,53,0.2641509433962264,5.542832163307866,0.2362756138183055,True,0.0385805109995089,1.6764705882352942,2.0,1.940479303375905,4.0,1348.0,6.856999789306428e-06,0.0013442690001284,0.0015249910002239,0.0156435019998752,0.0053310649996092,0.014700695999636
763,sun3d-home_md-home_md_scan9_2012_sep_30,56,20,sagereg_regen,52,0.3269230769230769,12.659496984646388,0.577954317281066,False,0.0368581239999912,1.95,2.0,2.367801753892852,0.0,1278.0,6.713999937346671e-06,0.0014018829997439,0.0019259470000179,0.0195702319997508,0.0053526970000348,0.0085733010000694
764,sun3d-home_md-home_md_scan9_2012_sep_30,57,20,sagereg_regen,54,0.1296296296296296,6.335178345387124,0.3527453311827376,False,0.0458038349997877,1.891891891891892,2.0,2.125183508679835,5.0,1498.0,6.848999873909634e-06,0.0013152149999768,0.0017460060003031,0.0179525539997484,0.0053565990001516,0.019399033999889
765,sun3d-home_md-home_md_scan9_2012_sep_30,58,20,sagereg_regen,38,0.1842105263157894,10.207644964456952,0.5298108237991914,False,0.040058470999611,1.896551724137931,2.0,2.1003773254115963,5.0,1381.0,6.29599981039064e-06,0.0012592570001288,0.0013443279999592,0.0134431579999727,0.0050328010001976,0.0189453939997292
766,sun3d-home_md-home_md_scan9_2012_sep_30,22,21,sagereg_regen,66,0.5909090909090909,4.0401686884778325,0.0171545562394857,True,0.0405295809996459,1.9361702127659568,2.0,2.4252207160701067,3.0,876.0,6.937999842193676e-06,0.0015313949998017,0.0026758270000755,0.0248104130000683,0.0054867479998392,0.0059874869998566
767,sun3d-home_md-home_md_scan9_2012_sep_30,54,21,sagereg_regen,63,0.0317460317460317,178.24111123032856,3.995637030969632,False,0.0426631209998049,1.8837209302325584,2.0,1.5095989718632643,6.0,1130.0,7.3340002018085215e-06,0.0013575269999819,0.0021257089997561,0.0209251080000285,0.0053699489999416,0.0128488509999442
768,sun3d-home_md-home_md_scan9_2012_sep_30,55,21,sagereg_regen,52,0.173076923076923,2.5656112901130355,0.091273333690648,True,0.0360072860003128,1.542857142857143,2.0,1.6810565816610232,5.0,1152.0,7.08599964127643e-06,0.0012140970002292,0.0015533050000158,0.015012189999652,0.0047588829997948,0.0134355900004266
769,sun3d-home_md-home_md_scan9_2012_sep_30,56,21,sagereg_regen,38,0.1842105263157894,33.98640979927472,1.5242192691077052,False,0.0267791649998798,1.5357142857142858,2.0,1.9430599300250464,0.0,964.0,9.771999884833347e-06,0.0012228770001456,0.0012840590002269,0.0124342510002861,0.0045061290002195,0.0072969940001712
770,sun3d-home_md-home_md_scan9_2012_sep_30,57,21,sagereg_regen,54,0.1111111111111111,139.03738646468807,5.028236377262348,False,0.0328708299998652,1.911764705882353,2.0,2.002004832363082,0.0,823.0,9.52199980019941e-06,0.0012879340001745,0.0016293390003738,0.0160686969998096,0.0054145079998306,0.0084338779997779
771,sun3d-home_md-home_md_scan9_2012_sep_30,58,21,sagereg_regen,32,0.21875,7.857627052600143,0.4272168847023201,False,0.0350650069999574,1.8571428571428568,2.0,2.03823152744966,5.0,1251.0,9.325000064563936e-06,0.001175541000066,0.0009521629999653,0.0096608909998394,0.004510129999744,0.0187325839997356
772,sun3d-home_md-home_md_scan9_2012_sep_30,23,22,sagereg_regen,47,0.3191489361702128,8.603150950895767,0.0621491872299782,True,0.0302463300004092,2.0,2.0,2.1487099532951928,3.0,914.0,7.1499998739454895e-06,0.0012466110001696,0.0014713720001964,0.0154009819998464,0.0053433260000019,0.0067496600004233
773,sun3d-home_md-home_md_scan9_2012_sep_30,54,22,sagereg_regen,73,0.3013698630136986,6.582944093827856,0.2552738570882807,True,0.0530439890003435,1.8909090909090909,2.0,2.4636745608982924,6.0,1474.0,7.250000180647476e-06,0.0015618029997312,0.0030798649995631,0.0284003380002104,0.0056064350001179,0.0143563350002295
774,sun3d-home_md-home_md_scan9_2012_sep_30,55,22,sagereg_regen,60,0.4,6.997944138879314,0.2219073291020948,True,0.0469416099999762,1.930232558139535,2.0,2.255963791457717,6.0,1596.0,7.63000025472138e-06,0.0015452759998879,0.0022029589999874,0.0219092949996593,0.005636186999709,0.0156075529998815
775,sun3d-home_md-home_md_scan9_2012_sep_30,56,22,sagereg_regen,53,0.3962264150943396,5.046406194133863,0.1958099142308761,True,0.045897975000571,1.95,2.0,2.201665182244436,5.0,1622.0,7.113000265235314e-06,0.0014005410002937,0.0020489870003075,0.0204632029999629,0.0053868999998485,0.0165623330003654
776,sun3d-home_md-home_md_scan9_2012_sep_30,57,22,sagereg_regen,58,0.2241379310344827,7.564524817163904,0.373038773148611,False,0.045645666999917,1.681818181818182,2.0,2.1399737913056955,3.0,1682.0,7.21200012776535e-06,0.0013164460001462,0.0021606410000458,0.0197784080000928,0.0054332849999809,0.0169209760001649
777,sun3d-home_md-home_md_scan9_2012_sep_30,58,22,sagereg_regen,44,0.1363636363636363,55.2025805720944,2.30511855673984,False,0.0412319170000046,1.8235294117647056,2.0,2.126670945927077,5.0,883.0,6.630999905610224e-06,0.0012337670000306,0.0016133130002344,0.0157321769997906,0.0054209180002544,0.0171973040000921
778,sun3d-home_md-home_md_scan9_2012_sep_30,24,23,sagereg_regen,88,0.625,2.2273352772887693,0.0376779072209629,True,0.0558767500001522,2.0,2.0,1.7603707515553806,4.0,1248.0,7.474000085494481e-06,0.0017823590001171,0.0043657669998538,0.0345061390003138,0.005821712999932,0.0093608530000892
779,sun3d-home_md-home_md_scan9_2012_sep_30,54,23,sagereg_regen,72,0.0833333333333333,39.213065556510266,0.5944568981863485,False,0.0472607980004795,1.86,2.0,1.3943210293785708,6.0,1175.0,7.1859999479784165e-06,0.0014428589997805,0.0025069110001822,0.0240803259998756,0.0054043670002101,0.0137885430003734
780,sun3d-home_md-home_md_scan9_2012_sep_30,55,23,sagereg_regen,91,0.1428571428571428,5.250399501535418,0.2281507175980832,True,0.0568832289995953,1.7272727272727273,2.0,2.213805513008425,6.0,1319.0,7.626999831700232e-06,0.0014593760001844,0.0041951870002776,0.0309763569998722,0.0055196039998008,0.0146931239996774
781,sun3d-home_md-home_md_scan9_2012_sep_30,56,23,sagereg_regen,74,0.1891891891891892,4.070180109340879,0.1254067816411076,True,0.0544803860002502,1.8235294117647056,2.0,2.343506663394723,6.0,1392.0,7.484999969165074e-06,0.0014261400001487,0.0028976720000173,0.026259088000188,0.0057695599998623,0.0180788070001653
782,sun3d-home_md-home_md_scan9_2012_sep_30,57,23,sagereg_regen,90,0.0333333333333333,139.47807779797068,1.7635105004173162,False,0.0576401970001825,1.6825396825396826,2.0,1.2718868607297429,6.0,1422.0,7.204000212368555e-06,0.0013680160000149,0.0037229600002319,0.0268323599998439,0.0055703789998915,0.0201085339999735
783,sun3d-home_md-home_md_scan9_2012_sep_30,58,23,sagereg_regen,77,0.0259740259740259,131.63869088803142,3.764629734913208,False,0.0446168469998156,1.736842105263158,2.0,2.1053056486096526,0.0,909.0,1.187799989565974e-05,0.0013614759996016,0.0032063460002973,0.0252435190000142,0.0053855440000916,0.0093786930001442
784,sun3d-home_md-home_md_scan9_2012_sep_30,25,24,sagereg_regen,48,0.3541666666666667,4.149367878686898,0.0617665893498724,True,0.035917457999858,1.9411764705882355,2.0,2.430591611981378,3.0,1540.0,7.189999905676814e-06,0.0012698569998974,0.001694518000022,0.0172635720000471,0.005531751000035,0.0101225180001165
785,sun3d-home_md-home_md_scan9_2012_sep_30,26,25,sagereg_regen,86,0.6395348837209303,1.942430813891874,0.0346624892713958,True,0.0712507369994455,2.0,2.0,2.7015577135739166,5.0,1482.0,1.055899974744534e-05,0.0023761209999975,0.0054359790001399,0.0419692520003991,0.005909918999805,0.0155164479997438
786,sun3d-home_md-home_md_scan9_2012_sep_30,27,26,sagereg_regen,232,0.6422413793103449,2.3364950915653275,0.0445789592633442,True,0.1198654939998959,2.0,2.0,1.6506822490806428,3.0,4142.0,9.411000064574182e-06,0.0041289499999948,0.0255307470001753,0.0581631709997054,0.0071908670001903,0.0247955999998339
787,sun3d-home_md-home_md_scan9_2012_sep_30,28,26,sagereg_regen,140,0.3,4.058441685612435,0.2197016029347951,True,0.1002453890000651,2.0,2.0,2.214082848723468,6.0,3308.0,8.312000318255741e-06,0.0024575540001023,0.0105853049999495,0.0552601999997932,0.0061125590000301,0.0257839119999516
788,sun3d-home_md-home_md_scan9_2012_sep_30,50,26,sagereg_regen,132,0.3409090909090909,5.417474262980533,0.2853405686354389,True,0.104703838000205,1.904255319148936,2.0,2.6755259683529444,6.0,3016.0,8.253000032709679e-06,0.0020741199996336,0.0087647629998173,0.0501144740001109,0.0060379430001376,0.0376680630001828
789,sun3d-home_md-home_md_scan9_2012_sep_30,51,26,sagereg_regen,106,0.2735849056603773,1.565768785130453,0.0789674079702351,True,0.0915143399997759,1.8591549295774648,2.0,2.3061368401097924,5.0,3881.0,8.032000096136471e-06,0.0017873379997581,0.0051693130003513,0.0374763660001917,0.0057197679998353,0.0413154539996867
790,sun3d-home_md-home_md_scan9_2012_sep_30,28,27,sagereg_regen,226,0.5221238938053098,1.9904171442731249,0.0549077646945607,True,0.1214058249997833,1.9791666666666667,2.0,2.5501860550234463,4.0,4001.0,9.248999958799686e-06,0.0039056649998201,0.0242397219999475,0.0581416060003903,0.006994129999839,0.0280722519996743
791,sun3d-home_md-home_md_scan9_2012_sep_30,50,27,sagereg_regen,161,0.3043478260869565,3.685122587053039,0.178936626778332,True,0.120023392999883,1.8645833333333333,2.0,2.1460484615034496,6.0,4537.0,8.431999958702363e-06,0.0024905300001591,0.013003636999656,0.0530408219997298,0.0061548820003736,0.045286089000001
792,sun3d-home_md-home_md_scan9_2012_sep_30,51,27,sagereg_regen,109,0.1834862385321101,2.8767004898572983,0.0975604833610685,True,0.0938295939995441,1.8194444444444444,2.0,2.394854233726818,6.0,4321.0,7.827999979781453e-06,0.001804367999739,0.0051802809998662,0.03685752399997,0.0057153799998559,0.0442300949998752
793,sun3d-home_md-home_md_scan9_2012_sep_30,50,28,sagereg_regen,137,0.1605839416058394,2.592953524673866,0.1551552920169596,True,0.1090342430002238,1.84375,2.0,2.3030204341239418,6.0,3636.0,8.472999979858287e-06,0.0020868230003543,0.0093132179999884,0.0505668219998369,0.0058402340000611,0.0411753620001036
794,sun3d-home_md-home_md_scan9_2012_sep_30,51,28,sagereg_regen,107,0.1869158878504672,5.576546717940242,0.2691017023127835,True,0.0891895269996894,1.858974358974359,2.0,2.3514094475209286,6.0,3803.0,7.27399992683786e-06,0.0016212280002037,0.0057508149998284,0.037677320000057,0.0056006569998316,0.0384952949998478
795,sun3d-home_md-home_md_scan9_2012_sep_30,41,29,sagereg_regen,34,0.0,179.74078098451494,4.898213107872611,False,0.0350066070000139,1.48,1.0,1.314097449611374,6.0,1196.0,9.47599983192049e-06,0.0012204049999127,0.0010720390000642,0.0099697420000666,0.002939189999779,0.0197699800000918
796,sun3d-home_md-home_md_scan9_2012_sep_30,42,29,sagereg_regen,72,0.0,94.2588658654069,5.392397054189935,False,0.054900414000258,1.6271186440677967,2.0,1.5383595013833429,4.0,1255.0,7.339000148931518e-06,0.001334885000233,0.0033237019997613,0.0260925130000941,0.0054404729999077,0.0186704070001724
797,sun3d-home_md-home_md_scan9_2012_sep_30,43,29,sagereg_regen,76,0.0131578947368421,93.17920841963486,4.857916443558771,False,0.0579485759994895,1.639344262295082,2.0,1.9115047978178417,2.0,1146.0,7.0989999585435726e-06,0.0013760540000475,0.0036682939999082,0.0298943090001557,0.0055802729998504,0.0173920139995971
798,sun3d-home_md-home_md_scan9_2012_sep_30,45,29,sagereg_regen,28,0.0357142857142857,178.73558501521595,4.64488553599458,False,0.0341319980002481,1.411764705882353,2.0,1.1766116021389623,6.0,747.0,9.542000043438748e-06,0.0011588489996938,0.0007477399999515,0.0069600110000465,0.0032609180002509,0.0219713780002166
799,sun3d-home_md-home_md_scan9_2012_sep_30,47,29,sagereg_regen,38,0.0,158.92398937748123,5.165407445148003,False,0.0338808239998797,1.1851851851851851,2.0,1.7440028920029338,6.0,1320.0,9.234999652107945e-06,0.0011644799997156,0.0012012800002594,0.0105562740000095,0.001694800000223,0.0192273050001858
800,sun3d-home_md-home_md_scan9_2012_sep_30,48,29,sagereg_regen,54,0.0185185185185185,106.14546531704896,4.841815761131203,False,0.0392530139997688,1.3902439024390243,2.0,1.854210647868715,6.0,997.0,9.798999599297533e-06,0.0012361340000097,0.0018746380001175,0.0165437519999613,0.0039155689996732,0.0156449930000235
801,sun3d-home_md-home_md_scan9_2012_sep_30,49,29,sagereg_regen,50,0.0,174.9922007731957,5.336175197484572,False,0.0281242330001987,1.3888888888888888,2.0,1.8678866033263428,0.0,226.0,9.039999895321673e-06,0.0014564650000465,0.0016226719999394,0.0147690949997922,0.0041481850003037,0.0060909480002919
802,sun3d-home_md-home_md_scan9_2012_sep_30,50,29,sagereg_regen,63,0.0,148.31133682844566,2.38546746731482,False,0.0363705180002398,1.1304347826086956,1.0,1.3538365598483175,0.0,514.0,6.910000138304895e-06,0.0012415759997566,0.0022361409996847,0.0172833460001129,0.0028284790000725,0.0127462300001752
803,sun3d-home_md-home_md_scan9_2012_sep_30,32,31,sagereg_regen,77,0.2727272727272727,7.575428885894632,0.1402873957713117,True,0.0562507049999112,1.94,2.0,1.973122072120032,6.0,2452.0,7.216000085463747e-06,0.0014530749999721,0.0028484469999057,0.0261705979996804,0.005424492000202,0.0203175209999244
804,sun3d-home_md-home_md_scan9_2012_sep_30,33,32,sagereg_regen,151,0.1390728476821192,3.1935276174623564,0.0909038521255047,True,0.1033127120003882,1.9479166666666667,2.0,1.9954708073056768,4.0,3811.0,8.842000170261599e-06,0.0025166589998661,0.0113241720000587,0.0540969569997287,0.0061322820001805,0.029195300000083
805,sun3d-home_md-home_md_scan9_2012_sep_30,35,32,sagereg_regen,168,0.1845238095238095,4.202728115583373,0.0510860750865644,True,0.1085791659997994,2.0,2.0,2.807493632602193,6.0,3599.0,8.461999641440343e-06,0.0030190490001587,0.0136434209998697,0.0570626510002512,0.0064451060002284,0.0283580089999304
806,sun3d-home_md-home_md_scan9_2012_sep_30,36,32,sagereg_regen,106,0.0471698113207547,0.8051416536768236,0.5901800028085306,False,0.0732702430000245,2.0,2.0,1.9692636436209805,4.0,2702.0,7.70900032875943e-06,0.0018464340000718,0.0053501379998124,0.0380989130003399,0.0056653659999028,0.0222669419999874
807,sun3d-home_md-home_md_scan9_2012_sep_30,34,33,sagereg_regen,234,0.8376068376068376,0.6042620629362733,0.0185510609602623,True,0.1170344480001404,2.0,2.0,1.885251697975195,5.0,2550.0,9.94199990600464e-06,0.0043513199998415,0.0265264849999766,0.0594631889998709,0.0073376609998376,0.0192993880000358
808,sun3d-home_md-home_md_scan9_2012_sep_30,35,33,sagereg_regen,187,0.374331550802139,4.291955353250475,0.0804298071703215,True,0.1071774010001718,2.0,2.0,2.2745864818136936,2.0,3399.0,9.19600006454857e-06,0.0032445339998048,0.0182233399996221,0.0572273620000487,0.0064849860000322,0.0219481230001292
809,sun3d-home_md-home_md_scan9_2012_sep_30,36,33,sagereg_regen,80,0.025,4.061053181666033,0.7753652489788443,False,0.0564985900000465,1.98,2.0,1.95844759940364,6.0,2212.0,8.18799981061602e-06,0.0015007239999249,0.0029423430000861,0.0265430599997671,0.0056270120003318,0.0198468300000058
810,sun3d-home_md-home_md_scan9_2012_sep_30,35,34,sagereg_regen,92,0.2826086956521739,6.047695756887032,0.1707973495004297,True,0.0622833959996569,2.0,2.0,1.4534538733020843,6.0,1753.0,7.174000074883224e-06,0.0017903930001921,0.0042930370000249,0.0339743290001024,0.00581640900009,0.0163696919998983
811,sun3d-home_md-home_md_scan9_2012_sep_30,36,35,sagereg_regen,170,0.1823529411764705,1.1588341276085534,0.3730332485338892,False,0.1030032630001187,2.0,2.0,1.7721793838087714,6.0,2846.0,8.507000075042015e-06,0.0027547949998734,0.0144104109999716,0.0560286320001068,0.0061804410001968,0.0235787380001966
812,sun3d-home_md-home_md_scan9_2012_sep_30,37,35,sagereg_regen,97,0.0309278350515463,177.51091965145656,2.7795326836827448,False,0.0637273530001039,1.9577464788732395,2.0,1.599951867118132,5.0,1224.0,7.33600018065772e-06,0.0015235559999382,0.0048536719996263,0.0359030309996342,0.0056740679997346,0.0157257460000437
813,sun3d-home_md-home_md_scan9_2012_sep_30,37,36,sagereg_regen,91,0.0989010989010989,121.18661388444195,2.6905170010361963,False,0.0627700770000956,1.984615384615385,2.0,1.548975799917593,6.0,1570.0,7.295000159501797e-06,0.0014948350003578,0.0042179409997515,0.0334328769999956,0.005732351000006,0.0178516510000008
814,sun3d-home_md-home_md_scan9_2012_sep_30,38,37,sagereg_regen,178,0.8370786516853933,1.546516565187941,0.0459118513466382,True,0.1145707529994979,2.0,2.0,2.516820995778271,4.0,2299.0,8.79399976838613e-06,0.0032224070000665,0.0175766370002747,0.0578298539999195,0.0069416290002664,0.0289460939998207
815,sun3d-home_md-home_md_scan9_2012_sep_30,39,38,sagereg_regen,920,0.8804347826086957,1.7717069305935251,0.0759356107384499,True,0.3868585870000061,2.0,2.0,2.3644493669708377,5.0,8671.0,1.8756999907054706e-05,0.0317096750000018,0.2000293020000754,0.0702591740000571,0.0129266690000804,0.071852126000067
816,sun3d-home_md-home_md_scan9_2012_sep_30,40,38,sagereg_regen,1046,0.9158699808795412,0.841478524616808,0.0431198722421575,True,0.4180151269997623,2.0,2.0,2.2646642762542,5.0,8407.0,2.211899982285104e-05,0.037960595000186,0.2234632740000961,0.0725469270000758,0.0156504679998761,0.0683055059998878
817,sun3d-home_md-home_md_scan9_2012_sep_30,41,38,sagereg_regen,434,0.6728110599078341,3.234351188628011,0.089658023725264,True,0.1876552130001982,2.0,2.0,2.2043582454699515,1.0,5980.0,1.3527000191970728e-05,0.0098249970001234,0.0720175400001608,0.0630810170000586,0.0087682650000715,0.0339015190002101
818,sun3d-home_md-home_md_scan9_2012_sep_30,46,38,sagereg_regen,862,0.8781902552204176,1.2401076743730075,0.0601771003082275,True,0.3499144560000786,2.0,2.0,2.451949428518569,4.0,8814.0,1.835900002333801e-05,0.0268421330001729,0.1819666540000071,0.0684938199997304,0.0124771579999105,0.0600494549998984
819,sun3d-home_md-home_md_scan9_2012_sep_30,47,38,sagereg_regen,453,0.7328918322295805,3.0227370926992823,0.0773224740103439,True,0.2055106740003793,2.0,2.0,1.94905696759568,2.0,6106.0,1.3909000244893832e-05,0.0110619720003342,0.0795052610001221,0.0625988760002655,0.0088318559996878,0.0434451460000673
820,sun3d-home_md-home_md_scan9_2012_sep_30,40,39,sagereg_regen,1312,0.9535060975609756,0.802306824901351,0.0213619511003554,True,0.4992041340001378,2.0,2.0,2.4288830227328706,5.0,8903.0,2.42740002249775e-05,0.0569213449998642,0.2793201109998335,0.0752750330002527,0.0166487159999633,0.0709402410002439
821,sun3d-home_md-home_md_scan9_2012_sep_30,41,39,sagereg_regen,756,0.8412698412698413,1.6832467517339045,0.0238444125711296,True,0.3120000889998664,2.0,2.0,2.3444921938061865,2.0,7175.0,1.7253999885724625e-05,0.0219715789999099,0.1604461349998018,0.0681069510001179,0.0117499110001517,0.0496470560001398
822,sun3d-home_md-home_md_scan9_2012_sep_30,45,39,sagereg_regen,700,0.7771428571428571,1.4769076309707374,0.1034304206638041,True,0.3138053309999122,2.0,2.0,2.133792640220586,3.0,8373.0,1.6511000012542354e-05,0.019639504999759,0.1572637240001313,0.0663712000000487,0.0112959240000236,0.0591604539999934
823,sun3d-home_md-home_md_scan9_2012_sep_30,46,39,sagereg_regen,1418,0.9485190409026798,0.4496699715268994,0.0105335971097661,True,0.5327467110000725,2.0,2.0,2.430699800987921,1.0,10707.0,2.585200036264723e-05,0.063111365000168,0.3169321430000309,0.0768376139999418,0.0173982960000103,0.0583646159998352
824,sun3d-home_md-home_md_scan9_2012_sep_30,47,39,sagereg_regen,774,0.8604651162790697,1.622321894932061,0.0206342531612992,True,0.3051174469997022,2.0,2.0,2.334978533509376,2.0,7162.0,1.7143000150099397e-05,0.0225825210000039,0.1621441809998032,0.0680846589998509,0.0119129209997481,0.0403165439997792
825,sun3d-home_md-home_md_scan9_2012_sep_30,41,40,sagereg_regen,722,0.8656509695290858,1.5119917034801849,0.0560333650508854,True,0.2863184210000327,2.0,2.0,2.392017727978254,1.0,6632.0,1.6474999938509427e-05,0.0203663790002792,0.1503328339999825,0.0671006370002942,0.0114327810001668,0.0370126220000202
826,sun3d-home_md-home_md_scan9_2012_sep_30,45,40,sagereg_regen,472,0.7584745762711864,2.643387750936013,0.1487111651223268,True,0.2193050770001718,2.0,2.0,1.9538369123934125,4.0,6236.0,1.5252000139298616e-05,0.010807160999775,0.0881488819995865,0.0625522709997312,0.0092359529999157,0.0484908550001819
827,sun3d-home_md-home_md_scan9_2012_sep_30,46,40,sagereg_regen,1083,0.9141274238227148,0.4348411101066529,0.0176266102646361,True,0.4088515229996119,2.0,2.0,2.433544466895332,2.0,8594.0,2.193599993915996e-05,0.0421165650000148,0.2313578700000107,0.0726915599998392,0.0142193260003296,0.0483756379999249
828,sun3d-home_md-home_md_scan9_2012_sep_30,47,40,sagereg_regen,758,0.8984168865435356,1.5641644203310845,0.04269482017311,True,0.3043321509999259,2.0,2.0,2.272118401444481,3.0,6626.0,1.8453000393492403e-05,0.0220501809999404,0.1582717289998072,0.0678169389998402,0.0119507340000382,0.0441645199998674
829,sun3d-home_md-home_md_scan9_2012_sep_30,49,40,sagereg_regen,290,0.6172413793103448,1.6129548234779676,0.0504414460882695,True,0.1460328809998827,1.9895833333333333,2.0,2.2273819869021723,5.0,4466.0,1.088699991669273e-05,0.00560582099979,0.0335668779998741,0.0608922490000622,0.0075161569998272,0.038398098000016
830,sun3d-home_md-home_md_scan9_2012_sep_30,45,41,sagereg_regen,322,0.7453416149068323,2.5976940675882005,0.0901357389798136,True,0.1738539640000453,2.0,2.0,2.058952910367973,4.0,5822.0,1.1813000128313432e-05,0.0063964829996621,0.0426414039998235,0.0602726309998615,0.0079158280000228,0.0565711240001292
831,sun3d-home_md-home_md_scan9_2012_sep_30,46,41,sagereg_regen,691,0.768451519536903,2.194520076209188,0.0176505335976655,True,0.3055679940002846,2.0,2.0,2.458867656335746,4.0,6700.0,1.608399998076493e-05,0.021953761000077,0.1451045370004067,0.0668900099999518,0.0109053079995646,0.0606403050001063
832,sun3d-home_md-home_md_scan9_2012_sep_30,47,41,sagereg_regen,1610,0.9751552795031057,0.2449879387381894,0.0139711014139677,True,0.5679864050002834,2.0,2.0,2.329402686988973,0.0,7273.0,2.885999992940924e-05,0.0781021080001664,0.3611353390001568,0.0786432099998819,0.0191013860003295,0.0308955479999895
833,sun3d-home_md-home_md_scan9_2012_sep_30,48,41,sagereg_regen,368,0.7961956521739131,1.2203447571691952,0.0293721702557973,True,0.1594548530001702,2.0,2.0,2.645927752039403,2.0,5004.0,1.309100025537191e-05,0.0076500069999383,0.0525404670001989,0.0628142209998259,0.0086018719998719,0.0277874779999365
834,sun3d-home_md-home_md_scan9_2012_sep_30,49,41,sagereg_regen,354,0.6977401129943502,0.9876281308639442,0.0343234559088086,True,0.1721587179999915,2.0,2.0,2.4515746331066564,6.0,5796.0,1.1874999927385945e-05,0.0071138870002869,0.0522499720000269,0.0616607890001432,0.0080454750000171,0.043031701000018
835,sun3d-home_md-home_md_scan9_2012_sep_30,43,42,sagereg_regen,474,0.7215189873417721,2.2626236160696047,0.1491681164357874,True,0.2119739139998273,2.0,2.0,1.6599250428482646,3.0,5819.0,1.468800019210903e-05,0.0110251629998856,0.0847195419996751,0.063502533999781,0.009128475000125,0.0435351199998876
836,sun3d-home_md-home_md_scan9_2012_sep_30,48,42,sagereg_regen,193,0.3316062176165803,3.8077565948876417,0.0936116159491265,True,0.1124408370005767,1.9791666666666667,2.0,2.191035298409558,4.0,4231.0,9.2270001914585e-06,0.0031358599999293,0.0166778779998821,0.0561287360001188,0.0063893579999785,0.030061475000366
837,sun3d-home_md-home_md_scan9_2012_sep_30,49,42,sagereg_regen,194,0.4484536082474227,0.6594176786639716,0.0349748662053972,True,0.1182321609994687,2.0,2.0,2.4648057179244827,6.0,3858.0,9.368999599246308e-06,0.0033713520001583,0.0167775660002007,0.0581299269997543,0.0065387550002924,0.0333657679998395
838,sun3d-home_md-home_md_scan9_2012_sep_30,50,42,sagereg_regen,406,0.6280788177339901,2.15730792317141,0.0947249473737556,True,0.2106168329996762,2.0,2.0,1.847557025172765,4.0,8443.0,1.3186999694880797e-05,0.0086997480002537,0.067980031999923,0.06113153699971,0.0084856720000061,0.064259149999998
839,sun3d-home_md-home_md_scan9_2012_sep_30,51,42,sagereg_regen,236,0.326271186440678,10.819508737352786,0.567957237581958,False,0.1459495489998516,1.9583333333333333,2.0,2.634525986350785,5.0,5352.0,9.313999726145994e-06,0.0041052209999179,0.0263338579998162,0.0570674180003152,0.0066550689998621,0.0517386440001246
840,sun3d-home_md-home_md_scan9_2012_sep_30,45,44,sagereg_regen,179,0.106145251396648,0.3777792123641408,0.1829662584808849,True,0.1266826749997562,1.9479166666666667,2.0,2.299372373950733,6.0,5031.0,8.773999979894143e-06,0.002617205000206,0.0133084720000624,0.0544620450000365,0.006234675000087,0.0500083339998127
841,sun3d-home_md-home_md_scan9_2012_sep_30,46,45,sagereg_regen,583,0.725557461406518,2.1554276991511503,0.1456423096250551,True,0.2760544610000579,1.9895833333333333,2.0,2.240118616463405,2.0,8465.0,1.446799979021307e-05,0.0144459320003988,0.1256930760000614,0.0656591749998369,0.010269359999711,0.0599131700000725
842,sun3d-home_md-home_md_scan9_2012_sep_30,47,46,sagereg_regen,707,0.8444130127298444,2.174039281336806,0.0189348240776347,True,0.2985073759996339,2.0,2.0,2.435033548728133,2.0,6649.0,1.715100006549619e-05,0.0199251740000363,0.1518838009997125,0.0669798879998779,0.011319493999963,0.0483243569997284
843,sun3d-home_md-home_md_scan9_2012_sep_30,48,47,sagereg_regen,355,0.8704225352112676,1.6818868995820373,0.0367364777216676,True,0.1631168620006065,2.0,2.0,2.532735527511909,2.0,4845.0,1.2728999990940792e-05,0.0075286289998075,0.0519454919999589,0.0621556619998955,0.0083135209997635,0.0331159460001799
844,sun3d-home_md-home_md_scan9_2012_sep_30,49,47,sagereg_regen,415,0.8168674698795181,0.8836729363853693,0.0274373903255176,True,0.1889490899998236,2.0,2.0,2.424429030577246,4.0,5749.0,1.4675000329589238e-05,0.0092999969997435,0.0667898390001937,0.0623909040000398,0.0087234489997172,0.0416834069997094
845,sun3d-home_md-home_md_scan9_2012_sep_30,50,47,sagereg_regen,149,0.1812080536912751,2.9326341754549627,0.0768079258774298,True,0.1086995959999512,1.9662921348314608,2.0,2.074598331919744,4.0,3302.0,8.230999810621142e-06,0.0023012869996819,0.0085407089995896,0.0502431160002743,0.0060262440001679,0.0415413910000097
846,sun3d-home_md-home_md_scan9_2012_sep_30,49,48,sagereg_regen,492,0.8821138211382114,0.7451334118122726,0.0106349174345709,True,0.2188005759999214,2.0,2.0,2.247818808520845,4.0,5928.0,1.569699998071883e-05,0.0114109880000796,0.0935710310000104,0.0627732630000537,0.0094324660003621,0.0415475739996509
847,sun3d-home_md-home_md_scan9_2012_sep_30,50,48,sagereg_regen,214,0.2710280373831775,1.6510214024926568,0.0663550564588207,True,0.1320407130001513,1.90625,2.0,2.020024618426328,6.0,4670.0,9.11999995878432e-06,0.0032932469998741,0.0177400570000827,0.0545919880000838,0.0064412429996991,0.0499260199999298
848,sun3d-home_md-home_md_scan9_2012_sep_30,50,49,sagereg_regen,200,0.385,1.681807617561059,0.0692841183924002,True,0.1249673679999432,2.0,2.0,2.089466589149374,5.0,3826.0,9.112000043387525e-06,0.0032361720000153,0.0166316840000035,0.057190096999875,0.0064534349999121,0.0414074689997505
849,sun3d-home_md-home_md_scan9_2012_sep_30,51,50,sagereg_regen,527,0.5977229601518027,1.8959375413606447,0.1037875288602921,True,0.2509858650000751,2.0,2.0,2.453653537758987,6.0,8179.0,1.5533999885519734e-05,0.0130557930001486,0.0941008569998302,0.0661121570001341,0.0092906770000809,0.0683596280000529
850,sun3d-home_md-home_md_scan9_2012_sep_30,52,51,sagereg_regen,503,0.8210735586481114,2.8095208183532745,0.0645336289278415,True,0.2191143249997367,2.0,2.0,2.360280266072924,3.0,5819.0,1.4059000022825783e-05,0.0118185279998215,0.092447656999866,0.0635257630001433,0.0096405290000802,0.0416145529998175
851,sun3d-home_md-home_md_scan9_2012_sep_30,59,51,sagereg_regen,410,0.551219512195122,2.072722805207367,0.0771980684092987,True,0.2004212400001961,2.0,2.0,2.716056110132502,4.0,7249.0,1.293600007556961e-05,0.0092076030000498,0.0654814939998686,0.062395311000273,0.0083551809998425,0.0549219640001865
852,sun3d-home_md-home_md_scan9_2012_sep_30,59,52,sagereg_regen,507,0.6923076923076923,1.911762403361049,0.0476197268269041,True,0.2211661600003935,2.0,2.0,2.090453495629402,3.0,6123.0,1.5410000287374714e-05,0.0116641499998877,0.0928666000004341,0.0630056340000919,0.0092436169998109,0.0443164550001711
853,sun3d-home_md-home_md_scan9_2012_sep_30,54,53,sagereg_regen,153,0.8169934640522876,1.446113206866633,0.0260507814760887,True,0.099818525000046,2.0,2.0,1.9120423931242587,4.0,2224.0,8.69899986355449e-06,0.0030132289998618,0.0139428699999371,0.0574220629996489,0.006506760999855,0.0188848180000604
854,sun3d-home_md-home_md_scan9_2012_sep_30,55,53,sagereg_regen,65,0.0769230769230769,80.04087647002821,1.1338120711687112,False,0.0450266459997692,1.9318181818181817,2.0,1.960052168820139,4.0,1825.0,7.362999895121902e-06,0.0013294519999362,0.0022894139997333,0.0210273090001464,0.0054007050002837,0.0149431499999082
855,sun3d-home_md-home_md_scan9_2012_sep_30,58,53,sagereg_regen,89,0.1348314606741573,1.6126364342577968,0.0426642647976913,True,0.0662069780005367,1.6521739130434785,2.0,1.395510801333432,5.0,1875.0,7.672999799979152e-06,0.0014024110000718,0.0043483399999786,0.0325734269999884,0.0055539479999424,0.022286004000307
856,sun3d-home_md-home_md_scan9_2012_sep_30,59,53,sagereg_regen,82,0.6707317073170732,1.5847561547966758,0.0209895995615549,True,0.0637418270002854,2.0,2.0,2.0105102174370963,3.0,1899.0,7.978000212460756e-06,0.0018096519997925,0.0037871970002925,0.032430598999781,0.0057978099998763,0.0198763580001468
857,sun3d-home_md-home_md_scan9_2012_sep_30,55,54,sagereg_regen,350,0.8485714285714285,0.5213725197384039,0.0184722024979543,True,0.1499855339998248,2.0,2.0,1.791154804576263,1.0,4323.0,1.3048999790044036e-05,0.0069476500002565,0.0508705079996616,0.0621534920001067,0.0084754810000049,0.0214765770001577
858,sun3d-home_md-home_md_scan9_2012_sep_30,56,54,sagereg_regen,275,0.6181818181818182,0.6465581238346848,0.0316610904662428,True,0.1301668960004462,2.0,2.0,2.038182034125329,4.0,3469.0,1.0607000149320813e-05,0.0056468089996997,0.031362233999971,0.0600226639999164,0.0073461309998492,0.025734236000062
859,sun3d-home_md-home_md_scan9_2012_sep_30,57,54,sagereg_regen,276,0.644927536231884,1.1608148207656914,0.040205506882053,True,0.1348819700006061,1.96875,2.0,1.8108967489819765,2.0,4075.0,1.0850000307982556e-05,0.005051239000295,0.0311049540000567,0.0605062489998999,0.0074757520001185,0.030685588000324
860,sun3d-home_md-home_md_scan9_2012_sep_30,58,54,sagereg_regen,261,0.5019157088122606,1.111924707746352,0.0369547672942959,True,0.1371713280000221,1.9375,2.0,1.951555718513672,5.0,4676.0,1.0357000064686872e-05,0.0045786349996888,0.0295715839997683,0.0583819729999959,0.006998767999903,0.0375866809999934
861,sun3d-home_md-home_md_scan9_2012_sep_30,59,54,sagereg_regen,216,0.4259259259259259,1.8820479902605889,0.0695939525751407,True,0.1228666120000525,2.0,2.0,1.4782468063772478,5.0,3423.0,9.499000043433624e-06,0.00353022399986,0.0196024920001036,0.0574888139999529,0.0069920020000608,0.0351972280000154
862,sun3d-home_md-home_md_scan9_2012_sep_30,56,55,sagereg_regen,405,0.8839506172839506,0.7477870190848922,0.021985297488005,True,0.1747876839999662,2.0,2.0,1.9952881727572804,3.0,4745.0,1.3251999916974457e-05,0.0087309370001094,0.0652727000001505,0.0621398779999253,0.0088146350003626,0.029768679999961
863,sun3d-home_md-home_md_scan9_2012_sep_30,57,55,sagereg_regen,373,0.7667560321715817,1.145443518736845,0.0260452320673204,True,0.1715626609998253,2.0,2.0,1.939792069601768,3.0,5305.0,1.344600013908348e-05,0.0075560839995887,0.0550451789999897,0.0627161649999834,0.0083178390000284,0.0378578459999516
864,sun3d-home_md-home_md_scan9_2012_sep_30,58,55,sagereg_regen,303,0.5544554455445545,1.3932061302551724,0.029271609809323,True,0.1530492110000523,1.96875,2.0,1.828939254000692,5.0,5521.0,1.0860000202228548e-05,0.0055435419999412,0.0392455480000535,0.0595794119999482,0.0072896609999588,0.041337139999996
865,sun3d-home_md-home_md_scan9_2012_sep_30,59,55,sagereg_regen,243,0.2510288065843621,1.454111981626002,0.0800469433223078,True,0.1188910549999491,1.96875,2.0,1.766857274635156,4.0,3378.0,1.0088000180985546e-05,0.0038746850000279,0.0237081249997572,0.0563392479998583,0.0068014629996469,0.0281116659998588
866,sun3d-home_md-home_md_scan9_2012_sep_30,57,56,sagereg_regen,542,0.8819188191881919,1.0059255991472738,0.0309093560916482,True,0.2390192180005215,2.0,2.0,2.2640599930950325,2.0,6612.0,1.4049000128579792e-05,0.012561320000259,0.1102815029998964,0.0645164029997431,0.0099175780001132,0.0416762560003007
867,sun3d-home_md-home_md_scan9_2012_sep_30,58,56,sagereg_regen,337,0.6172106824925816,1.5200139189000643,0.0299326697529871,True,0.161942275000456,1.9583333333333333,2.0,2.2006459299858303,3.0,6320.0,1.2272000276425388e-05,0.0068317580003167,0.0471265560004212,0.0607499259999713,0.007811909999873,0.0393644790001417
868,sun3d-home_md-home_md_scan9_2012_sep_30,58,57,sagereg_regen,551,0.7876588021778584,0.8239399457015391,0.0230362575431477,True,0.2508913480000956,2.0,2.0,2.509242373169469,4.0,7783.0,1.5474000065296423e-05,0.0131763320000573,0.1139486420001958,0.0646047390000603,0.0098931599995921,0.0491980480001075
869,sun3d-home_md-home_md_scan9_2012_sep_30,59,58,sagereg_regen,311,0.4823151125401929,1.4214958696176296,0.0585818840287398,True,0.1503895129999364,1.9479166666666667,2.0,2.591127334747807,4.0,4680.0,1.1160000212839805e-05,0.0056933259998004,0.0397536840000611,0.0607526549997601,0.0076494750001074,0.0364809729999251
870,sun3d-hotel_uc-scan3,1,0,sagereg_regen,1132,0.8869257950530035,1.355009118645774,0.0382700742557788,True,0.4688272270000198,2.0,2.0,2.4824227817112283,5.0,11317.0,2.0900999970763223e-05,0.0423754140001619,0.2496071370001118,0.071748836000097,0.0147868589997415,0.0902130689996738
871,sun3d-hotel_uc-scan3,2,0,sagereg_regen,469,0.7228144989339019,1.697818011405753,0.049913506951482,True,0.2326846270002533,1.9895833333333333,2.0,2.3857160009743694,3.0,7764.0,1.330900022367132e-05,0.0109034339998288,0.0838730830000713,0.0629559740000331,0.0090621499998633,0.0658244910000576
872,sun3d-hotel_uc-scan3,3,0,sagereg_regen,482,0.7531120331950207,1.3431706910196086,0.0579770314937434,True,0.2451740039996366,2.0,2.0,2.584631961908048,4.0,9996.0,1.5203999737423146e-05,0.0113217289999738,0.085455954000281,0.0628916249997928,0.0091372480001155,0.0762999439998566
873,sun3d-hotel_uc-scan3,10,0,sagereg_regen,876,0.889269406392694,1.0381994857117751,0.0509410624329418,True,0.3722058219996143,2.0,2.0,2.687305284218596,6.0,9066.0,1.8740999621513765e-05,0.0277696119997017,0.1887574239999594,0.0712197130001186,0.0129034550000142,0.071471332999863
874,sun3d-hotel_uc-scan3,19,0,sagereg_regen,324,0.5,1.385420335320886,0.0320656319306962,True,0.1766614019998087,1.9895833333333333,2.0,2.229961816431936,4.0,7541.0,1.1844999789900612e-05,0.0065517049997652,0.0432837769999423,0.0606645940001726,0.0074918139998771,0.0586143810000976
875,sun3d-hotel_uc-scan3,35,0,sagereg_regen,431,0.2111368909512761,1.7975369169291875,0.0777173218277013,True,0.2142353689996525,1.9895833333333333,2.0,2.139654269509423,5.0,7006.0,1.2893999610241735e-05,0.0089410969999335,0.0716241559998707,0.0602892800002337,0.0072846739999476,0.0660355119998712
876,sun3d-hotel_uc-scan3,36,0,sagereg_regen,288,0.6527777777777778,1.991493668721928,0.0859544005414235,True,0.1637754769999446,1.9895833333333333,2.0,2.818568221174413,3.0,7082.0,1.1030999758077089e-05,0.0052741740000783,0.0356894090000423,0.0603788290000011,0.0075538310002229,0.054825909000101
877,sun3d-hotel_uc-scan3,43,0,sagereg_regen,256,0.5234375,2.6192360675710624,0.1391009112952819,True,0.1464368690003539,2.0,2.0,2.336255159100024,4.0,5330.0,9.90899980024551e-06,0.0044560949995684,0.0279055010000774,0.0597002979998251,0.0072555279998596,0.0470678750002662
878,sun3d-hotel_uc-scan3,44,0,sagereg_regen,589,0.8251273344651953,1.7975930587841091,0.0974604409197373,True,0.2606491230003485,2.0,2.0,2.6895531112532614,3.0,7294.0,1.4741000086360144e-05,0.014421115999994,0.1174221740002394,0.0653204139998706,0.0102635919997737,0.0531506800002716
879,sun3d-hotel_uc-scan3,45,0,sagereg_regen,697,0.8206599713055954,0.9433960627694482,0.0518938384889387,True,0.3178317990000323,2.0,2.0,2.8084361285343515,5.0,8491.0,1.6180000329768518e-05,0.0222802670000419,0.1483342360002097,0.0676352740001675,0.0111783930001365,0.0683302509996792
880,sun3d-hotel_uc-scan3,54,0,sagereg_regen,314,0.7165605095541401,1.5158352938370152,0.0643652996902537,True,0.1703487860004315,2.0,2.0,1.873483871578604,6.0,5806.0,1.1530999927344965e-05,0.0063268270000662,0.0403762010000718,0.0603682149999258,0.0077657450001424,0.055454741000176
881,sun3d-hotel_uc-scan3,2,1,sagereg_regen,685,0.8160583941605839,0.54555717930687,0.0253926258204827,True,0.32697611399999,2.0,2.0,2.47992093624681,4.0,9334.0,1.693700005489518e-05,0.0193352689998391,0.1533332580002024,0.0684817370001837,0.0113665459998628,0.0743855620003159
882,sun3d-hotel_uc-scan3,3,1,sagereg_regen,674,0.8130563798219584,0.5811419997806095,0.0370214842807915,True,0.3069761669999025,2.0,2.0,2.416721909758456,3.0,10315.0,1.679599972703727e-05,0.0179139319998284,0.1418559799999457,0.0659074210002472,0.0109924319999663,0.0702298810001593
883,sun3d-hotel_uc-scan3,10,1,sagereg_regen,961,0.8813735691987513,2.0173213642359484,0.0815849518054293,True,0.4061932339996019,2.0,2.0,2.7545052660699563,6.0,8926.0,2.0257999949535588e-05,0.0327500459998191,0.2136011490001692,0.0705357540000477,0.0133427169998867,0.0758790119998593
884,sun3d-hotel_uc-scan3,11,1,sagereg_regen,260,0.3961538461538461,0.6509095284942955,0.0168714930203627,True,0.1383709540000381,2.0,2.0,2.136966325998649,3.0,5128.0,1.0944000223389594e-05,0.0048211480002464,0.0274032820002503,0.0591822480000701,0.0068402560000322,0.0400685969998448
885,sun3d-hotel_uc-scan3,35,1,sagereg_regen,578,0.3615916955017301,0.5866818497208767,0.0337455592366803,True,0.2774663449999934,1.9895833333333333,2.0,2.1643973037110995,6.0,8360.0,1.5732000065327156e-05,0.0134252839998225,0.1156287329999941,0.0647171059999891,0.0087858319998304,0.0748385080000844
886,sun3d-hotel_uc-scan3,43,1,sagereg_regen,262,0.3625954198473282,4.487938147778655,0.1849219035723645,True,0.1421225210001466,1.9375,2.0,2.310274123391897,3.0,5796.0,1.042299982145778e-05,0.0043279000001348,0.0274364389997572,0.056984107000062,0.0067584020002868,0.0465643480001745
887,sun3d-hotel_uc-scan3,44,1,sagereg_regen,459,0.6928104575163399,3.092169003366681,0.152018187377894,True,0.2161705870003061,2.0,2.0,2.68834564581945,3.0,7580.0,1.392800004396122e-05,0.0107158579999122,0.0785433880000709,0.0634556889999657,0.0089856360000339,0.0544021929999871
888,sun3d-hotel_uc-scan3,45,1,sagereg_regen,589,0.7640067911714771,1.237379680074679,0.0704349480420344,True,0.2829329690002851,2.0,2.0,2.558893059867137,4.0,9339.0,1.5170000096986769e-05,0.0148054889996274,0.1290067629997793,0.065402904000166,0.0101464310000665,0.0634976180003832
889,sun3d-hotel_uc-scan3,54,1,sagereg_regen,316,0.6360759493670886,2.072461388097973,0.0720635770882334,True,0.1785112190004838,2.0,2.0,2.010740372405684,6.0,7347.0,1.5532000361417886e-05,0.0062185150000004,0.0413088330001301,0.062483616999998,0.0080037900002025,0.06043152500024
890,sun3d-hotel_uc-scan3,3,2,sagereg_regen,537,0.7150837988826816,1.1423021496429653,0.0577677021038464,True,0.2491157359995668,2.0,2.0,2.369546340657142,2.0,8428.0,1.468499976908788e-05,0.012911093999719,0.1026942009998492,0.0643202699998255,0.0097137140000995,0.0594055769997794
891,sun3d-hotel_uc-scan3,10,2,sagereg_regen,484,0.8181818181818182,1.4682033330865474,0.0243423523184572,True,0.2136866040000313,1.9895833333333333,2.0,2.415220887904683,1.0,6605.0,1.5451999843207886e-05,0.011046350000015,0.090891086999818,0.0630067570000392,0.0092631799998343,0.0394145119998938
892,sun3d-hotel_uc-scan3,11,2,sagereg_regen,300,0.46,3.0305378874216657,0.0826788856332287,True,0.1587980389999757,2.0,2.0,1.951447473789723,3.0,6576.0,1.1572999937925488e-05,0.0057536929998605,0.0390957720001097,0.0594216360000245,0.0075350110000727,0.0469367269997746
893,sun3d-hotel_uc-scan3,34,2,sagereg_regen,217,0.3502304147465437,4.574605751024205,0.2178602232725305,True,0.1509757169997101,1.9895833333333333,2.0,2.0235080502686804,6.0,6814.0,9.854999916569795e-06,0.0040506599998479,0.0228196339999158,0.0596669569999903,0.0068317299997033,0.0575494849999813
894,sun3d-hotel_uc-scan3,35,2,sagereg_regen,412,0.5,0.8237571825528645,0.0353115687063521,True,0.2170192570001745,2.0,2.0,2.226586116905526,4.0,9130.0,1.276500006497372e-05,0.0091163950000918,0.0656389099999614,0.061741942000026,0.0079899080001268,0.0724718239998765
895,sun3d-hotel_uc-scan3,43,2,sagereg_regen,250,0.392,2.3539116114966787,0.0895925801002459,True,0.1386028889996851,2.0,2.0,2.131756345987155,3.0,5578.0,9.730999863677424e-06,0.0041115720000561,0.0266560770000978,0.0563747559999683,0.0065845499998431,0.0448252910000519
896,sun3d-hotel_uc-scan3,44,2,sagereg_regen,400,0.745,1.9921336569519776,0.0789756435457923,True,0.1970220659995902,1.9583333333333333,2.0,2.073101826578227,4.0,6587.0,1.3386999853537418e-05,0.0083730639998975,0.0620612699999583,0.0607337269998424,0.0084709399998246,0.0573198089996367
897,sun3d-hotel_uc-scan3,45,2,sagereg_regen,518,0.6698841698841699,1.1649741264224076,0.0496070814883739,True,0.2414015790000121,2.0,2.0,1.91011323901973,3.0,8546.0,1.557299992782646e-05,0.0123402379999788,0.0992533519997778,0.0644728009997379,0.0094227429999591,0.055846418999863
898,sun3d-hotel_uc-scan3,46,2,sagereg_regen,382,0.518324607329843,4.035734939837012,0.1120269564119396,True,0.1959535579999283,2.0,2.0,2.0689011589784885,5.0,7128.0,1.2100999811082149e-05,0.0081399959999544,0.0601798130001043,0.0609783579998293,0.0083716509998339,0.0582238020001568
899,sun3d-hotel_uc-scan3,53,2,sagereg_regen,246,0.3780487804878049,3.555584908272816,0.075354100677986,True,0.1608104779998029,2.0,2.0,2.073198258597811,5.0,6439.0,9.760000011738155e-06,0.0045388579997052,0.0276513440003327,0.0587385479998374,0.0068659459998343,0.0629627029998118
900,sun3d-hotel_uc-scan3,54,2,sagereg_regen,529,0.7051039697542533,1.5840061529848617,0.0444332999776943,True,0.2421965070002443,2.0,2.0,2.1352183677877496,2.0,9260.0,1.6539000171178486e-05,0.0124106289999872,0.1064013390000582,0.0645308250000198,0.0098149909999847,0.048966448000101
901,sun3d-hotel_uc-scan3,10,3,sagereg_regen,482,0.6452282157676349,1.5093765815883602,0.0742193758383851,True,0.2293910670000514,2.0,2.0,2.504578091488869,4.0,6883.0,1.4986000223871088e-05,0.0109585740001421,0.0854281780002566,0.0642504669999652,0.0091244310001457,0.0595604519999142
902,sun3d-hotel_uc-scan3,35,3,sagereg_regen,418,0.5263157894736842,0.7187923434681,0.0391505996872423,True,0.2070709199997509,2.0,2.0,2.289796175394784,3.0,8788.0,1.2556000001495704e-05,0.0089284559999214,0.0663428130001193,0.0612794730000132,0.0082127919999948,0.0622464049997688
903,sun3d-hotel_uc-scan3,45,3,sagereg_regen,378,0.6878306878306878,2.2562987263015954,0.1224625832354986,True,0.1929325259998222,2.0,2.0,2.3123653103576225,5.0,7543.0,1.2556999990920303e-05,0.0077754950002599,0.0519032940001125,0.0609965349999583,0.0081220209999628,0.0640770329996485
904,sun3d-hotel_uc-scan3,54,3,sagereg_regen,239,0.4937238493723849,2.8493106719225105,0.1243061364045191,True,0.1404747230003522,1.9791666666666667,2.0,2.2202602365996817,4.0,6112.0,9.920000138663454e-06,0.0042074980001416,0.0226846229998045,0.0583391590002975,0.0070648289997734,0.0481227380000746
905,sun3d-hotel_uc-scan3,5,4,sagereg_regen,171,0.5555555555555556,1.1064687550487975,0.0342399311455592,True,0.1195586670000921,2.0,2.0,2.6110224888977576,6.0,4290.0,8.588999662606511e-06,0.0031131790001381,0.0138376999998399,0.060334222000165,0.0068641459997706,0.0353545990001293
906,sun3d-hotel_uc-scan3,6,4,sagereg_regen,145,0.1586206896551724,0.5799772646381995,0.0151729704266773,True,0.0918684349999239,1.9166666666666667,2.0,2.4079922042226585,2.0,3937.0,8.056999831751455e-06,0.0020624509998015,0.0092705759998352,0.0503745410001101,0.0056918929999483,0.0244213659998422
907,sun3d-hotel_uc-scan3,9,4,sagereg_regen,363,0.7052341597796143,1.267369588959515,0.0301702770607837,True,0.1889574709998669,2.0,2.0,1.890238554148387,5.0,6945.0,1.2162999610154657e-05,0.0077837909998379,0.0551329679997252,0.0612044650001735,0.0081165750002583,0.0566596799999388
908,sun3d-hotel_uc-scan3,10,4,sagereg_regen,310,0.5806451612903226,1.4951511199193974,0.0438099252528022,True,0.1511823549999462,1.9895833333333333,2.0,2.038632364997458,3.0,4412.0,1.1689000075421063e-05,0.0060016749998794,0.0390658520000215,0.0609861769999042,0.0078035850001469,0.03726616799986
909,sun3d-hotel_uc-scan3,18,4,sagereg_regen,218,0.1376146788990825,0.5848525652985584,0.078836457736709,True,0.1088484590004554,1.8958333333333333,2.0,1.83662936950026,2.0,3985.0,9.096000212593935e-06,0.0033452389998274,0.0175402500003656,0.0528116159998717,0.0064049560000967,0.0286970500001189
910,sun3d-hotel_uc-scan3,19,4,sagereg_regen,256,0.375,0.5295414596813551,0.0663435890372725,True,0.1263516459998754,1.9895833333333333,2.0,1.971280373261751,2.0,4163.0,1.068800020220806e-05,0.0048612390000926,0.0291235110003071,0.0593636490002609,0.0068840020003335,0.0260631979999743
911,sun3d-hotel_uc-scan3,20,4,sagereg_regen,255,0.4117647058823529,1.2710166050950091,0.1205681822866482,True,0.1438033879999238,1.9479166666666667,2.0,2.296352578437148,6.0,5269.0,9.924000096361851e-06,0.0045269730003383,0.0271525299999666,0.0581005779999941,0.0068028240002604,0.047167963999982
912,sun3d-hotel_uc-scan3,36,4,sagereg_regen,361,0.6177285318559557,0.7488554866601783,0.0748357709079215,True,0.1855974059999425,2.0,2.0,1.955053550228657,5.0,6193.0,1.2896000043838283e-05,0.0076001749998795,0.0513074069999675,0.0620353880003676,0.0081798100000014,0.0564133039997614
913,sun3d-hotel_uc-scan3,37,4,sagereg_regen,173,0.4450867052023121,1.385573199449533,0.0429430861950397,True,0.103850338000484,1.9895833333333333,2.0,2.398353902271056,1.0,3549.0,9.348000276077071e-06,0.0030245230000218,0.013752844999999,0.0579764560002331,0.0065480879998176,0.0224949510002261
914,sun3d-hotel_uc-scan3,6,5,sagereg_regen,286,0.7517482517482518,0.9200266210491302,0.0138413884711749,True,0.1488195410001935,2.0,2.0,2.439408246729448,4.0,6261.0,1.1084000107075552e-05,0.0053651160001209,0.0348046989997783,0.0600899129999561,0.0077210170002217,0.0407777020000139
915,sun3d-hotel_uc-scan3,7,5,sagereg_regen,214,0.4719626168224299,0.8015945725029312,0.0380180427213125,True,0.1330859989998316,2.0,2.0,2.1067417445753454,5.0,5300.0,9.271000180888224e-06,0.004030436999983,0.0219767190001221,0.0586272890000145,0.0066103619997193,0.0417901169998913
916,sun3d-hotel_uc-scan3,8,5,sagereg_regen,142,0.4929577464788732,1.4977060257603445,0.0427516683373412,True,0.1047015229996759,2.0,2.0,1.906435437498318,4.0,4180.0,8.420000085607171e-06,0.0024885970001378,0.0109650419999525,0.0563135810002677,0.0062082139997983,0.0286787839995668
917,sun3d-hotel_uc-scan3,9,5,sagereg_regen,149,0.4228187919463087,4.308567965335031,0.0959587223941195,True,0.1176880360003451,2.0,2.0,2.693690309138669,5.0,4063.0,8.604999948147452e-06,0.0025063420002879,0.0114144320000377,0.0575671669998882,0.0063830359999883,0.0397687320000841
918,sun3d-hotel_uc-scan3,37,5,sagereg_regen,353,0.8073654390934845,1.1706629849870156,0.0308265803260164,True,0.1726419860001442,2.0,2.0,2.443792916620016,5.0,5394.0,1.2104999768780544e-05,0.007148545000291,0.05312030199957,0.0625894419999895,0.0083477729999685,0.0413788340001701
919,sun3d-hotel_uc-scan3,38,5,sagereg_regen,189,0.6402116402116402,1.4097435089976742,0.0163555771958313,True,0.1193424120001509,2.0,2.0,2.40752050925856,5.0,4389.0,9.232000138581498e-06,0.0034670299996832,0.0177168139998684,0.0583153400002629,0.006642155999998,0.0331530280000151
920,sun3d-hotel_uc-scan3,39,5,sagereg_regen,148,0.2702702702702703,2.400005421916471,0.0576125048376579,True,0.1074711120004394,1.9479166666666667,2.0,2.09893635031574,5.0,4216.0,7.976000233611558e-06,0.0025842499999271,0.0115910630001963,0.054897733999951,0.0061403370000334,0.0322119620000194
921,sun3d-hotel_uc-scan3,40,5,sagereg_regen,133,0.2781954887218045,2.742596858920576,0.0718448559085677,True,0.1020906029998514,2.0,2.0,1.983117766839184,5.0,4141.0,8.25100005386048e-06,0.0024668529999871,0.0083595290002449,0.0511612390000664,0.0062124319997565,0.0338404669996634
922,sun3d-hotel_uc-scan3,41,5,sagereg_regen,118,0.3220338983050847,1.2282838139893892,0.0609536291473681,True,0.0842473879997669,1.986842105263158,2.0,2.1016365746328067,4.0,3796.0,7.67499977882835e-06,0.002056537000044,0.0063108640001701,0.0430050929999197,0.0058654600002228,0.026965662999828
923,sun3d-hotel_uc-scan3,7,6,sagereg_regen,504,0.7757936507936508,2.5942554991041846,0.0696663373434727,True,0.2244889220005461,2.0,2.0,2.8067484107734813,4.0,6916.0,1.5848000202822732e-05,0.0118581330002598,0.0960759300000972,0.0633805150000625,0.0093308750001597,0.043774556000244
924,sun3d-hotel_uc-scan3,8,6,sagereg_regen,323,0.6718266253869969,2.2665149140481584,0.0625214437157197,True,0.1555378939997354,2.0,2.0,2.4631936056359565,3.0,5376.0,1.2078000054316362e-05,0.0066122429998358,0.0432256929998402,0.0617598660001021,0.0078808680000292,0.0360016569998151
925,sun3d-hotel_uc-scan3,9,6,sagereg_regen,220,0.4727272727272727,3.335411859131953,0.0451552298090517,True,0.1351741580001544,2.0,2.0,2.65310141124917,4.0,4339.0,9.582000075170072e-06,0.003940792999856,0.0207321409998257,0.0601174510002238,0.0070372080003835,0.0432957580001129
926,sun3d-hotel_uc-scan3,37,6,sagereg_regen,335,0.6865671641791045,1.2988448373459704,0.0378838060782082,True,0.1714708819999941,2.0,2.0,2.620234287083336,6.0,6523.0,1.251699995918898e-05,0.0068800099998043,0.0474805639996702,0.0619465559998388,0.0080351919996246,0.0470696900001712
927,sun3d-hotel_uc-scan3,38,6,sagereg_regen,276,0.6195652173913043,3.065361224835106,0.0447307340522688,True,0.1470446819998869,1.9895833333333333,2.0,2.5427718453661097,3.0,5049.0,1.0801999906107085e-05,0.0051055330000053,0.0358609400000204,0.0607634630000575,0.0073778360001597,0.0378849540002192
928,sun3d-hotel_uc-scan3,39,6,sagereg_regen,182,0.4230769230769231,2.323738829119704,0.0384726273011484,True,0.1219258920000356,1.9895833333333333,2.0,2.344564714906036,6.0,4876.0,8.827999863569858e-06,0.0031920470000841,0.0174543200000698,0.0573497290001796,0.0064640959999451,0.0374156309999307
929,sun3d-hotel_uc-scan3,40,6,sagereg_regen,209,0.5645933014354066,3.438700099468807,0.0961997693755132,True,0.1306055659997582,2.0,2.0,2.572435935892026,3.0,5130.0,9.25899985304568e-06,0.0038084699999672,0.0211280299999998,0.0593967960003283,0.0071503919998576,0.0390700079997259
930,sun3d-hotel_uc-scan3,41,6,sagereg_regen,231,0.5627705627705628,4.44913011482648,0.1247780959158317,True,0.1303590590000567,2.0,2.0,2.3950991322165267,4.0,4899.0,9.874000170384534e-06,0.0042859740001404,0.0247542319998501,0.0597979909998684,0.0071481589998256,0.0343167579999317
931,sun3d-hotel_uc-scan3,8,7,sagereg_regen,423,0.7966903073286052,1.5733459279836997,0.0351830793068922,True,0.1889294339998741,2.0,2.0,2.7712468200985976,4.0,5693.0,1.442399980078335e-05,0.0092465399998218,0.0719228809998639,0.0623963570001251,0.008935455000028,0.0363668330001019
932,sun3d-hotel_uc-scan3,37,7,sagereg_regen,225,0.6577777777777778,2.1147014670543114,0.0708241825877643,True,0.1427738620000127,2.0,2.0,2.6316831175634063,3.0,6240.0,9.95800019154558e-06,0.0043934639998042,0.0246743689999675,0.0590191189999131,0.0072726620001049,0.0473604809999415
933,sun3d-hotel_uc-scan3,38,7,sagereg_regen,331,0.7099697885196374,1.093888460857101,0.0279570242243332,True,0.1656039579993375,2.0,2.0,2.34369169241881,5.0,5485.0,1.400199971612892e-05,0.0067278330002409,0.0481624369999735,0.0619136840000464,0.008098807999886,0.04064305699967
934,sun3d-hotel_uc-scan3,39,7,sagereg_regen,166,0.6024096385542169,1.1565420754437947,0.0273278532839445,True,0.1219736470002317,2.0,2.0,2.6915650741422708,6.0,5068.0,8.698000328877242e-06,0.0030414460002248,0.0149846630001775,0.0580735399998957,0.0066527230001156,0.0391727490000448
935,sun3d-hotel_uc-scan3,40,7,sagereg_regen,273,0.6703296703296703,1.420350194101739,0.0506665704007182,True,0.1494690710001123,2.0,2.0,2.8298002687829644,6.0,5890.0,1.0723999821493637e-05,0.0051826760000039,0.0334788159998424,0.0607812700000067,0.0074196659998051,0.0425528770001619
936,sun3d-hotel_uc-scan3,41,7,sagereg_regen,246,0.6869918699186992,1.5018328078743717,0.0400508365812053,True,0.1437127919998602,2.0,2.0,2.807887907477567,6.0,5687.0,1.0491000011825236e-05,0.0046732569999221,0.0286292380001214,0.0597969890000058,0.0074344390000078,0.0431159919999117
937,sun3d-hotel_uc-scan3,9,8,sagereg_regen,292,0.6267123287671232,1.339824637270015,0.0252333351585394,True,0.1524359459999686,1.9895833333333333,2.0,2.4237836009408347,5.0,4570.0,1.0974999895552172e-05,0.0054767790002188,0.0343167340001855,0.0614824829999633,0.0076879870002812,0.0434180140000535
938,sun3d-hotel_uc-scan3,36,8,sagereg_regen,203,0.1477832512315271,0.7557556016448822,0.0457521789669959,True,0.1219760440003483,1.9479166666666667,2.0,1.8313670825163275,4.0,3956.0,9.046999821293866e-06,0.0029857290001018,0.0181230510002023,0.0523367699997834,0.006146630999865,0.0423329570003261
939,sun3d-hotel_uc-scan3,37,8,sagereg_regen,200,0.52,1.0748871284859252,0.0259899477892242,True,0.1306748319998405,2.0,2.0,2.298289852757184,4.0,5429.0,8.686999990459299e-06,0.0035505280002325,0.0201051630001529,0.058968489000108,0.0065721330001906,0.0414262119998056
940,sun3d-hotel_uc-scan3,38,8,sagereg_regen,150,0.38,2.633648594060387,0.0501602482469675,True,0.1135532210000747,1.9895833333333333,2.0,2.7103861457775738,6.0,4493.0,8.230999810621142e-06,0.0026778420001392,0.0138828750000357,0.055892082000355,0.0063337589999719,0.0347181980000641
941,sun3d-hotel_uc-scan3,39,8,sagereg_regen,189,0.6984126984126984,2.3105494184685726,0.0389015558602456,True,0.1229990839997299,2.0,2.0,2.634338321310949,6.0,4537.0,9.594999937689865e-06,0.0034980420000465,0.0182675169999129,0.0591800360002707,0.0070142729996405,0.0349878689999059
942,sun3d-hotel_uc-scan3,40,8,sagereg_regen,334,0.7425149700598802,1.04611126999972,0.0522089002850405,True,0.1598653279997961,2.0,2.0,2.667409770838952,6.0,5107.0,1.2439999864000129e-05,0.0069070580002517,0.0441079099996386,0.0618548150000606,0.008306389000154,0.0386279159997684
943,sun3d-hotel_uc-scan3,41,8,sagereg_regen,353,0.7847025495750708,1.2596025459671494,0.0435555371745035,True,0.1678462200002286,2.0,2.0,2.7441117725303976,5.0,5553.0,1.2177000371593747e-05,0.0071791720001783,0.0490162010000858,0.061431395999989,0.0083298959998501,0.0418310320001182
944,sun3d-hotel_uc-scan3,42,8,sagereg_regen,151,0.3178807947019867,1.0654516438882045,0.0250976174003225,True,0.0999347130000387,1.9791666666666667,2.0,2.13710117437548,3.0,3296.0,8.290000096167205e-06,0.0023412099999404,0.0102864690002206,0.0558451739998417,0.0062921909998294,0.0251173460001155
945,sun3d-hotel_uc-scan3,10,9,sagereg_regen,582,0.7542955326460481,1.9177886946002785,0.0528033269077754,True,0.2740369259995532,2.0,2.0,2.346888207693438,4.0,7308.0,1.5123999673960498e-05,0.0145955370003321,0.1215980440001658,0.0673910470000009,0.0102155549998315,0.060161422999954
946,sun3d-hotel_uc-scan3,20,9,sagereg_regen,238,0.2310924369747899,1.770072678242649,0.1146654902831931,True,0.1402942839999923,1.9375,2.0,1.950204971555901,6.0,5424.0,1.0046000170405024e-05,0.0040146420001292,0.0221813470002416,0.0557844740001201,0.0065784620001068,0.0516830910000862
947,sun3d-hotel_uc-scan3,36,9,sagereg_regen,441,0.6167800453514739,0.3910100413841126,0.0285512778033289,True,0.2148927519997414,2.0,2.0,2.421873430780316,3.0,8607.0,1.3619000128528567e-05,0.0097321230000488,0.0719854710000618,0.0626619739996385,0.0085260729997571,0.0619250429999738
948,sun3d-hotel_uc-scan3,43,9,sagereg_regen,270,0.2,0.8795344007681616,0.0227809703859856,True,0.1433015689999592,1.9166666666666667,2.0,2.161799881417729,2.0,6141.0,1.003399984256248e-05,0.0044163079996906,0.0301440349999211,0.0563138849997812,0.0066406290002305,0.0457322430002022
949,sun3d-hotel_uc-scan3,44,9,sagereg_regen,303,0.3465346534653465,4.579606842521603,0.1379803021449647,True,0.1619058569999651,1.96875,2.0,1.8225959129690064,5.0,6899.0,1.0718999874370638e-05,0.0052869899996039,0.0331958840001789,0.0607407990000865,0.007331004000207,0.0552926840000509
950,sun3d-hotel_uc-scan3,45,9,sagereg_regen,265,0.230188679245283,3.3231079120338527,0.1033199462600507,True,0.1456570370000918,1.9375,2.0,2.083404645157573,5.0,5860.0,9.91300021269126e-06,0.0041481220000605,0.026207271000203,0.0571719720001056,0.0066850670000349,0.0513910720001149
951,sun3d-hotel_uc-scan3,18,10,sagereg_regen,280,0.3571428571428571,1.2379999746442965,0.0691039880122032,True,0.1514411309999559,1.9895833333333333,2.0,2.118989872475218,2.0,7213.0,1.1013999937858898e-05,0.0049936740001612,0.0304546200000004,0.0594266809998771,0.0068768229998568,0.0496336470000642
952,sun3d-hotel_uc-scan3,19,10,sagereg_regen,315,0.473015873015873,2.151575073252236,0.0392838435264613,True,0.1714885780006625,2.0,2.0,2.173933171835718,5.0,6386.0,1.122799994845991e-05,0.0061669929996241,0.0410786809998171,0.0604734549997374,0.0077499710000665,0.0559555480003837
953,sun3d-hotel_uc-scan3,20,10,sagereg_regen,258,0.3023255813953488,2.43028607193818,0.1230440216275222,True,0.1550224520001393,1.9479166666666667,2.0,2.566785390205032,4.0,7018.0,1.0113999906025128e-05,0.0044132510001873,0.0279423390002193,0.0593209680000654,0.0069875069998488,0.0563044320001608
954,sun3d-hotel_uc-scan3,35,10,sagereg_regen,531,0.2015065913370998,2.5128021503072424,0.1178721784221161,True,0.2273356899995633,2.0,2.0,1.698486333985694,3.0,4583.0,1.4399000065168366e-05,0.0120489539999653,0.1027230919999055,0.0619652810000843,0.0076493040000968,0.0428784339997037
955,sun3d-hotel_uc-scan3,36,10,sagereg_regen,547,0.7440585009140768,1.6168096463559167,0.0661706404073977,True,0.2548002650000853,2.0,2.0,2.9063929061143963,3.0,8618.0,1.5544000234513078e-05,0.0131667249997917,0.1073621929999717,0.0645968940002603,0.0096279029999095,0.0599793500000487
956,sun3d-hotel_uc-scan3,43,10,sagereg_regen,336,0.4523809523809524,1.2195383491999132,0.0649503705307138,True,0.1748429619997296,1.9895833333333333,2.0,2.252181902961828,4.0,6868.0,1.1914999959117267e-05,0.0063389000001734,0.0428665720000935,0.0599816190001547,0.007442876999903,0.0581552099997679
957,sun3d-hotel_uc-scan3,44,10,sagereg_regen,608,0.8174342105263158,0.9817744111942128,0.0522332522082222,True,0.2848051910000322,1.9895833333333333,2.0,2.6519386088756063,5.0,8766.0,1.5040000107546804e-05,0.0152715280000848,0.1267335779998575,0.0666556870000931,0.0106241040002714,0.0654508739999073
958,sun3d-hotel_uc-scan3,45,10,sagereg_regen,574,0.7334494773519163,0.838153129238664,0.0352589322146969,True,0.2715150509998238,2.0,2.0,2.7674306973306964,4.0,9627.0,1.4813000234426e-05,0.0142895279996082,0.120539946000008,0.0654029029997218,0.0102922729997771,0.0609148969997477
959,sun3d-hotel_uc-scan3,54,10,sagereg_regen,244,0.4713114754098361,1.9090206188442955,0.0788472327703441,True,0.1265384330004053,1.96875,2.0,1.6099866322333145,1.0,4957.0,9.680999937700108e-06,0.0041581830000723,0.0241968899999847,0.0577411429999301,0.0067030219997832,0.0336870850001105
960,sun3d-hotel_uc-scan3,34,11,sagereg_regen,292,0.410958904109589,2.028520869490207,0.0941376312666317,True,0.1732585099998687,1.9895833333333333,2.0,2.042450035862952,6.0,8715.0,1.0665999980119524e-05,0.0054311710000547,0.0341059209999912,0.0603400300001339,0.0073883939999177,0.0659384460000183
961,sun3d-hotel_uc-scan3,35,11,sagereg_regen,327,0.5596330275229358,1.1338239470405849,0.0505557074366117,True,0.1864884490005351,1.9895833333333333,2.0,2.0097335971766506,5.0,8118.0,1.10099999801605e-05,0.0063289740000982,0.0432726819999516,0.0617643609998594,0.0078842379998604,0.0671800640002402
962,sun3d-hotel_uc-scan3,46,11,sagereg_regen,384,0.6380208333333334,1.2842445183965605,0.0393764370769405,True,0.1930420660000891,2.0,2.0,1.7959706178958106,5.0,7166.0,1.285600001210696e-05,0.0082469459998719,0.0591887569999016,0.0621627659998011,0.0084727840003324,0.0549084770000263
963,sun3d-hotel_uc-scan3,47,11,sagereg_regen,143,0.0979020979020979,4.597581971370871,0.134594457514727,True,0.1164422879996891,1.8541666666666667,2.0,2.2292741838103693,6.0,4942.0,8.1419998423371e-06,0.0020806379998248,0.0095021309998628,0.0487556890002451,0.0056274060002579,0.0504297739998946
964,sun3d-hotel_uc-scan3,53,11,sagereg_regen,243,0.3086419753086419,0.9330968164169544,0.041902922944175,True,0.1511811459995442,1.9895833333333333,2.0,1.659714646170961,6.0,6457.0,1.001999999061809e-05,0.0042554179999569,0.0246485250004298,0.057477419999941,0.0067662750002455,0.0579781439996622
965,sun3d-hotel_uc-scan3,54,11,sagereg_regen,290,0.4241379310344828,1.3162115360927464,0.0687590095116765,True,0.162345863000155,2.0,2.0,1.700167303850218,6.0,6942.0,1.059099986377987e-05,0.0058165529999314,0.0338763459999427,0.0608277370001815,0.0074476179997873,0.0543180640001992
966,sun3d-hotel_uc-scan3,13,12,sagereg_regen,362,0.6353591160220995,0.3050536756724525,0.0121693933937696,True,0.1673974590003126,1.9895833333333333,2.0,2.398006797564172,5.0,4396.0,1.2703999800578458e-05,0.0071999309998318,0.0488739749998785,0.0623784320000595,0.0081458519998705,0.0407360980002522
967,sun3d-hotel_uc-scan3,32,12,sagereg_regen,285,0.6210526315789474,1.174818431108796,0.0537431329424994,True,0.1408465929998783,1.9583333333333333,2.0,2.2290286744037733,4.0,4983.0,1.0371999906055862e-05,0.0054353020000235,0.03519061399993,0.0582414359996619,0.0073729969999476,0.0345505899999807
968,sun3d-hotel_uc-scan3,33,12,sagereg_regen,495,0.703030303030303,2.995549893066946,0.11572685699218,True,0.2312279750003654,2.0,2.0,2.5637784502411325,3.0,7105.0,1.5466999684576876e-05,0.0117009090004103,0.0931916500003353,0.0628389680000509,0.0091361439999673,0.0542877830002908
969,sun3d-hotel_uc-scan3,47,12,sagereg_regen,655,0.8,1.402728835481909,0.0715704282112894,True,0.2868075280002813,2.0,2.0,2.4730668556895465,3.0,7727.0,1.5440999959537294e-05,0.0176928970004155,0.1377763569998933,0.0684515489997465,0.0109719339998264,0.0518386329999884
970,sun3d-hotel_uc-scan3,48,12,sagereg_regen,495,0.8525252525252526,0.8811197398445513,0.0101104719518611,True,0.210029310000209,2.0,2.0,2.584590404531513,2.0,5585.0,1.5955000435496913e-05,0.011380136000298,0.0920873209997807,0.0637086770002497,0.0095667119999234,0.0332145209999907
971,sun3d-hotel_uc-scan3,52,12,sagereg_regen,594,0.82996632996633,1.3318170938571037,0.0575966929884919,True,0.268970574999912,2.0,2.0,2.568014381225654,5.0,5893.0,1.4746000033483142e-05,0.0150417320000997,0.1250864039998305,0.0660087490000478,0.0102052020001792,0.0525548949999574
972,sun3d-hotel_uc-scan3,53,12,sagereg_regen,130,0.1384615384615384,4.251629645752489,0.1539328408781133,True,0.1070298590002494,1.9058823529411764,2.0,2.4033098833496696,6.0,4823.0,7.959999948070617e-06,0.0018606690000524,0.0070114059999468,0.043907456999932,0.0058556929998303,0.0483491190002496
973,sun3d-hotel_uc-scan3,14,13,sagereg_regen,360,0.5361111111111111,0.8648032028553315,0.0510112329878387,True,0.1819811690002097,1.9479166666666667,2.0,2.2423334711277976,4.0,6304.0,1.2821999916923232e-05,0.0072297179999623,0.0488242209999043,0.061409358000219,0.0080115379996641,0.0564466640003047
974,sun3d-hotel_uc-scan3,24,13,sagereg_regen,402,0.6517412935323383,0.7156249212435258,0.0362489704506772,True,0.1952142509999248,2.0,2.0,2.419715603808004,6.0,5091.0,1.2989999959245324e-05,0.0087212839998755,0.0642926979999174,0.0612856220000139,0.0085088180003367,0.0523411809999743
975,sun3d-hotel_uc-scan3,25,13,sagereg_regen,349,0.7020057306590258,0.3763496323277984,0.0350840276326298,True,0.1754908520001663,1.9791666666666667,2.0,2.270628371416875,5.0,5603.0,1.2598000012076229e-05,0.00711271199998,0.0525542880000102,0.0613360100001045,0.008117649000269,0.0463141240002187
976,sun3d-hotel_uc-scan3,26,13,sagereg_regen,294,0.5102040816326531,1.8438700142936568,0.0634778347136397,True,0.158575466000002,1.9791666666666667,2.0,2.604652828983012,5.0,5482.0,1.1060999895562418e-05,0.0055155869999907,0.0364164520001395,0.0598058860000492,0.0075047430000267,0.0492710899998201
977,sun3d-hotel_uc-scan3,47,13,sagereg_regen,257,0.4357976653696498,7.494644748371504,0.3750559715688945,False,0.1338655879994803,2.0,2.0,2.361800223940253,2.0,4043.0,9.999999747378752e-06,0.0045492750000448,0.0274825619999319,0.0620262209999964,0.0072396880000269,0.0325090029996317
978,sun3d-hotel_uc-scan3,48,13,sagereg_regen,456,0.6096491228070176,1.211988106991729,0.0557286706447957,True,0.2169380669997735,1.96875,2.0,1.863312805352142,3.0,6943.0,1.3490000128513202e-05,0.0102249379997374,0.0808182220002891,0.0613339040000937,0.0085782520000066,0.0559202869999353
979,sun3d-hotel_uc-scan3,49,13,sagereg_regen,319,0.1473354231974921,1.5230498150559406,0.076171119514428,True,0.161969493000015,1.9791666666666667,2.0,1.8342154060184408,6.0,4086.0,1.0782999652292348e-05,0.0053875739999966,0.0344223379997856,0.0581853400003637,0.0067570460000752,0.0571589440000934
980,sun3d-hotel_uc-scan3,51,13,sagereg_regen,241,0.1576763485477178,178.57593250390886,4.856103299640404,False,0.1328185509996728,1.9375,2.0,1.84576170231412,4.0,2493.0,9.564999800204532e-06,0.0040141370000128,0.0213352179998764,0.0567783249998683,0.0063171409997266,0.044323310999971
981,sun3d-hotel_uc-scan3,52,13,sagereg_regen,433,0.5704387990762124,2.714750824037419,0.1193543551553213,True,0.1941269289995943,1.9895833333333333,2.0,1.5691627285327845,4.0,5599.0,1.3641999885294354e-05,0.0095488000001751,0.0697548549997009,0.06300890600005,0.0083133769999221,0.0434377309998126
982,sun3d-hotel_uc-scan3,15,14,sagereg_regen,836,0.8588516746411483,0.667412741321938,0.0221173926028663,True,0.3686529910000899,2.0,2.0,2.4918572474502434,4.0,8393.0,1.777099987521069e-05,0.0256950129996766,0.1908762500002012,0.0687962410002001,0.0125177980003172,0.0706870720000552
983,sun3d-hotel_uc-scan3,16,14,sagereg_regen,377,0.416445623342175,0.5042549761161661,0.0374969850472544,True,0.1771964820004541,1.9895833333333333,2.0,2.0581459509890663,5.0,6161.0,1.2084999980288558e-05,0.0072210109997286,0.042409126000166,0.0610791149997567,0.0076009200001863,0.058823212000334
984,sun3d-hotel_uc-scan3,23,14,sagereg_regen,359,0.6323119777158774,1.3272579426592364,0.0637046443785118,True,0.1796448990003227,2.0,2.0,2.421511908089988,3.0,6722.0,1.2737999895762186e-05,0.0072951339998326,0.049378279999928,0.0614770170000156,0.0079331789997922,0.0534981750001861
985,sun3d-hotel_uc-scan3,24,14,sagereg_regen,1183,0.8596787827557059,0.4976882857907243,0.0124789144081883,True,0.4820897519998652,2.0,2.0,2.454281372643616,5.0,9928.0,2.2494000404549297e-05,0.045908232000329,0.2643696770001043,0.0735496029997193,0.0150228950001292,0.0831437769998046
986,sun3d-hotel_uc-scan3,25,14,sagereg_regen,437,0.7894736842105263,0.9232278584190632,0.0267508549043029,True,0.2037818560002051,1.9895833333333333,2.0,1.9672662210952208,4.0,6188.0,1.3838000086252578e-05,0.0094809140000506,0.0726911939996171,0.0618465630000173,0.0088191930003631,0.0508807149999483
987,sun3d-hotel_uc-scan3,26,14,sagereg_regen,544,0.8198529411764706,0.8748873159702935,0.0270537215657698,True,0.2473905779993401,2.0,2.0,2.598725877339158,2.0,5747.0,1.4509999800793594e-05,0.0134186989998852,0.1093260600000576,0.065759244000219,0.0097279360002175,0.0490926579996084
988,sun3d-hotel_uc-scan3,49,14,sagereg_regen,507,0.4635108481262327,0.9207967956848484,0.0405672946695438,True,0.2465831340000477,2.0,2.0,2.5599976986916926,4.0,8867.0,1.4783000096940668e-05,0.0121489430002839,0.094038705999992,0.0623419929997908,0.0087706859999343,0.0692148410003028
989,sun3d-hotel_uc-scan3,51,14,sagereg_regen,472,0.4449152542372881,0.7350451825094014,0.0384131511253652,True,0.228851183000188,1.9895833333333333,2.0,2.379457592453725,4.0,7925.0,1.4371999895956831e-05,0.0107423079998625,0.0783914580001692,0.062171453999781,0.0084396950001064,0.0690266569999948
990,sun3d-hotel_uc-scan3,16,15,sagereg_regen,528,0.7272727272727273,0.649957466984486,0.0376529713389258,True,0.2541456529997958,1.9895833333333333,2.0,2.381175384208205,6.0,8558.0,1.7048999779945007e-05,0.0124792399997204,0.1016222319999542,0.063387745,0.0092724070000258,0.0673145559999284
991,sun3d-hotel_uc-scan3,22,15,sagereg_regen,314,0.554140127388535,0.3663600580375337,0.0394611471656953,True,0.1643848469998374,1.96875,2.0,2.211662838407498,4.0,5072.0,1.1081000138801755e-05,0.0059106939997946,0.0385886320000281,0.0599267089996828,0.0075403759997243,0.0523583049998706
992,sun3d-hotel_uc-scan3,23,15,sagereg_regen,648,0.816358024691358,0.7132921057278971,0.0337649519614713,True,0.3029523279997193,2.0,2.0,2.422669339573761,4.0,9361.0,1.5313999938371126e-05,0.0191708259999359,0.1408216649997484,0.0663795909999862,0.0108860599998479,0.0656172489998425
993,sun3d-hotel_uc-scan3,24,15,sagereg_regen,816,0.8370098039215687,0.7043791262238024,0.0183485207172993,True,0.3513364690002163,2.0,2.0,2.401655026761996,5.0,8997.0,1.896999992823112e-05,0.0248219219997736,0.1730399490002128,0.069577338000272,0.0120367559998157,0.0717801450000479
994,sun3d-hotel_uc-scan3,49,15,sagereg_regen,476,0.3424369747899159,0.7386477765232802,0.0363796046831435,True,0.2380773429999862,1.9791666666666667,2.0,2.4810211132263045,4.0,9032.0,1.4821000149822794e-05,0.0109223730000849,0.0773006089998489,0.0609280339999713,0.008028474999719,0.0808332500000688
995,sun3d-hotel_uc-scan3,50,15,sagereg_regen,264,0.1022727272727272,2.4801896639079914,0.046316658116792,True,0.1575889210002969,1.90625,2.0,2.438453474400817,6.0,6293.0,1.0468000255059453e-05,0.0044872789999317,0.0253506240001115,0.0557010359998457,0.0062864550000085,0.0657010400000217
996,sun3d-hotel_uc-scan3,51,15,sagereg_regen,383,0.3368146214099217,0.8461316070247633,0.0384116833353946,True,0.1873595600004591,2.0,2.0,2.4006500543716243,3.0,8249.0,1.2256999980309048e-05,0.0077015249999021,0.0512374820000331,0.0596142340000369,0.0076485640001919,0.0610977350002031
997,sun3d-hotel_uc-scan3,17,16,sagereg_regen,449,0.5679287305122495,1.6956677606113844,0.0180435491410833,True,0.2160276010004054,2.0,2.0,2.0912454700163554,3.0,6424.0,1.6932000107772183e-05,0.0103730309997445,0.0782761199998276,0.0637455219998628,0.0091613859999597,0.0544026000002304
998,sun3d-hotel_uc-scan3,22,16,sagereg_regen,714,0.8851540616246498,0.4676151787096872,0.0118629574542124,True,0.3034089779998794,2.0,2.0,2.022718542780412,2.0,7486.0,1.684500011833734e-05,0.0226312070003587,0.1590510510000058,0.0668982110000797,0.0114883960000042,0.0432661089998873
999,sun3d-hotel_uc-scan3,23,16,sagereg_regen,381,0.7847769028871391,0.612153621653633,0.0297395634838758,True,0.2017875040000945,1.9895833333333333,2.0,2.159771309325367,5.0,7347.0,1.3000999842915917e-05,0.0079973219999374,0.056515200999911,0.0613197090001449,0.0084363000000848,0.0674528029999237
1000,sun3d-hotel_uc-scan3,24,16,sagereg_regen,345,0.4579710144927536,0.4128405199774329,0.0122516236473612,True,0.1621000129994172,1.9895833333333333,2.0,2.000880341142288,4.0,6144.0,1.2001999948552111e-05,0.0063431890002902,0.0378341160003401,0.0607186900001579,0.0073545289997127,0.0497913619997234
1001,sun3d-hotel_uc-scan3,48,16,sagereg_regen,239,0.2803347280334728,0.6443073785136935,0.0590741342168487,True,0.1216957790002197,1.9895833333333333,2.0,2.604323515736954,1.0,4902.0,9.510999916528816e-06,0.0038386510000236,0.0199037049997059,0.0584916259999772,0.0066681519997473,0.0327411080002093
1002,sun3d-hotel_uc-scan3,49,16,sagereg_regen,284,0.2007042253521127,0.4003711086959606,0.0319318661120772,True,0.1580074030007381,1.90625,2.0,1.6269484228800173,3.0,6463.0,1.0364999980083668e-05,0.0044339089999994,0.0282671919999302,0.0590992129996266,0.0065744250000534,0.0595733060004022
1003,sun3d-hotel_uc-scan3,51,16,sagereg_regen,284,0.3169014084507042,0.1894467258851203,0.0368968767674054,True,0.158733134999693,1.8854166666666667,2.0,1.8576781243750524,5.0,6153.0,1.060900012817001e-05,0.0045229250004013,0.0280788690001827,0.0561836810002205,0.0066768410001714,0.0632141169999158
1004,sun3d-hotel_uc-scan3,21,17,sagereg_regen,526,0.8326996197718631,1.2845962985530337,0.0299058380385837,True,0.2424463229999673,2.0,2.0,2.071831868886006,5.0,6698.0,1.4348000149766447e-05,0.0126080680001905,0.1038620350000201,0.0644681900002979,0.0098146700001962,0.0516246180000052
1005,sun3d-hotel_uc-scan3,22,17,sagereg_regen,875,0.584,1.726873215380902,0.0215159714660024,True,0.3700336320002861,2.0,2.0,2.344656709477109,5.0,8761.0,1.841900029830868e-05,0.0270488029996158,0.1941030699999828,0.0693398839998735,0.0128697750001265,0.066589868000392
1006,sun3d-hotel_uc-scan3,19,18,sagereg_regen,226,0.5088495575221239,1.0948479500331894,0.0200331560629156,True,0.1319312639998315,1.9895833333333333,2.0,2.271028587293453,6.0,4931.0,9.766999937710352e-06,0.0038147149998621,0.0197005190002528,0.0576748710000174,0.0066365320003569,0.0440543479999178
1007,sun3d-hotel_uc-scan3,20,18,sagereg_regen,516,0.8081395348837209,0.3521601276755205,0.0067439609980671,True,0.2454275720001533,2.0,2.0,2.6550093600562783,5.0,7775.0,1.5377000181615585e-05,0.0119624989997646,0.0995418399998016,0.0636986879999312,0.00947528100005,0.0606810949998362
1008,sun3d-hotel_uc-scan3,36,18,sagereg_regen,251,0.3386454183266932,0.9391726657916416,0.0505590110309458,True,0.157304486999692,1.9791666666666667,2.0,2.1216323053098534,6.0,7011.0,1.0363000001234468e-05,0.0043844459996762,0.0278668539999671,0.0576538979998986,0.0067933270001958,0.0605541909999374
1009,sun3d-hotel_uc-scan3,45,18,sagereg_regen,235,0.1617021276595744,2.1135349645351105,0.068791598065557,True,0.1390903940000498,1.96875,2.0,2.2053126239824405,6.0,6156.0,9.464999948249895e-06,0.0036887849996674,0.0203713109999625,0.0568816869999864,0.0065362330001335,0.0515604160000293
1010,sun3d-hotel_uc-scan3,20,19,sagereg_regen,426,0.7934272300469484,1.678028963857709,0.0628525845789055,True,0.1985242840000864,2.0,2.0,2.44610462472726,5.0,5532.0,1.3266000223666197e-05,0.0094498129997191,0.0692709539998759,0.0624852000000828,0.0087355180003214,0.0485175439998784
1011,sun3d-hotel_uc-scan3,35,19,sagereg_regen,310,0.1096774193548387,2.95374815902502,0.0760967612716135,True,0.1532683930004168,1.9895833333333333,2.0,2.5321210642462955,5.0,3846.0,1.1100000392616494e-05,0.0055477820001215,0.0366124490001311,0.0577869700000519,0.0064910370001598,0.0467760500000622
1012,sun3d-hotel_uc-scan3,36,19,sagereg_regen,279,0.6666666666666666,1.1537762291166302,0.0311183816716889,True,0.1588702669996564,2.0,2.0,2.6902863900089464,5.0,5418.0,1.0652000128175132e-05,0.0051516539997464,0.0330397009997796,0.0610052429997267,0.0074610579999898,0.0521589209997728
1013,sun3d-hotel_uc-scan3,36,20,sagereg_regen,351,0.4045584045584046,1.5571718767791287,0.0621176282702923,True,0.1936224399996717,1.9895833333333333,2.0,1.910420938337329,5.0,8203.0,1.2014999811071904e-05,0.0069276959998205,0.0503763659999094,0.0613493330001801,0.0077036959996803,0.0672078329998839
1014,sun3d-hotel_uc-scan3,22,21,sagereg_regen,411,0.6253041362530414,2.0914743568067253,0.0468498852419695,True,0.185017445000085,2.0,2.0,1.8800253375010167,3.0,5581.0,1.3037999906373445e-05,0.0087970599997788,0.0649614039998596,0.0617624870001236,0.0084689910004271,0.0409649550001631
1015,sun3d-hotel_uc-scan3,23,22,sagereg_regen,261,0.6015325670498084,1.4796681591893432,0.041507527612332,True,0.1537455749999026,2.0,2.0,2.3003961437503904,6.0,4611.0,1.0441000085847918e-05,0.0046448930002043,0.027941766999902,0.0600749989998803,0.0071819659997345,0.0538496959998155
1016,sun3d-hotel_uc-scan3,24,23,sagereg_regen,476,0.6869747899159664,1.325611806243839,0.0514009447443775,True,0.2359648200003903,2.0,2.0,2.645654158165783,5.0,8339.0,1.5271999927790603e-05,0.0108834170000591,0.0822920709997561,0.0631449859997701,0.0089485759999661,0.0706272730003547
1017,sun3d-hotel_uc-scan3,49,23,sagereg_regen,374,0.2941176470588235,0.9743955598854314,0.0403053591985324,True,0.213072261999514,1.9895833333333333,2.0,2.5331017318370943,5.0,9492.0,1.214199983223807e-05,0.0073722000001907,0.0488710489998993,0.0607598010001311,0.0073717220002436,0.0886384119999093
1018,sun3d-hotel_uc-scan3,50,23,sagereg_regen,310,0.2419354838709677,1.3539311789889104,0.0613526819004967,True,0.1933401800001775,1.96875,2.0,2.0455380576485025,5.0,9728.0,1.0495999958948232e-05,0.0060725620000994,0.0394412840000768,0.0592087189997982,0.0069655259999308,0.081596313999853
1019,sun3d-hotel_uc-scan3,51,23,sagereg_regen,368,0.4184782608695652,1.5782440238349813,0.0637684190559251,True,0.1918009179998989,1.9895833333333333,2.0,2.673728410564455,4.0,9042.0,1.2123000033170683e-05,0.0075273280003784,0.0498654889997851,0.0600612030002594,0.0076151389998813,0.066670884999894
1020,sun3d-hotel_uc-scan3,25,24,sagereg_regen,270,0.5296296296296297,1.154079740410927,0.0472802801185823,True,0.1478696039998794,2.0,2.0,2.42010428074312,6.0,5189.0,9.981999937735964e-06,0.0048143539997909,0.0299588629995923,0.0596190860001115,0.0072047789999487,0.0462160699999003
1021,sun3d-hotel_uc-scan3,49,24,sagereg_regen,597,0.5293132328308208,0.81591945552767,0.0357848925865016,True,0.2799338059999172,1.9895833333333333,2.0,2.50749506800845,2.0,10823.0,1.6134999896166846e-05,0.0155860909999319,0.1247506700001395,0.0655748989997846,0.0095379330000469,0.0644077279998782
1022,sun3d-hotel_uc-scan3,50,24,sagereg_regen,348,0.264367816091954,1.8951389182827696,0.0380844601592927,True,0.1897701990001223,2.0,2.0,2.6303206507526773,6.0,7635.0,1.2434999916877132e-05,0.0069703720000688,0.0458376320002571,0.0601518019998366,0.0070943020000413,0.069654636999985
1023,sun3d-hotel_uc-scan3,51,24,sagereg_regen,459,0.4989106753812636,1.0476884422663186,0.047964374444931,True,0.2282534119999582,2.0,2.0,2.5311533976424494,2.0,9650.0,1.33359999381355e-05,0.0104042099997059,0.0790444099998239,0.0616051460001472,0.0082708199997796,0.0688644880001447
1024,sun3d-hotel_uc-scan3,26,25,sagereg_regen,303,0.6831683168316832,0.5290838112114082,0.0234543790451896,True,0.1519359429994438,1.9895833333333333,2.0,2.449994975408994,5.0,4365.0,1.1097999959019944e-05,0.0056587179997222,0.0362812550001763,0.0607438629999705,0.0077657930000896,0.0414277329996366
1025,sun3d-hotel_uc-scan3,48,25,sagereg_regen,248,0.3548387096774194,0.5686070050553282,0.0379436875331143,True,0.131641414999649,1.9791666666666667,2.0,2.145247413729096,4.0,4153.0,9.78600019152509e-06,0.0042546340000626,0.0249976180002704,0.0594079219999912,0.006704190000164,0.0362263419997361
1026,sun3d-hotel_uc-scan3,49,25,sagereg_regen,212,0.1273584905660377,0.8712472592106657,0.0449925444345974,True,0.1339288029998897,1.9375,2.0,1.9812027404880408,6.0,4359.0,9.1509996309469e-06,0.0032619190001241,0.0163211630001569,0.0551401509997049,0.0062997280001582,0.0528564179999193
1027,sun3d-hotel_uc-scan3,51,25,sagereg_regen,189,0.1322751322751322,178.15282215615906,4.927663878381616,False,0.1165561669999988,1.9166666666666667,2.0,1.7983004017951525,4.0,2543.0,8.939000053942436e-06,0.0030814390001978,0.014857497000321,0.0543013199999222,0.0061397310000756,0.0381270679999943
1028,sun3d-hotel_uc-scan3,52,25,sagereg_regen,199,0.1457286432160804,0.972236520151176,0.0201070809906461,True,0.1171332999997503,1.9270833333333333,2.0,1.703069007299663,5.0,3240.0,9.236999630957143e-06,0.0029583170003206,0.0167198429999189,0.0535488350001287,0.0065900549998332,0.0372648769998704
1029,sun3d-hotel_uc-scan3,27,26,sagereg_regen,1085,0.9096774193548388,0.4733129641995207,0.0090977707719444,True,0.4235247040001013,2.0,2.0,2.652149008527088,4.0,7888.0,2.2061999970901525e-05,0.042152519999945,0.2370888290001858,0.0737706419999995,0.0148332710000431,0.0555828199999268
1030,sun3d-hotel_uc-scan3,28,26,sagereg_regen,744,0.8870967741935484,0.6714588052795423,0.0050962821078477,True,0.3000367169997844,2.0,2.0,2.415456771261087,2.0,6210.0,1.6403000245190924e-05,0.0242430430002968,0.1619433099999696,0.0669176080000397,0.0118933169997035,0.0349607969997123
1031,sun3d-hotel_uc-scan3,28,27,sagereg_regen,1038,0.9460500963391136,0.890752873844151,0.0166420684049287,True,0.3863488390002203,2.0,2.0,2.592980822211712,1.0,6192.0,2.1142000150575768e-05,0.0372723690002203,0.2283317110000098,0.0707800440000028,0.0141857180001352,0.0356909550000636
1032,sun3d-hotel_uc-scan3,29,27,sagereg_regen,408,0.7965686274509803,1.0142463534628672,0.0342935349593676,True,0.1715684539999529,2.0,2.0,2.541475254196866,4.0,3811.0,1.4177999673847808e-05,0.0086638279999533,0.0614579600000979,0.0617353640000146,0.0086252350001814,0.0310230879999835
1033,sun3d-hotel_uc-scan3,29,28,sagereg_regen,309,0.7702265372168284,1.6530791714767676,0.0391911967507159,True,0.1433389900003021,2.0,2.0,2.487484883773322,5.0,2863.0,1.3434999800665535e-05,0.0059249850000924,0.0387455529998987,0.0608594279997305,0.0079599750001762,0.0297924350002176
1034,sun3d-hotel_uc-scan3,30,29,sagereg_regen,182,0.0054945054945054,90.97711420905864,2.403644722557569,False,0.1076700100002199,1.9895833333333333,2.0,2.2154623391325603,5.0,3273.0,8.9159998424293e-06,0.0024904849997255,0.0140080969999871,0.0531124669996643,0.0059884580000471,0.0320219300001554
1035,sun3d-hotel_uc-scan3,32,31,sagereg_regen,384,0.7786458333333334,1.826948087452763,0.038655779289732,True,0.1640480080000088,2.0,2.0,1.845035756230998,3.0,3691.0,1.2883000181318494e-05,0.0078488449998985,0.0619567560001996,0.0614249169998402,0.0085100229998715,0.0242478800000753
1036,sun3d-hotel_uc-scan3,33,31,sagereg_regen,432,0.8101851851851852,2.6512188660191613,0.0469201041843664,True,0.1910001040000679,2.0,2.0,1.986562871140121,5.0,4275.0,1.454599987482652e-05,0.0095700120000401,0.0757543670001723,0.0613528870003392,0.0090046309996978,0.0352558520003185
1037,sun3d-hotel_uc-scan3,47,31,sagereg_regen,219,0.2831050228310502,1.343988011614877,0.0481876469567365,True,0.1299862129999383,2.0,2.0,2.0405058341420546,5.0,3877.0,9.497000064584428e-06,0.0038341300000865,0.021363539000049,0.0589068139997834,0.0079416890002903,0.0378857069999867
1038,sun3d-hotel_uc-scan3,48,31,sagereg_regen,255,0.3019607843137254,1.8617652176326096,0.0915331926569646,True,0.12904726700026,1.9791666666666667,2.0,2.1503406712137245,6.0,3457.0,9.98899986370816e-06,0.0040434140000797,0.0276271249999808,0.0570635579997542,0.006666634999874,0.0335926450002261
1039,sun3d-hotel_uc-scan3,52,31,sagereg_regen,253,0.1581027667984189,40.95872792758273,2.0666802557188686,False,0.1290329220000785,1.9791666666666667,2.0,2.0865206338892803,6.0,2225.0,9.958999726222828e-06,0.0044832540002062,0.0275005419998706,0.0585727159996167,0.0067526000002544,0.0316727920003359
1040,sun3d-hotel_uc-scan3,53,31,sagereg_regen,116,0.0086206896551724,47.673686184068266,2.5442548461365178,False,0.0801387980000072,1.7560975609756098,2.0,1.8381785362198888,6.0,1578.0,7.766000180708943e-06,0.0016002369998204,0.0061083470000085,0.037307592000161,0.0056617729997014,0.0294148779998977
1041,sun3d-hotel_uc-scan3,33,32,sagereg_regen,667,0.8350824587706147,2.692820525210654,0.0649494113505108,True,0.2840410019998671,2.0,2.0,2.2817851161996425,6.0,5254.0,1.5361000350821996e-05,0.0178423539996401,0.1423707139997532,0.0690034300000661,0.0110993839998627,0.0436481349997848
1042,sun3d-hotel_uc-scan3,47,32,sagereg_regen,216,0.3611111111111111,1.910880835105771,0.0930017126923394,True,0.1291821260001597,1.9895833333333333,2.0,2.466521411242216,3.0,4786.0,9.083999884751393e-06,0.003721626999777,0.0225191399999857,0.0576846580001984,0.0068927030001759,0.0383119190000798
1043,sun3d-hotel_uc-scan3,48,32,sagereg_regen,330,0.7393939393939394,0.8943088669713166,0.0529603285886296,True,0.1562122100003762,2.0,2.0,2.019375218944448,3.0,4566.0,1.2249000064912252e-05,0.0067522330000429,0.0451562630000808,0.0614039980000598,0.0080561769996165,0.0347871530002521
1044,sun3d-hotel_uc-scan3,52,32,sagereg_regen,302,0.3509933774834437,2.3154720387917505,0.0728928524478732,True,0.1455163529999481,1.9895833333333333,2.0,1.9104233607586256,3.0,4381.0,1.0959999599435832e-05,0.005737382999996,0.0374805679998644,0.0602219719999084,0.0073585909999565,0.0346615000003112
1045,sun3d-hotel_uc-scan3,53,32,sagereg_regen,126,0.0396825396825396,35.67523054023801,2.275213590033218,False,0.0963158570002633,1.7634408602150538,2.0,1.4713913124742335,6.0,2886.0,7.996000022103544e-06,0.0016664439999658,0.0075807349999195,0.0441130660001363,0.0057887680000021,0.0371210570001494
1046,sun3d-hotel_uc-scan3,34,33,sagereg_regen,276,0.3260869565217391,4.299202725587749,0.165879106068908,True,0.1539504769998529,2.0,2.0,2.5817536757850035,6.0,4934.0,1.0956000096484786e-05,0.0050654520000534,0.0327831469999182,0.0603402149999965,0.0075606860000334,0.0481444239999291
1047,sun3d-hotel_uc-scan3,47,33,sagereg_regen,451,0.656319290465632,1.5229262509025834,0.0952603835699893,True,0.2260979169996062,1.9895833333333333,2.0,2.445570686216215,5.0,8390.0,1.3719999969907803e-05,0.0100534639996112,0.0776000440000643,0.0625418080003328,0.0088469070001337,0.0669882949996463
1048,sun3d-hotel_uc-scan3,48,33,sagereg_regen,491,0.6476578411405295,3.7851268005170913,0.162076876938493,True,0.2192482939999536,1.9895833333333333,2.0,2.576020593950728,5.0,5569.0,1.4570000075764256e-05,0.0114134909999847,0.08484923099968,0.0632480029998987,0.0091014060003544,0.0505709130002287
1049,sun3d-hotel_uc-scan3,52,33,sagereg_regen,499,0.717434869739479,2.1909060171747354,0.1382608749813267,True,0.2309539869997934,2.0,2.0,2.496615766502219,3.0,6175.0,1.461200008634478e-05,0.0116345779997573,0.0927986950000558,0.0633497379999425,0.0092829909999636,0.0538214759999391
1050,sun3d-hotel_uc-scan3,53,33,sagereg_regen,200,0.235,2.153423429064249,0.0557856672476038,True,0.1323512250000931,1.9895833333333333,2.0,2.433203332439718,6.0,4972.0,8.969000191427767e-06,0.0030415109999921,0.0178738680001515,0.0554207259997383,0.0063905069996508,0.0495753860000149
1051,sun3d-hotel_uc-scan3,35,34,sagereg_regen,287,0.3832752613240418,3.8082972745561934,0.177527085236035,True,0.1720515000001796,2.0,2.0,1.895805327607424,5.0,7036.0,1.0759000360849312e-05,0.005369494000206,0.0353076810001766,0.0606219730002521,0.0073974789997919,0.0633005569998204
1052,sun3d-hotel_uc-scan3,46,34,sagereg_regen,375,0.4453333333333333,0.8203501990377768,0.0396320893276147,True,0.1955262359997505,2.0,2.0,2.0635063778405978,5.0,8344.0,1.2663999768847134e-05,0.007648572999642,0.0551680189996659,0.0615467789998547,0.0079636899999968,0.0631382950000443
1053,sun3d-hotel_uc-scan3,47,34,sagereg_regen,171,0.3040935672514619,4.515730906161757,0.1306166350835499,True,0.1447645019998162,1.9895833333333333,2.0,2.3725038748062555,4.0,6852.0,8.417000117333373e-06,0.002756459000011,0.014372774000094,0.057221138999921,0.0064261050001732,0.0639333899998746
1054,sun3d-hotel_uc-scan3,53,34,sagereg_regen,362,0.4005524861878453,0.9178075881527844,0.0292883978201387,True,0.1949326290000499,2.0,2.0,2.3320811466307423,6.0,8363.0,1.1425999673519982e-05,0.0070952609999039,0.0505967430003693,0.0609571690001757,0.0077123260002736,0.0685146380001242
1055,sun3d-hotel_uc-scan3,54,34,sagereg_regen,260,0.3807692307692307,3.318666114447713,0.1226402684087608,True,0.1611200269999244,2.0,2.0,1.7141052158333516,6.0,7698.0,9.898999905999515e-06,0.0047251289997802,0.0287600810002004,0.0595080470002358,0.0069354490001387,0.0611363920002077
1056,sun3d-hotel_uc-scan3,54,35,sagereg_regen,276,0.4202898550724637,1.634754358559132,0.0753219905786035,True,0.1565654139999424,1.9895833333333333,2.0,1.924117721580708,4.0,7164.0,1.022099968395196e-05,0.0050723750000543,0.0311354600003141,0.0593581109997103,0.0070072879998406,0.0539331380000476
1057,sun3d-hotel_uc-scan3,38,37,sagereg_regen,243,0.7283950617283951,0.5505461283167893,0.0299022955491099,True,0.128173730999606,2.0,2.0,2.498190069365665,3.0,4883.0,1.0474999726284295e-05,0.0045990110002094,0.0256127669999841,0.0606875290000061,0.0073375549995944,0.0298848869997527
1058,sun3d-hotel_uc-scan3,39,37,sagereg_regen,137,0.2846715328467153,5.840696123402767,0.1027838341259708,True,0.0986476180005411,1.988888888888889,2.0,2.15597304642223,4.0,4552.0,8.213000000978354e-06,0.002335192999908,0.0089994220002154,0.0518268910000188,0.0060868370001117,0.029349951000313
1059,sun3d-hotel_uc-scan3,40,37,sagereg_regen,159,0.320754716981132,2.207353079838227,0.0836824929124856,True,0.1155900980006663,1.9791666666666667,2.0,2.432599191094753,5.0,4668.0,8.537000212527346e-06,0.0027505770003699,0.0129363409996585,0.0567114540003785,0.0061734209998576,0.0369675650003955
1060,sun3d-hotel_uc-scan3,41,37,sagereg_regen,167,0.4191616766467065,2.235150885775385,0.0724808827417346,True,0.1195747960000517,2.0,2.0,2.113391188766337,5.0,4910.0,8.771000011620345e-06,0.0028985920002924,0.0140230609999889,0.0579632230001152,0.0065178090003428,0.0381225259998245
1061,sun3d-hotel_uc-scan3,39,38,sagereg_regen,160,0.5375,1.9980285987550257,0.0432343530418262,True,0.1130601799995929,1.9791666666666667,2.0,2.747572862842124,5.0,4349.0,8.444999821222154e-06,0.002868688000035,0.0141023940000195,0.0577515039999525,0.00643124599992,0.0318577779999031
1062,sun3d-hotel_uc-scan3,40,38,sagereg_regen,184,0.4673913043478261,1.790667066815146,0.0692558456477096,True,0.1191464849998737,2.0,2.0,2.784377338522123,6.0,4640.0,8.840999726089649e-06,0.0034322619999329,0.0168874820001292,0.0581804220000776,0.0066416510003364,0.0339536960000259
1063,sun3d-hotel_uc-scan3,41,38,sagereg_regen,153,0.4509803921568627,1.7638225539907433,0.0605222049063328,True,0.1136520250001922,1.9895833333333333,2.0,2.616131520796908,6.0,4533.0,8.268999863503268e-06,0.0027354479998393,0.0124198260000412,0.0576425300000664,0.0062958149997029,0.0345085590001872
1064,sun3d-hotel_uc-scan3,40,39,sagereg_regen,412,0.8689320388349514,1.3410970002174103,0.0438027289522414,True,0.1720122950000586,2.0,2.0,2.77176612561156,1.0,4914.0,1.4233000001695473e-05,0.0089028429997597,0.0663753310000174,0.0629851369999414,0.0089246060001642,0.0247603249999883
1065,sun3d-hotel_uc-scan3,41,39,sagereg_regen,288,0.78125,1.8748599492586149,0.0433068849644394,True,0.1423619879997204,2.0,2.0,2.5874138922766563,3.0,4857.0,1.0790000033011893e-05,0.0055646999999225,0.0381777160000638,0.0608929019999777,0.0077113249999456,0.02996205799991
1066,sun3d-hotel_uc-scan3,42,39,sagereg_regen,147,0.5306122448979592,2.9925850218003203,0.0226249038294696,True,0.099197049000395,1.9791666666666667,2.0,2.6768602136078283,4.0,2940.0,8.278000223072013e-06,0.00258501899998,0.0121435849996487,0.0562576110000918,0.0063076910000745,0.0218574720001925
1067,sun3d-hotel_uc-scan3,43,39,sagereg_regen,173,0.2543352601156069,2.6294291751650465,0.0207478768108173,True,0.1056908420000581,1.8541666666666667,2.0,2.1540567221456484,4.0,2840.0,8.42100007503177e-06,0.0024344309999833,0.0124748209996141,0.0523351430001639,0.0062928319998718,0.0321033509999324
1068,sun3d-hotel_uc-scan3,41,40,sagereg_regen,616,0.900974025974026,1.0967469081841896,0.0207393700486795,True,0.266178253000362,2.0,2.0,2.47826580907076,4.0,5713.0,1.4918000033503633e-05,0.0154062940000585,0.133030399999825,0.0663066909996814,0.0107210570004099,0.0406462650003049
1069,sun3d-hotel_uc-scan3,42,40,sagereg_regen,226,0.5796460176991151,1.8603979850607848,0.0180104612771698,True,0.1220938599999499,2.0,2.0,2.479893189044056,4.0,3241.0,9.285000032832612e-06,0.0043366400000195,0.0223929300000236,0.0599522219999926,0.0070745069997428,0.0282874059998903
1070,sun3d-hotel_uc-scan3,42,41,sagereg_regen,287,0.8118466898954704,1.3541950488838104,0.0539271173597747,True,0.1409337449999839,2.0,2.0,2.537715778833526,4.0,3603.0,1.13220003186143e-05,0.0055713570000079,0.0362842289996478,0.0612086829996769,0.0077474919999076,0.0300638849998904
1071,sun3d-hotel_uc-scan3,43,41,sagereg_regen,160,0.525,1.0489990043642683,0.0460344552141952,True,0.1124112150000655,2.0,2.0,2.625144968748058,5.0,2855.0,8.377000085602049e-06,0.0027481970000735,0.0117585589996451,0.0581866170000466,0.0063356450000355,0.0333331900001212
1072,sun3d-hotel_uc-scan3,43,42,sagereg_regen,327,0.7614678899082569,0.6860502374433526,0.0060050849186334,True,0.1699654380000055,2.0,2.0,2.355164083154715,5.0,4878.0,1.3084000002550056e-05,0.0088381910000094,0.0458303599999965,0.0630749669999914,0.0081914390000008,0.0439706500000056
1073,sun3d-hotel_uc-scan3,44,42,sagereg_regen,179,0.5083798882681564,1.699892194665737,0.0395339112069869,True,0.115253217999907,1.9791666666666667,2.0,1.8283943641244,6.0,3421.0,8.71599968377268e-06,0.0030127420000098,0.0156424030001289,0.0569330240000454,0.0064915120001387,0.0331257050002022
1074,sun3d-hotel_uc-scan3,44,43,sagereg_regen,888,0.8997747747747747,0.8662893081422778,0.0255525508453213,True,0.36958660900018,2.0,2.0,2.433656107633591,5.0,8090.0,2.022100034082541e-05,0.0276167480001277,0.1943826209999315,0.0695563919998676,0.0130366090002098,0.0649118880000969
1075,sun3d-hotel_uc-scan3,45,43,sagereg_regen,641,0.8065522620904836,1.7005116941210852,0.0632068937562119,True,0.2953988500003106,2.0,2.0,2.5218823599338847,4.0,7612.0,1.5116000213311054e-05,0.0168498329999238,0.1398253980000845,0.0664298349997807,0.0106746769997698,0.0615472819999922
1076,sun3d-hotel_uc-scan3,54,43,sagereg_regen,218,0.4908256880733945,0.8691428258216556,0.0258647526416264,True,0.1283633610000123,1.9791666666666667,2.0,2.246163586977352,2.0,4428.0,9.214000002089053e-06,0.004142182999999,0.0197882899999939,0.0583161060000065,0.0068699629999997,0.0391957640000129
1077,sun3d-hotel_uc-scan3,45,44,sagereg_regen,1121,0.9420160570918824,1.1346163476437083,0.0369807506437883,True,0.4398125019997678,2.0,2.0,2.666437266677504,4.0,8730.0,2.18679997487925e-05,0.0427115800002866,0.2514389980001397,0.0735346970000137,0.0148386139999274,0.0571920739998859
1078,sun3d-hotel_uc-scan3,54,44,sagereg_regen,291,0.5979381443298969,1.1060651138078126,0.038393703465645,True,0.146109436000188,2.0,2.0,1.9090555890885896,2.0,4962.0,1.0223000117548509e-05,0.0053124979999665,0.0331335380001291,0.0604422030000932,0.0074211410001225,0.0397431930000493
1079,sun3d-hotel_uc-scan3,54,45,sagereg_regen,458,0.6921397379912664,0.822528077185923,0.0110802184205346,True,0.2282394500000037,1.9895833333333333,2.0,2.060314055294864,5.0,6896.0,1.451400000007652e-05,0.0114009430000123,0.0827113660000122,0.0650864790000014,0.0092185980000039,0.0597584490000002
1080,sun3d-hotel_uc-scan3,47,46,sagereg_regen,200,0.38,2.8736973040252245,0.0867133376449982,True,0.1381087959999973,1.9895833333333333,2.0,2.551861563089196,6.0,5366.0,9.254999994823264e-06,0.0035429240000013,0.0188985430000059,0.0578601110000107,0.0066819010000074,0.0510776830000025
1081,sun3d-hotel_uc-scan3,52,46,sagereg_regen,166,0.3433734939759036,4.298480120707054,0.1295775068954186,True,0.117361474000063,1.9583333333333333,2.0,2.2512016514728703,6.0,3786.0,8.54700010677334e-06,0.0027544300000954,0.0120816349999586,0.055717815999742,0.0062225890001172,0.0405374209999536
1082,sun3d-hotel_uc-scan3,53,46,sagereg_regen,516,0.6821705426356589,0.6447983074813264,0.0282355893662517,True,0.2510056189998977,2.0,2.0,2.275281845796256,5.0,9013.0,1.544900032968144e-05,0.0120619680001254,0.0980072600000312,0.0635496859999875,0.0094135489998734,0.0678985119998287
1083,sun3d-hotel_uc-scan3,54,46,sagereg_regen,554,0.6678700361010831,2.567510362790391,0.0905453542159463,True,0.2600510899999904,2.0,2.0,2.1085854021377206,2.0,8021.0,1.6583000004288806e-05,0.0145581539999994,0.115939247,0.0663245169999982,0.0099843990000039,0.0531744369999955
1084,sun3d-hotel_uc-scan3,48,47,sagereg_regen,514,0.669260700389105,2.0601326071410373,0.0744020936735426,True,0.2478661789999989,2.0,2.0,2.7831741857545773,5.0,7122.0,1.4832999994496276e-05,0.0124739139999974,0.0986569980000098,0.0653152450000078,0.0097258830000015,0.0616323590000007
1085,sun3d-hotel_uc-scan3,52,47,sagereg_regen,696,0.8663793103448276,0.7728699550667776,0.0293378243553013,True,0.3225924419998591,2.0,2.0,2.533274300008629,4.0,8631.0,1.6507000054843957e-05,0.0193370310003047,0.1568971700003203,0.0655243189999055,0.0112920960000337,0.0694666439999309
1086,sun3d-hotel_uc-scan3,53,47,sagereg_regen,288,0.4166666666666667,3.2680961158148083,0.1057282141815463,True,0.1618309390000831,2.0,2.0,2.043362524655276,3.0,7906.0,1.0248999842588091e-05,0.0049213329998565,0.0341468729998268,0.0588732279998112,0.0073790450001069,0.0564528750001045
1087,sun3d-hotel_uc-scan3,49,48,sagereg_regen,300,0.4766666666666667,0.9366448663158388,0.0153500742082609,True,0.1592717290000109,1.9895833333333333,2.0,1.80229114130274,4.0,4753.0,1.159100000336366e-05,0.0053134500000027,0.0346246309999997,0.0609502029999902,0.0074419670000054,0.0508892920000079
1088,sun3d-hotel_uc-scan3,51,48,sagereg_regen,257,0.642023346303502,0.8393593385668963,0.0276467409825699,True,0.1440511240000006,2.0,2.0,1.8381249325393327,3.0,4367.0,1.0287999998581654e-05,0.0045065599999958,0.0269413569999983,0.0611425849999989,0.0074204550000018,0.0439902950000004
1089,sun3d-hotel_uc-scan3,52,48,sagereg_regen,1041,0.7896253602305475,2.3999761176335226,0.0985859570802768,True,0.4215805339999861,2.0,2.0,1.858197723628536,3.0,8271.0,2.082499986499897e-05,0.0378754979997211,0.2396047299998827,0.0723694230000546,0.0140709049996985,0.0575718959998994
1090,sun3d-hotel_uc-scan3,53,48,sagereg_regen,156,0.0769230769230769,7.948939429379012,0.3326766412257768,False,0.1098843390000183,1.7708333333333333,2.0,2.581563849375311,3.0,3789.0,9.183000003076812e-06,0.0035491409999934,0.0110987890000018,0.0484692489999929,0.0058223810000015,0.0408973940000123
1091,sun3d-hotel_uc-scan3,50,49,sagereg_regen,780,0.8115384615384615,0.5769094312064361,0.0081904147857801,True,0.3692902009999983,2.0,2.0,2.6717260546626944,5.0,11904.0,1.747199999613258e-05,0.0233974669999952,0.1689477590000052,0.0693385450000079,0.0118915240000063,0.0956447559999986
1092,sun3d-hotel_uc-scan3,51,49,sagereg_regen,1472,0.9184782608695652,0.2369479902660166,0.0081220999693876,True,0.5736818690000121,2.0,2.0,2.554601559440676,1.0,13545.0,2.6972000000569096e-05,0.0707665360000078,0.3320725489999887,0.0778666629999946,0.0180110520000056,0.0748651520000009
1093,sun3d-hotel_uc-scan3,51,50,sagereg_regen,793,0.8600252206809584,0.5445128028728542,0.0164056695062791,True,0.3545263649994012,2.0,2.0,2.698658036746783,4.0,11033.0,1.7330999980913475e-05,0.023762787999658,0.174224765999952,0.0691502519998721,0.0119790369999464,0.0753286299996034
1094,sun3d-hotel_uc-scan3,53,52,sagereg_regen,244,0.3770491803278688,3.392918745622193,0.1251218345402108,True,0.1440486679999963,1.9375,2.0,2.5627203871988797,4.0,6762.0,9.816000002160765e-06,0.0043113750000003,0.0232707600000026,0.0581686980000029,0.0069081150000016,0.0513404149999985
1095,sun3d-hotel_uc-scan3,54,53,sagereg_regen,437,0.6064073226544623,2.305894156198693,0.0543036612483706,True,0.2043270120000073,2.0,2.0,2.3071533332365246,4.0,7340.0,1.476200000638528e-05,0.0100397570000012,0.0702292599999907,0.064215223000005,0.0089886989999996,0.0507925510000006
1096,sun3d-hotel_umd-maryland_hotel1,1,0,sagereg_regen,336,0.6517857142857143,0.3879113179014744,0.0234501075379349,True,0.1694427960000126,2.0,2.0,2.587251919725466,4.0,5032.0,1.1242000013567122e-05,0.0066778090000099,0.0457802650000047,0.0615501749999936,0.0078750690000077,0.0475049799999993
1097,sun3d-hotel_umd-maryland_hotel1,14,0,sagereg_regen,644,0.8105590062111802,0.4880117928006529,0.0117452234333539,True,0.286952415000087,2.0,2.0,2.3738539536703214,5.0,7453.0,1.571400025568437e-05,0.0175302120001106,0.136064515000271,0.0667910610000035,0.0107025549996251,0.0557893430000149
1098,sun3d-hotel_umd-maryland_hotel1,24,0,sagereg_regen,477,0.5157232704402516,0.652869202781191,0.0482593056893498,True,0.2391675650000024,2.0,2.0,2.248758065431052,6.0,7917.0,1.3695000006919145e-05,0.0111461860000048,0.0937405470000101,0.0639060849999992,0.0088256159999957,0.0614872550000029
1099,sun3d-hotel_umd-maryland_hotel1,25,0,sagereg_regen,412,0.558252427184466,0.4079044486359157,0.0309051289686609,True,0.1921868569999958,2.0,2.0,2.009227949745802,3.0,6668.0,1.3653000010549476e-05,0.0091152460000074,0.0648980990000041,0.0635311030000025,0.0085180559999997,0.0460631959999915
1100,sun3d-hotel_umd-maryland_hotel1,26,0,sagereg_regen,354,0.2457627118644068,1.846371309843347,0.0618274664721399,True,0.1710111949999913,1.96875,2.0,2.409137768553779,6.0,5955.0,1.123299999505889e-05,0.0067988859999985,0.0439344940000125,0.0597934129999941,0.0071181940000002,0.053314813
1101,sun3d-hotel_umd-maryland_hotel1,2,1,sagereg_regen,425,0.6305882352941177,2.171301289050916,0.1124264578796169,True,0.2142592589998457,1.9895833333333333,2.0,2.462514862672135,4.0,6807.0,1.5379000160464784e-05,0.0096549089998916,0.0686522220003098,0.0641227390001404,0.009047441000348,0.0627017779997913
1102,sun3d-hotel_umd-maryland_hotel1,14,1,sagereg_regen,426,0.5563380281690141,1.586833640959761,0.0357641973363376,True,0.2061294820000085,1.9895833333333333,2.0,2.266990311226581,4.0,6221.0,1.350099999797294e-05,0.0092101560000088,0.0722190999999981,0.0620954469999901,0.0085181169999941,0.0540275090000079
1103,sun3d-hotel_umd-maryland_hotel1,15,1,sagereg_regen,753,0.899070385126162,0.9778263095417548,0.0394138143297296,True,0.3083104309999953,2.0,2.0,2.548234504834115,1.0,8276.0,1.6863999988459e-05,0.021751530000003,0.1565452880000037,0.0710683879999862,0.0122544250000089,0.0466179929999981
1104,sun3d-hotel_umd-maryland_hotel1,16,1,sagereg_regen,424,0.5919811320754716,3.6597057535423487,0.156742470551137,True,0.2252192969999953,2.0,2.0,2.720622114403476,4.0,5858.0,1.5756000010469506e-05,0.009613385999998,0.0707462509999885,0.0682633379999941,0.0093789919999949,0.0671425229999869
1105,sun3d-hotel_umd-maryland_hotel1,23,1,sagereg_regen,303,0.4026402640264026,1.7860586062852088,0.0768524181020855,True,0.1854794499999883,1.9895833333333333,2.0,2.253807913836803,5.0,8420.0,1.2006000005726492e-05,0.006570240000002,0.0359648630000037,0.0623367249999944,0.0075419380000028,0.0730041069999885
1106,sun3d-hotel_umd-maryland_hotel1,24,1,sagereg_regen,289,0.4498269896193771,1.6333292614470518,0.0440655638611754,True,0.1490992210000001,2.0,2.0,1.9790953546651615,4.0,5362.0,1.0517000006871058e-05,0.0053138259999911,0.0323820349999977,0.0611446719999975,0.007260954000003,0.0429451159999985
1107,sun3d-hotel_umd-maryland_hotel1,25,1,sagereg_regen,464,0.7370689655172413,1.16871423052489,0.0451174178803717,True,0.2273079550000005,2.0,2.0,2.1916724320750736,4.0,6276.0,1.6211000001931097e-05,0.0109066260000076,0.0816103899999944,0.0666063280000059,0.0100447940000094,0.0580616040000023
1108,sun3d-hotel_umd-maryland_hotel1,15,2,sagereg_regen,577,0.8353552859618717,1.6886814742653689,0.0501688177637865,True,0.2750977990000081,1.9895833333333333,2.0,2.43454301300276,4.0,8462.0,1.4132000003996836e-05,0.0155720220000006,0.1212639210000077,0.0662298610000107,0.0102919469999989,0.0616764580000079
1109,sun3d-hotel_umd-maryland_hotel1,16,2,sagereg_regen,742,0.7560646900269542,2.117548608748725,0.0757614647475612,True,0.3600206970000101,2.0,2.0,2.5773893242677577,4.0,9757.0,1.72840000089991e-05,0.0240052659999889,0.1656378160000002,0.0688674779999871,0.0115591249999909,0.0898787240000018
1110,sun3d-hotel_umd-maryland_hotel1,23,2,sagereg_regen,316,0.3670886075949367,1.5607303737865348,0.0755728670897843,True,0.1812422670000018,1.9895833333333333,2.0,2.2458159768764374,6.0,7411.0,1.0942000002955863e-05,0.0056947359999952,0.0379677199999974,0.0608983449999982,0.0072920809999885,0.0693378299999949
1111,sun3d-hotel_umd-maryland_hotel1,4,3,sagereg_regen,578,0.8079584775086506,0.9347105328415876,0.0305640737506989,True,0.2692626759999967,2.0,2.0,2.390687760464373,4.0,6601.0,1.539399998762292e-05,0.014504868000003,0.1251739119999939,0.0671991539999936,0.0101529920000018,0.0521667080000014
1112,sun3d-hotel_umd-maryland_hotel1,12,3,sagereg_regen,412,0.4611650485436893,0.5662902769462002,0.0289436671121396,True,0.2129026920000143,2.0,2.0,2.57815020069999,3.0,8942.0,1.252200000578796e-05,0.0088831209999966,0.0665554659999969,0.0621164459999903,0.0080019509999971,0.0672875040000064
1113,sun3d-hotel_umd-maryland_hotel1,16,3,sagereg_regen,316,0.4873417721518987,2.8499097177428707,0.1044083836555644,True,0.1808453179999816,2.0,2.0,2.5195338664815203,5.0,6963.0,1.127800000233492e-05,0.0060934820000113,0.040080678999999,0.0618923130000013,0.0076045560000039,0.0651218359999887
1114,sun3d-hotel_umd-maryland_hotel1,17,3,sagereg_regen,1079,0.7757182576459685,0.9610315521870536,0.0442203034267467,True,0.4482536729999964,1.9791666666666667,2.0,2.491344301418357,3.0,10151.0,2.177599999697577e-05,0.0413025009999898,0.2363646560000063,0.0717871470000091,0.0143127130000095,0.0844016239999945
1115,sun3d-hotel_umd-maryland_hotel1,17,4,sagereg_regen,517,0.7253384912959381,0.3873757506440998,0.0227514166548147,True,0.2526518249999867,2.0,2.0,2.1012782431202783,4.0,6820.0,1.6502999997669576e-05,0.0120967099999944,0.0945197029999889,0.0658425290000082,0.0095553829999914,0.0705719289999962
1116,sun3d-hotel_umd-maryland_hotel1,6,5,sagereg_regen,302,0.5231788079470199,2.02728100907018,0.0830460110854088,True,0.1525519090000102,2.0,2.0,2.294042046393698,1.0,5304.0,1.0904000006917158e-05,0.0058093089999999,0.0348006390000108,0.0619173909999943,0.0076610889999955,0.0423039500000044
1117,sun3d-hotel_umd-maryland_hotel1,11,5,sagereg_regen,266,0.2669172932330827,1.903135946730225,0.1055309775938001,True,0.1499049519999999,1.9479166666666667,2.0,2.5786448697570385,4.0,6164.0,1.1041999997019047e-05,0.0043815679999994,0.0268809720000007,0.0581925830000074,0.0068149619999928,0.0535807239999996
1118,sun3d-hotel_umd-maryland_hotel1,13,5,sagereg_regen,275,0.4036363636363636,0.8584450255482253,0.0260212762694361,True,0.1511442070000015,1.9895833333333333,2.0,2.086812185575593,4.0,5183.0,1.0485999993647964e-05,0.0049096670000068,0.0322903479999894,0.0601375090000004,0.0070642990000067,0.0466878940000015
1119,sun3d-hotel_umd-maryland_hotel1,17,5,sagereg_regen,364,0.6758241758241759,1.0374546506557467,0.0318919189599962,True,0.1788735629999962,2.0,2.0,2.254797167808657,4.0,4481.0,1.2295999994194062e-05,0.0072020510000072,0.0520555319999971,0.0623310599999911,0.0081899570000132,0.0490377699999839
1120,sun3d-hotel_umd-maryland_hotel1,18,5,sagereg_regen,485,0.7752577319587629,2.0381674927783617,0.0440360974190264,True,0.2418421790000025,2.0,2.0,2.374930571283305,4.0,6865.0,1.451999997925668e-05,0.0119268470000122,0.0947352240000043,0.0637316140000052,0.0094042499999886,0.0619839500000125
1121,sun3d-hotel_umd-maryland_hotel1,22,5,sagereg_regen,576,0.8003472222222222,0.6207684273814572,0.0657330075391195,True,0.2625696679999976,2.0,2.0,2.360277146299369,3.0,7649.0,1.515399999618694e-05,0.0153391210000108,0.1176611540000038,0.0654839420000001,0.0104664000000127,0.0535524959999946
1122,sun3d-hotel_umd-maryland_hotel1,32,5,sagereg_regen,158,0.430379746835443,0.5552813661569151,0.0408008531054493,True,0.1232925090000094,1.96875,2.0,2.6084197355885697,6.0,4415.0,8.813999997414612e-06,0.0025903850000048,0.0117036009999935,0.0570202939999973,0.0064983999999981,0.0454329510000093
1123,sun3d-hotel_umd-maryland_hotel1,18,6,sagereg_regen,1013,0.8687068114511353,0.6937880644657203,0.0370792861697479,True,0.4347154840000087,2.0,2.0,2.5193202807964257,5.0,10645.0,1.9731999998384708e-05,0.0367961789999924,0.2235345059999929,0.0722925409999959,0.0141721389999815,0.0878394490000005
1124,sun3d-hotel_umd-maryland_hotel1,8,7,sagereg_regen,293,0.0546075085324232,27.84432230030115,1.1651409946524809,False,0.1381330209999873,1.8541666666666667,2.0,1.2618714400772402,2.0,2959.0,1.1806000003389272e-05,0.0044164749999993,0.0324569950000181,0.0524783779999893,0.0063595610000106,0.0423639249999894
1125,sun3d-hotel_umd-maryland_hotel1,19,7,sagereg_regen,242,0.0454545454545454,88.95400423547382,0.8110807260325738,False,0.1112616749999944,1.90625,2.0,1.7442227382380795,4.0,1172.0,9.73400000248148e-06,0.0031983780000075,0.0228185910000036,0.0520562210000008,0.0061746099999879,0.0269637570000043
1126,sun3d-hotel_umd-maryland_hotel1,9,8,sagereg_regen,1043,0.9328859060402684,1.6017571454716986,0.0869943419390677,True,0.4584269999999861,2.0,2.0,2.5613689673933973,2.0,7773.0,2.348199998891687e-05,0.0410101630000099,0.2629798290000025,0.0750068930000082,0.0144974779999955,0.0648465219999963
1127,sun3d-hotel_umd-maryland_hotel1,10,9,sagereg_regen,617,0.7779578606158833,1.6391962223141032,0.0669448777414681,True,0.2761794780000173,2.0,2.0,2.2793460449718403,4.0,7686.0,1.6434000002618632e-05,0.0175330839999787,0.1319002970000156,0.0657940680000024,0.0109442350000108,0.0499361930000077
1128,sun3d-hotel_umd-maryland_hotel1,25,9,sagereg_regen,280,0.2892857142857143,1.9292141348945124,0.0620182606363656,True,0.1420417020000002,2.0,2.0,2.4156994638243345,5.0,4318.0,1.0150999997904364e-05,0.0047241559999804,0.0306656529999997,0.0579753830000129,0.0067623409999839,0.0418628570000123
1129,sun3d-hotel_umd-maryland_hotel1,26,9,sagereg_regen,575,0.3895652173913043,1.6551076398302085,0.0796360672200614,True,0.2716434630000037,2.0,2.0,2.2820272355288167,4.0,6813.0,1.6877999996722792e-05,0.0144092130000075,0.1211712989999966,0.0650342249999909,0.0090366670000037,0.0619253370000052
1130,sun3d-hotel_umd-maryland_hotel1,26,10,sagereg_regen,289,0.328719723183391,1.7932683563545084,0.0610835407199501,True,0.1664148329999761,1.9791666666666667,2.0,2.087374030319324,6.0,6229.0,1.1381999996729064e-05,0.0058741149999974,0.0378199480000063,0.0595091039999999,0.007080466000005,0.0560767689999863
1131,sun3d-hotel_umd-maryland_hotel1,29,10,sagereg_regen,150,0.04,5.0128298462313845,0.2553777658251019,True,0.1032762579999939,1.7708333333333333,2.0,1.7411648537460391,6.0,2592.0,8.760999975265804e-06,0.0020008749999931,0.0096068279999883,0.0476464249999821,0.0058567380000056,0.0381198329999961
1132,sun3d-hotel_umd-maryland_hotel1,13,11,sagereg_regen,674,0.7418397626112759,2.6176247803101007,0.1267940295383443,True,0.302622341999978,2.0,2.0,2.1937759626164706,3.0,7697.0,1.6465999976844614e-05,0.0179279529999973,0.1530760879999775,0.0657181499999808,0.0109865329999934,0.0548419520000038
1133,sun3d-hotel_umd-maryland_hotel1,16,12,sagereg_regen,336,0.3601190476190476,2.332352049503729,0.0923151541963758,True,0.1883697260000048,2.0,2.0,2.212195101603544,6.0,7020.0,1.1368000002676126e-05,0.0070378560000108,0.0463881670000034,0.0620469950000028,0.0073205789999946,0.0655212700000049
1134,sun3d-hotel_umd-maryland_hotel1,17,12,sagereg_regen,431,0.5081206496519721,1.12459847927955,0.0493374202162691,True,0.2121949850000106,1.9895833333333333,2.0,2.3171135881227354,4.0,8790.0,1.381399999900168e-05,0.0094696959999964,0.0695827480000019,0.0624833840000036,0.0082601989999915,0.0623411890000085
1135,sun3d-hotel_umd-maryland_hotel1,18,13,sagereg_regen,276,0.2318840579710145,1.0913564589237754,0.0135107014894217,True,0.1560353659999975,1.9479166666666667,2.0,2.2186847635727776,5.0,4853.0,1.0606000017787665e-05,0.0049366959999872,0.0341859930000225,0.0571816970000043,0.0068269850000035,0.0528494799999919
1136,sun3d-hotel_umd-maryland_hotel1,22,13,sagereg_regen,348,0.4080459770114942,0.5088375473160666,0.0185956419450564,True,0.1803379460000087,2.0,2.0,2.6849899433414377,6.0,6768.0,1.1278000016545777e-05,0.0066314710000199,0.049780437999999,0.060373826000017,0.007356403999978,0.0561428299999988
1137,sun3d-hotel_umd-maryland_hotel1,27,13,sagereg_regen,274,0.0766423357664233,4.123137729573364,0.727815647899294,False,0.1676158050000111,1.96875,2.0,2.099830848894121,4.0,6840.0,1.1451000005990863e-05,0.0050238320000062,0.0317354709999904,0.0623993669999975,0.0070777309999954,0.0613103710000046
1138,sun3d-hotel_umd-maryland_hotel1,29,13,sagereg_regen,196,0.0051020408163265,8.017850534502154,0.7904340386407839,False,0.1311911969999926,1.9479166666666667,2.0,1.696859064669716,5.0,4883.0,9.724999998184105e-06,0.0031785030000008,0.0167258089999933,0.0557869259999961,0.006589329999997,0.0488605919999969
1139,sun3d-hotel_umd-maryland_hotel1,32,13,sagereg_regen,341,0.0850439882697947,2.706739614216178,0.9892991388753444,False,0.1732176470000013,1.9895833333333333,2.0,1.5554270375240578,5.0,4574.0,1.1669999992136582e-05,0.0068547260000002,0.0528249859999903,0.05887118199999,0.0067345719999991,0.0478774169999951
1140,sun3d-hotel_umd-maryland_hotel1,15,14,sagereg_regen,243,0.3703703703703703,1.7931349227396003,0.0335316322250692,True,0.1262713749999875,1.9791666666666667,2.0,2.569398336652903,4.0,4167.0,9.560999984614682e-06,0.0039980949999858,0.0223080800000161,0.0583448259999954,0.0067864190000079,0.0347845560000052
1141,sun3d-hotel_umd-maryland_hotel1,23,14,sagereg_regen,226,0.1725663716814159,1.741058003724285,0.0480517515101827,True,0.1308180909999947,1.9166666666666667,2.0,2.351631308242654,6.0,5597.0,9.67199999024615e-06,0.0029209369999989,0.0185545400000108,0.052765057000002,0.006159242999999,0.0503708610000046
1142,sun3d-hotel_umd-maryland_hotel1,24,14,sagereg_regen,340,0.3411764705882353,0.5648092777101258,0.035677889961498,True,0.177401562,1.9895833333333333,2.0,2.1984012120434997,5.0,7154.0,1.1596999996754676e-05,0.0063186849999965,0.0477632440000093,0.0597531420000052,0.0071492780000141,0.0563629689999913
1143,sun3d-hotel_umd-maryland_hotel1,25,14,sagereg_regen,464,0.5064655172413793,1.1475422964190458,0.0367395421010392,True,0.2202173809999976,2.0,2.0,1.9142281664350247,6.0,7650.0,1.4010999990432538e-05,0.0101508989999956,0.0794599950000076,0.0628522990000135,0.0084979979999957,0.0591933299999993
1144,sun3d-hotel_umd-maryland_hotel1,26,14,sagereg_regen,324,0.2314814814814814,0.7589269902339729,0.070796919988196,True,0.1563695629999983,1.9791666666666667,2.0,1.8812096475086244,3.0,6180.0,1.12170000079459e-05,0.0060376160000146,0.0376305370000125,0.0597921559999861,0.0068794839999952,0.0459765029999914
1145,sun3d-hotel_umd-maryland_hotel1,16,15,sagereg_regen,573,0.7713787085514834,3.583264237192472,0.1391209475570262,True,0.2785439780000018,2.0,2.0,2.466780531146203,6.0,7637.0,1.4106999998375612e-05,0.013788826999999,0.1207280599999904,0.0660376829999904,0.0102748520000091,0.0676481630000012
1146,sun3d-hotel_umd-maryland_hotel1,23,15,sagereg_regen,257,0.3929961089494163,1.1844860708512708,0.0823862690369859,True,0.1513734280000278,1.9895833333333333,2.0,2.170416046646322,3.0,7387.0,1.1214000011250391e-05,0.0044343429999855,0.0257300339999915,0.0597993619999783,0.0069586449999974,0.0543979660000104
1147,sun3d-hotel_umd-maryland_hotel1,17,16,sagereg_regen,371,0.5202156334231806,1.68080500215834,0.0576098573720473,True,0.173625678999997,1.9895833333333333,2.0,2.317598330523729,1.0,6230.0,1.2266999988241878e-05,0.0074955720000104,0.0499695620000011,0.0629556279999974,0.0078932970000096,0.0452511180000101
1148,sun3d-hotel_umd-maryland_hotel1,23,16,sagereg_regen,332,0.4759036144578313,2.8881251185857018,0.1662364223853876,True,0.1891435559999763,1.9895833333333333,2.0,2.131070212872944,5.0,7120.0,1.1246999974900971e-05,0.0064462409999919,0.0483468059999836,0.0605798480000032,0.0076679729999966,0.0660455419999834
1149,sun3d-hotel_umd-maryland_hotel1,22,18,sagereg_regen,976,0.639344262295082,1.901922186115821,0.1405340169010183,True,0.421653096,2.0,2.0,2.3727339439824022,5.0,10293.0,1.956899998845074e-05,0.0359959299999985,0.2212096910000127,0.0693631110000012,0.0134337059999865,0.0815733660000006
1150,sun3d-hotel_umd-maryland_hotel1,21,19,sagereg_regen,354,0.7372881355932204,0.8342810074365553,0.0289430631424116,True,0.1742360100000155,2.0,2.0,2.418265623917164,5.0,5846.0,1.203499999746782e-05,0.0069233909999866,0.0507370349999973,0.0629834519999974,0.0084126550000007,0.0451181660000088
1151,sun3d-hotel_umd-maryland_hotel1,31,19,sagereg_regen,280,0.2785714285714286,2.9406350181777023,0.1077337505595372,True,0.1554990610000004,1.90625,2.0,2.429224776230789,6.0,6996.0,1.0502999998607264e-05,0.0042080029999738,0.0295727660000011,0.0547975560000111,0.0069220700000016,0.059945196000001
1152,sun3d-hotel_umd-maryland_hotel1,21,20,sagereg_regen,198,0.8232323232323232,1.456188555385019,0.032810249080517,True,0.1184551569999996,2.0,2.0,2.271898011311124,5.0,2901.0,9.884000007787108e-06,0.0037627170000007,0.0212920820000022,0.058515514999982,0.0069495150000022,0.0278887289999829
1153,sun3d-hotel_umd-maryland_hotel1,30,20,sagereg_regen,140,0.3571428571428571,6.662817365800891,0.259626200928845,True,0.1006759610000074,2.0,2.0,2.0783137717766653,3.0,2285.0,8.641999997394123e-06,0.0030608139999941,0.0109765199999998,0.0564039209999975,0.0061859870000091,0.0240045850000001
1154,sun3d-hotel_umd-maryland_hotel1,31,20,sagereg_regen,162,0.5555555555555556,4.910951905883522,0.2116440676217033,True,0.1086066880000089,2.0,2.0,2.1588822806783488,4.0,3100.0,8.692000022847424e-06,0.0029090800000233,0.0133041139999932,0.0585981330000038,0.0065542480000146,0.0271920550000004
1155,sun3d-hotel_umd-maryland_hotel1,30,21,sagereg_regen,177,0.3672316384180791,1.0489878939897483,0.0689464684650782,True,0.118482159999985,1.9895833333333333,2.0,2.123618188466165,6.0,4724.0,8.825999998407497e-06,0.0029355980000218,0.0143193819999964,0.0567656839999983,0.0065162810000174,0.0378965269999866
1156,sun3d-hotel_umd-maryland_hotel1,31,21,sagereg_regen,261,0.5593869731800766,2.022845652609141,0.0654951010242212,True,0.1583754199999987,2.0,2.0,2.564754400374391,6.0,7517.0,1.0231000004523594e-05,0.004741537000001,0.0299249560000021,0.0608295840000039,0.0072189840000191,0.0556092170000113
1157,sun3d-hotel_umd-maryland_hotel1,25,24,sagereg_regen,712,0.8890449438202247,0.4623124543681149,0.0219517845932532,True,0.3168181200000219,2.0,2.0,1.6918811403606573,4.0,7199.0,1.6272999999955573e-05,0.0197816499999987,0.1583122709999997,0.0678388299999994,0.0115771639999877,0.0592360200000143
1158,sun3d-hotel_umd-maryland_hotel1,26,24,sagereg_regen,442,0.4547511312217194,1.1310048862381643,0.0599929210772646,True,0.2005166670000164,1.9791666666666667,2.0,2.378565921909652,2.0,5341.0,1.3749000004281696e-05,0.0100268639999967,0.0726459859999977,0.063297322000011,0.0084465010000087,0.0460392560000002
1159,sun3d-hotel_umd-maryland_hotel1,26,25,sagereg_regen,741,0.8609986504723347,0.625189242639956,0.0279636046089758,True,0.3312308739999992,2.0,2.0,2.347375190191789,6.0,7962.0,1.7106000001376742e-05,0.0217616479999946,0.1599707569999964,0.0700453770000137,0.0118589699999915,0.0675214489999973
1160,sun3d-hotel_umd-maryland_hotel1,29,25,sagereg_regen,229,0.3187772925764192,1.3056926137381837,0.0797515877397241,True,0.1310423160000198,1.90625,2.0,2.497703088417283,5.0,3981.0,1.074700000458506e-05,0.0040324109999971,0.0194547799999895,0.056277902000005,0.0066549219999956,0.0445718880000072
1161,sun3d-hotel_umd-maryland_hotel1,29,26,sagereg_regen,441,0.673469387755102,1.6554875897590913,0.0936078530751014,True,0.2195233649999863,1.9895833333333333,2.0,2.2355605260219678,5.0,6760.0,1.407700000299883e-05,0.0096761789999959,0.0771704679999913,0.0628379519999953,0.0090336570000033,0.0607447689999958
1162,sun3d-hotel_umd-maryland_hotel1,28,27,sagereg_regen,472,0.739406779661017,0.6170199474757005,0.0348425937242214,True,0.2221461139999974,2.0,2.0,1.7110970081237116,6.0,6713.0,1.407700000299883e-05,0.0105667610000068,0.082463046999976,0.0632848489999844,0.0093148809999945,0.0564559430000031
1163,sun3d-hotel_umd-maryland_hotel1,29,27,sagereg_regen,585,0.6666666666666666,1.441071888644285,0.0539032922871643,True,0.2723372930000209,2.0,2.0,2.2434125178075104,4.0,7014.0,1.6712000018515027e-05,0.0140067480000141,0.1242092530000036,0.0654152630000055,0.0099548020000099,0.0586776300000053
1164,sun3d-hotel_umd-maryland_hotel1,32,27,sagereg_regen,519,0.6204238921001927,1.275896837594087,0.0625877909395217,True,0.2495138779999877,2.0,2.0,2.228907922945931,5.0,7384.0,1.4477999997097868e-05,0.0118483139999909,0.1012915400000054,0.0630703820000064,0.0095511000000101,0.0636810430000025
1165,sun3d-hotel_umd-maryland_hotel1,29,28,sagereg_regen,221,0.2398190045248869,2.298112064308121,0.0947266398005378,True,0.1276759369999922,2.0,2.0,2.542745565352301,6.0,4095.0,9.40200001764424e-06,0.0034736970000039,0.0176068650000047,0.0570193650000021,0.0065482920000192,0.0429801119999808
1166,sun3d-hotel_umd-maryland_hotel1,32,28,sagereg_regen,278,0.4496402877697841,0.7771824705299888,0.0131493739793496,True,0.1532771230000094,1.9270833333333333,2.0,1.959868053170681,6.0,5948.0,1.0437000014462685e-05,0.004601029000014,0.0291740520000018,0.0575300289999916,0.0071529570000166,0.0547622070000102
1167,sun3d-hotel_umd-maryland_hotel1,32,29,sagereg_regen,462,0.5584415584415584,0.8643319971961774,0.0479386038179667,True,0.2209327180000002,2.0,2.0,1.9627281798384597,5.0,7717.0,1.6689000005953858e-05,0.0098857979999991,0.0778758749999894,0.0621434409999892,0.0087115369999821,0.0622509259999901
1168,sun3d-hotel_umd-maryland_hotel1,31,30,sagereg_regen,525,0.7104761904761905,0.7019237393945096,0.0207579090264364,True,0.2441170419999991,2.0,2.0,2.260485440676347,4.0,6827.0,1.4172999982520196e-05,0.0128869569999778,0.1015408670000113,0.0649982580000028,0.0093647820000057,0.0552638439999952
1169,sun3d-hotel_umd-maryland_hotel1,35,33,sagereg_regen,667,0.9415292353823088,0.8159335831187258,0.0177271407008301,True,0.2651160990000107,2.0,2.0,2.7105725001269114,2.0,3876.0,1.5875000002552042e-05,0.0185418630000242,0.1436550870000132,0.0696422599999948,0.0115311959999928,0.021676468999999
1170,sun3d-hotel_umd-maryland_hotel1,37,36,sagereg_regen,898,0.9387527839643652,0.9149006608584768,0.0259209517014943,True,0.3664786049999975,2.0,2.0,2.481888764953581,4.0,6476.0,1.968399999441317e-05,0.0284863600000164,0.2030099069999948,0.0702220309999859,0.0131219560000204,0.0515589110000007
1171,sun3d-hotel_umd-maryland_hotel1,39,38,sagereg_regen,330,0.8848484848484849,1.733595510731036,0.0403334677617147,True,0.1532994619999783,2.0,2.0,2.6031335789507826,3.0,3701.0,1.2068999978964712e-05,0.0064687000000276,0.0510140709999973,0.0622361159999798,0.0084579950000147,0.0250658129999976
1172,sun3d-hotel_umd-maryland_hotel1,40,38,sagereg_regen,111,0.3063063063063063,2.0419285984340445,0.0482496572097557,True,0.0800116489999993,2.0,2.0,1.6888908355136856,3.0,2705.0,7.643999992978934e-06,0.0017447320000201,0.0066946879999818,0.0428838629999859,0.0057427720000191,0.0229032700000004
1173,sun3d-hotel_umd-maryland_hotel1,41,38,sagereg_regen,453,0.933774834437086,2.736631437947393,0.0482556370519139,True,0.1846237339999845,2.0,2.0,2.4586794883613408,2.0,3199.0,1.4365999987830946e-05,0.0099884310000106,0.0788970769999934,0.064398030999996,0.0095176309999942,0.0217601749999971
1174,sun3d-hotel_umd-maryland_hotel1,56,38,sagereg_regen,274,0.3905109489051095,1.2403624178594264,0.0686255502979565,True,0.1354145250000158,1.9791666666666667,2.0,2.662318234796055,4.0,4142.0,1.0694999986071709e-05,0.0048762480000164,0.0294940569999937,0.0588691579999931,0.0069867580000106,0.0351357440000015
1175,sun3d-hotel_umd-maryland_hotel1,40,39,sagereg_regen,368,0.8369565217391305,0.4396939239449654,0.0199684600281364,True,0.1659073999999805,2.0,2.0,2.472607234429365,2.0,5109.0,1.2601999998196334e-05,0.007971206999997,0.055542642000006,0.0630291129999989,0.0085798420000173,0.0307279509999887
1176,sun3d-hotel_umd-maryland_hotel1,41,39,sagereg_regen,202,0.7970297029702971,1.0224098280998115,0.0414900221359481,True,0.1101183530000184,2.0,2.0,2.6235092188401183,2.0,2722.0,9.473999995179838e-06,0.0035480299999903,0.0203204089999928,0.0592641309999919,0.0070502939999812,0.0198875030000067
1177,sun3d-hotel_umd-maryland_hotel1,56,39,sagereg_regen,452,0.6792035398230089,0.8690557809546514,0.0228307142915832,True,0.2140703540000004,2.0,2.0,2.205458123188928,2.0,7120.0,1.4203999995743288e-05,0.0104112239999949,0.0827398630000004,0.0630120129999909,0.0088238719999935,0.0490213960000005
1178,sun3d-hotel_umd-maryland_hotel1,56,40,sagereg_regen,266,0.6015037593984962,1.281638214867109,0.0637857433674353,True,0.151910977,2.0,2.0,2.530064893136995,4.0,6363.0,1.075999998079169e-05,0.0049792460000048,0.0344680339999854,0.061045981999996,0.0073771009999745,0.0439890890000072
1179,sun3d-hotel_umd-maryland_hotel1,56,41,sagereg_regen,196,0.1122448979591836,3.113287151203521,0.0961731691411455,True,0.104674564999982,1.9270833333333333,2.0,2.416697401093457,4.0,3167.0,9.132000002409768e-06,0.0022858920000032,0.015955574000003,0.0514802389999999,0.0061110489999975,0.0287959059999991
1180,sun3d-hotel_umd-maryland_hotel1,43,42,sagereg_regen,334,0.6676646706586826,2.017204960238006,0.0284187019746304,True,0.1743456659999935,2.0,2.0,2.4082701366817414,4.0,5818.0,1.2916000002860528e-05,0.0070045500000048,0.0514928220000001,0.0667321100000037,0.0080815869999923,0.0409694600000136
1181,sun3d-hotel_umd-maryland_hotel1,44,43,sagereg_regen,242,0.4669421487603306,2.4957890678816232,0.0342834833908309,True,0.1253358140000386,1.9895833333333333,2.0,2.3938642138689112,6.0,3301.0,9.553000012374468e-06,0.0043699839999931,0.0222163760000171,0.0602828600000009,0.0068808940000053,0.0315365750000182
1182,sun3d-hotel_umd-maryland_hotel1,48,44,sagereg_regen,626,0.8194888178913738,1.310461666652193,0.0181102741892887,True,0.268379613000036,2.0,2.0,2.110183807747273,5.0,4394.0,1.4824000004409754e-05,0.0158617680000077,0.1403837029999977,0.0665546289999952,0.0113574110000058,0.0341516870000191
1183,sun3d-hotel_umd-maryland_hotel1,47,45,sagereg_regen,283,0.8303886925795053,2.0575340903124206,0.041128295695116,True,0.1313791200000196,2.0,2.0,2.068751948244232,3.0,3306.0,1.1623000006011353e-05,0.005185621999999,0.0359850830000141,0.0616877159999944,0.007998925999999,0.020466773999999
1184,sun3d-hotel_umd-maryland_hotel1,47,46,sagereg_regen,56,0.2678571428571428,3.460149171448859,0.0362850839688559,True,0.0359383400000012,1.8333333333333333,2.0,2.185628433323997,3.0,1112.0,6.968999997525316e-06,0.0019883889999903,0.0017449769999871,0.0164370010000141,0.005364041000007,0.010371063000008
1185,sun3d-hotel_umd-maryland_hotel1,56,46,sagereg_regen,114,0.2807017543859649,4.196041466361192,0.1173243762960182,True,0.0842729349999729,1.876543209876543,2.0,1.9645081253083745,6.0,1803.0,7.775000000265209e-06,0.0018283210000049,0.0065686930000197,0.0423135860000059,0.0058732720000023,0.0276452459999916
1186,sun3d-hotel_umd-maryland_hotel1,50,49,sagereg_regen,117,0.282051282051282,1.814247353971348,0.0576864724367854,True,0.0793242700000007,1.9733333333333332,2.0,2.202731648182126,6.0,2691.0,8.055000023432513e-06,0.0020207979999895,0.0061037100000191,0.0420933959999842,0.005728648999991,0.0233365789999879
1187,sun3d-hotel_umd-maryland_hotel1,51,49,sagereg_regen,189,0.6825396825396826,1.1169089974651767,0.0228420692559581,True,0.1156717099999866,2.0,2.0,2.516084878511309,4.0,3407.0,8.91299998784234e-06,0.00332784699998,0.0186216910000212,0.0602567329999885,0.0071158609999883,0.0263006399999881
1188,sun3d-hotel_umd-maryland_hotel1,52,49,sagereg_regen,128,0.234375,2.2480404607347677,0.0477562165231794,True,0.0860658829999749,2.0,2.0,2.551376204381696,4.0,1899.0,7.276999980376786e-06,0.0021837319999917,0.0095147199999985,0.0530700390000049,0.0057443979999902,0.0155103539999856
1189,sun3d-hotel_umd-maryland_hotel1,53,49,sagereg_regen,159,0.1698113207547169,3.293081075928736,0.0471543419234323,True,0.1034573960000102,2.0,2.0,1.9199157181246884,6.0,2920.0,8.59499999705804e-06,0.002884057000017,0.0127337489999774,0.0574914750000061,0.0060819170000172,0.0242154200000186
1190,sun3d-hotel_umd-maryland_hotel1,55,49,sagereg_regen,116,0.1120689655172413,87.73273875747392,1.3726461673032968,False,0.0866495960000293,1.9240506329113924,2.0,1.213051527488905,6.0,2897.0,8.142000012867356e-06,0.0020714499999883,0.0066189309999913,0.0433617490000131,0.0056529839999939,0.0288978080000106
1191,sun3d-hotel_umd-maryland_hotel1,51,50,sagereg_regen,185,0.3945945945945946,1.162437709760689,0.0443499549322232,True,0.1127266050000059,2.0,2.0,2.049320584464066,4.0,4029.0,9.02600001495557e-06,0.0032910060000119,0.0151711869999928,0.0579880519999846,0.0065878220000001,0.0296395210000071
1192,sun3d-hotel_umd-maryland_hotel1,52,50,sagereg_regen,106,0.0377358490566037,89.29275291934755,1.407807939708317,False,0.07103310399998,1.9027777777777777,2.0,1.4281669852542191,6.0,2274.0,7.657999987031872e-06,0.001637488,0.0052739610000003,0.0368046610000192,0.0055917749999991,0.021684590999996
1193,sun3d-hotel_umd-maryland_hotel1,53,50,sagereg_regen,203,0.6502463054187192,1.8441525675297967,0.0247447818300407,True,0.1129017149999924,2.0,2.0,2.854604996407609,4.0,2658.0,9.201000011671567e-06,0.0033698670000035,0.018490507999985,0.0598038290000033,0.006950861000007,0.0242385299999909
1194,sun3d-hotel_umd-maryland_hotel1,54,50,sagereg_regen,194,0.6804123711340206,0.984774915808166,0.0262468496099033,True,0.1179482639999776,2.0,2.0,1.6114265262390517,4.0,3555.0,8.746999981212866e-06,0.0034381900000255,0.0192140569999992,0.0587977129999899,0.0070195899999987,0.0294307730000014
1195,sun3d-hotel_umd-maryland_hotel1,52,51,sagereg_regen,195,0.6205128205128205,2.0027251184704484,0.0482038068391998,True,0.1043861830000025,2.0,2.0,2.2748947030993416,1.0,2806.0,9.48300001368807e-06,0.0036696730000187,0.0194807980000177,0.0591441940000265,0.0068161519999989,0.0152292519999832
1196,sun3d-hotel_umd-maryland_hotel1,53,51,sagereg_regen,103,0.203883495145631,2.868367167229729,0.0433712760080223,True,0.0708619740000244,1.9428571428571428,2.0,2.278408636219279,5.0,2366.0,7.53399999098292e-06,0.0018021120000071,0.0052592279999998,0.0375664090000213,0.0056362930000091,0.0205580900000086
1197,sun3d-hotel_umd-maryland_hotel1,54,51,sagereg_regen,99,0.0707070707070707,3.934512884325075,0.1152829474359768,True,0.0694951430000117,1.7464788732394363,2.0,1.2993138059867892,6.0,2329.0,7.995000004257236e-06,0.0017072750000011,0.0050410540000029,0.0334259320000001,0.0057574459999898,0.0235220090000041
1198,sun3d-hotel_umd-maryland_hotel1,54,53,sagereg_regen,139,0.1079136690647482,65.44589489296996,2.028562453381133,False,0.0895205629999793,2.0,2.0,1.9857046517295251,4.0,1985.0,8.550999979206608e-06,0.0029423430000008,0.0091439929999808,0.0534285550000106,0.0060320469999908,0.0179287849999809
1199,sun3d-hotel_umd-maryland_hotel1,55,53,sagereg_regen,243,0.7901234567901234,1.2855517500116458,0.0175913418382662,True,0.1340158509999867,2.0,2.0,2.93278473605648,5.0,3879.0,1.1096999998017054e-05,0.0047573999999883,0.0286615720000043,0.0612880689999997,0.007613636000002,0.0316416819999858
1200,sun3d-hotel_umd-maryland_hotel3,1,0,sagereg_regen,602,0.6212624584717608,1.9623621042031016,0.0707632419092204,True,0.3069483090000346,2.0,2.0,2.269778433868312,5.0,9452.0,1.944400000297719e-05,0.0149108180000041,0.1427031849999878,0.0631937680000191,0.0098633449999852,0.0762043230000131
1201,sun3d-hotel_umd-maryland_hotel3,12,0,sagereg_regen,694,0.4596541786743516,3.156471210123183,0.0790221427639362,True,0.3331702650000068,1.9791666666666667,2.0,2.5581428861310647,4.0,8757.0,1.644600001782237e-05,0.0192145679999953,0.1659143269999958,0.0642266950000021,0.0110963070000025,0.0726453290000108
1202,sun3d-hotel_umd-maryland_hotel3,3,2,sagereg_regen,425,0.76,0.6975644302681354,0.0202819306881665,True,0.2003962799999783,2.0,2.0,2.579981618530441,3.0,5986.0,1.4800999991848585e-05,0.0092911630000003,0.0662183800000093,0.0645343539999885,0.0091171770000073,0.0511703219999901
1203,sun3d-hotel_umd-maryland_hotel3,4,3,sagereg_regen,344,0.5174418604651163,1.196842621267372,0.0481712716279694,True,0.20931165799999,1.9791666666666667,2.0,2.6746841747981565,5.0,10076.0,1.1110999992069992e-05,0.0067221209999956,0.0480672379999873,0.0629231380000021,0.007870338999993,0.0836722040000097
1204,sun3d-hotel_umd-maryland_hotel3,5,4,sagereg_regen,359,0.6434540389972145,0.3341255243952297,0.0358339112245483,True,0.1820265890000314,2.0,2.0,2.324089706445507,3.0,6533.0,1.1839000023883273e-05,0.0077832059999991,0.0509268590000147,0.0629464759999791,0.0081203910000056,0.0521897000000137
1205,sun3d-hotel_umd-maryland_hotel3,6,5,sagereg_regen,779,0.9152759948652118,0.8061763214957505,0.0300416332666998,True,0.3312240180000003,2.0,2.0,2.7693214886079764,5.0,6698.0,1.750900000274669e-05,0.0257560319999754,0.1656160280000165,0.0701343270000052,0.012103790000026,0.0575410419999968
1206,sun3d-hotel_umd-maryland_hotel3,7,6,sagereg_regen,455,0.8725274725274725,0.8178907014427339,0.0180261012197302,True,0.2050334889999874,2.0,2.0,2.329650969941225,4.0,4615.0,1.4256999975259532e-05,0.0101728150000042,0.080867746999985,0.0646013120000077,0.0092674789999875,0.0400635459999989
1207,sun3d-hotel_umd-maryland_hotel3,8,7,sagereg_regen,189,0.6825396825396826,2.281063302145709,0.0739215101715304,True,0.1201238230000001,1.9895833333333333,2.0,2.279676538500077,5.0,3429.0,9.372999983270349e-06,0.0032954619999827,0.0169292909999967,0.0590333279999981,0.0069371049999915,0.0338784770000017
1208,sun3d-hotel_umd-maryland_hotel3,9,8,sagereg_regen,302,0.5132450331125827,3.167604463817117,0.1138336013462626,True,0.1742356420000135,1.9895833333333333,2.0,2.424652325205084,5.0,6241.0,1.0991999999987456e-05,0.005834434999997,0.0387628550000158,0.0619203529999765,0.007457090999992,0.0602048579999916
1209,sun3d-hotel_umd-maryland_hotel3,10,8,sagereg_regen,468,0.7158119658119658,4.591487908116737,0.241578673630616,True,0.2216266049999831,1.9895833333333333,2.0,2.6199309404285134,6.0,5324.0,1.4275999973278886e-05,0.011106208000001,0.0868956529999991,0.0631192269999871,0.0091936439999926,0.0512494589999903
1210,sun3d-hotel_umd-maryland_hotel3,15,8,sagereg_regen,682,0.8460410557184751,2.5092628296857447,0.0875387169809334,True,0.3024852469999928,2.0,2.0,2.535737496016046,6.0,6397.0,1.6762999990760363e-05,0.0185096980000025,0.1516736369999876,0.0672513069999922,0.0112464919999979,0.0537345500000014
1211,sun3d-hotel_umd-maryland_hotel3,16,8,sagereg_regen,360,0.6361111111111111,2.5445208295423014,0.0745314922318519,True,0.1667783439999937,2.0,2.0,2.357510436158654,6.0,3774.0,1.285700000153156e-05,0.0073272840000129,0.0492667309999887,0.0626428770000018,0.0081074179999802,0.0393727729999966
1212,sun3d-hotel_umd-maryland_hotel3,14,10,sagereg_regen,340,0.3529411764705882,0.7502413926468103,0.024552961357851,True,0.1763322020000259,2.0,2.0,1.8012633143333572,6.0,7199.0,1.1092000022472348e-05,0.0061809199999913,0.0476030450000166,0.0603962850000243,0.0071364860000073,0.0549596040000039
1213,sun3d-hotel_umd-maryland_hotel3,15,10,sagereg_regen,563,0.8632326820603907,2.3897824217589614,0.0937648956262989,True,0.2585225690000072,2.0,2.0,2.447131243629617,3.0,6555.0,1.4524000022220209e-05,0.0136621900000193,0.1205757289999951,0.067266251999996,0.0106562160000009,0.0462956190000056
1214,sun3d-hotel_umd-maryland_hotel3,16,10,sagereg_regen,460,0.6891304347826087,1.1180140268798588,0.0434458831628848,True,0.2093143490000102,2.0,2.0,2.4657462819795164,6.0,5487.0,1.478400000110014e-05,0.0097644669999965,0.0782484419999889,0.0627029520000235,0.0088153629999965,0.0497191190000023
1215,sun3d-hotel_umd-maryland_hotel3,12,11,sagereg_regen,668,0.7874251497005988,1.625067967440053,0.0438089801498468,True,0.3168585410000162,2.0,2.0,2.155938998050876,5.0,8133.0,1.6267999995989157e-05,0.0183691160000023,0.14672256099999,0.0681078359999958,0.0113237019999985,0.0722620749999976
1216,sun3d-hotel_umd-maryland_hotel3,13,11,sagereg_regen,700,0.8242857142857143,1.1361381185870565,0.0362038560350529,True,0.3280224040000234,2.0,2.0,2.2210422811039283,4.0,9625.0,1.603800001248601e-05,0.0193246080000051,0.154260038000018,0.0677047720000132,0.011228238000001,0.0754335640000078
1217,sun3d-hotel_umd-maryland_hotel3,13,12,sagereg_regen,1002,0.8692614770459082,1.1712355629063342,0.0559883873598575,True,0.4368006589999993,2.0,2.0,1.95847754172347,1.0,9595.0,2.023199999712233e-05,0.0361862949999931,0.226055591000005,0.0720299519999798,0.0144718939999961,0.0879614920000051
1218,sun3d-hotel_umd-maryland_hotel3,15,14,sagereg_regen,272,0.1617647058823529,1.0830093007885366,0.0427268146291493,True,0.138374156999987,1.9895833333333333,2.0,2.607169950843029,6.0,3481.0,1.0433999989345466e-05,0.0045776080000052,0.0315493180000032,0.0583330789999934,0.0063545849999968,0.0375090009999894
1219,sun3d-hotel_umd-maryland_hotel3,16,15,sagereg_regen,791,0.8862199747155499,0.6461969437413193,0.0183177522378089,True,0.3176701669999886,2.0,2.0,2.5411182362982734,2.0,6005.0,1.822400000150992e-05,0.0237169640000161,0.1708065839999903,0.0685139389999847,0.0122206970000036,0.0423377139999843
1220,sun3d-hotel_umd-maryland_hotel3,17,16,sagereg_regen,248,0.3951612903225806,0.6535253091546591,0.0198439097026943,True,0.139661100000012,1.9895833333333333,2.0,2.099481657803854,3.0,6462.0,9.44999999319407e-06,0.0043282530000112,0.0278578789999812,0.0587522339999964,0.006765998999981,0.0419063180000023
1221,sun3d-hotel_umd-maryland_hotel3,18,17,sagereg_regen,330,0.2757575757575757,1.5759749627465782,0.0394066121432792,True,0.1671257810000099,2.0,2.0,2.0372796557399635,6.0,5125.0,1.2118000000782558e-05,0.0067786379999859,0.0491446739999901,0.060568709999984,0.007080669000004,0.0434969469999941
1222,sun3d-hotel_umd-maryland_hotel3,19,17,sagereg_regen,512,0.87109375,2.0917472746601478,0.0492975683395413,True,0.2278967210000075,2.0,2.0,2.3065054195395125,3.0,5797.0,1.5087999997831504e-05,0.0119877280000082,0.1011821810000128,0.0648678010000196,0.0098043319999874,0.0399915190000115
1223,sun3d-hotel_umd-maryland_hotel3,19,18,sagereg_regen,571,0.4798598949211909,0.715442426944102,0.0259248904155818,True,0.2384993679999922,2.0,2.0,2.510774638560298,4.0,5177.0,1.770099999021113e-05,0.013294519999988,0.1182053550000148,0.0642130749999978,0.008995045000006,0.033722981000011
1224,sun3d-hotel_umd-maryland_hotel3,20,19,sagereg_regen,292,0.815068493150685,0.9940107393379378,0.0223695020366582,True,0.1458070470000052,1.9895833333333333,2.0,2.2948538167013783,5.0,3620.0,1.1428999982854291e-05,0.0057925689999933,0.0383894379999958,0.0624635979999936,0.0078085820000239,0.0312947760000099
1225,sun3d-hotel_umd-maryland_hotel3,21,20,sagereg_regen,136,0.1911764705882352,1.7948236040545829,0.0358709312714463,True,0.0978677129999709,1.9195402298850572,2.0,2.4745633125648445,6.0,3508.0,7.977999985087081e-06,0.0019432919999928,0.0078265109999904,0.0470809600000166,0.0059273079999968,0.0350437289999945
1226,sun3d-hotel_umd-maryland_hotel3,22,21,sagereg_regen,759,0.8959156785243741,1.11225481743352,0.0159283748739285,True,0.3181314719999761,2.0,2.0,2.669575783596529,1.0,6486.0,1.787200000080702e-05,0.0228434250000191,0.1697627789999956,0.0701321960000029,0.0124154219999752,0.0429036109999856
1227,sun3d-hotel_umd-maryland_hotel3,28,21,sagereg_regen,491,0.8268839103869654,2.18968690327221,0.0202128035043717,True,0.2193065179999962,2.0,2.0,2.5846224850710864,3.0,5016.0,1.576399998270972e-05,0.0115737200000012,0.0961260939999988,0.0642258250000225,0.0097948119999955,0.0375208439999994
1228,sun3d-hotel_umd-maryland_hotel3,23,22,sagereg_regen,1016,0.9242125984251968,0.7141731851902172,0.0126002675212753,True,0.411080155999997,2.0,2.0,2.688164786225506,5.0,8637.0,2.0912000024964076e-05,0.0343410579999954,0.2245603049999829,0.0717152539999972,0.0143539860000032,0.0660248519999981
1229,sun3d-hotel_umd-maryland_hotel3,29,22,sagereg_regen,571,0.840630472854641,1.181828593360935,0.0288331746351031,True,0.2658664929999759,2.0,2.0,2.158437319213894,5.0,5972.0,1.4870999990534983e-05,0.0140019520000009,0.1270870619999868,0.0667972610000049,0.010614180999994,0.0473005289999832
1230,sun3d-hotel_umd-maryland_hotel3,28,23,sagereg_regen,306,0.7352941176470589,1.49460771607455,0.0155018888474851,True,0.137545096000025,2.0,2.0,2.1667075329867327,2.0,3416.0,1.203499999746782e-05,0.0064802980000138,0.0388883649999911,0.0624347799999895,0.0076997589999905,0.0219882660000223
1231,sun3d-hotel_umd-maryland_hotel3,29,23,sagereg_regen,396,0.8888888888888888,0.9642463723347556,0.0147037821457723,True,0.1884026170000083,2.0,2.0,2.1772629966200685,6.0,4870.0,1.3373999991017628e-05,0.0085447909999913,0.0678276919999802,0.0626760380000064,0.0090527479999877,0.0402405730000055
1232,sun3d-hotel_umd-maryland_hotel3,30,23,sagereg_regen,229,0.5676855895196506,2.205810539758821,0.0453370356700323,True,0.1210998020000033,1.9895833333333333,2.0,1.6607312803597565,2.0,3348.0,9.644000016351129e-06,0.0040695200000016,0.0248673030000077,0.0599533479999934,0.006985745999998,0.0251725720000024
1233,sun3d-hotel_umd-maryland_hotel3,27,24,sagereg_regen,165,0.503030303030303,1.2779157642390704,0.0123455331732553,True,0.1085507800000016,2.0,2.0,1.55484201446847,4.0,3205.0,8.812000004354559e-06,0.0027643820000093,0.0134309110000003,0.0577291240000192,0.0064416069999992,0.0281369199999801
1234,sun3d-hotel_umd-maryland_hotel3,28,24,sagereg_regen,464,0.9030172413793104,0.992165798905497,0.0300117033456393,True,0.1982392399999923,2.0,2.0,2.378208968258039,4.0,4175.0,1.377999998908308e-05,0.0107119040000043,0.0813046750000126,0.0650703120000173,0.0093105460000231,0.0317782700000179
1235,sun3d-hotel_umd-maryland_hotel3,27,25,sagereg_regen,81,0.382716049382716,2.6300004086802504,0.0268983911996152,True,0.0545074260000149,1.8983050847457628,2.0,2.432477638269761,2.0,1842.0,7.506000002877045e-06,0.0014929159999894,0.0036945660000071,0.0300444449999872,0.0056547869999974,0.0135830760000033
1236,sun3d-hotel_umd-maryland_hotel3,27,26,sagereg_regen,52,0.0961538461538461,93.9261316464973,0.651078258177405,False,0.0443143470000109,1.9166666666666667,2.0,1.746359670992697,6.0,1769.0,7.070999998859406e-06,0.0013054559999829,0.0017707050000126,0.0177562899999941,0.0055275249999908,0.0179191100000082
1237,sun3d-hotel_umd-maryland_hotel3,29,28,sagereg_regen,254,0.7874015748031497,1.4078989031263007,0.0138943279221719,True,0.1281489149999686,1.9895833333333333,2.0,2.539257591059678,6.0,2841.0,1.2465999986943643e-05,0.0047581979999904,0.0281993690000206,0.0608588169999961,0.0076488109999957,0.0266311769999845
1238,sun3d-hotel_umd-maryland_hotel3,30,28,sagereg_regen,141,0.3900709219858156,2.6510234299314286,0.068902143742801,True,0.0929511809999894,1.978494623655914,2.0,2.304046656871569,4.0,1832.0,8.455999989109841e-06,0.0024367970000014,0.0094839749999948,0.0544657109999775,0.0062072809999733,0.0203123430000005
1239,sun3d-hotel_umd-maryland_hotel3,30,29,sagereg_regen,257,0.6848249027237354,1.638901262809516,0.0209860515997349,True,0.1327346739999768,2.0,2.0,1.987476519099896,5.0,4017.0,1.081799999269606e-05,0.004982300999984,0.030295776999992,0.0603808360000073,0.0074620680000236,0.0295626729999867
1240,sun3d-hotel_umd-maryland_hotel3,31,30,sagereg_regen,185,0.4702702702702703,0.4600017088028503,0.0221348976932141,True,0.1096787039999753,1.9791666666666667,2.0,2.558480377310849,4.0,3061.0,9.17499997399318e-06,0.0032370719999903,0.0172399950000112,0.0570375449999858,0.0066237620000038,0.025490388999998
1241,sun3d-hotel_umd-maryland_hotel3,32,31,sagereg_regen,149,0.2013422818791946,1.809626781204059,0.0619288956211823,True,0.1001566319999938,1.9791666666666667,2.0,2.480115997369791,6.0,2900.0,8.530999991762656e-06,0.0024738939999906,0.0109775859999956,0.0550821759999848,0.0060495959999968,0.0255236480000178
1242,sun3d-hotel_umd-maryland_hotel3,33,31,sagereg_regen,135,0.4074074074074074,2.896252018092491,0.0777722664003262,True,0.1039881929999921,2.0,2.0,2.705825509598845,6.0,3501.0,8.620999977893007e-06,0.0024156000000061,0.0101196109999932,0.0570733039999993,0.0062173950000214,0.0281178680000095
1243,sun3d-hotel_umd-maryland_hotel3,34,31,sagereg_regen,172,0.0872093023255814,179.94030605505435,2.5192464817170315,False,0.1046982959999809,1.9895833333333333,2.0,1.7659129230531756,5.0,2192.0,9.075000008351708e-06,0.0029652869999949,0.0142991969999854,0.0570393589999866,0.0065399890000037,0.0238071559999752
1244,sun3d-hotel_umd-maryland_hotel3,33,32,sagereg_regen,123,0.4552845528455284,0.6312770586101419,0.0300391618900181,True,0.092571472000003,2.0,2.0,2.2977835014948984,4.0,3266.0,7.662000001573688e-06,0.0021469579999973,0.0083999800000071,0.050829106000009,0.006012204000001,0.0251401760000078
1245,sun3d-hotel_umd-maryland_hotel3,34,32,sagereg_regen,117,0.0341880341880341,180.0,2.508008330824876,False,0.0850960260000022,1.8604651162790695,2.0,1.5293111894780456,6.0,2831.0,8.516999997709718e-06,0.0020718960000181,0.0071214440000062,0.0440857270000094,0.0058591460000059,0.0259153940000089
1246,sun3d-hotel_umd-maryland_hotel3,35,32,sagereg_regen,137,0.0072992700729927,90.1130341276854,0.5940280238962036,False,0.0937501380000185,1.96875,2.0,2.333303235922815,4.0,2758.0,8.244000014201447e-06,0.0021804879999933,0.0100961660000109,0.0527269979999971,0.005903284999988,0.0227976350000176
1247,sun3d-hotel_umd-maryland_hotel3,36,32,sagereg_regen,115,0.0,176.32535035218996,1.406074892167582,False,0.0826694980000013,1.885057471264368,2.0,1.2001081355046708,6.0,2606.0,8.35500000562206e-06,0.0015546700000186,0.0069533320000232,0.0443109859999992,0.0058611520000226,0.0239456520000089
1248,sun3d-hotel_umd-maryland_hotel3,34,33,sagereg_regen,349,0.839541547277937,1.543884806960497,0.0380234138388187,True,0.1626162489999671,2.0,2.0,2.903191915211966,4.0,4710.0,1.3902999995707432e-05,0.0072679310000012,0.0510658940000041,0.0626454230000206,0.0083567759999994,0.0332240459999866
1249,sun3d-hotel_umd-maryland_hotel3,35,33,sagereg_regen,129,0.1472868217054263,138.5337043059452,1.4779007368145427,False,0.0842861849999963,2.0,2.0,1.8506388376707923,3.0,2157.0,8.098999984440525e-06,0.0023048519999804,0.0081820800000116,0.0498365060000196,0.0059115729999916,0.0180061419999901
1250,sun3d-hotel_umd-maryland_hotel3,36,33,sagereg_regen,111,0.2522522522522522,2.165887482192084,0.0550531131075787,True,0.0794532080000181,1.972972972972973,2.0,2.011650540041761,6.0,2863.0,8.27599998842743e-06,0.0022433770000134,0.0057167209999988,0.0402100800000084,0.0058248610000077,0.0254162930000063
1251,sun3d-hotel_umd-maryland_hotel3,35,34,sagereg_regen,177,0.2259887005649717,1.0951465621780956,0.0305219873244848,True,0.1024102910000124,1.9895833333333333,2.0,1.8045699232068448,3.0,3055.0,9.212000009028998e-06,0.0035662260000037,0.0145921749999899,0.0568427900000187,0.0060699850000105,0.0212920909999922
1252,sun3d-hotel_umd-maryland_hotel3,36,34,sagereg_regen,130,0.4153846153846154,3.4500963725961453,0.0701858651864442,True,0.0951344480000102,1.989010989010989,2.0,2.101222653880755,4.0,3652.0,8.37700000033692e-06,0.0022168229999977,0.0089321000000097,0.0531320840000262,0.0059621910000089,0.0248475269999914
1253,sun3d-hotel_umd-maryland_hotel3,36,35,sagereg_regen,147,0.3197278911564626,2.988565423197425,0.1166356467081619,True,0.1015155619999745,2.0,2.0,2.6168010697167188,3.0,3587.0,8.987000001070555e-06,0.002748041999979,0.0109917540000026,0.0575683710000021,0.006460641000018,0.023697363999986
1254,sun3d-mit_76_studyroom-76-1studyroom2,1,0,sagereg_regen,683,0.8345534407027818,1.4778839092241294,0.0796240388561723,True,0.2846197020000147,2.0,2.0,2.1123809604487875,4.0,5494.0,1.7047000000047774e-05,0.0189928380000026,0.1470266399999786,0.0669968969999956,0.0110507909999739,0.0404804450000142
1255,sun3d-mit_76_studyroom-76-1studyroom2,2,0,sagereg_regen,322,0.639751552795031,7.1293575671383485,0.2945817881819177,True,0.1562220200000297,2.0,2.0,2.5102832958333847,5.0,4054.0,1.183000000537504e-05,0.0062309490000131,0.0452187120000076,0.0627230720000113,0.0080856829999902,0.0339049550000254
1256,sun3d-mit_76_studyroom-76-1studyroom2,5,0,sagereg_regen,184,0.1684782608695652,6.014515114362355,0.2540980559825996,True,0.1080762339999807,1.9479166666666667,2.0,2.2360032605101954,5.0,2925.0,8.715999996411483e-06,0.0025679160000038,0.0145749989999899,0.0536903720000054,0.0063786409999977,0.0308162009999932
1257,sun3d-mit_76_studyroom-76-1studyroom2,6,0,sagereg_regen,263,0.6083650190114068,6.843081352955288,0.2894463662139915,True,0.1418912940000041,2.0,2.0,2.558258186672996,4.0,3772.0,1.053200000455945e-05,0.0047629670000048,0.0324822249999954,0.0620129179999935,0.0076547460000142,0.0349197909999929
1258,sun3d-mit_76_studyroom-76-1studyroom2,7,0,sagereg_regen,210,0.3666666666666666,7.929359192809945,0.2896529381006839,True,0.1149847599999986,1.90625,2.0,1.9622640482469813,3.0,3267.0,9.327000014991428e-06,0.0033942849999846,0.0205607329999963,0.0557812859999842,0.0067287210000017,0.0284705519999874
1259,sun3d-mit_76_studyroom-76-1studyroom2,34,0,sagereg_regen,372,0.6612903225806451,1.6511887380494124,0.0340683471206613,True,0.1621313790000158,2.0,2.0,2.2126810300364097,2.0,4520.0,1.2852999986989744e-05,0.0077949669999952,0.0565542829999969,0.0616993440000044,0.0083863730000075,0.0276399280000134
1260,sun3d-mit_76_studyroom-76-1studyroom2,35,0,sagereg_regen,390,0.6435897435897436,2.6980057674583446,0.0698770331932605,True,0.1808940829999983,1.9895833333333333,2.0,2.1005383778195834,4.0,5260.0,1.2451000003466106e-05,0.0083272409999892,0.0629787869999916,0.0613998419999859,0.0084074570000041,0.0397201570000049
1261,sun3d-mit_76_studyroom-76-1studyroom2,36,0,sagereg_regen,280,0.4321428571428571,3.571873987628833,0.1254144795947129,True,0.143242903000015,2.0,2.0,2.166518639443105,6.0,4345.0,1.0435999996616374e-05,0.0050790909999989,0.0339900470000031,0.0601183489999925,0.0073005130000183,0.0366992040000013
1262,sun3d-mit_76_studyroom-76-1studyroom2,37,0,sagereg_regen,321,0.5015576323987538,3.964464403519029,0.137719385878451,True,0.1569103799999709,1.9791666666666667,2.0,2.4387755143069345,6.0,4171.0,1.236599999288046e-05,0.0060289949999798,0.0435772590000169,0.0604737749999912,0.0074730770000144,0.0393021459999829
1263,sun3d-mit_76_studyroom-76-1studyroom2,38,0,sagereg_regen,213,0.3333333333333333,8.331612173345235,0.3120767620211961,False,0.1186383539999837,1.9479166666666667,2.0,2.197300748350133,3.0,3445.0,9.26600000639155e-06,0.0031362470000146,0.0191489639999815,0.0564921529999935,0.0067962109999939,0.0330122469999878
1264,sun3d-mit_76_studyroom-76-1studyroom2,45,0,sagereg_regen,157,0.1273885350318471,10.904438227276149,0.4101273840218755,False,0.1030490759999906,1.9166666666666667,2.0,1.909293057766997,5.0,2186.0,8.261999994374492e-06,0.0020299029999932,0.012013029000002,0.0515735209999945,0.0059176149999871,0.0314668549999908
1265,sun3d-mit_76_studyroom-76-1studyroom2,46,0,sagereg_regen,288,0.5,6.244582517170877,0.2186181316544812,True,0.1498870460000034,1.9895833333333333,2.0,2.5136113519002192,5.0,3741.0,1.127199999473305e-05,0.004963637000003,0.0366152600000191,0.06018691700001,0.0076087900000061,0.0404587760000083
1266,sun3d-mit_76_studyroom-76-1studyroom2,47,0,sagereg_regen,281,0.5765124555160143,4.543086237132852,0.1670586804497822,True,0.14998214000002,1.96875,2.0,2.4654563296118943,4.0,4011.0,1.0871000000634012e-05,0.0048979029999998,0.034907430000004,0.0598400649999746,0.0076341980000051,0.0426500890000056
1267,sun3d-mit_76_studyroom-76-1studyroom2,48,0,sagereg_regen,261,0.6130268199233716,4.538064442826467,0.1804387799956936,True,0.1464262639999844,2.0,2.0,2.1458114083042656,4.0,4466.0,1.056599998605634e-05,0.0047484190000091,0.0322315129999992,0.061166753000009,0.0077926479999916,0.0404304509999917
1268,sun3d-mit_76_studyroom-76-1studyroom2,49,0,sagereg_regen,302,0.5463576158940397,4.309802302865627,0.1398482385323301,True,0.1363353079999854,2.0,2.0,2.39074597051014,1.0,4219.0,1.102199999536424e-05,0.0052593080000065,0.0379879139999843,0.0606660450000049,0.0076553680000017,0.0247114169999917
1269,sun3d-mit_76_studyroom-76-1studyroom2,2,1,sagereg_regen,376,0.7792553191489362,4.225870477124611,0.1552528348639961,True,0.1595779459999846,2.0,2.0,2.4388283645283826,1.0,4205.0,1.2580999992906072e-05,0.0077933990000076,0.0571040860000096,0.0632022560000109,0.0086725030000138,0.0227478239999925
1270,sun3d-mit_76_studyroom-76-1studyroom2,3,1,sagereg_regen,198,0.4646464646464646,4.171851181049835,0.1517347154682904,True,0.1105777669999952,2.0,2.0,2.254646937998813,3.0,2699.0,9.680000005118927e-06,0.0032038240000247,0.0165270250000162,0.0582255369999984,0.006751510000015,0.0258214449999911
1271,sun3d-mit_76_studyroom-76-1studyroom2,5,1,sagereg_regen,196,0.3622448979591837,3.5714100573838627,0.1213396390772045,True,0.1031160609999801,2.0,2.0,2.1029024724670258,2.0,3054.0,9.040999998433108e-06,0.00284057799999,0.0158784539999885,0.0569610629999886,0.0067392229999825,0.0206487359999982
1272,sun3d-mit_76_studyroom-76-1studyroom2,6,1,sagereg_regen,330,0.7484848484848485,3.2691351953617587,0.1228104696381637,True,0.1508825410000156,2.0,2.0,2.5813115318755564,3.0,3886.0,1.1817999990171302e-05,0.0064097439999954,0.0465078610000091,0.0623201999999878,0.0081990959999984,0.0273896710000087
1273,sun3d-mit_76_studyroom-76-1studyroom2,7,1,sagereg_regen,187,0.4973262032085561,4.705383566636876,0.1530479293123743,True,0.1110500969999748,1.9895833333333333,2.0,1.9908482168728991,2.0,3555.0,9.178999988534995e-06,0.0031119760000137,0.0163321169999903,0.0575266749999912,0.0066782449999891,0.0273519179999937
1274,sun3d-mit_76_studyroom-76-1studyroom2,34,1,sagereg_regen,302,0.5463576158940397,1.7437875589680087,0.0855426492302297,True,0.1467499860000032,2.0,2.0,2.1778705976857458,3.0,3883.0,1.091899997618384e-05,0.0058071969999957,0.0402033970000275,0.0613750109999955,0.0074666799999931,0.0318424430000163
1275,sun3d-mit_76_studyroom-76-1studyroom2,35,1,sagereg_regen,353,0.6175637393767706,0.4943529988755996,0.0400315939462708,True,0.1596012370000039,2.0,2.0,2.102108871717607,4.0,4857.0,1.2679000008120056e-05,0.0070386410000082,0.0506116910000002,0.0620238200000073,0.0082619940000085,0.0316049710000072
1276,sun3d-mit_76_studyroom-76-1studyroom2,36,1,sagereg_regen,272,0.6544117647058824,0.4916989501550818,0.0106392079620772,True,0.1395449299999995,1.9791666666666667,2.0,2.2760762380783395,5.0,4241.0,1.032600002304207e-05,0.0047726109999928,0.0317107920000125,0.0606768199999976,0.0074774489999924,0.0348542179999924
1277,sun3d-mit_76_studyroom-76-1studyroom2,37,1,sagereg_regen,307,0.3811074918566775,1.1464164984923284,0.0210741138370901,True,0.1416379980000215,1.9895833333333333,2.0,2.3896538983499647,3.0,4207.0,1.1188000001993714e-05,0.0051265120000039,0.0389416159999882,0.0584993140000165,0.0070988600000134,0.0319185500000003
1278,sun3d-mit_76_studyroom-76-1studyroom2,38,1,sagereg_regen,218,0.4587155963302752,4.751298529590315,0.1654247803986135,True,0.1221763279999947,1.9895833333333333,2.0,2.2992918236465485,3.0,3637.0,9.71199997934491e-06,0.0034796099999994,0.0205432949999817,0.0576421519999996,0.0066991269999903,0.0337635900000066
1279,sun3d-mit_76_studyroom-76-1studyroom2,45,1,sagereg_regen,170,0.288235294117647,5.975351969039145,0.2069177413192135,True,0.1105850669999881,1.9791666666666667,2.0,2.088337676187079,4.0,2445.0,8.59300001820884e-06,0.0025432599999817,0.0118184660000224,0.0569575890000066,0.0065548199999909,0.0326560959999824
1280,sun3d-mit_76_studyroom-76-1studyroom2,46,1,sagereg_regen,257,0.6770428015564203,2.789849527908972,0.0750794864437903,True,0.1457429369999943,2.0,2.0,2.57787803507628,5.0,3843.0,1.0159999987990886e-05,0.0047010559999876,0.0315904509999995,0.0613490169999977,0.0075563349999754,0.0404949590000001
1281,sun3d-mit_76_studyroom-76-1studyroom2,47,1,sagereg_regen,291,0.697594501718213,1.686810987967772,0.0437157171430823,True,0.1545638829999802,2.0,2.0,2.5272273121083524,6.0,3893.0,1.181900000801761e-05,0.0059034309999788,0.0379223550000062,0.0618569970000066,0.0078850090000059,0.0409433419999913
1282,sun3d-mit_76_studyroom-76-1studyroom2,48,1,sagereg_regen,247,0.7408906882591093,1.4753632291646763,0.0478806640425295,True,0.1422746499999903,2.0,2.0,2.26014268146859,4.0,4362.0,9.764999987282865e-06,0.0043733079999981,0.0288582360000191,0.060464488000008,0.007499733000003,0.0410276860000067
1283,sun3d-mit_76_studyroom-76-1studyroom2,49,1,sagereg_regen,284,0.721830985915493,1.1937959235425817,0.0370441413550209,True,0.1474730260000285,1.9895833333333333,2.0,2.356018034986481,5.0,4189.0,1.0916999997334642e-05,0.0052345080000009,0.0382988959999863,0.0611694259999922,0.0077924080000002,0.0349236610000218
1284,sun3d-mit_76_studyroom-76-1studyroom2,3,2,sagereg_regen,316,0.5727848101265823,1.152421165768684,0.0541086897464952,True,0.1502263140000082,1.9791666666666667,2.0,2.4334105587459693,3.0,5024.0,1.1310000019193469e-05,0.0057309129999794,0.0411086560000057,0.0598952440000175,0.0076980130000094,0.0357369799999958
1285,sun3d-mit_76_studyroom-76-1studyroom2,5,2,sagereg_regen,274,0.4781021897810219,0.6663627285643597,0.0218490192524444,True,0.1456178139999906,1.9895833333333333,2.0,2.564177057185073,6.0,5180.0,1.0659999986728508e-05,0.0046446739999908,0.0334278089999884,0.058787140000021,0.0071587809999869,0.0415448340000068
1286,sun3d-mit_76_studyroom-76-1studyroom2,6,2,sagereg_regen,658,0.8419452887537994,1.4360774861034302,0.0476635833397349,True,0.2740026799999953,2.0,2.0,2.311260835756794,2.0,5994.0,1.5839000013784243e-05,0.0180382160000078,0.14404824799999,0.0677458110000088,0.0114217530000075,0.0326731959999904
1287,sun3d-mit_76_studyroom-76-1studyroom2,7,2,sagereg_regen,405,0.7950617283950617,0.5845965005843141,0.0195765027491237,True,0.1877084489999845,1.9791666666666667,2.0,1.615924760414817,4.0,5763.0,1.3115999990986891e-05,0.0083667179999906,0.0638541449999934,0.0620917970000221,0.008795952000014,0.0445410689999903
1288,sun3d-mit_76_studyroom-76-1studyroom2,8,2,sagereg_regen,256,0.5,1.8820402219833927,0.0314920863171447,True,0.1283179610000218,2.0,2.0,1.430864024369049,4.0,3538.0,9.76800001240008e-06,0.0043401819999928,0.0276630699999884,0.0584816950000117,0.007008619000004,0.0307746580000127
1289,sun3d-mit_76_studyroom-76-1studyroom2,35,2,sagereg_regen,258,0.5930232558139535,4.957408045217098,0.155755934261972,True,0.1438009260000115,1.9791666666666667,2.0,2.165118765302174,6.0,4429.0,1.0682999999289676e-05,0.0047357210000029,0.033822874000009,0.0590638099999978,0.0074461479999854,0.038680443000004
1290,sun3d-mit_76_studyroom-76-1studyroom2,36,2,sagereg_regen,287,0.710801393728223,3.852738336947348,0.1246659477775839,True,0.1459453349999933,1.96875,2.0,2.2451989849979475,3.0,4634.0,1.1002000007920287e-05,0.0054877309999881,0.0379729990000043,0.0610901130000058,0.0077514600000085,0.033588404999989
1291,sun3d-mit_76_studyroom-76-1studyroom2,37,2,sagereg_regen,283,0.4982332155477031,2.393052074306022,0.0846867832553433,True,0.1452801359999966,1.9583333333333333,2.0,2.032812403450309,2.0,5378.0,1.0752000008551477e-05,0.0045439800000224,0.0361879529999953,0.0585136379999937,0.0072643199999902,0.0387142189999849
1292,sun3d-mit_76_studyroom-76-1studyroom2,38,2,sagereg_regen,237,0.3966244725738396,1.611359158105382,0.0586128972509896,True,0.1470515819999889,1.9479166666666667,2.0,2.1071520136364943,6.0,5772.0,9.54099999717073e-06,0.0040446590000158,0.025505637000009,0.0575638400000002,0.0067637820000072,0.0531247069999949
1293,sun3d-mit_76_studyroom-76-1studyroom2,45,2,sagereg_regen,178,0.4101123595505618,3.1525035176108176,0.1282757606065221,True,0.1282787050000138,1.9895833333333333,2.0,2.005617336209915,4.0,4915.0,8.860000008326097e-06,0.0030233809999913,0.0154199970000092,0.0585643169999912,0.0064512110000123,0.0447712259999946
1294,sun3d-mit_76_studyroom-76-1studyroom2,46,2,sagereg_regen,366,0.6666666666666666,0.4787181301182869,0.0216752967046407,True,0.1914298410000015,2.0,2.0,2.5708818718405406,5.0,7032.0,1.3042999995604989e-05,0.0074711769999851,0.0557143229999894,0.0626757130000044,0.0082923600000128,0.057215369000005
1295,sun3d-mit_76_studyroom-76-1studyroom2,47,2,sagereg_regen,332,0.7590361445783133,2.171085643310501,0.0426211126625988,True,0.1823844440000073,2.0,2.0,2.3885895334012126,5.0,7230.0,1.2193999992859972e-05,0.0069509719999985,0.0476819449999936,0.0631180049999784,0.0083265949999997,0.0562513730000091
1296,sun3d-mit_76_studyroom-76-1studyroom2,48,2,sagereg_regen,320,0.753125,3.299072736562292,0.1017522650883287,True,0.1762572169999998,2.0,2.0,2.026062808981146,5.0,7194.0,1.1290000003327805e-05,0.0063324440000087,0.0445708569999965,0.0623972410000135,0.0080307849999883,0.0548706330000072
1297,sun3d-mit_76_studyroom-76-1studyroom2,49,2,sagereg_regen,454,0.8149779735682819,2.705434665020241,0.085604372211156,True,0.2071017770000196,2.0,2.0,2.097230669684232,3.0,6479.0,1.4516000021558284e-05,0.0105294170000149,0.0834174040000164,0.0638598079999894,0.0092277070000079,0.0400025710000022
1298,sun3d-mit_76_studyroom-76-1studyroom2,4,3,sagereg_regen,139,0.0215827338129496,2.400339724723855,0.377500131210743,False,0.1076755740000123,1.891304347826087,2.0,2.604812107367786,6.0,5364.0,8.556000011594733e-06,0.0018752209999775,0.0082909949999816,0.0475813220000134,0.0058707219999973,0.0440122910000013
1299,sun3d-mit_76_studyroom-76-1studyroom2,5,3,sagereg_regen,334,0.4251497005988024,2.585285247596297,0.1176672138140935,True,0.1784004889999835,1.9375,2.0,2.35489878580454,6.0,7461.0,1.202400000011039e-05,0.0071700759999941,0.0489575869999896,0.0593546549999928,0.0075402620000204,0.0553167759999837
1300,sun3d-mit_76_studyroom-76-1studyroom2,6,3,sagereg_regen,416,0.5432692307692307,1.8352841218815263,0.0791689702168321,True,0.1814804299999934,1.9895833333333333,2.0,2.5869861113039434,3.0,5145.0,1.1999000008700024e-05,0.0080250800000101,0.0700953399999946,0.0610221819999878,0.0081543160000023,0.0341239120000125
1301,sun3d-mit_76_studyroom-76-1studyroom2,7,3,sagereg_regen,277,0.1949458483754512,2.6484945484147038,0.1131769226442508,True,0.139853506999998,2.0,2.0,2.2191218326683035,5.0,4322.0,1.0806999995338629e-05,0.0044392130000119,0.0321555259999968,0.0577281120000066,0.0066786790000037,0.0388003989999958
1302,sun3d-mit_76_studyroom-76-1studyroom2,38,3,sagereg_regen,228,0.2807017543859649,2.3203771164852585,0.0865935973180116,True,0.1382685749999836,2.0,2.0,2.107085231972966,5.0,4750.0,9.57399998924302e-06,0.0034993849999978,0.020899718999999,0.0562207549999982,0.0065429529999789,0.0510526399999946
1303,sun3d-mit_76_studyroom-76-1studyroom2,39,3,sagereg_regen,184,0.1739130434782608,0.8633430361908435,0.0458491674670555,True,0.1229495609999844,1.9791666666666667,2.0,1.209327835124247,4.0,4941.0,9.14099999249629e-06,0.0026603569999963,0.0139797509999937,0.05369510700001,0.0061629889999892,0.0464047609999909
1304,sun3d-mit_76_studyroom-76-1studyroom2,43,3,sagereg_regen,177,0.0,47.29670898487443,1.1189869151445462,False,0.1174094079999861,1.96875,2.0,1.3649379090886589,6.0,2216.0,8.802999985846327e-06,0.0029019590000132,0.0146312120000118,0.0569203299999969,0.0060382129999823,0.0368705029999887
1305,sun3d-mit_76_studyroom-76-1studyroom2,45,3,sagereg_regen,207,0.2946859903381642,1.2193141479928484,0.0271498018021401,True,0.1200094889999832,1.9791666666666667,2.0,2.6418185379491805,4.0,4533.0,9.60700000973702e-06,0.003157189999996,0.0181341059999908,0.0554726359999904,0.0064698650000138,0.0367274839999822
1306,sun3d-mit_76_studyroom-76-1studyroom2,46,3,sagereg_regen,364,0.4917582417582417,1.0279305639820484,0.0319655178227175,True,0.1716459989999919,1.9791666666666667,2.0,2.684764974673514,2.0,6069.0,1.1903000000756949e-05,0.0066892020000182,0.0501739229999884,0.0605192890000125,0.0078061179999906,0.0463994289999902
1307,sun3d-mit_76_studyroom-76-1studyroom2,47,3,sagereg_regen,324,0.4722222222222222,2.0405752011170453,0.0630598114247286,True,0.1724752850000186,1.9895833333333333,2.0,2.633251886541675,3.0,6636.0,1.1870999998109257e-05,0.0058774919999962,0.042177496999983,0.060570513999977,0.0076423359999751,0.0561500400000056
1308,sun3d-mit_76_studyroom-76-1studyroom2,48,3,sagereg_regen,237,0.4345991561181435,4.872878950545432,0.1772145180694934,True,0.135481532,1.9583333333333333,2.0,2.5727729493757217,3.0,5945.0,9.678999987272618e-06,0.0038561939999794,0.0246713720000002,0.0578539750000004,0.0068959240000197,0.0421553080000194
1309,sun3d-mit_76_studyroom-76-1studyroom2,5,4,sagereg_regen,121,0.0578512396694214,2.2785983509574352,0.1569461532373726,True,0.0961909150000224,1.9466666666666668,2.0,1.8169812418964877,6.0,5358.0,8.395999998356274e-06,0.0017091899999854,0.005763169000005,0.0388066920000085,0.0056881999999802,0.0441804650000108
1310,sun3d-mit_76_studyroom-76-1studyroom2,39,4,sagereg_regen,169,0.0,23.16977696632125,3.11067573257142,False,0.1078454900000167,1.90625,2.0,1.6830228480626046,6.0,2902.0,9.020000021564556e-06,0.002186010999992,0.0127242879999869,0.0475931659999844,0.005896075999999,0.0393993640000189
1311,sun3d-mit_76_studyroom-76-1studyroom2,40,4,sagereg_regen,185,0.5837837837837838,1.378589652171042,0.0334720881985764,True,0.1284172639999781,2.0,2.0,1.9300888893226809,6.0,5035.0,9.24399998325498e-06,0.0031317469999976,0.0172283289999768,0.0582947329999967,0.0067868040000007,0.0429264539999962
1312,sun3d-mit_76_studyroom-76-1studyroom2,41,4,sagereg_regen,185,0.5783783783783784,1.3616802465129847,0.0253525314621904,True,0.1247290950000206,1.9895833333333333,2.0,2.417868270453253,5.0,4380.0,9.008999995785416e-06,0.0033715639999911,0.0160677899999939,0.0587287609999975,0.0065881689999969,0.0399243070000068
1313,sun3d-mit_76_studyroom-76-1studyroom2,42,4,sagereg_regen,224,0.375,3.548430399244455,0.1399915397601818,True,0.1342395000000067,1.9895833333333333,2.0,1.687343625959611,5.0,4962.0,9.250999994492304e-06,0.0038248600000088,0.018262988999993,0.0584846920000075,0.0067200899999875,0.0468973840000046
1314,sun3d-mit_76_studyroom-76-1studyroom2,43,4,sagereg_regen,165,0.4484848484848485,2.1760253997497,0.1069690913215834,True,0.1160044820000223,1.9375,2.0,1.5699780137995625,3.0,4521.0,8.825999998407497e-06,0.0026364019999789,0.0126039510000168,0.0554007860000069,0.006483199999991,0.0388309250000133
1315,sun3d-mit_76_studyroom-76-1studyroom2,45,4,sagereg_regen,111,0.018018018018018,141.79159604426812,2.375843652103365,False,0.0851534480000282,1.7236842105263157,1.0,1.6845789665091533,6.0,2905.0,8.055000023432513e-06,0.0016136140000071,0.0056797459999984,0.0359434789999966,0.0057393620000141,0.036133092
1316,sun3d-mit_76_studyroom-76-1studyroom2,46,4,sagereg_regen,116,0.0172413793103448,122.1043214593704,1.9731232062021056,False,0.0881958520000125,1.8414634146341464,2.0,2.408129779452502,6.0,1363.0,7.486000015433092e-06,0.0016363530000091,0.006408542999992,0.0394427880000023,0.0055983729999979,0.0350673130000132
1317,sun3d-mit_76_studyroom-76-1studyroom2,47,4,sagereg_regen,120,0.0166666666666666,55.66328369205806,1.5019646545375764,False,0.0915766609999764,1.6477272727272727,2.0,2.1184751743176355,3.0,3465.0,7.969999984425158e-06,0.0015776079999909,0.0069909190000032,0.0394172029999992,0.0056068039999956,0.0379407789999959
1318,sun3d-mit_76_studyroom-76-1studyroom2,48,4,sagereg_regen,116,0.0344827586206896,103.86429771765022,4.520074075105708,False,0.0889515549999941,1.695121951219512,2.0,1.3565788760205495,6.0,1654.0,8.245000003626046e-06,0.0017568629999971,0.0062427819999868,0.0390530720000015,0.0056259209999893,0.0362281580000001
1319,sun3d-mit_76_studyroom-76-1studyroom2,6,5,sagereg_regen,284,0.5035211267605634,0.634554630082776,0.0201161074574311,True,0.1487023699999667,1.9791666666666667,2.0,2.3592064831085144,6.0,5404.0,1.091799998675924e-05,0.0045174150000093,0.0363546959999894,0.0585156669999946,0.0073303659999908,0.0419303939999906
1320,sun3d-mit_76_studyroom-76-1studyroom2,7,5,sagereg_regen,195,0.241025641025641,0.871336250648069,0.0368584658058892,True,0.123739616999984,2.0,2.0,2.265147412603881,6.0,4587.0,8.786000023519591e-06,0.002943522999999,0.0190564739999956,0.0553752559999907,0.0062870460000112,0.0400299559999837
1321,sun3d-mit_76_studyroom-76-1studyroom2,38,5,sagereg_regen,177,0.3220338983050847,2.4469343664713725,0.0771794085064192,True,0.1262147570000138,1.9270833333333333,2.0,2.340609489290247,6.0,4990.0,8.944000001065433e-06,0.0024448489999997,0.0147830509999948,0.0526328660000103,0.0063129220000064,0.0499930789999893
1322,sun3d-mit_76_studyroom-76-1studyroom2,39,5,sagereg_regen,152,0.125,46.95211482004548,1.3453257689184253,False,0.1150663330000156,1.8645833333333333,2.0,2.14809862106716,6.0,3254.0,8.814000011625467e-06,0.0020731769999997,0.0097696729999938,0.0509811689999821,0.0060213849999968,0.0461742589999971
1323,sun3d-mit_76_studyroom-76-1studyroom2,43,5,sagereg_regen,130,0.1692307692307692,3.9861989443578527,0.1546559490513843,True,0.1010326039999824,1.9294117647058824,2.0,1.96680355720582,6.0,4960.0,8.614999984501992e-06,0.0017352209999899,0.0070095149999929,0.0416055510000035,0.0057844880000175,0.0448549779999893
1324,sun3d-mit_76_studyroom-76-1studyroom2,45,5,sagereg_regen,195,0.241025641025641,1.6141983505886064,0.0826588490353137,True,0.1250554190000343,1.9375,2.0,2.4367462218545506,5.0,4299.0,8.789000020215099e-06,0.0026731920000031,0.0178146810000043,0.0525033380000081,0.0062905810000017,0.0457258480000177
1325,sun3d-mit_76_studyroom-76-1studyroom2,46,5,sagereg_regen,254,0.4488188976377952,1.0613308598121345,0.0349204333272639,True,0.1495838599999785,1.9479166666666667,2.0,2.552558992406528,6.0,6376.0,9.758000004467249e-06,0.0041277869999873,0.0243335419999937,0.0580878380000058,0.0069663310000009,0.0560146779999968
1326,sun3d-mit_76_studyroom-76-1studyroom2,47,5,sagereg_regen,261,0.3141762452107279,0.6982010061825578,0.0152601534215259,True,0.1569136629999832,1.9791666666666667,2.0,2.5897881979036668,6.0,6944.0,1.0478999996621496e-05,0.0040330950000111,0.0305608159999906,0.0566770260000168,0.0068211370000028,0.0587672529999849
1327,sun3d-mit_76_studyroom-76-1studyroom2,48,5,sagereg_regen,209,0.3779904306220095,0.8238196711839462,0.0157186563440568,True,0.1356774479999956,1.875,2.0,2.457568501849703,5.0,6491.0,9.696999995867372e-06,0.003183679000017,0.0195274529999949,0.0550166310000008,0.0066678090000209,0.0512314439999954
1328,sun3d-mit_76_studyroom-76-1studyroom2,49,5,sagereg_regen,218,0.2752293577981651,1.5685677647812162,0.0429447881991388,True,0.1287492929999985,1.9583333333333333,2.0,2.4812887029088544,6.0,4895.0,9.508000005098438e-06,0.0035760160000108,0.0219712759999879,0.0544672940000054,0.0064791199999945,0.0422032179999973
1329,sun3d-mit_76_studyroom-76-1studyroom2,7,6,sagereg_regen,440,0.6477272727272727,1.587786693940433,0.038535098814161,True,0.1944489230000101,2.0,2.0,1.6138814839606976,1.0,7042.0,1.3874000018176956e-05,0.0093171899999902,0.0798371219999865,0.0620203379999964,0.0087721210000211,0.0344379050000043
1330,sun3d-mit_76_studyroom-76-1studyroom2,35,6,sagereg_regen,274,0.6240875912408759,4.402059634557381,0.1328790497293812,True,0.1300001599999802,2.0,2.0,2.3220690176885483,1.0,4092.0,1.151300000401534e-05,0.0050254209999991,0.0320657179999841,0.0606129180000039,0.0074710789999983,0.0247724829999924
1331,sun3d-mit_76_studyroom-76-1studyroom2,36,6,sagereg_regen,259,0.6872586872586872,3.5708816654656665,0.106489901145209,True,0.1448884769999949,1.9479166666666667,2.0,2.2715243586348,4.0,4211.0,1.0279999997919733e-05,0.0046902480000028,0.0332605689999923,0.0603610569999943,0.0076659519999964,0.0388509800000065
1332,sun3d-mit_76_studyroom-76-1studyroom2,37,6,sagereg_regen,299,0.5250836120401338,1.8765918788579283,0.0591200867349278,True,0.1492066379999812,1.9375,2.0,1.855391275111052,3.0,4785.0,1.056599998605634e-05,0.0052504379999902,0.0375467409999998,0.0582987370000012,0.0073699699999849,0.0406883240000013
1333,sun3d-mit_76_studyroom-76-1studyroom2,38,6,sagereg_regen,260,0.4115384615384615,1.1301977012097393,0.0425286216173643,True,0.1466530980000016,1.9791666666666667,2.0,1.979255677561558,4.0,6024.0,1.014399998666704e-05,0.004229706999979,0.0317115789999888,0.0589457320000121,0.0070352319999926,0.0446817680000037
1334,sun3d-mit_76_studyroom-76-1studyroom2,39,6,sagereg_regen,236,0.1059322033898305,3.0239799660477424,0.1070346780514728,True,0.1317450280000116,1.96875,2.0,2.1924274047007204,5.0,4219.0,9.443000010378457e-06,0.0035592440000016,0.0225450940000087,0.0558405429999879,0.0060888489999797,0.0436613720000025
1335,sun3d-mit_76_studyroom-76-1studyroom2,44,6,sagereg_regen,208,0.0913461538461538,6.896084485110932,0.2401835633296458,True,0.1273099290000061,1.9895833333333333,2.0,1.6076116450657922,6.0,4829.0,9.344000005739872e-06,0.0030322199999943,0.0210716509999997,0.053225612999995,0.0061546000000021,0.0437774499999932
1336,sun3d-mit_76_studyroom-76-1studyroom2,45,6,sagereg_regen,200,0.335,2.869835210124679,0.1250517339000954,True,0.1405856560000131,1.9895833333333333,2.0,1.81230208302713,6.0,6266.0,9.247999997796796e-06,0.0031462429999749,0.020907477999998,0.0561723240000162,0.0064142610000033,0.053894501000002
1337,sun3d-mit_76_studyroom-76-1studyroom2,46,6,sagereg_regen,437,0.6979405034324943,1.5332680141985744,0.0616441058075819,True,0.2085977329999764,2.0,2.0,2.0640689233237217,4.0,7897.0,1.436100001228624e-05,0.009788914000012,0.0771468920000018,0.0624623489999862,0.0088230210000119,0.0503169599999751
1338,sun3d-mit_76_studyroom-76-1studyroom2,47,6,sagereg_regen,414,0.6980676328502415,1.3374855287887897,0.0073362579748917,True,0.2087992459999839,2.0,2.0,2.168666645805361,5.0,7411.0,1.3607999989062591e-05,0.0090990550000071,0.0679396940000174,0.0624607919999959,0.0086455489999934,0.0605916719999868
1339,sun3d-mit_76_studyroom-76-1studyroom2,48,6,sagereg_regen,368,0.8206521739130435,2.4905572681054067,0.0675283302463958,True,0.1775363200000015,2.0,2.0,2.108630128127232,3.0,6999.0,1.2373000004117785e-05,0.0075654800000108,0.0546574580000083,0.0626007360000073,0.008624621999985,0.0440297510000107
1340,sun3d-mit_76_studyroom-76-1studyroom2,49,6,sagereg_regen,527,0.7324478178368121,0.2931893369354773,0.0128428716797964,True,0.2235170429999868,2.0,2.0,2.0942755624263443,3.0,5951.0,1.4471999975285144e-05,0.0120294220000118,0.0989673030000233,0.0646267349999902,0.0093315969999991,0.0384938199999851
1341,sun3d-mit_76_studyroom-76-1studyroom2,37,7,sagereg_regen,178,0.2022471910112359,4.080717121941616,0.1492920438751339,True,0.1206891599999835,1.9583333333333333,2.0,1.3266610750434151,5.0,4925.0,9.4250000017837e-06,0.0024699060000159,0.0139230229999895,0.053492478999999,0.0062459939999826,0.0445102989999952
1342,sun3d-mit_76_studyroom-76-1studyroom2,38,7,sagereg_regen,191,0.1204188481675392,14.156575259299284,0.4268529994492494,False,0.1445457509999812,1.96875,2.0,1.854600027235989,6.0,7663.0,8.917000002384157e-06,0.0029833350000103,0.0174062989999868,0.0543581430000017,0.0061058709999883,0.0636459709999996
1343,sun3d-mit_76_studyroom-76-1studyroom2,39,7,sagereg_regen,210,0.0571428571428571,79.53003724557162,3.373629687229196,False,0.1123516570000333,1.9895833333333333,2.0,1.3080171939141143,6.0,1167.0,9.401000028219642e-06,0.0031157159999963,0.0195353720000071,0.0542885309999974,0.0063377830000206,0.0290190900000197
1344,sun3d-mit_76_studyroom-76-1studyroom2,44,7,sagereg_regen,193,0.0932642487046632,29.26660245193054,1.1627469683533715,False,0.1310073799999997,1.9895833333333333,2.0,1.5189432614491498,6.0,5266.0,9.269999992511655e-06,0.0030313809999995,0.0156522350000045,0.0552200719999973,0.0062021420000064,0.0508548130000008
1345,sun3d-mit_76_studyroom-76-1studyroom2,45,7,sagereg_regen,213,0.272300469483568,0.9732392123105184,0.0469724486439674,True,0.1516160019999972,2.0,2.0,1.4850353743357263,6.0,8152.0,9.271999999782564e-06,0.0038176169999815,0.021787082000003,0.0579324359999873,0.0066216559999929,0.0614074300000027
1346,sun3d-mit_76_studyroom-76-1studyroom2,46,7,sagereg_regen,290,0.3758620689655172,1.3289515856881082,0.0193610829149867,True,0.1759639720000052,2.0,2.0,1.7859181502955157,4.0,8337.0,1.0607000007212264e-05,0.0052291990000128,0.0379363469999987,0.0594395069999791,0.0069932340000207,0.0663137500000061
1347,sun3d-mit_76_studyroom-76-1studyroom2,47,7,sagereg_regen,293,0.5392491467576792,2.2065374473303607,0.0288504637262262,True,0.1645402999999987,2.0,2.0,1.789304799311891,4.0,7479.0,1.116900000397436e-05,0.0055494359999954,0.0398509250000245,0.0607041519999995,0.0077271529999904,0.0506520029999819
1348,sun3d-mit_76_studyroom-76-1studyroom2,48,7,sagereg_regen,281,0.6405693950177936,2.136469937633094,0.0589159410774145,True,0.1628705760000173,1.9791666666666667,2.0,1.5648634962638306,6.0,6633.0,1.0431000021071668e-05,0.0050380129999894,0.0344226279999873,0.0599181190000024,0.0075274129999911,0.0559122859999945
1349,sun3d-mit_76_studyroom-76-1studyroom2,49,7,sagereg_regen,353,0.623229461756374,0.9866811576640848,0.038601858656082,True,0.1711698550000164,2.0,2.0,1.7573955123049578,4.0,6474.0,1.2213999980303925e-05,0.0070673980000037,0.0527387399999952,0.0606099759999949,0.0081962989999908,0.0424982590000126
1350,sun3d-mit_76_studyroom-76-1studyroom2,37,8,sagereg_regen,203,0.2364532019704433,4.3801184562046,0.1823623559060628,True,0.1273648480000133,1.9479166666666667,2.0,1.342979869489708,5.0,4753.0,9.053000013636849e-06,0.0033439309999891,0.0194900760000109,0.0560316199999988,0.0066260629999987,0.0418261860000086
1351,sun3d-mit_76_studyroom-76-1studyroom2,38,8,sagereg_regen,188,0.2606382978723404,2.6644417967582106,0.0395196935846644,True,0.1361936190000108,1.9479166666666667,2.0,1.6736433789871823,6.0,6292.0,8.750000006330083e-06,0.0031393529999945,0.0170288690000006,0.0553307650000078,0.0066410590000032,0.054005917000012
1352,sun3d-mit_76_studyroom-76-1studyroom2,39,8,sagereg_regen,202,0.4356435643564356,2.1992603650012086,0.0764181861905203,True,0.1273280169999964,1.9895833333333333,2.0,1.6782688710249944,5.0,4160.0,9.011000003056324e-06,0.0031618640000203,0.0171796310000047,0.0580615450000152,0.0065187470000012,0.0423549850000029
1353,sun3d-mit_76_studyroom-76-1studyroom2,44,8,sagereg_regen,254,0.6496062992125984,4.37186006574742,0.1691550092418314,True,0.1330595929999845,1.9895833333333333,2.0,2.037591136429682,2.0,4950.0,1.0419999995292528e-05,0.004750285,0.0294994730000155,0.0602149709999935,0.0076388239999971,0.0309046849999958
1354,sun3d-mit_76_studyroom-76-1studyroom2,45,8,sagereg_regen,244,0.5245901639344263,4.665893934959566,0.176459859874853,True,0.1476484449999873,1.96875,2.0,1.5457667636623211,4.0,5712.0,9.844000004477492e-06,0.0044728279999901,0.0277657979999901,0.058957155999991,0.0070108889999858,0.0493922139999938
1355,sun3d-mit_76_studyroom-76-1studyroom2,46,8,sagereg_regen,217,0.3870967741935484,5.216615834320626,0.1515190112188975,True,0.1401639860000045,1.9895833333333333,2.0,1.5548647153725228,5.0,5831.0,9.468999991213424e-06,0.0035250959999757,0.0212901579999993,0.0569968959999869,0.0068330530000082,0.0514697479999881
1356,sun3d-mit_76_studyroom-76-1studyroom2,47,8,sagereg_regen,232,0.5344827586206896,2.4477590869010832,0.0382054479492946,True,0.1370965599999749,1.9791666666666667,2.0,1.6467794282527584,5.0,4557.0,9.47199998790893e-06,0.0037936349999938,0.0230253430000004,0.0583439520000013,0.0068144159999974,0.0450661749999881
1357,sun3d-mit_76_studyroom-76-1studyroom2,48,8,sagereg_regen,205,0.3804878048780488,3.4041397733921483,0.0729488106787305,True,0.1237770750000208,1.9895833333333333,2.0,1.577571376774483,4.0,3585.0,9.204000008367076e-06,0.0034051460000057,0.0171442619999879,0.0579598950000104,0.0067243999999959,0.0384947610000097
1358,sun3d-mit_76_studyroom-76-1studyroom2,49,8,sagereg_regen,259,0.6718146718146718,1.73856064715905,0.0563684395524284,True,0.1409435269999903,1.9895833333333333,2.0,1.3837172279102192,6.0,4474.0,1.0286999980735343e-05,0.0049077550000049,0.0292600209999989,0.0602958999999998,0.0074434769999811,0.038982164999993
1359,sun3d-mit_76_studyroom-76-1studyroom2,50,8,sagereg_regen,506,0.7430830039525692,1.6328600580963275,0.0404820197109263,True,0.2208786050000242,1.9895833333333333,2.0,1.5984047956933,6.0,6218.0,1.594600001908475e-05,0.0114981150000232,0.0932779400000072,0.0620739380000259,0.0098997739999902,0.0440632540000081
1360,sun3d-mit_76_studyroom-76-1studyroom2,51,8,sagereg_regen,242,0.3099173553719008,0.779676866515416,0.0270729150322996,True,0.1205827170000191,2.0,2.0,2.0829192512394634,2.0,5345.0,9.74499999983891e-06,0.0043385499999999,0.0251329140000109,0.0573667950000071,0.0065306360000079,0.0271658650000006
1361,sun3d-mit_76_studyroom-76-1studyroom2,10,9,sagereg_regen,498,0.5261044176706827,0.5425648352127901,0.0253232820463136,True,0.2371773349999841,2.0,2.0,2.376839609567185,5.0,8104.0,1.4939999999796784e-05,0.0107327380000015,0.088719669999989,0.0638858989999846,0.00886228600001,0.0649147729999981
1362,sun3d-mit_76_studyroom-76-1studyroom2,51,9,sagereg_regen,440,0.575,1.011683308134612,0.0423626144047469,True,0.2237974020000024,1.9895833333333333,2.0,2.02322633821209,4.0,9824.0,1.2828999985003977e-05,0.009898239000023,0.0837054849999958,0.062408400999999,0.0086074260000259,0.0591205280000224
1363,sun3d-mit_76_studyroom-76-1studyroom2,52,9,sagereg_regen,748,0.8048128342245989,0.2386166198268274,0.010706705465151,True,0.33153095199998,2.0,2.0,2.0087224037566243,2.0,10325.0,1.755200000275181e-05,0.0220277129999999,0.178394867999998,0.0674326729999847,0.0119690549999802,0.0516278099999851
1364,sun3d-mit_76_studyroom-76-1studyroom2,53,9,sagereg_regen,381,0.4698162729658792,1.34941315615426,0.0502097159484868,True,0.2010950219999756,2.0,2.0,1.44721945395986,5.0,8445.0,1.213900000607282e-05,0.0076891349999925,0.0609648949999837,0.0603200930000014,0.007833392000009,0.0642301909999787
1365,sun3d-mit_76_studyroom-76-1studyroom2,11,10,sagereg_regen,495,0.6606060606060606,1.755609269989494,0.0577047768542645,True,0.2478327040000181,2.0,2.0,2.109872388537384,5.0,8877.0,1.5165000007755223e-05,0.0116797880000092,0.0973585770000227,0.06224478499999,0.0090149950000011,0.0674684800000022
1366,sun3d-mit_76_studyroom-76-1studyroom2,51,10,sagereg_regen,300,0.34,1.163895942044349,0.0592827850806587,True,0.1517457879999995,1.96875,2.0,2.722593128926943,4.0,6480.0,1.066799998739043e-05,0.0051642570000183,0.0336038279999968,0.0586260579999873,0.0070796580000092,0.0472198829999968
1367,sun3d-mit_76_studyroom-76-1studyroom2,52,10,sagereg_regen,714,0.5770308123249299,0.2262358479373364,0.0185874414897273,True,0.3038985809999985,2.0,2.0,2.398177610652434,1.0,9734.0,1.7391000000088752e-05,0.0190011230000095,0.1576073140000176,0.0649639250000007,0.0103587410000045,0.0518954320000091
1368,sun3d-mit_76_studyroom-76-1studyroom2,53,10,sagereg_regen,854,0.7845433255269321,0.6520224677243404,0.0253115334861599,True,0.394483962999999,2.0,2.0,2.084421948031631,3.0,10630.0,1.8218999997543502e-05,0.0272433339999906,0.1983024669999906,0.0691629540000065,0.0132851770000002,0.0864051220000021
1369,sun3d-mit_76_studyroom-76-1studyroom2,54,10,sagereg_regen,335,0.5611940298507463,1.1870257402709563,0.0318040570650904,True,0.174312671999985,1.9895833333333333,2.0,1.724421512697683,3.0,7010.0,1.2053000006062575e-05,0.0065556019999917,0.0480045090000089,0.0612083260000133,0.007711224000019,0.050775380999994
1370,sun3d-mit_76_studyroom-76-1studyroom2,12,11,sagereg_regen,283,0.657243816254417,2.237048898392873,0.0676994714867894,True,0.1549786360000098,1.96875,2.0,2.351092686557985,3.0,5499.0,1.0631000009198033e-05,0.0051916559999938,0.0330950799999811,0.0613290109999979,0.0077706460000115,0.0475377639999976
1371,sun3d-mit_76_studyroom-76-1studyroom2,52,11,sagereg_regen,345,0.3884057971014493,1.741147929335336,0.0726062620128271,True,0.1689083799999764,1.9895833333333333,2.0,2.8531706227484994,5.0,5477.0,1.205899999945359e-05,0.0062449319999871,0.0434035199999982,0.0595854180000117,0.0073728170000038,0.0522472519999723
1372,sun3d-mit_76_studyroom-76-1studyroom2,53,11,sagereg_regen,511,0.649706457925636,2.058038434692972,0.0608878344429009,True,0.2474783369999897,2.0,2.0,2.44410736798548,3.0,7317.0,1.4574999994465545e-05,0.0122354850000192,0.1000500479999857,0.0639702090000184,0.0093355749999943,0.0618213969999885
1373,sun3d-mit_76_studyroom-76-1studyroom2,54,11,sagereg_regen,519,0.558766859344894,3.538122263395738,0.1283714235064262,True,0.2562364860000059,2.0,2.0,2.295663153024114,6.0,9239.0,1.4403999983869651e-05,0.0118414739999934,0.1041174890000036,0.0629728450000186,0.0096774470000013,0.0675623019999989
1374,sun3d-mit_76_studyroom-76-1studyroom2,55,11,sagereg_regen,417,0.5515587529976019,2.557008390808095,0.0787103002380894,True,0.2064103889999842,1.9895833333333333,2.0,2.583265676803275,6.0,8058.0,1.389300001619631e-05,0.0086331719999748,0.0657709959999977,0.0604242610000085,0.0082946999999933,0.0632268569999894
1375,sun3d-mit_76_studyroom-76-1studyroom2,52,12,sagereg_regen,208,0.3221153846153846,2.9260694226333963,0.1212561604275341,True,0.1317250900000033,1.9375,2.0,2.340429424582077,5.0,3939.0,9.454999997160485e-06,0.0032709269999884,0.0182713360000263,0.0565086130000054,0.0065541990000212,0.0470660069999837
1376,sun3d-mit_76_studyroom-76-1studyroom2,54,12,sagereg_regen,188,0.4946808510638298,0.5547608888662355,0.0473353899854732,True,0.1296510790000127,1.9166666666666667,2.0,1.820364671432622,6.0,4429.0,8.436000001665889e-06,0.0030368030000147,0.0184277580000014,0.0551976010000032,0.0065482830000007,0.0463930989999994
1377,sun3d-mit_76_studyroom-76-1studyroom2,55,12,sagereg_regen,595,0.5915966386554622,0.6538722901399205,0.0238239168132706,True,0.2690291120000267,1.9895833333333333,2.0,2.210109842487438,3.0,7525.0,1.6681000005291935e-05,0.0146976569999992,0.1311366930000019,0.0639570620000142,0.0095449709999968,0.0496228850000193
1378,sun3d-mit_76_studyroom-76-1studyroom2,56,12,sagereg_regen,337,0.4896142433234421,0.9098093951371552,0.0364578317398704,True,0.1809036440000113,2.0,2.0,2.4282308485998008,6.0,6548.0,1.1891000013974916e-05,0.0067614319999904,0.0470988760000068,0.0613967549999756,0.0077826069999957,0.0578037619999918
1379,sun3d-mit_76_studyroom-76-1studyroom2,14,13,sagereg_regen,222,0.5045045045045045,0.8982902782163665,0.0359051799997477,True,0.119446618000012,1.9791666666666667,2.0,1.8427550005533029,6.0,3874.0,9.65399999586225e-06,0.003561516000019,0.0225121309999849,0.0575571319999994,0.0067298730000118,0.0290323090000015
1380,sun3d-mit_76_studyroom-76-1studyroom2,15,13,sagereg_regen,144,0.3194444444444444,1.9984660866748551,0.1013070594659547,True,0.1019360930000061,1.9375,2.0,1.3286384892587713,5.0,2683.0,8.28700001420657e-06,0.0022712040000101,0.0102029339999774,0.054248876999992,0.0062863500000105,0.028874815999984
1381,sun3d-mit_76_studyroom-76-1studyroom2,54,13,sagereg_regen,128,0.0390625,178.62089896959023,2.739107256747597,False,0.0947378060000119,1.9166666666666667,2.0,1.5393148495184588,4.0,3102.0,8.357000012892968e-06,0.0018768010000087,0.0088646939999819,0.0498904410000022,0.0057126709999977,0.0283490650000146
1382,sun3d-mit_76_studyroom-76-1studyroom2,55,13,sagereg_regen,149,0.1342281879194631,0.9712258504637978,0.036496237881602,True,0.1081736070000261,1.875,2.0,1.816580252203491,6.0,3507.0,9.013999999751832e-06,0.0021477350000225,0.0108847529999991,0.0512317219999829,0.0060983540000165,0.0377639400000191
1383,sun3d-mit_76_studyroom-76-1studyroom2,56,13,sagereg_regen,246,0.5691056910569106,0.847244780918984,0.0345935425099713,True,0.1472004229999868,2.0,2.0,1.7362235864187665,4.0,5586.0,1.0500999991336356e-05,0.0048958859999856,0.0302991769999891,0.0596900419999997,0.0072104120000062,0.0450473399999964
1384,sun3d-mit_76_studyroom-76-1studyroom2,57,13,sagereg_regen,112,0.2678571428571428,2.538670673413045,0.0653998910096649,True,0.0863467140000011,1.7530864197530864,2.0,1.838286945199596,4.0,3581.0,7.920000001604421e-06,0.0017264200000113,0.006290755000009,0.0407543379999992,0.005829642000009,0.0317013439999982
1385,sun3d-mit_76_studyroom-76-1studyroom2,15,14,sagereg_regen,198,0.5454545454545454,0.7907716516979645,0.0434508120163331,True,0.1301107290000231,1.9895833333333333,2.0,2.065586464304724,6.0,5245.0,9.462999997822408e-06,0.0036806429999955,0.0197285550000003,0.0584075769999969,0.0067728459999898,0.0414705539999999
1386,sun3d-mit_76_studyroom-76-1studyroom2,18,14,sagereg_regen,110,0.1454545454545454,7.792833445651676,0.3792319443379471,False,0.084841119999993,1.860759493670886,2.0,2.059365794838146,6.0,2640.0,7.823999993661346e-06,0.0018801800000005,0.005954551000002,0.0407567439999922,0.0057238919999917,0.0304824549999978
1387,sun3d-mit_76_studyroom-76-1studyroom2,56,14,sagereg_regen,172,0.2558139534883721,0.6637917141841151,0.0450534378441001,True,0.119973678999969,1.9791666666666667,2.0,1.7447147497767532,6.0,5736.0,8.979999989833232e-06,0.0024511889999985,0.0123359309999955,0.0529810209999936,0.0061800690000097,0.0459772509999822
1388,sun3d-mit_76_studyroom-76-1studyroom2,57,14,sagereg_regen,107,0.2523364485981308,0.89191515134396,0.0263401367211767,True,0.0965080799999782,1.9066666666666667,2.0,1.5558301869444195,6.0,5840.0,7.71599999893624e-06,0.0017555350000009,0.0056574909999937,0.0382022139999946,0.0058242780000057,0.0450242739999851
1389,sun3d-mit_76_studyroom-76-1studyroom2,18,15,sagereg_regen,327,0.5504587155963303,1.8715053581170196,0.0294098310256109,True,0.1682890659999998,1.9895833333333333,2.0,2.612344080595754,4.0,5118.0,1.1884000002737594e-05,0.0062302999999985,0.0459892540000055,0.0612824430000102,0.0077434430000096,0.0469871599999862
1390,sun3d-mit_76_studyroom-76-1studyroom2,56,15,sagereg_regen,148,0.1351351351351351,0.3731184357959102,0.0499964487936988,True,0.1085441620000153,1.7395833333333333,2.0,1.5517841621619035,6.0,4459.0,8.244999975204337e-06,0.0019565270000043,0.0107301320000203,0.0464395360000082,0.0057899809999923,0.043583534000021
1391,sun3d-mit_76_studyroom-76-1studyroom2,57,15,sagereg_regen,276,0.4166666666666667,2.351525931639072,0.0902929225180844,True,0.1539854179999622,1.9895833333333333,2.0,1.63813016301359,6.0,6430.0,1.0776999999961843e-05,0.0048850619999996,0.0342793169999993,0.0591637110000249,0.0070336329999918,0.0485692589999757
1392,sun3d-mit_76_studyroom-76-1studyroom2,62,15,sagereg_regen,229,0.4148471615720524,1.4437828756592082,0.0755576784751685,True,0.1400216319999856,1.9270833333333333,2.0,2.5111292068363893,6.0,5232.0,9.271999999782564e-06,0.0038082599999995,0.0244997839999996,0.0570197510000127,0.0068399310000017,0.0478037649999976
1393,sun3d-mit_76_studyroom-76-1studyroom2,17,16,sagereg_regen,139,0.2302158273381295,2.364316609901209,0.176070136192485,True,0.0957355680000091,1.9583333333333333,2.0,1.926142555912444,4.0,3363.0,8.395000008931675e-06,0.0023155449999876,0.01103722900001,0.0539860779999799,0.006035512000011,0.0223152739999932
1394,sun3d-mit_76_studyroom-76-1studyroom2,61,16,sagereg_regen,113,0.0088495575221238,119.36369536102336,3.194625652721105,False,0.0766339760000107,1.4186046511627908,2.0,1.6267499986060463,6.0,1836.0,7.904000000280575e-06,0.0015403849999984,0.0065628149999952,0.0355357779999963,0.0056906560000129,0.0272611979999908
1395,sun3d-mit_76_studyroom-76-1studyroom2,18,17,sagereg_regen,158,0.4050632911392405,1.3561831262064663,0.0440819323864698,True,0.1005677789999879,1.8958333333333333,2.0,1.8415680885960293,3.0,2607.0,8.960000002389279e-06,0.0025585369999987,0.0122008530000243,0.0547285660000227,0.006358653999996,0.0246740549999913
1396,sun3d-mit_76_studyroom-76-1studyroom2,19,17,sagereg_regen,147,0.1496598639455782,2.5120764541296983,0.0800569402900755,True,0.0926839960000052,1.9270833333333333,2.0,2.1470085036250444,2.0,2563.0,8.574000020189487e-06,0.0022806639999828,0.0098096890000078,0.0544034220000071,0.0061546500000133,0.0199890499999924
1397,sun3d-mit_76_studyroom-76-1studyroom2,64,17,sagereg_regen,105,0.0571428571428571,178.50456293107894,3.5417555097898057,False,0.0839357029999803,1.893939393939394,2.0,1.952969699156917,5.0,3081.0,7.862999979124652e-06,0.0018191240000078,0.0044944139999927,0.0341122860000098,0.0056363710000084,0.037833527999993
1398,sun3d-mit_76_studyroom-76-1studyroom2,19,18,sagereg_regen,703,0.7823613086770982,1.4189361942828012,0.0835349127994285,True,0.3098145589999888,2.0,2.0,2.7001565711656275,5.0,7624.0,1.6080999984069422e-05,0.0194280540000022,0.1505961759999934,0.0677449909999836,0.0113723709999931,0.0606019930000059
1399,sun3d-mit_76_studyroom-76-1studyroom2,20,18,sagereg_regen,406,0.5615763546798029,2.9417482852034778,0.1493765240885534,True,0.1875340820000133,2.0,2.0,2.5719299906281434,3.0,5653.0,1.3203999998268046e-05,0.0087625990000219,0.0666884599999946,0.0616599379999911,0.008208962999987,0.0421583510000118
1400,sun3d-mit_76_studyroom-76-1studyroom2,62,18,sagereg_regen,247,0.2712550607287449,2.080319102556844,0.1185560489963379,True,0.1505202630000326,1.9583333333333333,2.0,2.909988799278834,2.0,6936.0,9.739999995872496e-06,0.0043025790000115,0.0289747529999999,0.0570367290000035,0.0068710799999962,0.0532837610000171
1401,sun3d-mit_76_studyroom-76-1studyroom2,63,18,sagereg_regen,255,0.2862745098039215,0.8035909904494871,0.0421316253429628,True,0.1574196729999926,2.0,2.0,2.6769398849366,6.0,7234.0,1.0126999995918595e-05,0.0046611070000039,0.0307057169999893,0.0588787629999956,0.006810755999993,0.0563087390000021
1402,sun3d-mit_76_studyroom-76-1studyroom2,64,18,sagereg_regen,324,0.3364197530864197,2.233259782338165,0.0682932301541218,True,0.1862366969999982,1.9895833333333333,2.0,2.527479816481921,4.0,8054.0,1.1857999993480917e-05,0.0063687340000058,0.0449844609999843,0.0615793469999914,0.0074420409999902,0.0657985739999844
1403,sun3d-mit_76_studyroom-76-1studyroom2,20,19,sagereg_regen,481,0.4719334719334719,0.7195518345014367,0.0385293225027671,True,0.2317666929999688,1.9895833333333333,2.0,2.3890588883608137,6.0,7825.0,1.448799997660899e-05,0.0109635860000025,0.088545904,0.0624005549999822,0.0085064110000132,0.061287290999985
1404,sun3d-mit_76_studyroom-76-1studyroom2,21,19,sagereg_regen,245,0.3061224489795918,1.2906799943772629,0.0958741718449049,True,0.1330968480000081,1.9791666666666667,2.0,2.419833539972641,4.0,5304.0,9.8810000110916e-06,0.004302344999985,0.025683248000007,0.0569758540000009,0.0066731919999938,0.039410365000009
1405,sun3d-mit_76_studyroom-76-1studyroom2,64,19,sagereg_regen,340,0.2676470588235294,1.778628434576149,0.0934493097571172,True,0.1966556230000264,1.9791666666666667,2.0,2.105065944516809,6.0,9190.0,1.1473000000705724e-05,0.0062485429999981,0.0470828400000016,0.0605955949999952,0.007103136000012,0.0755723180000131
1406,sun3d-mit_76_studyroom-76-1studyroom2,65,19,sagereg_regen,315,0.273015873015873,2.692012643674348,0.1035842493694993,True,0.1740694499999904,1.96875,2.0,2.445421809061956,5.0,6733.0,1.1401999984173015e-05,0.005561632999985,0.0380845759999886,0.0594775309999988,0.0069147130000146,0.0639755029999946
1407,sun3d-mit_76_studyroom-76-1studyroom2,21,20,sagereg_regen,409,0.5965770171149144,0.3340174872130753,0.0376987791217051,True,0.2110682440000175,1.9895833333333333,2.0,2.2514845505444105,5.0,8724.0,1.3571000010870192e-05,0.0091362440000182,0.0666895429999954,0.0631650750000005,0.0087311469999917,0.0632805559999951
1408,sun3d-mit_76_studyroom-76-1studyroom2,22,20,sagereg_regen,212,0.3018867924528302,1.248454852039894,0.0682452219856138,True,0.1309223669999824,1.9479166666666667,2.0,2.756843812750218,6.0,5887.0,9.936999987303352e-06,0.003531941999995,0.019546039000005,0.0558786069999825,0.0066443370000115,0.0452699859999938
1409,sun3d-mit_76_studyroom-76-1studyroom2,23,20,sagereg_regen,285,0.3298245614035088,2.1478292498585216,0.1150202685354642,True,0.1487163290000239,1.96875,2.0,2.5459380071975413,5.0,5030.0,1.1247999992747282e-05,0.00520585000001,0.0317013990000134,0.0590385370000206,0.006955855000001,0.0457622640000181
1410,sun3d-mit_76_studyroom-76-1studyroom2,34,20,sagereg_regen,305,0.1573770491803278,2.182662443302352,0.0363066164321552,True,0.1674298910000118,1.9895833333333333,2.0,1.5934335204155468,5.0,7150.0,1.1708999977599888e-05,0.0059935390000021,0.0385242749999861,0.0593397919999745,0.0066399620000083,0.0568785000000104
1411,sun3d-mit_76_studyroom-76-1studyroom2,64,20,sagereg_regen,304,0.2730263157894737,0.2547352348040708,0.058865315489943,True,0.1783803730000102,1.96875,2.0,2.759129277004811,5.0,7217.0,1.1177999994060883e-05,0.0055128029999877,0.0416330760000107,0.0595968330000005,0.0072344820000012,0.0643469389999893
1412,sun3d-mit_76_studyroom-76-1studyroom2,65,20,sagereg_regen,327,0.3027522935779816,1.6438035506237527,0.102466061890413,True,0.1681221569999706,1.9583333333333333,2.0,2.2462091734428955,2.0,7204.0,1.1349999994081372e-05,0.005937652,0.0440173520000257,0.0587574720000247,0.0076326770000036,0.051719485999996
1413,sun3d-mit_76_studyroom-76-1studyroom2,22,21,sagereg_regen,339,0.6548672566371682,0.3707244844175182,0.0100813659348874,True,0.1684975770000107,2.0,2.0,2.3981576273164684,4.0,6338.0,1.186699998356744e-05,0.0067931929999929,0.0492832139999848,0.0619444060000091,0.0079014609999887,0.0425210360000107
1414,sun3d-mit_76_studyroom-76-1studyroom2,23,21,sagereg_regen,143,0.1468531468531468,2.8016274398452734,1.1273211217214831,False,0.1265798760000223,1.9583333333333333,2.0,2.431061051259104,5.0,7105.0,8.094000008895819e-06,0.0021735830000011,0.0096168219999981,0.0532596280000063,0.0059438170000021,0.0555348960000117
1415,sun3d-mit_76_studyroom-76-1studyroom2,24,21,sagereg_regen,180,0.0,2.610798610487807,1.983532355894941,False,0.1282701419999625,1.9375,2.0,1.765276497483323,6.0,5551.0,9.058999978606153e-06,0.0025182700000243,0.0144177319999982,0.0524164340000083,0.0062075289999938,0.052661855999986
1416,sun3d-mit_76_studyroom-76-1studyroom2,34,21,sagereg_regen,268,0.2947761194029851,2.430621144662404,0.0873503760461035,True,0.1530250399999886,1.9895833333333333,2.0,2.305905306382308,6.0,6543.0,9.930000004487738e-06,0.004681612000013,0.0302156649999858,0.0592931230000033,0.0068577589999847,0.0519254449999948
1417,sun3d-mit_76_studyroom-76-1studyroom2,65,21,sagereg_regen,253,0.1106719367588932,2.606796357725744,0.1678555439543397,True,0.137714772999999,1.90625,2.0,2.123289644915039,5.0,4712.0,1.0185000007822964e-05,0.0038541050000162,0.0241935730000193,0.0555747530000019,0.0066332930000214,0.04740739799999
1418,sun3d-mit_76_studyroom-76-1studyroom2,23,22,sagereg_regen,178,0.4382022471910112,1.3312031587059394,0.0794846397124287,True,0.1294096119999892,1.9270833333333333,2.0,2.5758696558048952,6.0,6369.0,9.02599998653386e-06,0.0028890709999984,0.0148113150000028,0.0559608719999857,0.0065896639999891,0.0491108180000026
1419,sun3d-mit_76_studyroom-76-1studyroom2,24,22,sagereg_regen,202,0.1237623762376237,1.9597524062463725,0.0913131756681297,True,0.1167590629999608,1.90625,2.0,2.17158547648611,3.0,4500.0,9.613999992552635e-06,0.0027763170000127,0.0184957909999923,0.0518267940000214,0.0062768690000041,0.0373280349999731
1420,sun3d-mit_76_studyroom-76-1studyroom2,33,22,sagereg_regen,145,0.3793103448275862,1.8690888814954365,0.0731014196669664,True,0.122141130999978,1.9270833333333333,2.0,1.7564958083196542,4.0,5502.0,8.336999997027306e-06,0.0024398470000051,0.0107237220000229,0.0547258370000065,0.0063291740000011,0.0478760139999963
1421,sun3d-mit_76_studyroom-76-1studyroom2,34,22,sagereg_regen,221,0.5203619909502263,1.6471036870888762,0.0449603193018882,True,0.1371234830000105,2.0,2.0,2.19385411176832,4.0,5751.0,1.0067000005165028e-05,0.0038610189999985,0.0216242140000133,0.0590057160000014,0.0068065190000083,0.045774917000017
1422,sun3d-mit_76_studyroom-76-1studyroom2,65,22,sagereg_regen,148,0.2905405405405405,2.9867678399038926,0.1670806751164601,True,0.1067322420000209,1.9,2.0,2.254129768754772,3.0,4414.0,8.805000021538945e-06,0.0025822149999896,0.0090016300000002,0.051516327999991,0.006089089999989,0.0374972520000085
1423,sun3d-mit_76_studyroom-76-1studyroom2,24,23,sagereg_regen,308,0.3668831168831168,2.107834022087184,0.130463635398182,True,0.181645412999984,1.9895833333333333,2.0,2.5355841576599505,5.0,8724.0,1.1532000002034692e-05,0.0056505410000227,0.0415817029999914,0.0593032069999992,0.007230045,0.0678241679999871
1424,sun3d-mit_76_studyroom-76-1studyroom2,33,23,sagereg_regen,249,0.4176706827309236,1.416391274845786,0.0815231682814566,True,0.169525894000003,1.9583333333333333,2.0,2.4985161001301224,6.0,8789.0,9.67799999784802e-06,0.0038407469999981,0.0249601330000075,0.057570222999999,0.0069581909999953,0.0761466699999857
1425,sun3d-mit_76_studyroom-76-1studyroom2,25,24,sagereg_regen,299,0.2842809364548495,0.4165400704170333,0.0081568654062921,True,0.1586617430000103,2.0,2.0,2.4885127956998048,1.0,8108.0,1.120400000331756e-05,0.0055992110000033,0.0375651599999855,0.0596761299999855,0.0069188169999847,0.0488476129999924
1426,sun3d-mit_76_studyroom-76-1studyroom2,32,24,sagereg_regen,358,0.3379888268156424,1.409222034228654,0.0422472545687227,True,0.1780857749999995,1.9791666666666667,2.0,2.249957074369077,2.0,7913.0,1.1927999992167315e-05,0.0065053060000082,0.0493575390000273,0.0587265249999973,0.0071750410000106,0.0562663579999878
1427,sun3d-mit_76_studyroom-76-1studyroom2,33,24,sagereg_regen,336,0.4077380952380952,3.145912389454505,0.1636768546744824,True,0.2058743290000109,1.9270833333333333,2.0,1.8451711092014944,6.0,9396.0,1.187600000207567e-05,0.0063728190000063,0.0477865060000226,0.0596186119999799,0.0076515210000138,0.0843866179999963
1428,sun3d-mit_76_studyroom-76-1studyroom2,26,25,sagereg_regen,654,0.6406727828746177,0.7142087006190186,0.0339861622035506,True,0.3319806720000144,2.0,2.0,2.1536977824390746,3.0,13402.0,1.503499998989355e-05,0.017981394000003,0.1407614809999984,0.0656565200000045,0.0102042899999901,0.0973074770000153
1429,sun3d-mit_76_studyroom-76-1studyroom2,27,25,sagereg_regen,756,0.6084656084656085,0.9864388674407552,0.0548950502470819,True,0.3641355720000092,2.0,2.0,2.2318660826318126,4.0,12242.0,1.7639000020608364e-05,0.0220604269999853,0.1628803879999907,0.0657756020000022,0.010776968000016,0.1025701039999944
1430,sun3d-mit_76_studyroom-76-1studyroom2,32,25,sagereg_regen,861,0.8002322880371661,0.8247453161398022,0.0431054901425967,True,0.3952906359999986,2.0,2.0,2.417348923162554,6.0,10956.0,1.8527999998241285e-05,0.0269937529999992,0.1940107959999863,0.07019716100001,0.0129015180000067,0.0911034899999947
1431,sun3d-mit_76_studyroom-76-1studyroom2,33,25,sagereg_regen,493,0.4969574036511156,1.9154740600666,0.1071772705606584,True,0.2656420849999961,1.9895833333333333,2.0,2.400030558312068,6.0,9053.0,1.5509999997220802e-05,0.0117872429999863,0.0947670150000021,0.0629592770000044,0.0088990750000164,0.0871631699999966
1432,sun3d-mit_76_studyroom-76-1studyroom2,27,26,sagereg_regen,1140,0.8342105263157895,0.9573144054757798,0.0538571297201033,True,0.5047561970000061,2.0,2.0,2.506551099369396,5.0,13373.0,2.3236999993514477e-05,0.0470217430000161,0.247302899999994,0.0748646570000062,0.0150995959999988,0.1203740029999949
1433,sun3d-mit_76_studyroom-76-1studyroom2,32,26,sagereg_regen,659,0.7283763277693475,0.925450877121164,0.0394489221760933,True,0.3377076449999663,2.0,2.0,2.434900622910137,4.0,10815.0,1.559099999326463e-05,0.0183080160000201,0.1386123860000054,0.0674792949999982,0.0107176350000202,0.1025172149999775
1434,sun3d-mit_76_studyroom-76-1studyroom2,28,27,sagereg_regen,891,0.7306397306397306,1.4571235084737189,0.0730861024279865,True,0.3727340469999944,2.0,2.0,2.236961675210312,4.0,10157.0,2.049299999384857e-05,0.0270754540000268,0.1924514890000068,0.0684328509999829,0.0124547409999991,0.0722346230000141
1435,sun3d-mit_76_studyroom-76-1studyroom2,31,27,sagereg_regen,465,0.7225806451612903,1.355980148898987,0.0629891639497156,True,0.2224702190000016,2.0,2.0,2.5660764571262225,4.0,6140.0,1.4112000002342027e-05,0.0098946829999988,0.0779789990000097,0.0637578239999925,0.0089394130000073,0.0618380370000011
1436,sun3d-mit_76_studyroom-76-1studyroom2,32,27,sagereg_regen,1148,0.8257839721254355,0.7302367628746615,0.021506785216568,True,0.5035307230000114,2.0,2.0,2.2496488012077784,6.0,12936.0,2.194000001054519e-05,0.0466096959999902,0.2605830109999942,0.0731499649999989,0.0152800269999886,0.1078102140000112
1437,sun3d-mit_76_studyroom-76-1studyroom2,33,27,sagereg_regen,681,0.2364170337738619,1.566321715899797,0.079432852786472,True,0.3041002329999855,2.0,2.0,2.5971058428691745,4.0,9071.0,1.720199998089811e-05,0.0182933549999972,0.1394969369999898,0.0639293659999964,0.0086502709999933,0.0736606110000082
1438,sun3d-mit_76_studyroom-76-1studyroom2,29,28,sagereg_regen,884,0.834841628959276,0.8247177611942531,0.0488216769202082,True,0.3566722490000131,2.0,2.0,2.211079670837891,3.0,7753.0,1.894299998639326e-05,0.0272370300000091,0.1938140949999933,0.0688132800000005,0.0127057189999959,0.0540192820000129
1439,sun3d-mit_76_studyroom-76-1studyroom2,30,28,sagereg_regen,639,0.6823161189358372,0.8927183078407059,0.0354878632327211,True,0.268889162999983,2.0,2.0,2.562327115486261,3.0,5628.0,1.536499999588159e-05,0.0163607879999858,0.1356472789999827,0.0646146779999981,0.0099908140000195,0.0422089589999927
1440,sun3d-mit_76_studyroom-76-1studyroom2,31,28,sagereg_regen,1138,0.9358523725834798,0.3037792286755257,0.0159762279287931,True,0.4609219139999823,2.0,2.0,2.251540090192442,6.0,8069.0,2.2018999999318112e-05,0.0427125070000045,0.2615127880000045,0.0739823989999877,0.015036517999988,0.0675854099999924
1441,sun3d-mit_76_studyroom-76-1studyroom2,32,28,sagereg_regen,766,0.7663185378590078,1.866631280334861,0.0797306009752497,True,0.3250212469999951,2.0,2.0,2.438105955317849,1.0,9215.0,1.8837999988363663e-05,0.0222361009999758,0.1700687879999805,0.0676067090000174,0.0117801610000185,0.0532490429999938
1442,sun3d-mit_76_studyroom-76-1studyroom2,30,29,sagereg_regen,1443,0.9688149688149688,0.1972167560216564,0.0100200049223433,True,0.5455968729999654,2.0,2.0,2.1677177603429394,5.0,7005.0,2.590299999383205e-05,0.064014702999998,0.3279046589999836,0.0775065859999983,0.0178557909999881,0.0582109539999748
1443,sun3d-mit_76_studyroom-76-1studyroom2,31,29,sagereg_regen,1243,0.9082864038616252,1.1399986053656022,0.0553004404532461,True,0.4810991330000149,2.0,2.0,2.1136779897023805,4.0,7614.0,2.426700001478821e-05,0.050666351999979,0.2796124639999959,0.0740513880000151,0.0160006069999951,0.0606700579999994
1444,sun3d-mit_76_studyroom-76-1studyroom2,32,29,sagereg_regen,316,0.4082278481012658,2.83034564828097,0.1024008583501601,True,0.1586645949999763,2.0,2.0,1.760942340778305,3.0,4997.0,1.1438000001362523e-05,0.005140793999999,0.0427958580000051,0.0594727529999943,0.0075538650000055,0.0436455019999755
1445,sun3d-mit_76_studyroom-76-1studyroom2,31,30,sagereg_regen,838,0.863961813842482,1.1049139016533602,0.0420277406271596,True,0.3347251529999937,2.0,2.0,2.494052454289262,3.0,5864.0,1.9589999993741003e-05,0.0255541189999917,0.1862611660000084,0.0684775419999823,0.0126068030000112,0.0417439180000087
1446,sun3d-mit_76_studyroom-76-1studyroom2,32,30,sagereg_regen,261,0.003831417624521,45.89244154723092,0.7207388178193188,False,0.1547094430000015,1.9895833333333333,2.0,2.0743807624869244,6.0,5555.0,1.0981999992054623e-05,0.0048579350000181,0.0255485079999857,0.0597750619999999,0.0066368009999848,0.0578391500000066
1447,sun3d-mit_76_studyroom-76-1studyroom2,32,31,sagereg_regen,306,0.5130718954248366,1.5096127082050386,0.0309129295135208,True,0.1695551379999926,1.96875,2.0,1.948364132974604,4.0,5680.0,1.1744999994789396e-05,0.0057064359999969,0.0388153680000016,0.0596267210000007,0.0074660699999924,0.0578854449999823
1448,sun3d-mit_76_studyroom-76-1studyroom2,33,32,sagereg_regen,572,0.3828671328671328,1.2105105965962155,0.0768508166002521,True,0.2767619109999941,1.9895833333333333,2.0,2.404507043316124,4.0,8449.0,1.5643000011777985e-05,0.0134076029999903,0.1189783510000097,0.0641238150000163,0.0088879459999873,0.0712991789999932
1449,sun3d-mit_76_studyroom-76-1studyroom2,65,33,sagereg_regen,436,0.0527522935779816,1.361490488042182,1.0632383836494088,False,0.2319514019999928,1.9583333333333333,2.0,2.368072334533285,6.0,9367.0,1.390699998182754e-05,0.0091824819999999,0.0702811150000002,0.0594830239999737,0.0070779049999885,0.0858634630000096
1450,sun3d-mit_76_studyroom-76-1studyroom2,35,34,sagereg_regen,509,0.8388998035363457,1.1829638867764634,0.0404103659293597,True,0.2227042269999799,2.0,2.0,2.215079237758463,4.0,4734.0,1.4387999982545809e-05,0.0119897950000051,0.1020503409999946,0.0643737059999978,0.0097944390000179,0.0344288169999913
1451,sun3d-mit_76_studyroom-76-1studyroom2,36,34,sagereg_regen,321,0.5295950155763239,1.7159602376454586,0.0614646981549714,True,0.1520677080000041,2.0,2.0,2.565546605747333,5.0,3516.0,1.19210000093517e-05,0.005831167000025,0.0434825009999997,0.058801308999989,0.0074983110000061,0.0363994639999987
1452,sun3d-mit_76_studyroom-76-1studyroom2,37,34,sagereg_regen,335,0.4955223880597015,2.634755085516736,0.0972943125662076,True,0.149869428000045,2.0,2.0,2.5552296607957024,3.0,3293.0,1.169500001196866e-05,0.0061509290000003,0.0447831040000323,0.0604155539999737,0.0076140919999829,0.0308524030000398
1453,sun3d-mit_76_studyroom-76-1studyroom2,64,34,sagereg_regen,279,0.053763440860215,5.634692785996487,0.9952652310367393,False,0.155295265999996,1.96875,2.0,1.792767158563393,6.0,6545.0,1.073699999665223e-05,0.0045687319999956,0.0273983220000104,0.0574692699999843,0.0062909709999985,0.0595074080000017
1454,sun3d-mit_76_studyroom-76-1studyroom2,65,34,sagereg_regen,269,0.3568773234200743,5.488134602429624,0.1751303375124148,True,0.1496805189999577,1.96875,2.0,2.4320184687287703,4.0,5803.0,1.1289999974906095e-05,0.005342287000019,0.0284801470000104,0.0606818470000121,0.0071571740000138,0.0479628419999755
1455,sun3d-mit_76_studyroom-76-1studyroom2,36,35,sagereg_regen,543,0.8379373848987108,0.397901149279006,0.0123039436961819,True,0.2330615549999777,2.0,2.0,2.465408364805661,1.0,5096.0,1.4604999989842328e-05,0.0129990460000044,0.1160363220000135,0.0649861910000026,0.0103031440000052,0.0286679159999891
1456,sun3d-mit_76_studyroom-76-1studyroom2,37,35,sagereg_regen,524,0.7614503816793893,1.2214084876754434,0.0492457968527164,True,0.2323511699999585,1.9791666666666667,2.0,2.5072525463398327,3.0,4949.0,1.8436000004840025e-05,0.0122359889999756,0.1033317119999992,0.0637337649999949,0.0095595389999516,0.0434170799999833
1457,sun3d-mit_76_studyroom-76-1studyroom2,38,35,sagereg_regen,394,0.7208121827411168,3.3315241256011032,0.1309773877552466,True,0.1760663229999863,1.9583333333333333,2.0,2.744072182521521,1.0,4341.0,1.3436000017463812e-05,0.0081491619999951,0.0640571709999733,0.0631297930000016,0.0086121049999974,0.0320511079999903
1458,sun3d-mit_76_studyroom-76-1studyroom2,45,35,sagereg_regen,179,0.2849162011173184,6.50165527808713,0.2445850520464534,True,0.1180872599999816,1.9791666666666667,2.0,2.269982306869033,4.0,2858.0,9.40399999649344e-06,0.0029739759999927,0.0157976329999769,0.0564779089999945,0.0064238549999799,0.0363593209999919
1459,sun3d-mit_76_studyroom-76-1studyroom2,46,35,sagereg_regen,289,0.4982698961937716,5.076780003068485,0.1798124938162208,True,0.160703600999966,1.9791666666666667,2.0,2.4016918924842097,2.0,4164.0,1.2450999975044397e-05,0.0055585119999932,0.0370992630000159,0.0612147609999738,0.0076703100000088,0.0490978929999812
1460,sun3d-mit_76_studyroom-76-1studyroom2,47,35,sagereg_regen,292,0.5547945205479452,2.5548035400896234,0.1071338259686149,True,0.1574396920000254,2.0,2.0,2.312975861515227,4.0,4627.0,1.0778000046229865e-05,0.0054001439999638,0.0391086420000306,0.0596432280000271,0.007471860999999,0.0457635239999945
1461,sun3d-mit_76_studyroom-76-1studyroom2,48,35,sagereg_regen,225,0.6044444444444445,2.772473094917427,0.1193615618081399,True,0.1414499470000123,2.0,2.0,2.2282985115522784,6.0,5221.0,9.320999993178702e-06,0.0044351669999969,0.0259863080000002,0.0581738169999823,0.0071754059999875,0.0456317260000105
1462,sun3d-mit_76_studyroom-76-1studyroom2,49,35,sagereg_regen,274,0.5474452554744526,3.267287762867285,0.1047796780223929,True,0.1451258190000146,1.9791666666666667,2.0,2.2343378503331914,2.0,4627.0,1.1905999997452454e-05,0.0049132360000214,0.0367217609999954,0.0603393079999818,0.0075349459999927,0.0355570550000265
1463,sun3d-mit_76_studyroom-76-1studyroom2,37,36,sagereg_regen,760,0.8644736842105263,0.5650632992617542,0.0294271609823259,True,0.3081114259999822,2.0,2.0,1.8158744667165436,1.0,7695.0,1.817999998365849e-05,0.02162623199996,0.1684647879999943,0.0668352590000154,0.011723575000019,0.0393854509999869
1464,sun3d-mit_76_studyroom-76-1studyroom2,38,36,sagereg_regen,393,0.7022900763358778,2.8681259418252054,0.1441429386412168,True,0.1910255720000577,2.0,2.0,2.5666006366143383,4.0,6912.0,1.3123000030645926e-05,0.0084093340000208,0.0611708369999632,0.0627028859999541,0.0085958220000179,0.0500874970000495
1465,sun3d-mit_76_studyroom-76-1studyroom2,39,36,sagereg_regen,362,0.212707182320442,2.241692051509053,0.1580082906663566,True,0.1731152019999911,1.9791666666666667,2.0,1.9644632412118352,4.0,4786.0,1.2324000010721647e-05,0.007032554999995,0.0522105569999951,0.0603458029999899,0.0078480040000101,0.0456188649999944
1466,sun3d-mit_76_studyroom-76-1studyroom2,45,36,sagereg_regen,182,0.4230769230769231,5.299660699523318,0.2238125094472325,True,0.1268643370000006,1.9375,2.0,2.3832013652269413,4.0,4168.0,8.871999995108126e-06,0.0029774340000017,0.0152988680000021,0.0563249889999895,0.0065202799999894,0.0456947259999935
1467,sun3d-mit_76_studyroom-76-1studyroom2,46,36,sagereg_regen,247,0.5182186234817814,4.603907630836723,0.1831736039322022,True,0.1474601520000078,1.9791666666666667,2.0,2.3277458346339657,4.0,5192.0,1.0563000046204252e-05,0.0041796809999823,0.0264377330000229,0.0576973479999765,0.0070151219999843,0.0520782399999575
1468,sun3d-mit_76_studyroom-76-1studyroom2,47,36,sagereg_regen,237,0.5654008438818565,3.61773626104126,0.1547097979233889,True,0.1474510280000345,1.96875,2.0,2.2059310146328897,3.0,5460.0,9.394000016982318e-06,0.004158407000034,0.0253728670000441,0.0595211849999941,0.0072904630000039,0.0510538860000338
1469,sun3d-mit_76_studyroom-76-1studyroom2,48,36,sagereg_regen,237,0.4725738396624472,2.5034285250221275,0.1148241116416541,True,0.138309090000007,1.9479166666666667,2.0,2.090597164210981,6.0,5204.0,1.0188000004518472e-05,0.0038250979999929,0.0237236170000016,0.057192040000018,0.0069367219999776,0.0465816459999928
1470,sun3d-mit_76_studyroom-76-1studyroom2,49,36,sagereg_regen,284,0.6091549295774648,2.746176146055549,0.0865670558089804,True,0.1447732299999984,1.9895833333333333,2.0,2.137900322561941,3.0,5258.0,1.129699998614342e-05,0.0050989850000178,0.0354219540000144,0.0586834560000113,0.0075840559999846,0.0379332509999983
1471,sun3d-mit_76_studyroom-76-1studyroom2,52,36,sagereg_regen,144,0.0625,9.380318499025844,0.6849389603467715,False,0.1095578610000416,1.96875,2.0,1.864363981804728,6.0,3368.0,9.519000002455869e-06,0.0020796340000401,0.0094999629999961,0.0525191770000219,0.0059303809999846,0.0394831700000395
1472,sun3d-mit_76_studyroom-76-1studyroom2,38,37,sagereg_regen,432,0.5787037037037037,2.153491734580599,0.1080670998120672,True,0.221877151000001,2.0,2.0,2.020740752701532,3.0,8941.0,1.3212999988354568e-05,0.0091321339999694,0.071535324000024,0.0621699810000109,0.0087001870000449,0.0702814499999817
1473,sun3d-mit_76_studyroom-76-1studyroom2,39,37,sagereg_regen,426,0.3544600938967136,1.3615591477642148,0.1042672848444622,True,0.2125781529999812,2.0,2.0,2.202353618935545,3.0,6470.0,1.407699997457712e-05,0.0089426979999984,0.0714560529999914,0.0629077749999851,0.0088562050000007,0.0603510169999879
1474,sun3d-mit_76_studyroom-76-1studyroom2,45,37,sagereg_regen,182,0.2967032967032967,5.389201399741,0.2341866006981957,True,0.1277403319999734,1.9895833333333333,2.0,1.6042526467932712,2.0,5266.0,9.28899999053101e-06,0.0032044680000069,0.0167590989999837,0.0574451199999828,0.0065255490000026,0.0437577419999968
1475,sun3d-mit_76_studyroom-76-1studyroom2,46,37,sagereg_regen,322,0.4968944099378882,3.2671378042418544,0.1382070045975846,True,0.1793624980000459,1.9583333333333333,2.0,2.156837186296713,6.0,6517.0,1.134199999341945e-05,0.0056864210000071,0.0449454690000266,0.0596021250000262,0.0076410909999822,0.0614331340000262
1476,sun3d-mit_76_studyroom-76-1studyroom2,47,37,sagereg_regen,277,0.51985559566787,2.539750689127364,0.123602251234168,True,0.1653054319999682,1.96875,2.0,2.2676001932634584,6.0,6758.0,1.1348000043653885e-05,0.0049315589999991,0.0366671959999962,0.0583797799999956,0.0074626820000389,0.0578088489999686
1477,sun3d-mit_76_studyroom-76-1studyroom2,48,37,sagereg_regen,267,0.3745318352059925,0.9899412735476756,0.058479270392881,True,0.1441331659999889,1.9583333333333333,2.0,2.03104740398214,4.0,5935.0,1.0610000003907771e-05,0.004431377000003,0.0318598519999966,0.0574760730000036,0.0069445209999798,0.0433703379999883
1478,sun3d-mit_76_studyroom-76-1studyroom2,49,37,sagereg_regen,322,0.5900621118012422,2.0195287035987306,0.0650984437919372,True,0.15463675700002,1.9270833333333333,2.0,1.880136300964209,1.0,6332.0,1.1485000015909463e-05,0.0060959239999931,0.046796262000015,0.0591627999999957,0.0077627089999907,0.0347643320000088
1479,sun3d-mit_76_studyroom-76-1studyroom2,39,38,sagereg_regen,584,0.684931506849315,1.565879589049356,0.0627900562939876,True,0.2795485320000352,2.0,2.0,2.1561296637837057,3.0,9893.0,1.704100003507847e-05,0.0138346210000008,0.1246525320000273,0.0642646910000053,0.0099748549999958,0.0667519840000068
1480,sun3d-mit_76_studyroom-76-1studyroom2,44,38,sagereg_regen,321,0.367601246105919,2.1895154349578885,0.1011912867461812,True,0.1739942930000211,2.0,2.0,2.4523546693935065,3.0,8335.0,1.0619000022416005e-05,0.0059070479999832,0.041497669000023,0.0605027220000238,0.0075252980000186,0.0585071070000253
1481,sun3d-mit_76_studyroom-76-1studyroom2,45,38,sagereg_regen,341,0.4985337243401759,1.463625312676587,0.0803064543663628,True,0.210236210999966,2.0,2.0,1.811017872631228,6.0,9414.0,1.3822999989088204e-05,0.0070368410000014,0.0534125159999803,0.0621587840000188,0.0081152510000208,0.0794512379999901
1482,sun3d-mit_76_studyroom-76-1studyroom2,46,38,sagereg_regen,418,0.5454545454545454,1.2989231994795425,0.0587316990040323,True,0.2048413089999599,2.0,2.0,1.8097467517431665,2.0,10160.0,1.2972999996918588e-05,0.0091297590000181,0.0692846029999998,0.0625269720000005,0.0083684840000159,0.0554684469999813
1483,sun3d-mit_76_studyroom-76-1studyroom2,47,38,sagereg_regen,274,0.5328467153284672,0.2801448108935846,0.0289958439156167,True,0.1805266260000166,1.9791666666666667,2.0,2.0620625050914816,5.0,8775.0,1.144200001590434e-05,0.0050784430000021,0.0342428449999943,0.0608438159999877,0.0074541590000194,0.0728525380000064
1484,sun3d-mit_76_studyroom-76-1studyroom2,48,38,sagereg_regen,221,0.2081447963800905,2.1289908128164274,0.0678711086564549,True,0.1486312380000072,1.9791666666666667,2.0,1.7836391622462624,6.0,6773.0,9.34599995616736e-06,0.003377950000015,0.0218648299999699,0.0560033830000179,0.0064131469999892,0.0609218700000155
1485,sun3d-mit_76_studyroom-76-1studyroom2,49,38,sagereg_regen,239,0.301255230125523,1.2604543535569883,0.0188082223309834,True,0.1537970140000197,1.96875,2.0,2.0984672195034326,6.0,7398.0,9.820000002491724e-06,0.0036550450000163,0.0251358620000132,0.0560817919999863,0.0066408400000455,0.0622322930000223
1486,sun3d-mit_76_studyroom-76-1studyroom2,40,39,sagereg_regen,385,0.0727272727272727,179.74678257708857,4.578520245169934,False,0.1815481359999751,2.0,2.0,1.340016367562087,5.0,5275.0,1.2407999975039274e-05,0.0077349420000132,0.0566537859999982,0.0605477800000073,0.0069905269999992,0.0495614679999789
1487,sun3d-mit_76_studyroom-76-1studyroom2,43,39,sagereg_regen,298,0.0167785234899328,177.53476817619028,5.279338341418995,False,0.1645600859999945,1.9895833333333333,2.0,1.9827532607497111,5.0,5739.0,1.0766000002604414e-05,0.0051949530000001,0.0374044129999902,0.0565398159999972,0.0067935760000068,0.0585748359999911
1488,sun3d-mit_76_studyroom-76-1studyroom2,44,39,sagereg_regen,571,0.6795096322241682,0.622008688259639,0.0461660608113973,True,0.2640893859999664,2.0,2.0,2.178081729645412,3.0,8920.0,1.4974000009715382e-05,0.0135920160000182,0.1188815250000061,0.0629381060000469,0.0096816810000177,0.0589303929999687
1489,sun3d-mit_76_studyroom-76-1studyroom2,45,39,sagereg_regen,273,0.3956043956043956,0.3632259899626484,0.0270374702775081,True,0.168705386000056,2.0,2.0,2.33154408222195,6.0,8037.0,1.0563000046204252e-05,0.0045727329999749,0.0313247000000274,0.0589103439999689,0.007000392000009,0.0668467090000035
1490,sun3d-mit_76_studyroom-76-1studyroom2,46,39,sagereg_regen,338,0.2307692307692307,0.7328596992309773,0.0630058838895896,True,0.1733403760000271,1.9895833333333333,2.0,2.3066146978342545,4.0,7811.0,1.1368999992100726e-05,0.0056720999999981,0.0413397220000035,0.0590526909999766,0.0069211110000253,0.0602936090000127
1491,sun3d-mit_76_studyroom-76-1studyroom2,47,39,sagereg_regen,241,0.2157676348547718,0.298571035431023,0.0375004402985024,True,0.1515964149999717,1.96875,2.0,2.400152372321754,6.0,6833.0,9.795000039503066e-06,0.0035168200000157,0.0231642829999714,0.0552922550000403,0.0066119339999772,0.0629593219999833
1492,sun3d-mit_76_studyroom-76-1studyroom2,48,39,sagereg_regen,218,0.091743119266055,177.7488695454155,2.50053657316846,False,0.1233240149999801,1.9791666666666667,2.0,2.002254035027796,4.0,2283.0,9.26600000639155e-06,0.0035205489999725,0.0195267990000047,0.0567127330000403,0.0062206259999584,0.0372908919999872
1493,sun3d-mit_76_studyroom-76-1studyroom2,49,39,sagereg_regen,290,0.1620689655172413,0.9936775608146456,0.0710957171860111,True,0.1478245279999441,1.96875,2.0,2.312727639509605,6.0,4787.0,1.0740999982772337e-05,0.0044755410000334,0.0342686390000039,0.0573341979999781,0.0066694269999629,0.0450251709999633
1494,sun3d-mit_76_studyroom-76-1studyroom2,41,40,sagereg_regen,484,0.6880165289256198,1.076005318443527,0.0241777155448967,True,0.2259702489999426,2.0,2.0,2.566946574741067,4.0,5542.0,1.5646999997898092e-05,0.0098660259999974,0.0938852990000214,0.0618384649999939,0.0091157930000349,0.0511953569999832
1495,sun3d-mit_76_studyroom-76-1studyroom2,42,40,sagereg_regen,444,0.5045045045045045,0.9845223651307404,0.0315252470159845,True,0.2085254450000206,2.0,2.0,2.543302777096647,6.0,6347.0,1.3925000018844004e-05,0.008566796000025,0.0739502160000142,0.0610262240000452,0.0085626179999849,0.0563594669999929
1496,sun3d-mit_76_studyroom-76-1studyroom2,43,40,sagereg_regen,563,0.6145648312611013,1.3936948705714736,0.0651646775626916,True,0.26349103900003,2.0,2.0,2.404156754332905,6.0,7423.0,1.5483000026961236e-05,0.012214952000022,0.1194111909999833,0.064144648000024,0.0097156460000178,0.0579355959999929
1497,sun3d-mit_76_studyroom-76-1studyroom2,44,40,sagereg_regen,280,0.0464285714285714,2.3989048768478605,0.286715283099047,True,0.1545646870000041,2.0,2.0,1.872512153518884,6.0,5543.0,1.096300002245698e-05,0.0052476330000104,0.0343738329999609,0.0595013309999785,0.0065138690000026,0.0488748829999963
1498,sun3d-mit_76_studyroom-76-1studyroom2,45,40,sagereg_regen,184,0.0815217391304347,2.876207410605661,0.122523439020359,True,0.1115543209999714,1.9895833333333333,2.0,2.294951257165373,3.0,3578.0,9.431999956177606e-06,0.0030283650000342,0.0141985610000006,0.0548431679999907,0.0059891260000313,0.0334435890000008
1499,sun3d-mit_76_studyroom-76-1studyroom2,46,40,sagereg_regen,222,0.036036036036036,26.41940889517674,0.2570976671149992,False,0.1102450210000256,1.9479166666666667,2.0,1.1769533757874344,6.0,1255.0,9.80400000116788e-06,0.0029779920000123,0.0187406169999917,0.0515211219999969,0.0061327949999849,0.0308225900000138
1500,sun3d-mit_76_studyroom-76-1studyroom2,47,40,sagereg_regen,146,0.0136986301369863,61.21924327442751,1.0644719072343225,False,0.1057789809999576,1.8229166666666667,2.0,1.8669678500828049,6.0,3045.0,8.191999995688093e-06,0.0018404010000381,0.0104663949999803,0.0473717209999904,0.0057103429999756,0.0403400349999856
1501,sun3d-mit_76_studyroom-76-1studyroom2,42,41,sagereg_regen,1335,0.8591760299625468,0.5057983125062775,0.0341508393862579,True,0.5168599200000017,2.0,2.0,2.590662185591861,3.0,10408.0,2.551099998981954e-05,0.0543525869999825,0.3026190279999809,0.0748384390000183,0.0168859359999942,0.0680580349999786
1502,sun3d-mit_76_studyroom-76-1studyroom2,43,41,sagereg_regen,713,0.7405329593267882,0.7805729404460369,0.0639591909878292,True,0.3187233329999799,2.0,2.0,2.3613897026291246,6.0,8045.0,1.688199995442119e-05,0.0185874949999629,0.1566304570000056,0.0654270229999838,0.0114815730000259,0.0665201730000148
1503,sun3d-mit_76_studyroom-76-1studyroom2,43,42,sagereg_regen,823,0.8019441069258809,0.6089807742658,0.0457784601699781,True,0.3568517619999625,2.0,2.0,2.3897562776651786,6.0,9100.0,1.874499997711609e-05,0.0228119139999876,0.181339370000046,0.0662824249999971,0.0121711699999877,0.0741685709999728
1504,sun3d-mit_76_studyroom-76-1studyroom2,45,44,sagereg_regen,583,0.5728987993138936,0.7947835578571316,0.0207142832823026,True,0.2973316450000425,2.0,2.0,2.5525732331962923,6.0,10003.0,1.6472000027079048e-05,0.0136631199999897,0.1279570270000363,0.0639202129999603,0.009724498999958,0.0819873620000066
1505,sun3d-mit_76_studyroom-76-1studyroom2,46,44,sagereg_regen,500,0.49,0.8044534629254044,0.0357019715544381,True,0.238711827999964,2.0,2.0,2.301210297217973,6.0,8744.0,1.4456999963385895e-05,0.0100367350000283,0.0885860629999797,0.0614050940000083,0.008735291999983,0.0698782449999839
1506,sun3d-mit_76_studyroom-76-1studyroom2,47,44,sagereg_regen,226,0.336283185840708,0.7359519341897384,0.0400909500387517,True,0.1513685709999208,1.9479166666666667,2.0,2.353206400813507,5.0,6857.0,1.0226999961560068e-05,0.0035043940000036,0.0249424560000193,0.0559216290000108,0.0065936220000253,0.0603575789999695
1507,sun3d-mit_76_studyroom-76-1studyroom2,48,44,sagereg_regen,179,0.1452513966480447,133.061176761876,4.325448339644038,False,0.1218239320000407,1.9479166666666667,2.0,1.9382506470858696,5.0,2329.0,9.147000014309016e-06,0.0026599820000114,0.0145743819999779,0.0567787479999992,0.0063287219999779,0.0414302340000176
1508,sun3d-mit_76_studyroom-76-1studyroom2,49,44,sagereg_regen,226,0.3628318584070796,2.281134165301001,0.1070349714974774,True,0.137863579999987,2.0,2.0,2.2773678881392025,4.0,4892.0,9.571000020969224e-06,0.003791192000051,0.0235803740000051,0.0578597620000209,0.0064960619999965,0.0460845359999666
1509,sun3d-mit_76_studyroom-76-1studyroom2,50,44,sagereg_regen,322,0.7360248447204969,3.00873175009816,0.0999062282783009,True,0.1635599159999969,2.0,2.0,2.193049284777968,5.0,5513.0,1.232199997502903e-05,0.0061319899999716,0.0423857270000098,0.0620646250000049,0.0081249360000015,0.0447976359999984
1510,sun3d-mit_76_studyroom-76-1studyroom2,46,45,sagereg_regen,511,0.547945205479452,0.94195683235225,0.0354721038067867,True,0.2611587789999703,2.0,2.0,1.9128096132914751,6.0,10060.0,1.579899998205292e-05,0.0116734650000012,0.0979059179999808,0.0616271470000242,0.0087913379999804,0.0810923539999635
1511,sun3d-mit_76_studyroom-76-1studyroom2,47,45,sagereg_regen,239,0.502092050209205,1.0243124393506742,0.0351600277230037,True,0.1640150439999956,2.0,2.0,2.025622238027616,4.0,8108.0,1.009800001838812e-05,0.004669769999964,0.0295366430000285,0.0588899669999705,0.0073308600000245,0.0635327059999895
1512,sun3d-mit_76_studyroom-76-1studyroom2,48,45,sagereg_regen,179,0.1899441340782122,7.555283346593275,0.2928062116420834,True,0.1353429259999643,1.9479166666666667,2.0,2.2327535024808824,6.0,6035.0,9.269999964089948e-06,0.0027604819999851,0.0147646949999966,0.0546849519999455,0.005981915999996,0.057101541999998
1513,sun3d-mit_76_studyroom-76-1studyroom2,49,45,sagereg_regen,191,0.3036649214659686,2.088277081867301,0.1142989832942213,True,0.1318573970000898,1.9791666666666667,2.0,1.7072878706128136,3.0,6391.0,9.158000011666443e-06,0.0031770329999858,0.0191603950000285,0.0574703320000367,0.0065555840000115,0.0454464020000386
1514,sun3d-mit_76_studyroom-76-1studyroom2,47,46,sagereg_regen,594,0.7491582491582491,1.4349530907312351,0.0340522885501206,True,0.302667539999959,2.0,2.0,2.1535927677044056,6.0,10938.0,1.5203999964796822e-05,0.0147255690000065,0.1303646860000071,0.0648374450000233,0.0100864220000289,0.0825866999999789
1515,sun3d-mit_76_studyroom-76-1studyroom2,48,46,sagereg_regen,387,0.5684754521963824,2.1050383646940096,0.0700168958318203,True,0.1908960100000172,1.9791666666666667,2.0,2.462750361260839,1.0,8912.0,1.3844000022800174e-05,0.0080415920000405,0.0597761330000139,0.0619757590000062,0.0086116279999828,0.0524269229999845
1516,sun3d-mit_76_studyroom-76-1studyroom2,49,46,sagereg_regen,434,0.6797235023041475,1.1500099605112588,0.0452014484550101,True,0.2231813750000242,2.0,2.0,1.9469748253079688,6.0,8806.0,1.3363999983084796e-05,0.0095349949999672,0.0770096960000046,0.0625648209999667,0.0088352889999896,0.0651722820000486
1517,sun3d-mit_76_studyroom-76-1studyroom2,48,47,sagereg_regen,973,0.7985611510791367,0.2413674789609131,0.0184044773508618,True,0.4049633079999921,2.0,2.0,2.255448533764338,4.0,10467.0,2.0543999994515616e-05,0.0348131160000093,0.2181090569999924,0.0715029830000162,0.0136302249999857,0.0668138049999811
1518,sun3d-mit_76_studyroom-76-1studyroom2,49,47,sagereg_regen,560,0.7142857142857143,1.3466464434277474,0.0351012481456258,True,0.2699209479999922,2.0,2.0,2.2410013500758232,6.0,8957.0,1.6396999967582815e-05,0.0136949590000199,0.1173992370000291,0.0645873229999551,0.009659498000019,0.0645117679999884
1519,sun3d-mit_76_studyroom-76-1studyroom2,49,48,sagereg_regen,553,0.8462929475587704,1.2600761214066096,0.024475751022679,True,0.2565789189999918,1.9895833333333333,2.0,2.1885433424998904,3.0,7689.0,1.5813999993952166e-05,0.0137018780000062,0.1132121480000023,0.0659702830000128,0.0105213180000305,0.0530935300000123
1520,sun3d-mit_76_studyroom-76-1studyroom2,50,49,sagereg_regen,242,0.6818181818181818,1.556871277717788,0.062337959236787,True,0.1301989400000138,2.0,2.0,1.4462313752995857,2.0,4527.0,1.1254999947141188e-05,0.0047884079999676,0.0268430060000355,0.0594555609999929,0.0073908930000357,0.0316681180000273
1521,sun3d-mit_76_studyroom-76-1studyroom2,51,50,sagereg_regen,178,0.4943820224719101,3.713051469530552,0.076978185633694,True,0.1105412759999353,1.9791666666666667,2.0,1.568302891019269,4.0,4585.0,8.917999991808756e-06,0.0030636019999974,0.0130275650000157,0.0568540590000452,0.0065501599999606,0.0309980839999752
1522,sun3d-mit_76_studyroom-76-1studyroom2,52,51,sagereg_regen,430,0.6093023255813953,1.5930044818954707,0.0680874584802791,True,0.2181711569999151,2.0,2.0,1.705867331595696,2.0,9543.0,1.281199996583382e-05,0.0092296509999982,0.078694482000003,0.0618905950000225,0.0084846800000377,0.0598108729999466
1523,sun3d-mit_76_studyroom-76-1studyroom2,53,51,sagereg_regen,282,0.3262411347517731,1.4964943146439962,0.0505387896582036,True,0.1520395709999888,1.9791666666666667,2.0,1.492523284092356,3.0,7079.0,1.0562999989360833e-05,0.0048211220000098,0.0345489249999673,0.0585369499999615,0.0070136039999511,0.0470637859999669
1524,sun3d-mit_76_studyroom-76-1studyroom2,53,52,sagereg_regen,596,0.6258389261744967,1.4351036596593405,0.0368850661627443,True,0.2914354760000037,2.0,2.0,1.7345331461659048,5.0,10370.0,1.6397000024426234e-05,0.0151965919999952,0.1271612600000367,0.0643232379999858,0.0096170850000021,0.0750700279999705
1525,sun3d-mit_76_studyroom-76-1studyroom2,54,53,sagereg_regen,284,0.4330985915492957,1.6044110133313922,0.017510798879313,True,0.1566685509999388,1.96875,2.0,1.721019739091686,4.0,5672.0,1.0743000018464954e-05,0.0049552399999583,0.0340437649999785,0.060720439000022,0.0073851639999702,0.0495098429999529
1526,sun3d-mit_76_studyroom-76-1studyroom2,55,54,sagereg_regen,220,0.3227272727272727,2.4836292296103264,0.074336042402672,True,0.1399239739999984,1.9375,2.0,2.3269381960989506,6.0,6053.0,9.589000001142269e-06,0.0032380449999891,0.0235974230000124,0.0550933650000047,0.0065708170000107,0.0513745160000098
1527,sun3d-mit_76_studyroom-76-1studyroom2,56,55,sagereg_regen,479,0.7098121085594989,0.9218151126671216,0.0345678237790311,True,0.217256175999978,2.0,2.0,2.9093752614446147,4.0,6945.0,1.374599997916448e-05,0.0109158220000153,0.0867290190000176,0.0645044870000219,0.0090088379999997,0.0460362850000137
1528,sun3d-mit_76_studyroom-76-1studyroom2,57,56,sagereg_regen,301,0.5415282392026578,0.4781001118720262,0.0278483243142252,True,0.1459834030000024,1.9791666666666667,2.0,2.3606008327620462,2.0,5948.0,1.0683000027711388e-05,0.0059846269999752,0.0398084170000174,0.059610417999977,0.0074976540000193,0.0330287319999911
1529,sun3d-mit_76_studyroom-76-1studyroom2,59,58,sagereg_regen,730,0.7287671232876712,1.1816643892131486,0.0428425155142787,True,0.3125221750000264,2.0,2.0,2.139191708428039,3.0,7561.0,1.7515000024559413e-05,0.0206941409999785,0.1605056289999993,0.0661583019999625,0.0118397690000051,0.0532498850000138
1530,sun3d-mit_76_studyroom-76-1studyroom2,60,58,sagereg_regen,444,0.4076576576576576,2.3443349562929328,0.0913262390810157,True,0.2106957130000637,2.0,2.0,2.338437663128513,4.0,7003.0,1.2877000017397222e-05,0.0091356730000029,0.0764288649999684,0.0616460290000304,0.0081230939999841,0.0553030200000534
1531,sun3d-mit_76_studyroom-76-1studyroom2,61,58,sagereg_regen,432,0.3148148148148148,2.4345344321021867,0.0898821563771655,True,0.2089899449999848,2.0,2.0,2.283550091344465,6.0,7418.0,1.3409999951363716e-05,0.009267861000012,0.0704014620000066,0.0614197020000233,0.0078063450000058,0.0600270720000253
1532,sun3d-mit_76_studyroom-76-1studyroom2,62,58,sagereg_regen,471,0.0976645435244161,2.6284058552689444,0.2838709148238866,True,0.2128957699999887,1.9895833333333333,2.0,1.8878318589506464,6.0,4004.0,1.3560000013512765e-05,0.0105141650000177,0.0775560689999679,0.0640243360000454,0.0078523380000206,0.0528836849999834
1533,sun3d-mit_76_studyroom-76-1studyroom2,60,59,sagereg_regen,1085,0.9474654377880184,1.0551520429709744,0.0468222559658494,True,0.4120265839999888,2.0,2.0,2.1447086077770776,4.0,6472.0,2.0875000018349965e-05,0.0401164190000145,0.2405092369999693,0.0737951669999574,0.0147432549999848,0.0427770869999903
1534,sun3d-mit_76_studyroom-76-1studyroom2,61,59,sagereg_regen,529,0.5103969754253308,2.347627422441451,0.1245022759707721,True,0.2452646550000281,2.0,2.0,2.193512899904432,5.0,6574.0,1.5281000003142253e-05,0.0128737179999802,0.106421140000009,0.0636564829999883,0.0092256109999766,0.0530208910000169
1535,sun3d-mit_76_studyroom-76-1studyroom2,62,59,sagereg_regen,389,0.3290488431876606,2.326716291518119,0.1279592455659812,True,0.1832881770000085,1.9895833333333333,2.0,2.390688146580594,6.0,5747.0,1.280000003589521e-05,0.0075534299999731,0.054444128,0.0613213859999746,0.0075514110000085,0.0523592149999672
1536,sun3d-mit_76_studyroom-76-1studyroom2,61,60,sagereg_regen,863,0.8980301274623407,1.1564332658620258,0.0620395162787126,True,0.3469934160000321,2.0,2.0,2.2743450111833554,5.0,6734.0,1.790599998230391e-05,0.0266974799999957,0.1872984579999865,0.069000619999997,0.0128805819999797,0.0510369130000185
1537,sun3d-mit_76_studyroom-76-1studyroom2,62,60,sagereg_regen,494,0.6680161943319838,1.7254891275895965,0.0897133358891082,True,0.2314835600000151,2.0,2.0,2.4137499970669376,4.0,6022.0,1.524900000049456e-05,0.0117869289999816,0.09210966400002,0.0637495099999796,0.0093328480000423,0.0544327000000066
1538,sun3d-mit_76_studyroom-76-1studyroom2,63,60,sagereg_regen,326,0.6932515337423313,1.26739575185466,0.066530537229782,True,0.1529535710000118,2.0,2.0,2.657798459868472,4.0,4017.0,1.2167000022600403e-05,0.0063862890000336,0.0419714359999829,0.0629105229999709,0.0081213079999997,0.0335082020000072
1539,sun3d-mit_76_studyroom-76-1studyroom2,62,61,sagereg_regen,1053,0.95346628679962,1.2959716467451237,0.0537687792984459,True,0.411946505000003,2.0,2.0,2.6711964215683808,4.0,7736.0,2.0935000009103533e-05,0.0384811520000312,0.2200509150000016,0.0736499249999838,0.0146657799999729,0.0650112850000255
1540,sun3d-mit_76_studyroom-76-1studyroom2,63,61,sagereg_regen,483,0.7743271221532091,2.700651701694212,0.122346367798847,True,0.2096491199999945,1.9895833333333333,2.0,2.506565489496896,2.0,5840.0,1.4580999959434848e-05,0.0110043709999558,0.0900174960000299,0.0640406830000301,0.0096707889999834,0.0348535310000102
1541,sun3d-mit_76_studyroom-76-1studyroom2,63,62,sagereg_regen,1056,0.8465909090909091,2.0523709043189378,0.0976875075693401,True,0.4328073959999869,2.0,2.0,2.688912242477767,2.0,9515.0,2.163499999596752e-05,0.0407462829999758,0.2362435560000335,0.0757820290000381,0.0149154960000146,0.0650221079999937
1542,sun3d-mit_76_studyroom-76-1studyroom2,64,62,sagereg_regen,420,0.4666666666666667,3.493770332543324,0.1097354484336314,True,0.2101884989999689,2.0,2.0,2.908236888166947,6.0,7139.0,1.2778999973761527e-05,0.0090353769999751,0.0636263549999966,0.0635246489999872,0.0080938909999872,0.0658443219999753
1543,sun3d-mit_76_studyroom-76-1studyroom2,64,63,sagereg_regen,675,0.8074074074074075,1.2778712545534978,0.0415697327078757,True,0.2899103569999965,2.0,2.0,2.7434475422264373,1.0,8137.0,1.6905999984828668e-05,0.0188686040000334,0.1460459470000046,0.0682280169999671,0.0111323849999962,0.0455595020000032
1544,sun3d-mit_76_studyroom-76-1studyroom2,65,63,sagereg_regen,468,0.4316239316239316,1.609013827203248,0.0529458837653429,True,0.1946213740000075,2.0,2.0,2.534229044002295,3.0,4445.0,1.3774000024113777e-05,0.0104790489999686,0.0733108729999685,0.0616768650000381,0.0081525560000272,0.0409411420000083
1545,sun3d-mit_76_studyroom-76-1studyroom2,65,64,sagereg_regen,870,0.7873563218390804,1.0028750332539829,0.0280371216494542,True,0.3750491559999886,2.0,2.0,2.745467873565406,4.0,9443.0,2.123600000913939e-05,0.0287826759999916,0.1977741509999759,0.0698234480000223,0.0128847409999934,0.0656926859999771
1546,sun3d-mit_lab_hj-lab_hj_tea_nov_2_2012_scan1_erika,1,0,sagereg_regen,224,0.4508928571428571,3.23543299927845,0.1378956216186696,True,0.1316790770000011,2.0,2.0,2.164806467169107,3.0,4859.0,1.0423999981412637e-05,0.0045058789999643,0.0276900370000134,0.0599999030000049,0.0067339660000129,0.0326926060000118
1547,sun3d-mit_lab_hj-lab_hj_tea_nov_2_2012_scan1_erika,6,0,sagereg_regen,115,0.0434782608695652,166.35644206197804,5.068239265425548,False,0.0705627330000311,1.793103448275862,2.0,1.4632793600135785,0.0,1618.0,7.863000007546361e-06,0.0017207910000252,0.0070441189999996,0.0413182050000386,0.0057248929999786,0.0147102450000033
1548,sun3d-mit_lab_hj-lab_hj_tea_nov_2_2012_scan1_erika,8,0,sagereg_regen,120,0.0416666666666666,156.281921282618,5.111024498776092,False,0.1079327289999696,1.987951807228916,2.0,1.6741975771133155,6.0,2813.0,7.843999981105299e-06,0.0021137299999622,0.0074376289999804,0.0453530070000169,0.0055720540000265,0.047409201999983
1549,sun3d-mit_lab_hj-lab_hj_tea_nov_2_2012_scan1_erika,9,0,sagereg_regen,115,0.0608695652173913,179.91009044328487,4.629952016113615,False,0.0804936640000164,1.9268292682926829,2.0,1.4906351416710106,6.0,1901.0,9.020999982567446e-06,0.0017921580000006,0.0068710090000081,0.0422745870000085,0.0059701719999907,0.0235351990000367
1550,sun3d-mit_lab_hj-lab_hj_tea_nov_2_2012_scan1_erika,10,0,sagereg_regen,153,0.1176470588235294,0.760805172032133,0.0220437562007947,True,0.1012391179999667,1.8958333333333333,2.0,2.4075830534177936,3.0,4353.0,9.879000003820693e-06,0.0024676479999925,0.0120775040000467,0.0517754720000311,0.005811049999977,0.0290551549999804
1551,sun3d-mit_lab_hj-lab_hj_tea_nov_2_2012_scan1_erika,11,0,sagereg_regen,160,0.05625,178.594080100181,3.63047574307116,False,0.10025073099996,1.9166666666666667,2.0,1.4911292273215848,6.0,1126.0,9.099999999762076e-06,0.0025244990000032,0.0129306389999896,0.0535191499999996,0.0061212460000206,0.0251055769999766
1552,sun3d-mit_lab_hj-lab_hj_tea_nov_2_2012_scan1_erika,27,0,sagereg_regen,131,0.2595419847328244,6.075151236186732,0.3176702840429449,False,0.0959282619999726,1.9659090909090908,2.0,2.618435558246013,6.0,3651.0,8.360999970591365e-06,0.0025355719999993,0.0083284999999477,0.0495745400000373,0.0061400650000109,0.0293057000000089
1553,sun3d-mit_lab_hj-lab_hj_tea_nov_2_2012_scan1_erika,28,0,sagereg_regen,90,0.3666666666666666,4.41147724702254,0.194306207320348,True,0.0676955440000597,1.9649122807017545,2.0,2.303685956296269,6.0,2603.0,7.627999991655088e-06,0.0016733329999851,0.0038468629999783,0.0316092439999806,0.0057863469999688,0.024740993000023
1554,sun3d-mit_lab_hj-lab_hj_tea_nov_2_2012_scan1_erika,2,1,sagereg_regen,166,0.3674698795180723,0.4007396404128873,0.009920082828407,True,0.1221562150000181,1.9375,2.0,2.4499206568061687,5.0,3765.0,9.395000006406916e-06,0.0028034800000114,0.0144953359999817,0.0563476789999981,0.0065716020000081,0.0418794930000103
1555,sun3d-mit_lab_hj-lab_hj_tea_nov_2_2012_scan1_erika,6,1,sagereg_regen,141,0.0709219858156028,178.77417807195025,5.006420600324982,False,0.1047868050000602,1.8541666666666667,2.0,1.5670243884174413,5.0,3768.0,8.277000006273738e-06,0.0020846410000103,0.0093572940000399,0.0493325369999979,0.0058008820000168,0.0381664530000307
1556,sun3d-mit_lab_hj-lab_hj_tea_nov_2_2012_scan1_erika,8,1,sagereg_regen,185,0.1675675675675675,2.1557091424929524,0.0517734214690843,True,0.1353601989999902,1.9895833333333333,2.0,2.6193790116801163,6.0,6031.0,9.019000003718247e-06,0.0029306590000146,0.0160881660000313,0.0553980360000423,0.0059378309999829,0.0549569570000016
1557,sun3d-mit_lab_hj-lab_hj_tea_nov_2_2012_scan1_erika,9,1,sagereg_regen,151,0.152317880794702,4.872191789399923,0.1922469528611215,True,0.1093307049999907,1.8958333333333333,2.0,1.940306979211934,6.0,4622.0,8.95900001296468e-06,0.0022248729999887,0.0122594209999533,0.0514332039999771,0.0059239710000156,0.0374418989999867
1558,sun3d-mit_lab_hj-lab_hj_tea_nov_2_2012_scan1_erika,10,1,sagereg_regen,121,0.1157024793388429,12.732057576099228,0.5096136200802198,False,0.1006671370000162,1.926315789473684,2.0,1.8628084152273436,5.0,4050.0,8.327999978519074e-06,0.0019211590000054,0.0087356999999883,0.0508462970000209,0.0057847609999726,0.0333334390000459
1559,sun3d-mit_lab_hj-lab_hj_tea_nov_2_2012_scan1_erika,27,1,sagereg_regen,149,0.3221476510067114,0.7364422302013583,0.048171720354581,True,0.108518254000046,1.90625,2.0,2.086007327409063,6.0,4031.0,9.274000035475185e-06,0.0025385790000314,0.0127693409999665,0.0549064420000036,0.0063071960000229,0.0319514690000346
1560,sun3d-mit_lab_hj-lab_hj_tea_nov_2_2012_scan1_erika,28,1,sagereg_regen,176,0.4659090909090909,6.025537579139743,0.2914998221193581,True,0.1095517440000435,1.9791666666666667,2.0,2.3183737707868977,4.0,3592.0,8.834000027491129e-06,0.0029956500000025,0.0160378429999923,0.0580613729999868,0.0064946429999963,0.0259160850000057
1561,sun3d-mit_lab_hj-lab_hj_tea_nov_2_2012_scan1_erika,3,2,sagereg_regen,332,0.5662650602409639,1.458618192334981,0.0500131234561689,True,0.1674415439999848,2.0,2.0,1.8068968157218237,3.0,6476.0,1.1560000018562278e-05,0.0066389190000109,0.0494587369999521,0.0613868340000181,0.0079703750000135,0.0419326989999717
1562,sun3d-mit_lab_hj-lab_hj_tea_nov_2_2012_scan1_erika,5,2,sagereg_regen,230,0.2739130434782608,0.8360933130531175,0.0400496230011794,True,0.14278644999996,1.9791666666666667,2.0,2.624310679320401,6.0,6133.0,9.361000024910028e-06,0.0039355019999902,0.0247752139999875,0.0565140809999888,0.006666832999997,0.0508456239999759
1563,sun3d-mit_lab_hj-lab_hj_tea_nov_2_2012_scan1_erika,8,2,sagereg_regen,282,0.2801418439716312,1.0420290216960504,0.0717738201971361,True,0.1654352620000168,1.9375,2.0,2.2889546616713647,5.0,6625.0,1.210699997500342e-05,0.0049115459999597,0.0336991409999996,0.0559411309999973,0.00689926900003,0.0639325100000292
1564,sun3d-mit_lab_hj-lab_hj_tea_nov_2_2012_scan1_erika,4,3,sagereg_regen,574,0.710801393728223,0.5057775867820254,0.0251995327975816,True,0.2506335479999961,2.0,2.0,1.9824821387199272,1.0,6507.0,1.4349999958085393e-05,0.0143379289999643,0.1275941359999706,0.0648507589999667,0.0101432820000013,0.0336416079999821
1565,sun3d-mit_lab_hj-lab_hj_tea_nov_2_2012_scan1_erika,5,3,sagereg_regen,325,0.3353846153846154,2.404832634552135,0.0977695161417857,True,0.1574497900000437,2.0,2.0,2.735577991444947,2.0,6457.0,1.1179000011907192e-05,0.0064237280000156,0.0451054409999756,0.0625134990000333,0.0075348340000118,0.0358158680000428
1566,sun3d-mit_lab_hj-lab_hj_tea_nov_2_2012_scan1_erika,6,3,sagereg_regen,275,0.2618181818181818,4.322434988513733,0.1940065952044168,True,0.1640402570000105,2.0,2.0,2.5852176599779324,6.0,6255.0,1.0985000017171842e-05,0.0050332320000165,0.0338659720000009,0.0594625580000069,0.0070981879999862,0.0585257540000156
1567,sun3d-mit_lab_hj-lab_hj_tea_nov_2_2012_scan1_erika,5,4,sagereg_regen,583,0.8507718696397941,2.1186735339761342,0.0779582341401389,True,0.2640637429999515,2.0,2.0,2.642810454619793,3.0,6991.0,1.4547999967362555e-05,0.0160734000000388,0.1258631939999759,0.0663508999999749,0.0105386930000008,0.0451699879999978
1568,sun3d-mit_lab_hj-lab_hj_tea_nov_2_2012_scan1_erika,6,4,sagereg_regen,365,0.5753424657534246,2.9468706164727685,0.1275331644349025,True,0.1655641600000308,1.9895833333333333,2.0,2.588406139654805,2.0,6236.0,1.2613000023975474e-05,0.0076448119999668,0.0514166919999752,0.0633605400000192,0.0080460469999934,0.0350382190000004
1569,sun3d-mit_lab_hj-lab_hj_tea_nov_2_2012_scan1_erika,7,4,sagereg_regen,272,0.2647058823529412,3.91876566151434,0.1773494739025907,True,0.1464029599999889,1.9166666666666667,2.0,2.343323027874987,4.0,4684.0,1.03049999893301e-05,0.0047858859999792,0.0306347590000086,0.0581418400000188,0.0068702930000199,0.0459188250000011
1570,sun3d-mit_lab_hj-lab_hj_tea_nov_2_2012_scan1_erika,6,5,sagereg_regen,843,0.8766310794780545,0.973986946547062,0.0280621035606524,True,0.3569649280000249,2.0,2.0,2.8993363116827946,5.0,8860.0,2.014000000372107e-05,0.0265768200000025,0.1783230859999776,0.0700630029999729,0.0133223330000191,0.0685956760000294
1571,sun3d-mit_lab_hj-lab_hj_tea_nov_2_2012_scan1_erika,7,5,sagereg_regen,440,0.6477272727272727,1.6977685900666002,0.0222167290377575,True,0.2052669279999577,2.0,2.0,2.789390394268128,3.0,7027.0,1.3938999984475233e-05,0.0099077570000076,0.0736141920000363,0.0644160739999506,0.0091128640000306,0.0481559709999714
1572,sun3d-mit_lab_hj-lab_hj_tea_nov_2_2012_scan1_erika,8,5,sagereg_regen,256,0.33203125,1.3003949337556664,0.0924064330647242,True,0.1605989170000157,1.9895833333333333,2.0,2.629212599056019,6.0,5717.0,9.68800003420256e-06,0.0050183179999976,0.0272337069999935,0.058862007000016,0.0072385290000056,0.0621956229999796
1573,sun3d-mit_lab_hj-lab_hj_tea_nov_2_2012_scan1_erika,7,6,sagereg_regen,796,0.8103015075376885,1.1885120463112688,0.0702560874525613,True,0.3526423449999925,2.0,2.0,2.76791693103152,6.0,9816.0,1.7294000031142787e-05,0.0230966919999673,0.1770685099999696,0.0670972870000241,0.0120485610000287,0.0732562259999554
1574,sun3d-mit_lab_hj-lab_hj_tea_nov_2_2012_scan1_erika,8,6,sagereg_regen,423,0.5437352245862884,1.5271501512435544,0.1237776526740714,True,0.2246945970000524,1.9895833333333333,2.0,2.6335126147593484,6.0,8976.0,1.4956000029542338e-05,0.0088315469999997,0.0687637479999807,0.0627449290000186,0.0084914799999751,0.0758027090000155
1575,sun3d-mit_lab_hj-lab_hj_tea_nov_2_2012_scan1_erika,8,7,sagereg_regen,589,0.6842105263157895,0.9857302692199688,0.0744179989421642,True,0.3104214530000035,1.9895833333333333,2.0,2.6235607643398224,6.0,12112.0,1.577300002963966e-05,0.014932372999965,0.1275307399999974,0.0645514450000064,0.0101734449999639,0.0931627699999921
1576,sun3d-mit_lab_hj-lab_hj_tea_nov_2_2012_scan1_erika,10,9,sagereg_regen,396,0.5505050505050505,4.534843571249953,0.1641436937212904,True,0.1926884339999901,2.0,2.0,2.2925534735903974,6.0,6452.0,1.2575000027936769e-05,0.0085682689999657,0.0698925819999658,0.0608772630000089,0.0082319339999799,0.0450593369999978
1577,sun3d-mit_lab_hj-lab_hj_tea_nov_2_2012_scan1_erika,11,9,sagereg_regen,203,0.1477832512315271,7.104441108450003,0.342261580884526,False,0.1143733359999714,1.9791666666666667,2.0,2.254336142891376,3.0,3859.0,9.367000018301042e-06,0.0029288540000038,0.0171501509999529,0.0550382250000325,0.006263553999986,0.0329416739999715
1578,sun3d-mit_lab_hj-lab_hj_tea_nov_2_2012_scan1_erika,11,10,sagereg_regen,221,0.0588235294117647,16.125577058000676,0.5713940385034265,False,0.1350762970000119,1.9583333333333333,2.0,2.4861906477521067,6.0,4423.0,9.787999999844033e-06,0.0036945539999919,0.022387636000019,0.0577411479999909,0.0065122990000077,0.0446892470000079
1579,sun3d-mit_lab_hj-lab_hj_tea_nov_2_2012_scan1_erika,15,14,sagereg_regen,1042,0.8147792706333973,0.1496628220799661,0.0276055692959174,True,0.3997435539999969,2.0,2.0,2.0817744591335807,1.0,8938.0,2.1134000007805295e-05,0.0357833900000059,0.2346854290000237,0.0706177180000509,0.0140039830000091,0.0445684169999935
1580,sun3d-mit_lab_hj-lab_hj_tea_nov_2_2012_scan1_erika,16,14,sagereg_regen,615,0.6747967479674797,0.5405585573284191,0.0288586862260274,True,0.278083282999944,2.0,2.0,2.531758836312528,2.0,8213.0,2.039100002093619e-05,0.0154069409999806,0.1368943630000103,0.0638460719999898,0.0104981970000039,0.0513572129999602
1581,sun3d-mit_lab_hj-lab_hj_tea_nov_2_2012_scan1_erika,17,14,sagereg_regen,313,0.4824281150159744,0.4652313193878188,0.035263754733831,True,0.1620480689999794,1.9895833333333333,2.0,2.136077699169453,4.0,5700.0,1.1594999989483767e-05,0.0056357980000143,0.0407046880000052,0.0594030099999827,0.0075257549999605,0.0487223579999636
1582,sun3d-mit_lab_hj-lab_hj_tea_nov_2_2012_scan1_erika,16,15,sagereg_regen,797,0.7503136762860728,0.4167150823747571,0.0383700032582462,True,0.3353836339999816,2.0,2.0,2.2752608276665365,2.0,8496.0,1.8232000002171844e-05,0.0235975559999701,0.1820951409999907,0.0669073340000068,0.0117020920000072,0.0510010599999759
1583,sun3d-mit_lab_hj-lab_hj_tea_nov_2_2012_scan1_erika,17,15,sagereg_regen,361,0.3407202216066482,1.1342794895412038,0.0271837393960021,True,0.1569442870000443,1.96875,2.0,2.0608203551695388,2.0,5887.0,1.1856000014631718e-05,0.0069003950000023,0.0506457369999679,0.0594782009999903,0.0076428090000035,0.0322214210000311
1584,sun3d-mit_lab_hj-lab_hj_tea_nov_2_2012_scan1_erika,17,16,sagereg_regen,384,0.6484375,0.7180767039665414,0.0418721086971544,True,0.1888863169999695,2.0,2.0,2.0851937380355534,4.0,6467.0,1.205999996045648e-05,0.0080721780000203,0.0608017100000211,0.0623876529999734,0.0082686569999737,0.0492963570000029
1585,sun3d-mit_lab_hj-lab_hj_tea_nov_2_2012_scan1_erika,18,17,sagereg_regen,543,0.56353591160221,1.7634040286684434,0.0840112714578391,True,0.2454013469999836,2.0,2.0,2.2137184828137104,3.0,7512.0,1.4992999979313026e-05,0.0128613020000329,0.1116936419999774,0.0635052619999783,0.0094059759999822,0.0478715469999997
1586,sun3d-mit_lab_hj-lab_hj_tea_nov_2_2012_scan1_erika,19,18,sagereg_regen,605,0.7206611570247934,2.029078277654614,0.1026265173607762,True,0.2786954369999534,2.0,2.0,2.3110939587072488,5.0,7261.0,1.5303999987281713e-05,0.0152427460000126,0.12693604399999,0.0673513069999671,0.0104727149999916,0.0586244049999891
1587,sun3d-mit_lab_hj-lab_hj_tea_nov_2_2012_scan1_erika,20,19,sagereg_regen,592,0.7432432432432432,2.2615856827760545,0.1136307517976608,True,0.2858376730000032,2.0,2.0,2.2323863944923072,5.0,8289.0,1.5303999987281713e-05,0.0146728219999658,0.1307327339999915,0.0649176590000024,0.0101093829999854,0.0653407849999894
1588,sun3d-mit_lab_hj-lab_hj_tea_nov_2_2012_scan1_erika,21,19,sagereg_regen,202,0.0099009900990099,179.43657199090634,6.170030757082179,False,0.1222871420000046,1.9479166666666667,2.0,1.8312898397132773,3.0,5453.0,9.194000028855951e-06,0.0030877499999633,0.0177680719999671,0.0546104580000132,0.0063605899999856,0.040412520000018
1589,sun3d-mit_lab_hj-lab_hj_tea_nov_2_2012_scan1_erika,21,20,sagereg_regen,221,0.1402714932126696,0.7487675711439695,0.1280843917539708,True,0.1457903480000482,1.96875,2.0,1.4966568113828669,4.0,8385.0,9.717000011733036e-06,0.0039185799999472,0.0235671039999942,0.0581728640000278,0.0067275399999857,0.0533505860000218
1590,sun3d-mit_lab_hj-lab_hj_tea_nov_2_2012_scan1_erika,22,21,sagereg_regen,346,0.4450867052023121,2.133592601297545,0.0917122130255765,True,0.1825298299999644,2.0,2.0,2.060144147069273,6.0,7099.0,1.1572000005344307e-05,0.0065947969999911,0.0515872189999981,0.0605916279999974,0.0078029779999724,0.0558955789999799
1591,sun3d-mit_lab_hj-lab_hj_tea_nov_2_2012_scan1_erika,23,22,sagereg_regen,524,0.5896946564885496,0.8789826652129462,0.026329873128843,True,0.2352307039999459,2.0,2.0,2.004305470586799,4.0,7025.0,1.526300002296921e-05,0.0123773170000163,0.1082498819999955,0.0640346669999871,0.0091644209999799,0.0413380409999604
1592,sun3d-mit_lab_hj-lab_hj_tea_nov_2_2012_scan1_erika,24,22,sagereg_regen,366,0.226775956284153,12.26740631423517,0.3828405534976782,False,0.1652883689999953,2.0,2.0,2.5743023377234207,6.0,4605.0,1.144399999475354e-05,0.0074328339999851,0.0537042170000177,0.0607350870000118,0.0069733849999806,0.0363890479999895
1593,sun3d-mit_lab_hj-lab_hj_tea_nov_2_2012_scan1_erika,24,23,sagereg_regen,512,0.2890625,10.16261445992826,0.3290132934803321,False,0.2220147369999949,2.0,2.0,2.713978047351931,6.0,5219.0,1.4531999966038713e-05,0.0121367149999969,0.0990679399999976,0.0634582150000255,0.0084904839999921,0.038796982000008
1594,sun3d-mit_lab_hj-lab_hj_tea_nov_2_2012_scan1_erika,25,23,sagereg_regen,361,0.1578947368421052,35.28874827329693,1.1475773828793117,False,0.1726353910000284,2.0,2.0,1.926030713922241,6.0,6517.0,1.2859000037224178e-05,0.0069329289999586,0.0520645270000272,0.0608723019999501,0.0076740699999504,0.0450339310000345
1595,sun3d-mit_lab_hj-lab_hj_tea_nov_2_2012_scan1_erika,25,24,sagereg_regen,425,0.308235294117647,10.68926651311985,0.3245315635812008,False,0.1898449130000017,2.0,2.0,1.8327042251165144,4.0,6454.0,1.2785999956577143e-05,0.0091939580000257,0.0727018910000083,0.062245498999971,0.0081831190000229,0.0374550330000147
1596,sun3d-mit_lab_hj-lab_hj_tea_nov_2_2012_scan1_erika,26,25,sagereg_regen,243,0.2386831275720164,27.143163736017936,0.6749698756217134,False,0.1265892339999936,2.0,2.0,1.749370445944782,6.0,4120.0,9.500000032858225e-06,0.0043596460000117,0.0287238750000256,0.057926296000005,0.0066891420000274,0.0288420769999788
1597,sun3d-mit_lab_hj-lab_hj_tea_nov_2_2012_scan1_erika,27,26,sagereg_regen,122,0.1229508196721311,14.213240635698078,0.794722643760225,False,0.0967136180000238,1.946236559139785,2.0,2.1368461637884666,6.0,3762.0,8.524000008947041e-06,0.0018872989999749,0.0085366110000109,0.0514306029999716,0.0058666220000418,0.0289450740000347
1598,sun3d-mit_lab_hj-lab_hj_tea_nov_2_2012_scan1_erika,28,26,sagereg_regen,71,0.0422535211267605,76.05688163892636,2.348143505656929,False,0.0444318189999535,1.6470588235294117,2.0,1.198318783463353,6.0,954.0,1.0000000031595846e-05,0.0013572539999699,0.0028156969999599,0.0205960819999972,0.0027043059999982,0.0169187379999584
1599,sun3d-mit_lab_hj-lab_hj_tea_nov_2_2012_scan1_erika,28,27,sagereg_regen,264,0.3787878787878788,2.6083174946762497,0.1187974345485265,True,0.1363572900000349,2.0,2.0,2.2584430302016973,6.0,4529.0,1.0769000027721631e-05,0.0049648169999727,0.031549530999996,0.0597875180000073,0.0070432120000418,0.0329607630000055
1600,sun3d-mit_lab_hj-lab_hj_tea_nov_2_2012_scan1_erika,30,29,sagereg_regen,124,0.0403225806451612,167.86538283203893,6.579166091564407,False,0.0968776270000262,1.7191011235955056,2.0,2.008156411263906,6.0,3303.0,7.587000027342583e-06,0.0016002890000095,0.0071786050000355,0.040987374999986,0.0055496570000173,0.0415191600000071
1601,sun3d-mit_lab_hj-lab_hj_tea_nov_2_2012_scan1_erika,31,30,sagereg_regen,667,0.7841079460269865,1.4416970736932442,0.0744376476556778,True,0.3228338720000465,2.0,2.0,2.558731590050165,6.0,8525.0,1.6634000019166706e-05,0.0185706890000005,0.1516185209999889,0.0679889780000166,0.0113757980000173,0.0732022029999939
1602,sun3d-mit_lab_hj-lab_hj_tea_nov_2_2012_scan1_erika,32,31,sagereg_regen,749,0.8611481975967957,1.096611507005318,0.0561950546540598,True,0.3009218839999903,2.0,2.0,2.4926004274274574,0.0,7234.0,1.6899000002013054e-05,0.0219972359999474,0.1696153769999568,0.0681803310000077,0.0121090019999883,0.0289454300000215
1603,sun3d-mit_lab_hj-lab_hj_tea_nov_2_2012_scan1_erika,33,31,sagereg_regen,526,0.5836501901140685,0.5462500545417017,0.0555944531938951,True,0.2289745890000176,1.9895833333333333,2.0,2.527497545931274,4.0,7152.0,1.4206000003014196e-05,0.0122289519999867,0.093475676999958,0.0637537990000396,0.0092227640000146,0.0502289809999751
1604,sun3d-mit_lab_hj-lab_hj_tea_nov_2_2012_scan1_erika,34,31,sagereg_regen,383,0.4673629242819843,2.670474216217071,0.0896622130088026,True,0.1728827380000552,1.9895833333333333,2.0,2.000990842257622,2.0,5889.0,1.20580000384507e-05,0.0080907840000463,0.0540845129999638,0.061280116999967,0.0079035800000042,0.0414681740000446
1605,sun3d-mit_lab_hj-lab_hj_tea_nov_2_2012_scan1_erika,35,31,sagereg_regen,336,0.4791666666666667,1.1298309079274855,0.0543033703062987,True,0.163831990999995,2.0,2.0,2.034789846580044,3.0,5722.0,1.1950000043725597e-05,0.006908352000039,0.045597401000009,0.0607860119999941,0.0077017570000066,0.0427836769999885
1606,sun3d-mit_lab_hj-lab_hj_tea_nov_2_2012_scan1_erika,36,31,sagereg_regen,557,0.6804308797127468,1.0953494202538334,0.0734585420124177,True,0.2496726339999782,2.0,2.0,2.361658430123007,2.0,7694.0,1.551200000449171e-05,0.013850514000012,0.1159433180000064,0.0655007319999754,0.0099582080000004,0.0443526230000088
1607,sun3d-mit_lab_hj-lab_hj_tea_nov_2_2012_scan1_erika,37,31,sagereg_regen,450,0.4888888888888889,1.9903177920323796,0.1066485432861333,True,0.2030842929999039,2.0,2.0,2.367420908566745,3.0,6566.0,1.3350999950034748e-05,0.0101611750000074,0.0778629129999899,0.0624395210000443,0.0085674210000092,0.0439925209999501
1608,sun3d-mit_lab_hj-lab_hj_tea_nov_2_2012_scan1_erika,33,32,sagereg_regen,1017,0.9262536873156342,0.5016685469963087,0.0081474420772057,True,0.4090395449999846,2.0,2.0,2.35637399149258,2.0,8993.0,1.9954999970650533e-05,0.0353981360000261,0.2264942749999932,0.0719281789999968,0.0149823919999789,0.0601516489999767
1609,sun3d-mit_lab_hj-lab_hj_tea_nov_2_2012_scan1_erika,34,32,sagereg_regen,600,0.7333333333333333,1.2897748664316375,0.0360173724300995,True,0.2871780000000399,2.0,2.0,2.0458172713593026,3.0,7669.0,1.5496999992592464e-05,0.0154921030000423,0.1326141270000107,0.0666540190000546,0.0106861470000012,0.0616606780000097
1610,sun3d-mit_lab_hj-lab_hj_tea_nov_2_2012_scan1_erika,35,32,sagereg_regen,414,0.7270531400966184,0.563279272865109,0.0321459990609853,True,0.2076193869999656,2.0,2.0,2.415296366787416,6.0,7109.0,1.659399998743538e-05,0.0091798459999949,0.0671350200000233,0.0639955980000195,0.0088667400000304,0.0583771749999755
1611,sun3d-mit_lab_hj-lab_hj_tea_nov_2_2012_scan1_erika,36,32,sagereg_regen,869,0.8826237054085155,0.4540788483325577,0.0247357818537664,True,0.3599739480000039,2.0,2.0,2.341245779565577,2.0,9125.0,1.856799997312919e-05,0.0266465469999843,0.1909102249999819,0.0692199769999888,0.0128451479999966,0.0602744820000111
1612,sun3d-mit_lab_hj-lab_hj_tea_nov_2_2012_scan1_erika,37,32,sagereg_regen,852,0.8849765258215962,1.1217186092116624,0.0557970631161,True,0.3579617389999612,1.9895833333333333,2.0,2.1805146878946857,5.0,8394.0,2.0397000014327205e-05,0.0268286240000179,0.1841643460000455,0.0688581580000118,0.0126273559999958,0.0654052059999799
1613,sun3d-mit_lab_hj-lab_hj_tea_nov_2_2012_scan1_erika,34,33,sagereg_regen,947,0.8722280887011615,0.7384733575394378,0.0279908329011991,True,0.398396498000011,2.0,2.0,2.2838677126982367,3.0,10141.0,2.036899996937791e-05,0.0322481200000197,0.2130013099999814,0.0723733469999956,0.014701438999964,0.0659834360000104
1614,sun3d-mit_lab_hj-lab_hj_tea_nov_2_2012_scan1_erika,35,33,sagereg_regen,780,0.8192307692307692,0.7251192537173604,0.0237427293318024,True,0.3449013640000089,2.0,2.0,2.468457765353944,3.0,9215.0,1.767700001664707e-05,0.0233026650000169,0.167447616000004,0.0699218319999772,0.0122146339999744,0.0719334450000133
1615,sun3d-mit_lab_hj-lab_hj_tea_nov_2_2012_scan1_erika,36,33,sagereg_regen,1228,0.9161237785016286,0.3621943843845995,0.0233569816834674,True,0.4993272820000243,2.0,2.0,2.445202339956168,6.0,10997.0,2.340000003187015e-05,0.0505096489999914,0.2714262160000089,0.0741642259999935,0.0157731710000348,0.0873579760000211
1616,sun3d-mit_lab_hj-lab_hj_tea_nov_2_2012_scan1_erika,37,33,sagereg_regen,1553,0.9433354797166774,0.6967383119776979,0.0290572927764336,True,0.5677501460000371,2.0,2.0,2.227857977611272,1.0,10412.0,2.8695000025891204e-05,0.074190585999986,0.339734634000024,0.0794141109999486,0.0183801210000069,0.0559207940000305
1617,sun3d-mit_lab_hj-lab_hj_tea_nov_2_2012_scan1_erika,35,34,sagereg_regen,1030,0.8233009708737864,0.9536349096900478,0.0328456303556838,True,0.422726970000042,2.0,2.0,2.372835575737189,4.0,9680.0,2.1124999989297063e-05,0.0357870650000222,0.2362651830000004,0.0734680350000189,0.0143394349999539,0.0627762480000342
1618,sun3d-mit_lab_hj-lab_hj_tea_nov_2_2012_scan1_erika,36,34,sagereg_regen,1216,0.8848684210526315,0.826727564169214,0.0305659654022533,True,0.5017980829999829,2.0,2.0,2.4036426758414597,6.0,10702.0,2.3589999955220264e-05,0.0505057290000081,0.2749955890000137,0.0756800450000128,0.0158921139999961,0.0846235289999981
1619,sun3d-mit_lab_hj-lab_hj_tea_nov_2_2012_scan1_erika,37,34,sagereg_regen,1116,0.8835125448028673,0.6733387656401792,0.0187881831714645,True,0.4479036890000429,2.0,2.0,2.3160883755592194,4.0,9634.0,2.213800001982236e-05,0.042578523999964,0.2462861009999528,0.0728922590000138,0.0147020030000248,0.0713569780000398
1620,sun3d-mit_lab_hj-lab_hj_tea_nov_2_2012_scan1_erika,36,35,sagereg_regen,1118,0.8542039355992844,0.6342925929810095,0.040564703119494,True,0.4587868959999923,2.0,2.0,2.54601553958748,5.0,10675.0,2.1718999960285142e-05,0.042169551000029,0.2440044859999943,0.0736521219999986,0.0146497609999869,0.084220791000007
1621,sun3d-mit_lab_hj-lab_hj_tea_nov_2_2012_scan1_erika,37,35,sagereg_regen,827,0.8016928657799275,1.3524890348234408,0.0631597996957334,True,0.3532741459999897,2.0,2.0,2.3711793549182585,5.0,8688.0,1.91709999626255e-05,0.0304045440000209,0.1742040729999985,0.0688071120000017,0.0123776519999978,0.0674041359999932
1622,sun3d-mit_lab_hj-lab_hj_tea_nov_2_2012_scan1_erika,37,36,sagereg_regen,1152,0.8949652777777778,0.5104390849673502,0.0140990973542958,True,0.4497348159999887,2.0,2.0,2.3738178201810465,2.0,10374.0,2.244099999870741e-05,0.0440453919999868,0.2576251570000067,0.0742645939999988,0.0155514219999872,0.0581506670000067
