trial,method,inlier_ratio,noise_sigma,coherent_outlier_probability,coherent_outlier_spread,unary_separation,distractor_score_bonus,rotation_error_deg,translation_error,success,runtime_seconds
0,one_hop,0.03,0.01,0.0,0.055,0.0,0.0,0.3696261106332473,0.0036248160036945,True,0.2332491580000351
0,sagereg,0.03,0.01,0.0,0.055,0.0,0.0,0.3696263604333582,0.0036248151755327,True,0.280699695000294
1,one_hop,0.03,0.01,0.0,0.055,0.0,0.0,0.4353669734128149,0.0057690528576603,True,0.2296900870005629
1,sagereg,0.03,0.01,0.0,0.055,0.0,0.0,0.435368562899909,0.005769034549376,True,0.2547262959997169
2,one_hop,0.03,0.01,0.0,0.055,0.0,0.0,0.3834348524356391,0.0028336840743561,True,0.227604550000251
2,sagereg,0.03,0.01,0.0,0.055,0.0,0.0,0.3834360210855355,0.0028337050583594,True,0.2511056189996452
3,one_hop,0.03,0.01,0.0,0.055,0.0,0.0,0.2254722791417996,0.0020756865236376,True,0.2361312659995746
3,sagereg,0.03,0.01,0.0,0.055,0.0,0.0,0.2254724952163901,0.0020756864406602,True,0.2596814000007725
4,one_hop,0.03,0.01,0.0,0.055,0.0,0.0,0.2214213337305503,0.0029602347960724,True,0.2621517989991844
4,sagereg,0.03,0.01,0.0,0.055,0.0,0.0,0.2214209840317104,0.0029602301273972,True,0.2668275329997414
5,one_hop,0.03,0.01,0.0,0.055,0.0,0.0,0.6269438667244227,0.0033719216434372,True,0.2319744509986776
5,sagereg,0.03,0.01,0.0,0.055,0.0,0.0,0.62694573740239,0.0033719154658669,True,0.2805511890001071
6,one_hop,0.03,0.01,0.0,0.055,0.0,0.0,0.6266747718436408,0.0062712006341118,True,0.2231047329987632
6,sagereg,0.03,0.01,0.0,0.055,0.0,0.0,0.6266748278572177,0.0062711978857437,True,0.2494996170007652
7,one_hop,0.03,0.01,0.0,0.055,0.0,0.0,0.3696847889457713,0.0053191143126916,True,0.2309367629986809
7,sagereg,0.03,0.01,0.0,0.055,0.0,0.0,0.369684828744036,0.0053191142985537,True,0.2531846130004851
8,one_hop,0.03,0.01,0.0,0.055,0.0,0.0,0.5094908398616168,0.0036052490196958,True,0.2265968620013154
8,sagereg,0.03,0.01,0.0,0.055,0.0,0.0,0.5094908884646244,0.0036052490711149,True,0.2531637419997423
9,one_hop,0.03,0.01,0.0,0.055,0.0,0.0,0.1557490906128943,0.0008158086760255,True,0.2426256420003483
9,sagereg,0.03,0.01,0.0,0.055,0.0,0.0,0.1557468551662328,0.0008158090551955,True,0.25611902700075
10,one_hop,0.03,0.01,0.0,0.055,0.0,0.0,0.3662490307452706,0.0065376010385716,True,0.2291219479993742
10,sagereg,0.03,0.01,0.0,0.055,0.0,0.0,0.3662617963524459,0.0065374790238397,True,0.2546042920002946
11,one_hop,0.03,0.01,0.0,0.055,0.0,0.0,0.570033029195402,0.0034686255718608,True,0.2463519459997769
11,sagereg,0.03,0.01,0.0,0.055,0.0,0.0,0.5700329376303064,0.0034686253769715,True,0.2631139980003354
12,one_hop,0.03,0.01,0.0,0.055,0.0,0.0,0.0739616076471191,0.0015242503936609,True,0.2319990750002034
12,sagereg,0.03,0.01,0.0,0.055,0.0,0.0,0.0739867124858036,0.0015244646877881,True,0.257775465001032
13,one_hop,0.03,0.01,0.0,0.055,0.0,0.0,0.1702349504321577,0.005440155808739,True,0.2319626349999453
13,sagereg,0.03,0.01,0.0,0.055,0.0,0.0,0.1702349655430128,0.0054401562542694,True,0.2576097769997432
14,one_hop,0.03,0.01,0.0,0.055,0.0,0.0,0.1674915768216056,0.0033907893149916,True,0.2292567339991364
14,sagereg,0.03,0.01,0.0,0.055,0.0,0.0,0.1674913632841474,0.0033907871586888,True,0.2554609210001217
15,one_hop,0.03,0.01,0.0,0.055,0.0,0.0,0.6619593747606448,0.0020736664323115,True,0.2310818340010882
15,sagereg,0.03,0.01,0.0,0.055,0.0,0.0,0.6619665758262183,0.0020737494649883,True,0.2568471389986371
16,one_hop,0.03,0.01,0.0,0.055,0.0,0.0,0.1522206426281324,0.0038092702674913,True,0.227510770999288
16,sagereg,0.03,0.01,0.0,0.055,0.0,0.0,0.1522207935565039,0.0038092842592836,True,0.2522632230011368
17,one_hop,0.03,0.01,0.0,0.055,0.0,0.0,0.4113039967105569,0.0019702346244384,True,0.2221437110001716
17,sagereg,0.03,0.01,0.0,0.055,0.0,0.0,0.4113012574167595,0.00197023565024,True,0.2485079070011124
18,one_hop,0.03,0.01,0.0,0.055,0.0,0.0,0.4457995296477197,0.0010189960008364,True,0.2286229020010068
18,sagereg,0.03,0.01,0.0,0.055,0.0,0.0,0.4457994496853221,0.0010189963466494,True,0.2533423999993829
19,one_hop,0.03,0.01,0.0,0.055,0.0,0.0,0.3836223976095382,0.0039298116423065,True,0.2302869320010359
19,sagereg,0.03,0.01,0.0,0.055,0.0,0.0,0.3836225813602855,0.0039298092925926,True,0.2547607060005248
20,one_hop,0.03,0.01,0.0,0.055,0.0,0.25,0.5889988541402281,0.0043196095732686,True,0.2405420590002904
20,sagereg,0.03,0.01,0.0,0.055,0.0,0.25,0.5889987996798396,0.004319609806631,True,0.2705491870001424
21,one_hop,0.03,0.01,0.0,0.055,0.0,0.25,0.3628265786657295,0.0031588348509507,True,0.2302599619997636
21,sagereg,0.03,0.01,0.0,0.055,0.0,0.25,0.3628274400139,0.0031587700152268,True,0.2572290000007342
22,one_hop,0.03,0.01,0.0,0.055,0.0,0.25,0.3264867667759609,0.0019101994307028,True,0.2207725629996275
22,sagereg,0.03,0.01,0.0,0.055,0.0,0.25,0.3264195641707546,0.0019107521660928,True,0.246812437000699
23,one_hop,0.03,0.01,0.0,0.055,0.0,0.25,0.1029087238472866,0.0025258813368004,True,0.2360311820011702
23,sagereg,0.03,0.01,0.0,0.055,0.0,0.25,0.1029091211185582,0.0025258874820988,True,0.2606848110008286
24,one_hop,0.03,0.01,0.0,0.055,0.0,0.25,0.312763348449988,0.0051665652593683,True,0.2236169860007066
24,sagereg,0.03,0.01,0.0,0.055,0.0,0.25,0.3127466987536296,0.0051663722093598,True,0.2500301330001093
25,one_hop,0.03,0.01,0.0,0.055,0.0,0.25,0.777185373082486,0.005070808696951,True,0.2254730490003567
25,sagereg,0.03,0.01,0.0,0.055,0.0,0.25,0.7771849932999906,0.0050708078615342,True,0.2509930199994414
26,one_hop,0.03,0.01,0.0,0.055,0.0,0.25,0.366254678086458,0.0012788550481046,True,0.2325862199995754
26,sagereg,0.03,0.01,0.0,0.055,0.0,0.25,0.3662550033351779,0.0012788575156055,True,0.2566184770003019
27,one_hop,0.03,0.01,0.0,0.055,0.0,0.25,0.2255231373294609,0.0012841083925906,True,0.2274467510014801
27,sagereg,0.03,0.01,0.0,0.055,0.0,0.25,0.2255231865361603,0.0012841092672659,True,0.2501366449996567
28,one_hop,0.03,0.01,0.0,0.055,0.0,0.25,0.5810412961814887,0.0071419773313753,True,0.2313724359992193
28,sagereg,0.03,0.01,0.0,0.055,0.0,0.25,0.581041537713797,0.0071419727619244,True,0.2534880779985542
29,one_hop,0.03,0.01,0.0,0.055,0.0,0.25,0.1468344565551432,0.00140615267321,True,0.2328530800004955
29,sagereg,0.03,0.01,0.0,0.055,0.0,0.25,0.1468293812852145,0.0014061654723389,True,0.2595556779997423
30,one_hop,0.03,0.01,0.0,0.055,0.0,0.25,0.5508331218926471,0.0070261112296516,True,0.2303041739996842
30,sagereg,0.03,0.01,0.0,0.055,0.0,0.25,0.5508331393991397,0.0070261098991562,True,0.2512787160012522
31,one_hop,0.03,0.01,0.0,0.055,0.0,0.25,0.308902890485198,0.0054459829617654,True,0.2243551770006888
31,sagereg,0.03,0.01,0.0,0.055,0.0,0.25,0.3089036321153404,0.0054459872769679,True,0.2492705499989824
32,one_hop,0.03,0.01,0.0,0.055,0.0,0.25,0.1497683575775352,0.002608031321582,True,0.2288774909993662
32,sagereg,0.03,0.01,0.0,0.055,0.0,0.25,0.1480186533250053,0.0026107693064725,True,0.2545287119992281
33,one_hop,0.03,0.01,0.0,0.055,0.0,0.25,0.4495882338833842,0.003186308531155,True,0.2340126150011201
33,sagereg,0.03,0.01,0.0,0.055,0.0,0.25,0.449588206365943,0.0031863054339512,True,0.2598821619994851
34,one_hop,0.03,0.01,0.0,0.055,0.0,0.25,0.375086196988134,0.0044536572604771,True,0.2254815689993847
34,sagereg,0.03,0.01,0.0,0.055,0.0,0.25,0.3750898679684399,0.0044537182076789,True,0.2513584959997388
35,one_hop,0.03,0.01,0.0,0.055,0.0,0.25,0.572376786242571,0.0022503462958849,True,0.2260419230005936
35,sagereg,0.03,0.01,0.0,0.055,0.0,0.25,0.5723766867960768,0.0022503431721779,True,0.2505413149992819
36,one_hop,0.03,0.01,0.0,0.055,0.0,0.25,0.4238225587765777,0.0082263164613266,True,0.2292195059999358
36,sagereg,0.03,0.01,0.0,0.055,0.0,0.25,0.4238225889162559,0.0082263140789857,True,0.2544141580001451
37,one_hop,0.03,0.01,0.0,0.055,0.0,0.25,0.2217041567411492,0.0008608838925875,True,0.2343234029995073
37,sagereg,0.03,0.01,0.0,0.055,0.0,0.25,0.2217041316811122,0.000860883934725,True,0.2600600950008811
38,one_hop,0.03,0.01,0.0,0.055,0.0,0.25,0.7335067383483986,0.0034447174621724,True,0.2302622519982833
38,sagereg,0.03,0.01,0.0,0.055,0.0,0.25,0.7335059440389844,0.0034446938445137,True,0.2551839170009771
39,one_hop,0.03,0.01,0.0,0.055,0.0,0.25,0.2256389096074244,0.0024986359181699,True,0.2276677919999201
39,sagereg,0.03,0.01,0.0,0.055,0.0,0.25,0.2256394271686622,0.0024986419576803,True,0.2535000770003535
40,one_hop,0.03,0.01,0.0,0.055,0.5,0.0,0.1649696433365114,0.0018150674025614,True,0.2295622500005265
40,sagereg,0.03,0.01,0.0,0.055,0.5,0.0,0.1649695640098475,0.0018150800417214,True,0.2543038599997089
41,one_hop,0.03,0.01,0.0,0.055,0.5,0.0,0.2365721786069223,0.0016873416691609,True,0.2317670450011064
41,sagereg,0.03,0.01,0.0,0.055,0.5,0.0,0.2365726084617148,0.0016873440059102,True,0.2566359230004309
42,one_hop,0.03,0.01,0.0,0.055,0.5,0.0,0.4383257495172197,0.004439341388494,True,0.2272468459996162
42,sagereg,0.03,0.01,0.0,0.055,0.5,0.0,0.4383257229025367,0.0044393399691059,True,0.25429817100121
43,one_hop,0.03,0.01,0.0,0.055,0.5,0.0,0.2035759870377052,0.0033084088626264,True,0.2221448919990507
43,sagereg,0.03,0.01,0.0,0.055,0.5,0.0,0.2035684635010036,0.0033084043801809,True,0.2488953379997838
44,one_hop,0.03,0.01,0.0,0.055,0.5,0.0,0.3544631167143142,0.0033179073407042,True,0.2286249450007744
44,sagereg,0.03,0.01,0.0,0.055,0.5,0.0,0.354297324385852,0.0033171562318752,True,0.2538852760008012
45,one_hop,0.03,0.01,0.0,0.055,0.5,0.0,0.192245821728888,0.0039270559931513,True,0.2261469290006061
45,sagereg,0.03,0.01,0.0,0.055,0.5,0.0,0.1922439740326795,0.0039270378275774,True,0.2495180080004502
46,one_hop,0.03,0.01,0.0,0.055,0.5,0.0,0.2630385692283477,0.0051374470858759,True,0.2265576959998725
46,sagereg,0.03,0.01,0.0,0.055,0.5,0.0,0.2630382612815428,0.0051374582462679,True,0.2507071920008457
47,one_hop,0.03,0.01,0.0,0.055,0.5,0.0,0.1431811593424716,0.0027278928534417,True,0.225785825999992
47,sagereg,0.03,0.01,0.0,0.055,0.5,0.0,0.1431811655839939,0.0027278951459769,True,0.2527740579989768
48,one_hop,0.03,0.01,0.0,0.055,0.5,0.0,0.2338541553169994,0.0065185779429516,True,0.2263568720009061
48,sagereg,0.03,0.01,0.0,0.055,0.5,0.0,0.2338001338998386,0.0065183611687332,True,0.2517979240001295
49,one_hop,0.03,0.01,0.0,0.055,0.5,0.0,0.2693715636193317,0.001175753744741,True,0.2283252109991735
49,sagereg,0.03,0.01,0.0,0.055,0.5,0.0,0.2693716236854513,0.001175753805288,True,0.2547230099989974
50,one_hop,0.03,0.01,0.0,0.055,0.5,0.0,0.2833514901774958,0.001400228086289,True,0.2204287129989097
50,sagereg,0.03,0.01,0.0,0.055,0.5,0.0,0.2833514856781272,0.0014002281042453,True,0.2460794509988773
51,one_hop,0.03,0.01,0.0,0.055,0.5,0.0,0.2092628597078727,0.0023180245482656,True,0.2231413560002693
51,sagereg,0.03,0.01,0.0,0.055,0.5,0.0,0.2092714250138351,0.0023180607076605,True,0.2497633290004159
52,one_hop,0.03,0.01,0.0,0.055,0.5,0.0,0.4040620110611929,0.005609590678478,True,0.226298368001153
52,sagereg,0.03,0.01,0.0,0.055,0.5,0.0,0.404062258648271,0.0056095951188403,True,0.2514376419985638
53,one_hop,0.03,0.01,0.0,0.055,0.5,0.0,0.2374414049536247,0.003290270314147,True,0.2274415280007815
53,sagereg,0.03,0.01,0.0,0.055,0.5,0.0,0.2374413522641911,0.0032902691734883,True,0.2544276539993007
54,one_hop,0.03,0.01,0.0,0.055,0.5,0.0,0.3498485500126737,0.0031862574591,True,0.2266202970004087
54,sagereg,0.03,0.01,0.0,0.055,0.5,0.0,0.3498493982705259,0.0031862478784348,True,0.2526118149999092
55,one_hop,0.03,0.01,0.0,0.055,0.5,0.0,0.2282293628376598,0.0051349550450467,True,0.2266928380013269
55,sagereg,0.03,0.01,0.0,0.055,0.5,0.0,0.2282292245564955,0.005134939482957,True,0.2507894069985923
56,one_hop,0.03,0.01,0.0,0.055,0.5,0.0,0.5239779040559354,0.0032055657385224,True,0.2224327040003118
56,sagereg,0.03,0.01,0.0,0.055,0.5,0.0,0.5239779277613825,0.0032055655466486,True,0.2474975149998499
57,one_hop,0.03,0.01,0.0,0.055,0.5,0.0,0.295902831181599,0.0036702542455115,True,0.2264150150003843
57,sagereg,0.03,0.01,0.0,0.055,0.5,0.0,0.2959028400252734,0.0036702539289309,True,0.2518882789991039
58,one_hop,0.03,0.01,0.0,0.055,0.5,0.0,0.3377124442717285,0.0035715726216842,True,0.2242659220009955
58,sagereg,0.03,0.01,0.0,0.055,0.5,0.0,0.3377126336449859,0.0035716138807441,True,0.2504218829999445
59,one_hop,0.03,0.01,0.0,0.055,0.5,0.0,0.4680130317683739,0.0055588471887564,True,0.2254056910005601
59,sagereg,0.03,0.01,0.0,0.055,0.5,0.0,0.4680129412019546,0.0055588464507447,True,0.2513280559996929
60,one_hop,0.03,0.01,0.0,0.055,0.5,0.25,0.4318189919169203,0.0064386134800373,True,0.2290517220008041
60,sagereg,0.03,0.01,0.0,0.055,0.5,0.25,0.4318193796843702,0.0064386087494186,True,0.2535423709996394
61,one_hop,0.03,0.01,0.0,0.055,0.5,0.25,0.2571898747791795,0.0049379286111492,True,0.2273742689994833
61,sagereg,0.03,0.01,0.0,0.055,0.5,0.25,0.2571888350871253,0.0049379514348656,True,0.2545341479999479
62,one_hop,0.03,0.01,0.0,0.055,0.5,0.25,0.3209001049820459,0.0028103868885381,True,0.2248411600012332
62,sagereg,0.03,0.01,0.0,0.055,0.5,0.25,0.3208798269400852,0.0028105095575475,True,0.2499399709995486
63,one_hop,0.03,0.01,0.0,0.055,0.5,0.25,0.4478895643996703,0.0042882915343659,True,0.2261046379990148
63,sagereg,0.03,0.01,0.0,0.055,0.5,0.25,0.4478600483658039,0.0042883244523877,True,0.2505775310000899
64,one_hop,0.03,0.01,0.0,0.055,0.5,0.25,0.2227802607550456,0.0020961728990457,True,0.2277807120008219
64,sagereg,0.03,0.01,0.0,0.055,0.5,0.25,0.2227810160399404,0.0020961797553803,True,0.2535603010001068
65,one_hop,0.03,0.01,0.0,0.055,0.5,0.25,0.2571553739293415,0.0024332799410808,True,0.226017001999935
65,sagereg,0.03,0.01,0.0,0.055,0.5,0.25,0.257150298076706,0.0024333003904985,True,0.2525074080003833
66,one_hop,0.03,0.01,0.0,0.055,0.5,0.25,1.2000521923836798,0.0094491929229329,True,0.2268450550000125
66,sagereg,0.03,0.01,0.0,0.055,0.5,0.25,1.2000518596891676,0.0094491990278862,True,0.253111487998467
67,one_hop,0.03,0.01,0.0,0.055,0.5,0.25,0.4924218971801757,0.0015029175873068,True,0.2249503279999771
67,sagereg,0.03,0.01,0.0,0.055,0.5,0.25,0.4924219844061164,0.0015029176535788,True,0.2491777260001981
68,one_hop,0.03,0.01,0.0,0.055,0.5,0.25,0.2295932230381756,0.00700931096127,True,0.2224175079991255
68,sagereg,0.03,0.01,0.0,0.055,0.5,0.25,0.2295930713327392,0.0070093096853568,True,0.2503496640001685
69,one_hop,0.03,0.01,0.0,0.055,0.5,0.25,0.4789598526237249,0.003624373393537,True,0.2301461229999404
69,sagereg,0.03,0.01,0.0,0.055,0.5,0.25,0.4789596846130088,0.0036243668490398,True,0.2560690970003634
70,one_hop,0.03,0.01,0.0,0.055,0.5,0.25,0.1310973878283711,0.0028137789255236,True,0.2278268549998756
70,sagereg,0.03,0.01,0.0,0.055,0.5,0.25,0.1310971784248281,0.0028137815677789,True,0.2493757199990796
71,one_hop,0.03,0.01,0.0,0.055,0.5,0.25,0.3908171141376015,0.0020217517293631,True,0.223961441000938
71,sagereg,0.03,0.01,0.0,0.055,0.5,0.25,0.3908171710341973,0.0020217498224976,True,0.254256352000084
72,one_hop,0.03,0.01,0.0,0.055,0.5,0.25,0.3846541563840091,0.0015641524145133,True,0.2254583309986628
72,sagereg,0.03,0.01,0.0,0.055,0.5,0.25,0.3846540584293922,0.0015641528989583,True,0.2489364100001694
73,one_hop,0.03,0.01,0.0,0.055,0.5,0.25,0.189168165078999,0.0029853665002783,True,0.2289642779996938
73,sagereg,0.03,0.01,0.0,0.055,0.5,0.25,0.1891684672005047,0.0029853704040462,True,0.2552943619994039
74,one_hop,0.03,0.01,0.0,0.055,0.5,0.25,0.5935148869976025,0.0061514061909811,True,0.2268677569991268
74,sagereg,0.03,0.01,0.0,0.055,0.5,0.25,0.5935148557650116,0.0061514061976958,True,0.2512968530008947
75,one_hop,0.03,0.01,0.0,0.055,0.5,0.25,0.3190654616541665,0.0046977394552674,True,0.2258313620004628
75,sagereg,0.03,0.01,0.0,0.055,0.5,0.25,0.319333852578912,0.0047975079521616,True,0.249958713999149
76,one_hop,0.03,0.01,0.0,0.055,0.5,0.25,0.5611048903409457,0.0041393575170411,True,0.2238079919989104
76,sagereg,0.03,0.01,0.0,0.055,0.5,0.25,0.5611019282858414,0.0041393529571427,True,0.2494885420001082
77,one_hop,0.03,0.01,0.0,0.055,0.5,0.25,0.2818991652992392,0.0040305531601809,True,0.2364659780014335
77,sagereg,0.03,0.01,0.0,0.055,0.5,0.25,0.2819054444069166,0.0040305985797188,True,0.2576078710008005
78,one_hop,0.03,0.01,0.0,0.055,0.5,0.25,0.7446963054832026,0.0028697972930008,True,0.2330658750015573
78,sagereg,0.03,0.01,0.0,0.055,0.5,0.25,0.7446955281375459,0.0028698015808373,True,0.2580118949990719
79,one_hop,0.03,0.01,0.0,0.055,0.5,0.25,0.6285218717068973,0.0039919151078083,True,0.2277885660005267
79,sagereg,0.03,0.01,0.0,0.055,0.5,0.25,0.6285044314328512,0.0039924539024462,True,0.2539510669994342
80,one_hop,0.03,0.01,0.0,0.055,1.0,0.0,0.1161255502580664,0.0030898932338318,True,0.2201756790000217
80,sagereg,0.03,0.01,0.0,0.055,1.0,0.0,0.1161255433281645,0.0030898933403849,True,0.2449199490001774
81,one_hop,0.03,0.01,0.0,0.055,1.0,0.0,0.5935168633159718,0.0057604453772222,True,0.2281996720012102
81,sagereg,0.03,0.01,0.0,0.055,1.0,0.0,0.5935168991491997,0.0057604457562545,True,0.2555124939990492
82,one_hop,0.03,0.01,0.0,0.055,1.0,0.0,0.810705190313138,0.0022633290306229,True,0.2292566920004901
82,sagereg,0.03,0.01,0.0,0.055,1.0,0.0,0.8106925355088169,0.0022633965864493,True,0.2538978060001682
83,one_hop,0.03,0.01,0.0,0.055,1.0,0.0,0.5422057253312319,0.0054535106773003,True,0.2259101049985474
83,sagereg,0.03,0.01,0.0,0.055,1.0,0.0,0.5422056247890702,0.0054535098081588,True,0.2505706739993911
84,one_hop,0.03,0.01,0.0,0.055,1.0,0.0,0.4387207114386695,0.0040113352097188,True,0.2260844869997527
84,sagereg,0.03,0.01,0.0,0.055,1.0,0.0,0.4387202429505606,0.0040113298558817,True,0.2515503760005231
85,one_hop,0.03,0.01,0.0,0.055,1.0,0.0,0.8523378211153811,0.0045031383914538,True,0.2254381219991046
85,sagereg,0.03,0.01,0.0,0.055,1.0,0.0,0.8523376125471394,0.0045031381483312,True,0.2503964570005337
86,one_hop,0.03,0.01,0.0,0.055,1.0,0.0,0.5021888501094788,0.0015229446860599,True,0.228299231001074
86,sagereg,0.03,0.01,0.0,0.055,1.0,0.0,0.5021858719828977,0.0015228889166164,True,0.2535156860012648
87,one_hop,0.03,0.01,0.0,0.055,1.0,0.0,0.2248434566191807,0.0023870038570867,True,0.2254255589996319
87,sagereg,0.03,0.01,0.0,0.055,1.0,0.0,0.2248522490443996,0.0023870135032765,True,0.2544769910000468
88,one_hop,0.03,0.01,0.0,0.055,1.0,0.0,1.2579954245554212,0.009365267044307,True,0.2265213770006084
88,sagereg,0.03,0.01,0.0,0.055,1.0,0.0,1.258003088725546,0.0093653690963693,True,0.2519130130003759
89,one_hop,0.03,0.01,0.0,0.055,1.0,0.0,0.8010338294559302,0.0027561833892803,True,0.229672629999186
89,sagereg,0.03,0.01,0.0,0.055,1.0,0.0,0.8010360002121074,0.0027561890392018,True,0.2553553630004899
90,one_hop,0.03,0.01,0.0,0.055,1.0,0.0,0.6217021624886853,0.0035406814746548,True,0.2269534860006388
90,sagereg,0.03,0.01,0.0,0.055,1.0,0.0,0.6217341019502797,0.0035408440767866,True,0.2522394740008167
91,one_hop,0.03,0.01,0.0,0.055,1.0,0.0,0.1694369049211068,0.0028509846568397,True,0.220007144000192
91,sagereg,0.03,0.01,0.0,0.055,1.0,0.0,0.1694314874620646,0.0028510829682875,True,0.2443888220004737
92,one_hop,0.03,0.01,0.0,0.055,1.0,0.0,0.2984863523442412,0.0044909157152049,True,0.2276568760007649
92,sagereg,0.03,0.01,0.0,0.055,1.0,0.0,0.2984863187312111,0.004490914133814,True,0.2516518529992027
93,one_hop,0.03,0.01,0.0,0.055,1.0,0.0,0.5493966123457991,0.0042439553010173,True,0.2317423410004266
93,sagereg,0.03,0.01,0.0,0.055,1.0,0.0,0.5493959299803145,0.0042439443901611,True,0.2516685709997546
94,one_hop,0.03,0.01,0.0,0.055,1.0,0.0,0.6775435137365853,0.0067807308659259,True,0.2309095369982969
94,sagereg,0.03,0.01,0.0,0.055,1.0,0.0,0.6775420035485042,0.0067807012424377,True,0.256089926999266
95,one_hop,0.03,0.01,0.0,0.055,1.0,0.0,0.2880225897830014,0.0003379276157609,True,0.224266692999663
95,sagereg,0.03,0.01,0.0,0.055,1.0,0.0,0.2883053654227779,0.0003375055169235,True,0.2496765079995384
96,one_hop,0.03,0.01,0.0,0.055,1.0,0.0,0.4022744312896834,0.0023926274304611,True,0.2262953419995028
96,sagereg,0.03,0.01,0.0,0.055,1.0,0.0,0.4022744312896834,0.0023926274304611,True,0.2540077019984892
97,one_hop,0.03,0.01,0.0,0.055,1.0,0.0,0.4150885526538832,0.0011303252410438,True,0.2227738199999294
97,sagereg,0.03,0.01,0.0,0.055,1.0,0.0,0.4150888542213091,0.0011303244429027,True,0.2482057319994055
98,one_hop,0.03,0.01,0.0,0.055,1.0,0.0,0.6685407830483254,0.0042272338187417,True,0.2236345060009625
98,sagereg,0.03,0.01,0.0,0.055,1.0,0.0,0.6685407942048254,0.0042272340632749,True,0.2470190679996449
99,one_hop,0.03,0.01,0.0,0.055,1.0,0.0,0.4809877366723453,0.0043314005020295,True,0.2257972509996761
99,sagereg,0.03,0.01,0.0,0.055,1.0,0.0,0.4809877035283099,0.0043314012598742,True,0.2496084390004398
100,one_hop,0.03,0.01,0.0,0.055,1.0,0.25,0.2290069111827324,0.0067225582961286,True,0.2284782280003128
100,sagereg,0.03,0.01,0.0,0.055,1.0,0.25,0.2290085423042367,0.0067224916481089,True,0.2509584990002622
101,one_hop,0.03,0.01,0.0,0.055,1.0,0.25,0.3639155415789546,0.0008347616487622,True,0.2230358039996645
101,sagereg,0.03,0.01,0.0,0.055,1.0,0.25,0.3639147574453089,0.0008347594682707,True,0.2499336609998863
102,one_hop,0.03,0.01,0.0,0.055,1.0,0.25,0.4245396309607247,0.0052520736140278,True,0.2274946359993919
102,sagereg,0.03,0.01,0.0,0.055,1.0,0.25,0.4245401890140263,0.0052520763264654,True,0.2530972380009189
103,one_hop,0.03,0.01,0.0,0.055,1.0,0.25,0.4019976286582304,0.0049670546511175,True,0.222356738999224
103,sagereg,0.03,0.01,0.0,0.055,1.0,0.25,0.4019974378754398,0.0049670522574837,True,0.2477972390006471
104,one_hop,0.03,0.01,0.0,0.055,1.0,0.25,0.450259071042117,0.0069512609360702,True,0.2284864639987063
104,sagereg,0.03,0.01,0.0,0.055,1.0,0.25,0.4502590036137678,0.0069512625324274,True,0.254727763000119
105,one_hop,0.03,0.01,0.0,0.055,1.0,0.25,0.2329877622399942,0.0046566577456581,True,0.2268546499999502
105,sagereg,0.03,0.01,0.0,0.055,1.0,0.25,0.2329837403322056,0.0046567332987302,True,0.2532888519999687
106,one_hop,0.03,0.01,0.0,0.055,1.0,0.25,0.3814009411733048,0.0029429160654737,True,0.2210059429999091
106,sagereg,0.03,0.01,0.0,0.055,1.0,0.25,0.3814006168209058,0.0029429158792646,True,0.2468995420003921
107,one_hop,0.03,0.01,0.0,0.055,1.0,0.25,0.3562759162477183,0.0026541902142761,True,0.2241843349984265
107,sagereg,0.03,0.01,0.0,0.055,1.0,0.25,0.3562759484105551,0.0026541906676425,True,0.251293765999435
108,one_hop,0.03,0.01,0.0,0.055,1.0,0.25,0.5794024923515035,0.0033866482655923,True,0.2331296619995555
108,sagereg,0.03,0.01,0.0,0.055,1.0,0.25,0.5794056200865374,0.0033866575941162,True,0.2574107559994445
109,one_hop,0.03,0.01,0.0,0.055,1.0,0.25,0.3329095211413154,0.0021117067612343,True,0.2276384209999378
109,sagereg,0.03,0.01,0.0,0.055,1.0,0.25,0.3329047268735013,0.002111737805423,True,0.2535815400005958
110,one_hop,0.03,0.01,0.0,0.055,1.0,0.25,0.8854421530179145,0.0060664553237122,True,0.222209825000391
110,sagereg,0.03,0.01,0.0,0.055,1.0,0.25,0.8854393876272156,0.0060664727650716,True,0.2463107509993278
111,one_hop,0.03,0.01,0.0,0.055,1.0,0.25,0.0855215943185444,0.0023261567595037,True,0.2265353490001871
111,sagereg,0.03,0.01,0.0,0.055,1.0,0.25,0.0855216080240756,0.0023261571018114,True,0.2532288130005327
112,one_hop,0.03,0.01,0.0,0.055,1.0,0.25,0.3861408010268152,0.0061125559941088,True,0.2288913749998755
112,sagereg,0.03,0.01,0.0,0.055,1.0,0.25,0.3861406832108102,0.0061125549558035,True,0.2547244179986592
113,one_hop,0.03,0.01,0.0,0.055,1.0,0.25,0.5360188447836667,0.0061696356762061,True,0.2289774519995262
113,sagereg,0.03,0.01,0.0,0.055,1.0,0.25,0.5365004540066161,0.0061803614847953,True,0.2538661769995087
114,one_hop,0.03,0.01,0.0,0.055,1.0,0.25,0.7082194945318437,0.0029640438851057,True,0.2257176780003646
114,sagereg,0.03,0.01,0.0,0.055,1.0,0.25,0.7082196861116182,0.0029640400900539,True,0.2546616679992439
115,one_hop,0.03,0.01,0.0,0.055,1.0,0.25,0.2657354352253124,0.0023947619403564,True,0.2267946340016351
115,sagereg,0.03,0.01,0.0,0.055,1.0,0.25,0.2606563671912414,0.0023884495975473,True,0.2542196699996566
116,one_hop,0.03,0.01,0.0,0.055,1.0,0.25,0.3917754480904777,0.0037671995043749,True,0.226915225999619
116,sagereg,0.03,0.01,0.0,0.055,1.0,0.25,0.3917835317883013,0.0037673019076159,True,0.2495691269996314
117,one_hop,0.03,0.01,0.0,0.055,1.0,0.25,0.2419667309722838,0.0030194725925698,True,0.227475300000151
117,sagereg,0.03,0.01,0.0,0.055,1.0,0.25,0.2419664350695308,0.0030194682999918,True,0.253920293000192
118,one_hop,0.03,0.01,0.0,0.055,1.0,0.25,0.6264130070153971,0.005944688954277,True,0.2281420010003785
118,sagereg,0.03,0.01,0.0,0.055,1.0,0.25,0.6264138884414698,0.0059446965205064,True,0.2494470370002091
119,one_hop,0.03,0.01,0.0,0.055,1.0,0.25,0.432350527401712,0.0046395160963922,True,0.2262238949988386
119,sagereg,0.03,0.01,0.0,0.055,1.0,0.25,0.4323488622205825,0.0046394871894593,True,0.2507048639999993
120,one_hop,0.03,0.01,0.25,0.055,0.0,0.0,172.44443466032473,0.8606686928145486,False,0.2406649829990783
120,sagereg,0.03,0.01,0.25,0.055,0.0,0.0,172.4320654433819,0.8618815098060443,False,0.268817651000063
121,one_hop,0.03,0.01,0.25,0.055,0.0,0.0,175.62369135353208,0.3109356187975536,False,0.2528799800002161
121,sagereg,0.03,0.01,0.25,0.055,0.0,0.0,175.84552862302863,0.3128030776617579,False,0.2810873950002133
122,one_hop,0.03,0.01,0.25,0.055,0.0,0.0,61.048587709971,0.9309700320565916,False,0.246847334999984
122,sagereg,0.03,0.01,0.25,0.055,0.0,0.0,75.6645347546377,1.211710094035591,False,0.2739204019999306
123,one_hop,0.03,0.01,0.25,0.055,0.0,0.0,150.80974486929765,0.6585358169094652,False,0.2421146739998221
123,sagereg,0.03,0.01,0.25,0.055,0.0,0.0,0.233750576102232,0.0023788762973141,True,0.2699733230001584
124,one_hop,0.03,0.01,0.25,0.055,0.0,0.0,55.44578695134235,0.5335350904879307,False,0.2499731789994257
124,sagereg,0.03,0.01,0.25,0.055,0.0,0.0,46.92192410045783,0.7591036873713892,False,0.2763227129998995
125,one_hop,0.03,0.01,0.25,0.055,0.0,0.0,80.17340202354332,1.673265358396732,False,0.2490770570002496
125,sagereg,0.03,0.01,0.25,0.055,0.0,0.0,91.2394615063716,0.6288515860154319,False,0.2751595009995071
126,one_hop,0.03,0.01,0.25,0.055,0.0,0.0,149.8555261387095,1.123001065605202,False,0.2467897160004213
126,sagereg,0.03,0.01,0.25,0.055,0.0,0.0,126.98426111074193,1.5126937150141957,False,0.2704560010006389
127,one_hop,0.03,0.01,0.25,0.055,0.0,0.0,81.73687944505971,0.8595604886203705,False,0.2503455959995335
127,sagereg,0.03,0.01,0.25,0.055,0.0,0.0,81.58533321465676,0.8606660927460625,False,0.2751276569997571
128,one_hop,0.03,0.01,0.25,0.055,0.0,0.0,132.30233900362427,0.5905760733884274,False,0.2426185940003051
128,sagereg,0.03,0.01,0.25,0.055,0.0,0.0,132.81533099347303,0.5856685398834669,False,0.2680945450010767
129,one_hop,0.03,0.01,0.25,0.055,0.0,0.0,89.84179238909712,0.6718362098817736,False,0.2464118400002917
129,sagereg,0.03,0.01,0.25,0.055,0.0,0.0,91.06641337097132,0.679627222437703,False,0.2735937100005685
130,one_hop,0.03,0.01,0.25,0.055,0.0,0.0,150.2954744314364,1.1625038513699224,False,0.2450063649994263
130,sagereg,0.03,0.01,0.25,0.055,0.0,0.0,150.31321794419802,1.16208469261473,False,0.2714464990003762
131,one_hop,0.03,0.01,0.25,0.055,0.0,0.0,46.45560234586043,0.6158901783603888,False,0.2435097950001363
131,sagereg,0.03,0.01,0.25,0.055,0.0,0.0,55.533268881597046,0.7628255227784873,False,0.2709096050002699
132,one_hop,0.03,0.01,0.25,0.055,0.0,0.0,124.6023819979892,0.568213492823739,False,0.2519983120000688
132,sagereg,0.03,0.01,0.25,0.055,0.0,0.0,0.5703926022899667,0.0027656675007504,True,0.2813230150004528
133,one_hop,0.03,0.01,0.25,0.055,0.0,0.0,147.78585795202457,0.7611801054634403,False,0.2480142389995308
133,sagereg,0.03,0.01,0.25,0.055,0.0,0.0,178.55615465276568,0.9989406870243434,False,0.2743811399996048
134,one_hop,0.03,0.01,0.25,0.055,0.0,0.0,120.51605145841204,0.8341909454984907,False,0.2425100559994462
134,sagereg,0.03,0.01,0.25,0.055,0.0,0.0,120.2282697530617,0.8357977493042585,False,0.2696183950010891
135,one_hop,0.03,0.01,0.25,0.055,0.0,0.0,128.91789450324612,1.0673750403311548,False,0.2458579049998661
135,sagereg,0.03,0.01,0.25,0.055,0.0,0.0,160.32707946619195,1.4072505455467812,False,0.2706704339998396
136,one_hop,0.03,0.01,0.25,0.055,0.0,0.0,178.09233386340904,0.9231197085750692,False,0.2460753100003785
136,sagereg,0.03,0.01,0.25,0.055,0.0,0.0,178.2789582257275,0.9195249177854404,False,0.271809554000356
137,one_hop,0.03,0.01,0.25,0.055,0.0,0.0,123.86529785294398,0.2380073567937157,False,0.2511515500009409
137,sagereg,0.03,0.01,0.25,0.055,0.0,0.0,123.13148888789672,0.4634617937240524,False,0.277543878999495
138,one_hop,0.03,0.01,0.25,0.055,0.0,0.0,0.3022206177669603,0.0030672261507177,True,0.2439656129990908
138,sagereg,0.03,0.01,0.25,0.055,0.0,0.0,80.00727505830007,1.2988407963660615,False,0.2691417610003555
139,one_hop,0.03,0.01,0.25,0.055,0.0,0.0,77.92896340771102,1.047860442359566,False,0.2460616239986848
139,sagereg,0.03,0.01,0.25,0.055,0.0,0.0,85.73447572647198,0.6619684396927481,False,0.2730437320005876
140,one_hop,0.03,0.01,0.25,0.055,0.0,0.25,113.44419625945362,0.9374808055968804,False,0.2244538929990085
140,sagereg,0.03,0.01,0.25,0.055,0.0,0.25,114.00498827436805,1.01665206575038,False,0.2523104360006982
141,one_hop,0.03,0.01,0.25,0.055,0.0,0.25,133.43583450075246,1.0295820475683757,False,0.2322516240001277
141,sagereg,0.03,0.01,0.25,0.055,0.0,0.25,133.36925467776788,1.0309467166010682,False,0.2599632189994736
142,one_hop,0.03,0.01,0.25,0.055,0.0,0.25,0.4436413660085717,0.0021408177104559,True,0.227742314000352
142,sagereg,0.03,0.01,0.25,0.055,0.0,0.25,0.443644258839139,0.0021408373310677,True,0.2554197980007302
143,one_hop,0.03,0.01,0.25,0.055,0.0,0.25,0.1578819660737895,0.002176412528235,True,0.2253257230004237
143,sagereg,0.03,0.01,0.25,0.055,0.0,0.25,0.157882124605317,0.0021764130697274,True,0.2500270050004474
144,one_hop,0.03,0.01,0.25,0.055,0.0,0.25,136.59877991101436,0.672167247025348,False,0.2269948430002841
144,sagereg,0.03,0.01,0.25,0.055,0.0,0.25,151.67778073607602,1.121341794058225,False,0.2550291389998165
145,one_hop,0.03,0.01,0.25,0.055,0.0,0.25,1.564320422277705,0.0066635550779882,True,0.2281466929998714
145,sagereg,0.03,0.01,0.25,0.055,0.0,0.25,1.564320459650968,0.006663555126451,True,0.2563678559999971
146,one_hop,0.03,0.01,0.25,0.055,0.0,0.25,62.53957263224356,0.7898877756408443,False,0.2299377330000425
146,sagereg,0.03,0.01,0.25,0.055,0.0,0.25,72.55688389107377,0.3997303207834535,False,0.2561301289988478
147,one_hop,0.03,0.01,0.25,0.055,0.0,0.25,144.5278497099361,0.7455146327854206,False,0.2289436909995856
147,sagereg,0.03,0.01,0.25,0.055,0.0,0.25,89.27946871508294,0.9169236670041736,False,0.2562692719984625
148,one_hop,0.03,0.01,0.25,0.055,0.0,0.25,176.92214200848767,0.5137665334263136,False,0.2282058210003015
148,sagereg,0.03,0.01,0.25,0.055,0.0,0.25,175.0491272821795,0.5203966129828276,False,0.2556033319997368
149,one_hop,0.03,0.01,0.25,0.055,0.0,0.25,142.20057157159607,0.6296000568416935,False,0.2295577530003356
149,sagereg,0.03,0.01,0.25,0.055,0.0,0.25,140.8359621800724,0.6412379434201707,False,0.2569252630000846
150,one_hop,0.03,0.01,0.25,0.055,0.0,0.25,90.82521749667907,1.1067197828647963,False,0.2219357449994277
150,sagereg,0.03,0.01,0.25,0.055,0.0,0.25,90.49497492162808,1.1115771308654918,False,0.2473338970012264
151,one_hop,0.03,0.01,0.25,0.055,0.0,0.25,0.2209864580370227,0.0029940715715139,True,0.2368590149999363
151,sagereg,0.03,0.01,0.25,0.055,0.0,0.25,96.92477864570613,0.7325951912133514,False,0.2648590010012412
152,one_hop,0.03,0.01,0.25,0.055,0.0,0.25,57.75458964067023,0.8205612103727722,False,0.2323854060014127
152,sagereg,0.03,0.01,0.25,0.055,0.0,0.25,50.03626524416663,1.2064809162831982,False,0.2589161400010198
153,one_hop,0.03,0.01,0.25,0.055,0.0,0.25,0.3469206215856498,0.0053346765556544,True,0.2305006049991789
153,sagereg,0.03,0.01,0.25,0.055,0.0,0.25,0.3469209127110165,0.0053346795421834,True,0.2590939660003641
154,one_hop,0.03,0.01,0.25,0.055,0.0,0.25,60.867785186679335,0.2677129396047042,False,0.235348267999143
154,sagereg,0.03,0.01,0.25,0.055,0.0,0.25,71.57725005088771,0.1462408676010875,False,0.2627230019988928
155,one_hop,0.03,0.01,0.25,0.055,0.0,0.25,155.75331038638424,0.7842136607882865,False,0.2319162130006589
155,sagereg,0.03,0.01,0.25,0.055,0.0,0.25,155.76367899641258,0.7842760761172192,False,0.2605283880002389
156,one_hop,0.03,0.01,0.25,0.055,0.0,0.25,51.64458207365658,0.5111236893879713,False,0.2314976560010109
156,sagereg,0.03,0.01,0.25,0.055,0.0,0.25,101.9547097985954,0.6742913455456947,False,0.2597058459996333
157,one_hop,0.03,0.01,0.25,0.055,0.0,0.25,54.59495721416843,1.7309301154621812,False,0.228595012000369
157,sagereg,0.03,0.01,0.25,0.055,0.0,0.25,0.8704451485650897,0.0052208862542444,True,0.2535972719997517
158,one_hop,0.03,0.01,0.25,0.055,0.0,0.25,85.54925026056623,1.0236429471866744,False,0.2336123489985766
158,sagereg,0.03,0.01,0.25,0.055,0.0,0.25,86.31636543388669,1.0287818762468772,False,0.2592557940006372
159,one_hop,0.03,0.01,0.25,0.055,0.0,0.25,97.95860653612934,1.069035222072254,False,0.2190245040001173
159,sagereg,0.03,0.01,0.25,0.055,0.0,0.25,98.07200145251544,1.0665292145153626,False,0.2456451589987409
160,one_hop,0.03,0.01,0.25,0.055,0.5,0.0,102.57870505198674,0.5019970248861012,False,0.247546038001019
160,sagereg,0.03,0.01,0.25,0.055,0.5,0.0,131.2586904692643,0.7045832284387521,False,0.2734653429997706
161,one_hop,0.03,0.01,0.25,0.055,0.5,0.0,100.61861333130372,0.8129501948564817,False,0.247823571000481
161,sagereg,0.03,0.01,0.25,0.055,0.5,0.0,54.26627281870957,0.5603718589643484,False,0.2746257509988936
162,one_hop,0.03,0.01,0.25,0.055,0.5,0.0,76.52211004753376,0.1801040544798894,False,0.2461207730011665
162,sagereg,0.03,0.01,0.25,0.055,0.5,0.0,163.02403708012383,0.4634665998397898,False,0.2719196229991212
163,one_hop,0.03,0.01,0.25,0.055,0.5,0.0,122.19194894984211,0.7762406053018939,False,0.2448902069991163
163,sagereg,0.03,0.01,0.25,0.055,0.5,0.0,122.70193603614489,0.7726343837234283,False,0.2710115850004513
164,one_hop,0.03,0.01,0.25,0.055,0.5,0.0,164.93603810649773,0.5225059070403021,False,0.2477836899997783
164,sagereg,0.03,0.01,0.25,0.055,0.5,0.0,165.3272108498217,0.5204243705279025,False,0.2720861389989295
165,one_hop,0.03,0.01,0.25,0.055,0.5,0.0,99.0559693737868,0.4823284005601,False,0.2456980949991702
165,sagereg,0.03,0.01,0.25,0.055,0.5,0.0,157.9650365069435,0.8413072093855658,False,0.2718861249995825
166,one_hop,0.03,0.01,0.25,0.055,0.5,0.0,133.32242208689925,0.4634854889689219,False,0.2400246119996154
166,sagereg,0.03,0.01,0.25,0.055,0.5,0.0,127.44721835871168,0.6033186511059955,False,0.2691470939989813
167,one_hop,0.03,0.01,0.25,0.055,0.5,0.0,85.51041247213419,0.6143999774946399,False,0.2441683179986284
167,sagereg,0.03,0.01,0.25,0.055,0.5,0.0,37.10909683962029,0.9112160768199254,False,0.2703389469988906
168,one_hop,0.03,0.01,0.25,0.055,0.5,0.0,0.8503428612141881,0.0070642782015131,True,0.2491333790003409
168,sagereg,0.03,0.01,0.25,0.055,0.5,0.0,121.79222014375097,0.7322045289602472,False,0.2765897280005447
169,one_hop,0.03,0.01,0.25,0.055,0.5,0.0,87.42750487475651,0.9018000089239648,False,0.2509621040007914
169,sagereg,0.03,0.01,0.25,0.055,0.5,0.0,106.71339916069743,0.8319693266536785,False,0.2775587830001313
170,one_hop,0.03,0.01,0.25,0.055,0.5,0.0,112.7536192529413,1.1345895386882383,False,0.2444452769996132
170,sagereg,0.03,0.01,0.25,0.055,0.5,0.0,111.98072736666222,1.1352692827826931,False,0.2711270069994498
171,one_hop,0.03,0.01,0.25,0.055,0.5,0.0,96.7890938668818,0.630229130142271,False,0.2471252479990653
171,sagereg,0.03,0.01,0.25,0.055,0.5,0.0,90.0414743291134,0.6291217661857436,False,0.2733407910000096
172,one_hop,0.03,0.01,0.25,0.055,0.5,0.0,67.93483871595774,1.0892370923301615,False,0.2489171719989826
172,sagereg,0.03,0.01,0.25,0.055,0.5,0.0,67.73651759713762,1.087224011956078,False,0.2718764410001313
173,one_hop,0.03,0.01,0.25,0.055,0.5,0.0,70.10056136044355,0.7014458249008808,False,0.2508531269995728
173,sagereg,0.03,0.01,0.25,0.055,0.5,0.0,71.74047504905876,0.7436795534283059,False,0.2740085240002372
174,one_hop,0.03,0.01,0.25,0.055,0.5,0.0,137.83419345573373,0.7514274161424537,False,0.2393256159994052
174,sagereg,0.03,0.01,0.25,0.055,0.5,0.0,138.52926378227,0.7488344633959113,False,0.265536068000074
175,one_hop,0.03,0.01,0.25,0.055,0.5,0.0,64.7052675200279,0.5332187243091819,False,0.243353128000308
175,sagereg,0.03,0.01,0.25,0.055,0.5,0.0,64.7137910133027,0.5333660827608755,False,0.2691911080000864
176,one_hop,0.03,0.01,0.25,0.055,0.5,0.0,166.5016233304037,0.5089767039876352,False,0.2427356600001076
176,sagereg,0.03,0.01,0.25,0.055,0.5,0.0,0.1080821984369663,0.0044046583164488,True,0.270214598000166
177,one_hop,0.03,0.01,0.25,0.055,0.5,0.0,149.40552371639006,0.5131140304201302,False,0.2454441000008955
177,sagereg,0.03,0.01,0.25,0.055,0.5,0.0,132.39188688045624,0.8494816237556355,False,0.2730043030005618
178,one_hop,0.03,0.01,0.25,0.055,0.5,0.0,116.35693342853392,0.874559637925131,False,0.2443418019993259
178,sagereg,0.03,0.01,0.25,0.055,0.5,0.0,116.37615888266224,0.8750787002352397,False,0.2716184029995929
179,one_hop,0.03,0.01,0.25,0.055,0.5,0.0,97.43945468023578,0.562036736993374,False,0.2435869070013723
179,sagereg,0.03,0.01,0.25,0.055,0.5,0.0,111.26678966802442,0.3526238995519215,False,0.2701507640013005
180,one_hop,0.03,0.01,0.25,0.055,0.5,0.25,178.92483039365334,0.8259241374926929,False,0.2243098170001758
180,sagereg,0.03,0.01,0.25,0.055,0.5,0.25,169.65162213093552,0.601636076724404,False,0.2514945660004741
181,one_hop,0.03,0.01,0.25,0.055,0.5,0.25,76.20370371545502,0.3675254148280443,False,0.2259022460002597
181,sagereg,0.03,0.01,0.25,0.055,0.5,0.25,42.03283443271304,1.070455426302652,False,0.2538972179991106
182,one_hop,0.03,0.01,0.25,0.055,0.5,0.25,118.1294798975794,0.952975341853232,False,0.2262577340006828
182,sagereg,0.03,0.01,0.25,0.055,0.5,0.25,118.13788464564853,0.953619477635049,False,0.2522933939999348
183,one_hop,0.03,0.01,0.25,0.055,0.5,0.25,90.92570633374156,0.6379131527222294,False,0.2259022540001751
183,sagereg,0.03,0.01,0.25,0.055,0.5,0.25,91.21051492206443,0.63669176743336,False,0.2537743510001746
184,one_hop,0.03,0.01,0.25,0.055,0.5,0.25,128.3736725171691,1.550147393433258,False,0.2241370640003879
184,sagereg,0.03,0.01,0.25,0.055,0.5,0.25,128.80423595308292,1.5512508801435505,False,0.2508511380001437
185,one_hop,0.03,0.01,0.25,0.055,0.5,0.25,57.94690811268267,1.0173726693364025,False,0.2219777820009767
185,sagereg,0.03,0.01,0.25,0.055,0.5,0.25,70.80333080798918,1.0289262803775403,False,0.2483146700014913
186,one_hop,0.03,0.01,0.25,0.055,0.5,0.25,34.90689492095263,0.9147378370568018,False,0.2225063040004897
186,sagereg,0.03,0.01,0.25,0.055,0.5,0.25,34.90131608044899,0.9148430733235212,False,0.248779800000193
187,one_hop,0.03,0.01,0.25,0.055,0.5,0.25,105.84956333817392,0.7089661668436875,False,0.2210646040002757
187,sagereg,0.03,0.01,0.25,0.055,0.5,0.25,105.08266856405298,0.7127770270184728,False,0.2490365269986796
188,one_hop,0.03,0.01,0.25,0.055,0.5,0.25,172.0129918355048,0.9128417703189038,False,0.2293598870001005
188,sagereg,0.03,0.01,0.25,0.055,0.5,0.25,160.54221665966915,1.0562646513575968,False,0.2554953260005277
189,one_hop,0.03,0.01,0.25,0.055,0.5,0.25,103.12058291816228,1.1307126536344467,False,0.2303027580001071
189,sagereg,0.03,0.01,0.25,0.055,0.5,0.25,56.021630526106165,0.8817609752794614,False,0.2567707649996009
190,one_hop,0.03,0.01,0.25,0.055,0.5,0.25,102.1870043518149,0.6166116477618122,False,0.2358292270000674
190,sagereg,0.03,0.01,0.25,0.055,0.5,0.25,103.9159672477632,0.6120704453477073,False,0.26178874100151
191,one_hop,0.03,0.01,0.25,0.055,0.5,0.25,94.18490763574212,0.8939862469080836,False,0.2258012180009245
191,sagereg,0.03,0.01,0.25,0.055,0.5,0.25,121.46200891616785,1.22617498760276,False,0.2523277979998966
192,one_hop,0.03,0.01,0.25,0.055,0.5,0.25,48.94785711752839,0.7068902101877943,False,0.2258670120008901
192,sagereg,0.03,0.01,0.25,0.055,0.5,0.25,81.29073674354845,0.1790140120232503,False,0.2518625840002642
193,one_hop,0.03,0.01,0.25,0.055,0.5,0.25,91.26118697767136,1.000627812501962,False,0.2255104309988382
193,sagereg,0.03,0.01,0.25,0.055,0.5,0.25,22.042440806822825,1.5006199880675917,False,0.2526647800004866
194,one_hop,0.03,0.01,0.25,0.055,0.5,0.25,100.89330177564771,1.0060693991449932,False,0.2286333449992525
194,sagereg,0.03,0.01,0.25,0.055,0.5,0.25,100.46531327503948,1.0016764442358548,False,0.2544073850003769
195,one_hop,0.03,0.01,0.25,0.055,0.5,0.25,65.64763545533239,0.5988271150750755,False,0.2224733760012895
195,sagereg,0.03,0.01,0.25,0.055,0.5,0.25,64.32274687177556,0.6349200194115417,False,0.2481578530005208
196,one_hop,0.03,0.01,0.25,0.055,0.5,0.25,82.08700467720048,0.43767126907259,False,0.2205628559986507
196,sagereg,0.03,0.01,0.25,0.055,0.5,0.25,82.1062286503816,0.4377874165592212,False,0.2467646000004606
197,one_hop,0.03,0.01,0.25,0.055,0.5,0.25,95.17813787879162,0.5586380226686348,False,0.2336249429990857
197,sagereg,0.03,0.01,0.25,0.055,0.5,0.25,95.26884558781369,0.558830897056113,False,0.2600685630004591
198,one_hop,0.03,0.01,0.25,0.055,0.5,0.25,141.0858731670022,0.7717226197141733,False,0.2325220759994408
198,sagereg,0.03,0.01,0.25,0.055,0.5,0.25,140.75374487806752,0.7755583490002257,False,0.2590480760009086
199,one_hop,0.03,0.01,0.25,0.055,0.5,0.25,83.31222070056687,1.0105585680547775,False,0.2232127050010603
199,sagereg,0.03,0.01,0.25,0.055,0.5,0.25,83.28588040974496,1.0111470643841256,False,0.2490436230000341
200,one_hop,0.03,0.01,0.25,0.055,1.0,0.0,85.80522196463104,0.3051447754545586,False,0.2402030330013076
200,sagereg,0.03,0.01,0.25,0.055,1.0,0.0,124.50365189042854,0.4048031348237613,False,0.2666859029995976
201,one_hop,0.03,0.01,0.25,0.055,1.0,0.0,176.61747704498876,0.5275643593083083,False,0.2477230799995595
201,sagereg,0.03,0.01,0.25,0.055,1.0,0.0,176.62155919181666,0.5256480141111524,False,0.2719654560005438
202,one_hop,0.03,0.01,0.25,0.055,1.0,0.0,96.97691378667712,0.5331240556112795,False,0.2507856419997551
202,sagereg,0.03,0.01,0.25,0.055,1.0,0.0,87.28115422632645,0.3380205164788207,False,0.278161917000034
203,one_hop,0.03,0.01,0.25,0.055,1.0,0.0,90.5775643121663,0.8947666696634127,False,0.2362893440003972
203,sagereg,0.03,0.01,0.25,0.055,1.0,0.0,55.999276343089015,1.4721471108629454,False,0.261063820000345
204,one_hop,0.03,0.01,0.25,0.055,1.0,0.0,141.0123042109829,1.1587130262228384,False,0.2417899779993604
204,sagereg,0.03,0.01,0.25,0.055,1.0,0.0,108.57453059668444,0.8492296237431407,False,0.2688965399993321
205,one_hop,0.03,0.01,0.25,0.055,1.0,0.0,123.09588429688182,1.0471980979441184,False,0.2424519019987201
205,sagereg,0.03,0.01,0.25,0.055,1.0,0.0,102.86543614330049,0.7469169425811796,False,0.2680489200010925
206,one_hop,0.03,0.01,0.25,0.055,1.0,0.0,111.50868683699258,1.0629510841409902,False,0.2406927789998008
206,sagereg,0.03,0.01,0.25,0.055,1.0,0.0,111.51379695050818,1.0629219855619911,False,0.26458554599958
207,one_hop,0.03,0.01,0.25,0.055,1.0,0.0,93.34475850352466,0.8565745258900378,False,0.2479574200006027
207,sagereg,0.03,0.01,0.25,0.055,1.0,0.0,48.57339374528284,0.7920767885899292,False,0.2739369570008421
208,one_hop,0.03,0.01,0.25,0.055,1.0,0.0,160.6845324492889,0.5790923890755749,False,0.2454050209998968
208,sagereg,0.03,0.01,0.25,0.055,1.0,0.0,0.4784587507107556,0.0029252508937089,True,0.2728622220001853
209,one_hop,0.03,0.01,0.25,0.055,1.0,0.0,0.3436367644085903,0.0024050215874773,True,0.2456601300000329
209,sagereg,0.03,0.01,0.25,0.055,1.0,0.0,0.3436367511826994,0.0024050212644099,True,0.2726377479993971
210,one_hop,0.03,0.01,0.25,0.055,1.0,0.0,89.13104650450873,1.1410143058883468,False,0.2414668239998718
210,sagereg,0.03,0.01,0.25,0.055,1.0,0.0,90.45850598353222,1.1459302955427122,False,0.2680572459994437
211,one_hop,0.03,0.01,0.25,0.055,1.0,0.0,77.89887959504689,0.3345991987140783,False,0.244766810999863
211,sagereg,0.03,0.01,0.25,0.055,1.0,0.0,0.5821895429734374,0.0033139416875395,True,0.2700607810002111
212,one_hop,0.03,0.01,0.25,0.055,1.0,0.0,124.1531819066483,1.1045663975839817,False,0.2411878669990983
212,sagereg,0.03,0.01,0.25,0.055,1.0,0.0,103.47272163587536,0.9926198225264212,False,0.2681844769995223
213,one_hop,0.03,0.01,0.25,0.055,1.0,0.0,165.36362424329565,0.9911943648508972,False,0.2423208269992756
213,sagereg,0.03,0.01,0.25,0.055,1.0,0.0,168.88331136792073,0.9966622691279132,False,0.2690680640007485
214,one_hop,0.03,0.01,0.25,0.055,1.0,0.0,179.86486595574016,1.2044285159216204,False,0.2425988680006412
214,sagereg,0.03,0.01,0.25,0.055,1.0,0.0,179.91349100198548,1.2107207701523623,False,0.2698046509995038
215,one_hop,0.03,0.01,0.25,0.055,1.0,0.0,81.33201245678137,0.3950722367241148,False,0.2417515299985098
215,sagereg,0.03,0.01,0.25,0.055,1.0,0.0,91.98483464148134,0.5644437875741148,False,0.26751337099995
216,one_hop,0.03,0.01,0.25,0.055,1.0,0.0,0.3314134842205047,0.00429661087829,True,0.2403441079986805
216,sagereg,0.03,0.01,0.25,0.055,1.0,0.0,0.3314134014259033,0.0042966107957238,True,0.2672078069990675
217,one_hop,0.03,0.01,0.25,0.055,1.0,0.0,165.39611182924327,0.4088057907898849,False,0.2422602129990991
217,sagereg,0.03,0.01,0.25,0.055,1.0,0.0,165.27274005564246,0.4071436729941768,False,0.2703537340003095
218,one_hop,0.03,0.01,0.25,0.055,1.0,0.0,12.293829271379316,0.3321761156002916,False,0.2354773990009562
218,sagereg,0.03,0.01,0.25,0.055,1.0,0.0,0.282360605510041,0.004328301339648,True,0.2618140720005613
219,one_hop,0.03,0.01,0.25,0.055,1.0,0.0,143.02401068512555,1.2318950454933162,False,0.2414670799989835
219,sagereg,0.03,0.01,0.25,0.055,1.0,0.0,166.2494618168792,0.7722146509102882,False,0.2678064510000695
220,one_hop,0.03,0.01,0.25,0.055,1.0,0.25,56.59501264627244,0.7408421348753659,False,0.2227775459996337
220,sagereg,0.03,0.01,0.25,0.055,1.0,0.25,52.9850244096245,0.6418549906855195,False,0.2502422179986752
221,one_hop,0.03,0.01,0.25,0.055,1.0,0.25,132.22393463165417,1.1535008420792885,False,0.2265983870001946
221,sagereg,0.03,0.01,0.25,0.055,1.0,0.25,132.22522512155118,1.153516696261895,False,0.2517971510005736
222,one_hop,0.03,0.01,0.25,0.055,1.0,0.25,119.03520403842896,1.3203308225046495,False,0.2189379849987744
222,sagereg,0.03,0.01,0.25,0.055,1.0,0.25,118.80661115559202,1.321745590579362,False,0.2456582559989328
223,one_hop,0.03,0.01,0.25,0.055,1.0,0.25,167.0493862154867,0.8787072313261896,False,0.2233993909994751
223,sagereg,0.03,0.01,0.25,0.055,1.0,0.25,167.9603071952311,0.8839418402185564,False,0.2517984070000238
224,one_hop,0.03,0.01,0.25,0.055,1.0,0.25,149.41857619758198,0.1494703857762609,False,0.222811523000928
224,sagereg,0.03,0.01,0.25,0.055,1.0,0.25,149.2862211812614,0.1486661688971606,False,0.2495613999999477
225,one_hop,0.03,0.01,0.25,0.055,1.0,0.25,0.2818376047567738,0.0061369141292438,True,0.2214566410002589
225,sagereg,0.03,0.01,0.25,0.055,1.0,0.25,173.20556481121508,0.5637457780488896,False,0.2486235260003013
226,one_hop,0.03,0.01,0.25,0.055,1.0,0.25,122.00802641563524,1.4512465332783733,False,0.2228940770000917
226,sagereg,0.03,0.01,0.25,0.055,1.0,0.25,0.345810254215661,0.0023214382585116,True,0.2484742759988876
227,one_hop,0.03,0.01,0.25,0.055,1.0,0.25,49.01745084941629,0.1344419300863865,False,0.2209747430006245
227,sagereg,0.03,0.01,0.25,0.055,1.0,0.25,49.362406342377625,0.1333031470779468,False,0.2488444650007295
228,one_hop,0.03,0.01,0.25,0.055,1.0,0.25,0.660816154622947,0.0098990613537494,True,0.2231413650006288
228,sagereg,0.03,0.01,0.25,0.055,1.0,0.25,145.8478527549118,0.8432424359859382,False,0.2498335840009531
229,one_hop,0.03,0.01,0.25,0.055,1.0,0.25,0.2473708473312745,0.0030504549656296,True,0.2211978270006511
229,sagereg,0.03,0.01,0.25,0.055,1.0,0.25,172.2714305053838,0.7021046077579057,False,0.2478395380003348
230,one_hop,0.03,0.01,0.25,0.055,1.0,0.25,73.06664414313965,0.4318016966989551,False,0.2250319869999657
230,sagereg,0.03,0.01,0.25,0.055,1.0,0.25,0.5451590141438953,0.0039521886481778,True,0.252065352999125
231,one_hop,0.03,0.01,0.25,0.055,1.0,0.25,157.6444487866162,1.4349786473824675,False,0.2233929459998762
231,sagereg,0.03,0.01,0.25,0.055,1.0,0.25,154.54528707059788,1.4245445723335286,False,0.2465631020004366
232,one_hop,0.03,0.01,0.25,0.055,1.0,0.25,76.85760391040021,1.0495954052932774,False,0.2181557350013463
232,sagereg,0.03,0.01,0.25,0.055,1.0,0.25,61.80849457151667,0.7505257202478058,False,0.2450964459985698
233,one_hop,0.03,0.01,0.25,0.055,1.0,0.25,117.97576060278128,1.078896178827997,False,0.2202402139992045
233,sagereg,0.03,0.01,0.25,0.055,1.0,0.25,120.17353024630113,1.0716165827737372,False,0.2459693630007677
234,one_hop,0.03,0.01,0.25,0.055,1.0,0.25,151.49203040739476,0.5199285538429147,False,0.2147648990012385
234,sagereg,0.03,0.01,0.25,0.055,1.0,0.25,166.71860428030877,0.28254252717311,False,0.2423682899989216
235,one_hop,0.03,0.01,0.25,0.055,1.0,0.25,98.8621305214388,1.2928816231503868,False,0.2174882639992574
235,sagereg,0.03,0.01,0.25,0.055,1.0,0.25,98.71904307612505,1.29109646116248,False,0.2432913060001738
236,one_hop,0.03,0.01,0.25,0.055,1.0,0.25,165.3182466385177,0.424297084006477,False,0.2180288459985604
236,sagereg,0.03,0.01,0.25,0.055,1.0,0.25,165.32142391152158,0.4243427510715308,False,0.2450463290006155
237,one_hop,0.03,0.01,0.25,0.055,1.0,0.25,121.32113804072856,0.6432694616916675,False,0.2244359449996409
237,sagereg,0.03,0.01,0.25,0.055,1.0,0.25,145.94073590214805,0.4446815007511583,False,0.250837796000269
238,one_hop,0.03,0.01,0.25,0.055,1.0,0.25,171.34863860208,0.6170152646190677,False,0.217263358999844
238,sagereg,0.03,0.01,0.25,0.055,1.0,0.25,171.0244958503897,0.6184298185611118,False,0.2438297040007455
239,one_hop,0.03,0.01,0.25,0.055,1.0,0.25,123.89547662739568,0.3444185429240223,False,0.2195773979983641
239,sagereg,0.03,0.01,0.25,0.055,1.0,0.25,123.75244129105074,0.343887968350025,False,0.2454828459995042
240,one_hop,0.03,0.01,0.25,0.2,0.0,0.0,89.32953621457366,0.7385959569940262,False,0.2474852519990236
240,sagereg,0.03,0.01,0.25,0.2,0.0,0.0,89.32954450104747,0.7385961750093398,False,0.2754277030016965
241,one_hop,0.03,0.01,0.25,0.2,0.0,0.0,155.77907938424187,0.5845660942239236,False,0.2610837350002839
241,sagereg,0.03,0.01,0.25,0.2,0.0,0.0,155.77909401800602,0.5845660476331274,False,0.2913409770008002
242,one_hop,0.03,0.01,0.25,0.2,0.0,0.0,103.46988436539826,0.8431978495034003,False,0.2555018450002535
242,sagereg,0.03,0.01,0.25,0.2,0.0,0.0,103.46988380579025,0.8431978496156879,False,0.281736961000206
243,one_hop,0.03,0.01,0.25,0.2,0.0,0.0,88.23481284417132,0.9563741799366868,False,0.2596197780003422
243,sagereg,0.03,0.01,0.25,0.2,0.0,0.0,88.23481925021996,0.9563741964044729,False,0.2858605110013741
244,one_hop,0.03,0.01,0.25,0.2,0.0,0.0,173.7511897304154,0.7486003312936297,False,0.2612832329996308
244,sagereg,0.03,0.01,0.25,0.2,0.0,0.0,173.75117913723156,0.7486005070403751,False,0.2898756430004141
245,one_hop,0.03,0.01,0.25,0.2,0.0,0.0,95.0929351255616,1.0454097179108202,False,0.2548834650006029
245,sagereg,0.03,0.01,0.25,0.2,0.0,0.0,95.09293578401328,1.0454096806271265,False,0.2845024149992241
246,one_hop,0.03,0.01,0.25,0.2,0.0,0.0,179.3897462858371,0.8775657433294981,False,0.2530307299984997
246,sagereg,0.03,0.01,0.25,0.2,0.0,0.0,179.3897454192206,0.8775657497368402,False,0.2824848100008239
247,one_hop,0.03,0.01,0.25,0.2,0.0,0.0,166.8199114131174,1.1683690015614507,False,0.2528647039998759
247,sagereg,0.03,0.01,0.25,0.2,0.0,0.0,166.81990759930315,1.1683690044710584,False,0.2820737270012614
248,one_hop,0.03,0.01,0.25,0.2,0.0,0.0,97.17344593187588,1.098075912910362,False,0.2563854809995973
248,sagereg,0.03,0.01,0.25,0.2,0.0,0.0,97.17344674805028,1.0980759173825847,False,0.2854941059995326
249,one_hop,0.03,0.01,0.25,0.2,0.0,0.0,139.6840282054895,0.609103219065878,False,0.2620573280000826
249,sagereg,0.03,0.01,0.25,0.2,0.0,0.0,139.6840154332158,0.6091031562386717,False,0.2918096619996504
250,one_hop,0.03,0.01,0.25,0.2,0.0,0.0,141.57198885379614,0.8989075094210395,False,0.2578082649997668
250,sagereg,0.03,0.01,0.25,0.2,0.0,0.0,141.57196287151288,0.8989076993496449,False,0.2866536290002841
251,one_hop,0.03,0.01,0.25,0.2,0.0,0.0,134.07803828892628,0.1523802889807429,False,0.2509533819993521
251,sagereg,0.03,0.01,0.25,0.2,0.0,0.0,134.07801898729883,0.1523803170538085,False,0.2811927160000778
252,one_hop,0.03,0.01,0.25,0.2,0.0,0.0,169.93485085591308,0.5571683831688344,False,0.2598909200005437
252,sagereg,0.03,0.01,0.25,0.2,0.0,0.0,169.9348579402816,0.5571682496479214,False,0.287804016001246
253,one_hop,0.03,0.01,0.25,0.2,0.0,0.0,63.74882260437403,0.7271039833087928,False,0.2626941090002219
253,sagereg,0.03,0.01,0.25,0.2,0.0,0.0,63.74882736161628,0.7271039560602097,False,0.2922791920009331
254,one_hop,0.03,0.01,0.25,0.2,0.0,0.0,172.9427957699012,0.6862715197798723,False,0.2496545149988378
254,sagereg,0.03,0.01,0.25,0.2,0.0,0.0,172.94278928382198,0.6862714977059706,False,0.2772939799997402
255,one_hop,0.03,0.01,0.25,0.2,0.0,0.0,154.44195023548028,0.694959604810336,False,0.257052567001665
255,sagereg,0.03,0.01,0.25,0.2,0.0,0.0,154.44194110332742,0.6949595811340964,False,0.2867121270010102
256,one_hop,0.03,0.01,0.25,0.2,0.0,0.0,52.68291965883555,0.757750962922131,False,0.2625018190010451
256,sagereg,0.03,0.01,0.25,0.2,0.0,0.0,52.68290750260745,0.757751067443402,False,0.2904449819998262
257,one_hop,0.03,0.01,0.25,0.2,0.0,0.0,175.84125651471305,0.6778553637766158,False,0.2568398719995457
257,sagereg,0.03,0.01,0.25,0.2,0.0,0.0,175.84126931833583,0.6778554886165457,False,0.2872384139991482
258,one_hop,0.03,0.01,0.25,0.2,0.0,0.0,142.7467002920233,0.4618738840734891,False,0.2568653720009024
258,sagereg,0.03,0.01,0.25,0.2,0.0,0.0,142.7466988265734,0.4618739147673831,False,0.2868121430001338
259,one_hop,0.03,0.01,0.25,0.2,0.0,0.0,120.0809926411522,0.5030366181025393,False,0.2483848359988769
259,sagereg,0.03,0.01,0.25,0.2,0.0,0.0,120.08099824598484,0.5030366445063057,False,0.275927345999662
260,one_hop,0.03,0.01,0.25,0.2,0.0,0.25,157.36947512384006,0.8534980476848177,False,0.2305100049998145
260,sagereg,0.03,0.01,0.25,0.2,0.0,0.25,157.36948081543292,0.8534978281441358,False,0.260715156000515
261,one_hop,0.03,0.01,0.25,0.2,0.0,0.25,158.52958302944842,0.408957829641605,False,0.2399643440003274
261,sagereg,0.03,0.01,0.25,0.2,0.0,0.25,158.52959091985483,0.4089578106089672,False,0.2711652090001735
262,one_hop,0.03,0.01,0.25,0.2,0.0,0.25,163.28894007662882,0.6858741807661325,False,0.2364050950000091
262,sagereg,0.03,0.01,0.25,0.2,0.0,0.25,163.2889389669098,0.685874240048097,False,0.2649868900007277
263,one_hop,0.03,0.01,0.25,0.2,0.0,0.25,32.837767019554114,0.6672567930926356,False,0.2341652790000807
263,sagereg,0.03,0.01,0.25,0.2,0.0,0.25,32.83777065417647,0.6672568089670934,False,0.2638436670004012
264,one_hop,0.03,0.01,0.25,0.2,0.0,0.25,77.67483131082179,0.872834883482445,False,0.2322572489993035
264,sagereg,0.03,0.01,0.25,0.2,0.0,0.25,77.67486336052426,0.8728346061299681,False,0.2613637640006345
265,one_hop,0.03,0.01,0.25,0.2,0.0,0.25,179.61332062345335,0.3856725101198257,False,0.2367717519991856
265,sagereg,0.03,0.01,0.25,0.2,0.0,0.25,179.6133191705388,0.3856721013574274,False,0.2635895989988057
266,one_hop,0.03,0.01,0.25,0.2,0.0,0.25,78.81039109942517,1.2418369752430287,False,0.2327841959995567
266,sagereg,0.03,0.01,0.25,0.2,0.0,0.25,78.8103626630714,1.2418371447419132,False,0.2624192509993008
267,one_hop,0.03,0.01,0.25,0.2,0.0,0.25,86.23448487529848,0.6480424301426931,False,0.2343785320008464
267,sagereg,0.03,0.01,0.25,0.2,0.0,0.25,86.23448317174892,0.6480424437030832,False,0.2638449250007397
268,one_hop,0.03,0.01,0.25,0.2,0.0,0.25,178.64477727610762,0.5901962971935452,False,0.2346219120008754
268,sagereg,0.03,0.01,0.25,0.2,0.0,0.25,178.6447755117586,0.5901965984107312,False,0.2631196589991305
269,one_hop,0.03,0.01,0.25,0.2,0.0,0.25,111.3887313307006,1.1415380443290557,False,0.2350057140010903
269,sagereg,0.03,0.01,0.25,0.2,0.0,0.25,111.3887419110082,1.141538092328663,False,0.2654586669996206
270,one_hop,0.03,0.01,0.25,0.2,0.0,0.25,111.17273622109452,0.6563860384373207,False,0.2320543149999139
270,sagereg,0.03,0.01,0.25,0.2,0.0,0.25,111.17275710321869,0.6563866141682452,False,0.259378557000673
271,one_hop,0.03,0.01,0.25,0.2,0.0,0.25,114.49047103417324,0.8195008765421026,False,0.2382977249999385
271,sagereg,0.03,0.01,0.25,0.2,0.0,0.25,114.49046006679936,0.8195009501772577,False,0.2632828950008843
272,one_hop,0.03,0.01,0.25,0.2,0.0,0.25,165.25347087204986,0.843372793420962,False,0.229138654000053
272,sagereg,0.03,0.01,0.25,0.2,0.0,0.25,165.25348428321288,0.8433728546058683,False,0.2590846460007014
273,one_hop,0.03,0.01,0.25,0.2,0.0,0.25,134.34009407783557,0.5689995138921629,False,0.2439670730000216
273,sagereg,0.03,0.01,0.25,0.2,0.0,0.25,134.34009551421838,0.5689995141459356,False,0.2753226910008379
274,one_hop,0.03,0.01,0.25,0.2,0.0,0.25,158.98832005354646,1.0164062055677678,False,0.2359567860003153
274,sagereg,0.03,0.01,0.25,0.2,0.0,0.25,158.9883113237877,1.0164063270036594,False,0.2639917279993824
275,one_hop,0.03,0.01,0.25,0.2,0.0,0.25,161.57563614211233,0.4602874779044589,False,0.2377931670016551
275,sagereg,0.03,0.01,0.25,0.2,0.0,0.25,161.57562769505282,0.460287522544747,False,0.2666817010012892
276,one_hop,0.03,0.01,0.25,0.2,0.0,0.25,170.37601427092002,0.9301988418849074,False,0.2353721420004149
276,sagereg,0.03,0.01,0.25,0.2,0.0,0.25,170.376019343783,0.9301987635704364,False,0.2634437520009669
277,one_hop,0.03,0.01,0.25,0.2,0.0,0.25,167.31768005770925,0.832654518214529,False,0.2393448759994498
277,sagereg,0.03,0.01,0.25,0.2,0.0,0.25,167.31767240791646,0.8326545306110458,False,0.2687838900001225
278,one_hop,0.03,0.01,0.25,0.2,0.0,0.25,62.86980745835159,0.8117847834119557,False,0.231664840999656
278,sagereg,0.03,0.01,0.25,0.2,0.0,0.25,62.86981996082966,0.8117850621959195,False,0.2624441530006152
279,one_hop,0.03,0.01,0.25,0.2,0.0,0.25,149.59022194209757,1.1653473741696596,False,0.2374261140012095
279,sagereg,0.03,0.01,0.25,0.2,0.0,0.25,149.5902209366401,1.1653473697060337,False,0.2658110900010797
280,one_hop,0.03,0.01,0.25,0.2,0.5,0.0,79.02722859121874,0.7417090451480056,False,0.2468400429988833
280,sagereg,0.03,0.01,0.25,0.2,0.5,0.0,79.02722749808304,0.7417090131102878,False,0.2730545020003774
281,one_hop,0.03,0.01,0.25,0.2,0.5,0.0,123.02258101265804,0.560973620211378,False,0.2521351089999371
281,sagereg,0.03,0.01,0.25,0.2,0.5,0.0,123.02257472897932,0.5609736468423944,False,0.2804147770002601
282,one_hop,0.03,0.01,0.25,0.2,0.5,0.0,34.8194671540463,0.2015654550435402,False,0.2541243679988838
282,sagereg,0.03,0.01,0.25,0.2,0.5,0.0,34.81946559601764,0.2015653843646587,False,0.2837636549993476
283,one_hop,0.03,0.01,0.25,0.2,0.5,0.0,121.42695664892348,0.8862241812368785,False,0.2552137710008537
283,sagereg,0.03,0.01,0.25,0.2,0.5,0.0,121.42697466560284,0.886224289164171,False,0.2891642670001602
284,one_hop,0.03,0.01,0.25,0.2,0.5,0.0,71.11063970421083,0.8075467618321999,False,0.2488731930006906
284,sagereg,0.03,0.01,0.25,0.2,0.5,0.0,71.11063813102824,0.8075467877655633,False,0.2785775590000412
285,one_hop,0.03,0.01,0.25,0.2,0.5,0.0,72.99276421394153,0.5335793552555446,False,0.2593988080006966
285,sagereg,0.03,0.01,0.25,0.2,0.5,0.0,72.99276839787899,0.5335793934069817,False,0.2862802140007261
286,one_hop,0.03,0.01,0.25,0.2,0.5,0.0,111.68118687537608,0.3488100693006297,False,0.2551338419998501
286,sagereg,0.03,0.01,0.25,0.2,0.5,0.0,111.68120257265578,0.3488103825529002,False,0.2835875499986287
287,one_hop,0.03,0.01,0.25,0.2,0.5,0.0,159.13461765285663,0.5069423660265039,False,0.2503000929991685
287,sagereg,0.03,0.01,0.25,0.2,0.5,0.0,159.13461351435018,0.5069424315201141,False,0.2786996450013248
288,one_hop,0.03,0.01,0.25,0.2,0.5,0.0,134.07958926641498,0.1883434769779069,False,0.245000949000314
288,sagereg,0.03,0.01,0.25,0.2,0.5,0.0,134.07958307195076,0.1883435163768525,False,0.2769746510002733
289,one_hop,0.03,0.01,0.25,0.2,0.5,0.0,167.56246550166014,0.8474027836358419,False,0.2521315160010999
289,sagereg,0.03,0.01,0.25,0.2,0.5,0.0,167.56246343347593,0.8474027040595302,False,0.2805743389999406
290,one_hop,0.03,0.01,0.25,0.2,0.5,0.0,63.51055225673584,0.3835904746815337,False,0.2554475359993375
290,sagereg,0.03,0.01,0.25,0.2,0.5,0.0,63.510539265112016,0.3835903069063544,False,0.2847091559997352
291,one_hop,0.03,0.01,0.25,0.2,0.5,0.0,102.4935947837294,0.6197796340969189,False,0.2546938769992266
291,sagereg,0.03,0.01,0.25,0.2,0.5,0.0,102.49359507882764,0.619779628993825,False,0.282151999999769
292,one_hop,0.03,0.01,0.25,0.2,0.5,0.0,154.77075499103034,0.335270795964939,False,0.2562695690012333
292,sagereg,0.03,0.01,0.25,0.2,0.5,0.0,154.77074713398824,0.3352707428438335,False,0.2852726380006061
293,one_hop,0.03,0.01,0.25,0.2,0.5,0.0,56.14495822769161,0.5873724301781569,False,0.2495053080001525
293,sagereg,0.03,0.01,0.25,0.2,0.5,0.0,56.14493402511305,0.5873721349617755,False,0.2777936679995036
294,one_hop,0.03,0.01,0.25,0.2,0.5,0.0,143.81845009975194,0.3135324113660518,False,0.2609821349997219
294,sagereg,0.03,0.01,0.25,0.2,0.5,0.0,143.81841938009833,0.3135324206133665,False,0.2852522390003287
295,one_hop,0.03,0.01,0.25,0.2,0.5,0.0,85.76349735829886,0.9739291326816764,False,0.2543867389995284
295,sagereg,0.03,0.01,0.25,0.2,0.5,0.0,85.76350021887563,0.9739291469316907,False,0.2829965809996793
296,one_hop,0.03,0.01,0.25,0.2,0.5,0.0,79.77643998919848,0.8082149420941586,False,0.2507877280004322
296,sagereg,0.03,0.01,0.25,0.2,0.5,0.0,79.77641709666749,0.8082151106995514,False,0.2798896170006628
297,one_hop,0.03,0.01,0.25,0.2,0.5,0.0,117.41614843837948,0.1109117260581518,False,0.2560798590002378
297,sagereg,0.03,0.01,0.25,0.2,0.5,0.0,117.41614384391796,0.110911652288939,False,0.2868836939996981
298,one_hop,0.03,0.01,0.25,0.2,0.5,0.0,128.26861823045388,0.5638850427844281,False,0.2501733459994284
298,sagereg,0.03,0.01,0.25,0.2,0.5,0.0,128.26861728717935,0.5638849698446703,False,0.2794479120002506
299,one_hop,0.03,0.01,0.25,0.2,0.5,0.0,158.44674499328917,0.2383763060548378,False,0.2562368029994104
299,sagereg,0.03,0.01,0.25,0.2,0.5,0.0,158.44693884871282,0.23837837892975,False,0.2828870039993489
300,one_hop,0.03,0.01,0.25,0.2,0.5,0.25,77.58309669958895,1.0752279194902654,False,0.2353561250001803
300,sagereg,0.03,0.01,0.25,0.2,0.5,0.25,77.5830841491885,1.075227799932171,False,0.2613753800014819
301,one_hop,0.03,0.01,0.25,0.2,0.5,0.25,48.10398674439095,0.597577471256153,False,0.2323098350007058
301,sagereg,0.03,0.01,0.25,0.2,0.5,0.25,48.10397547120893,0.5975775453933755,False,0.2625078170003689
302,one_hop,0.03,0.01,0.25,0.2,0.5,0.25,104.29109338017147,0.4858190590486373,False,0.2331015909985581
302,sagereg,0.03,0.01,0.25,0.2,0.5,0.25,104.29109589800754,0.4858190331170375,False,0.2611991800004034
303,one_hop,0.03,0.01,0.25,0.2,0.5,0.25,147.73315741480184,0.4542159611324592,False,0.2316405120000126
303,sagereg,0.03,0.01,0.25,0.2,0.5,0.25,147.73314432255486,0.4542158763304842,False,0.2609529940000357
304,one_hop,0.03,0.01,0.25,0.2,0.5,0.25,74.21576457872885,0.5704532537500135,False,0.2298399089995655
304,sagereg,0.03,0.01,0.25,0.2,0.5,0.25,74.21574578123068,0.5704528239198338,False,0.2574777549998543
305,one_hop,0.03,0.01,0.25,0.2,0.5,0.25,173.17039654338737,0.6281652455326204,False,0.2338534179998532
305,sagereg,0.03,0.01,0.25,0.2,0.5,0.25,173.17040029226374,0.6281652514672296,False,0.2624285830006556
306,one_hop,0.03,0.01,0.25,0.2,0.5,0.25,146.5578244874924,0.3420142690349355,False,0.2362073369986319
306,sagereg,0.03,0.01,0.25,0.2,0.5,0.25,146.557767906479,0.3420138742124889,False,0.2634002560007502
307,one_hop,0.03,0.01,0.25,0.2,0.5,0.25,132.69148502878298,0.6078167354442033,False,0.2325057819998619
307,sagereg,0.03,0.01,0.25,0.2,0.5,0.25,132.6914931248747,0.6078167141511026,False,0.2620880419999594
308,one_hop,0.03,0.01,0.25,0.2,0.5,0.25,72.28405156027368,0.4397427022473829,False,0.2301836360002198
308,sagereg,0.03,0.01,0.25,0.2,0.5,0.25,72.28405245768049,0.43974258776364,False,0.2568721069983439
309,one_hop,0.03,0.01,0.25,0.2,0.5,0.25,100.17838253666191,0.5427103893591568,False,0.2352767089996632
309,sagereg,0.03,0.01,0.25,0.2,0.5,0.25,100.17837588974194,0.5427107041149943,False,0.2643242150006699
310,one_hop,0.03,0.01,0.25,0.2,0.5,0.25,139.41276485026907,0.2969564687165262,False,0.2367849880010908
310,sagereg,0.03,0.01,0.25,0.2,0.5,0.25,139.41276773443278,0.2969564827890782,False,0.264388219000466
311,one_hop,0.03,0.01,0.25,0.2,0.5,0.25,78.09037899853287,0.8963555336688551,False,0.2296129940004903
311,sagereg,0.03,0.01,0.25,0.2,0.5,0.25,78.0903793097544,0.8963555587203713,False,0.2583941360007884
312,one_hop,0.03,0.01,0.25,0.2,0.5,0.25,162.54519930942294,0.7800894802694656,False,0.2299237699990044
312,sagereg,0.03,0.01,0.25,0.2,0.5,0.25,162.54518348496822,0.78008942438884,False,0.2596720869987621
313,one_hop,0.03,0.01,0.25,0.2,0.5,0.25,101.0815527978746,0.6399443751927006,False,0.2345892240009561
313,sagereg,0.03,0.01,0.25,0.2,0.5,0.25,101.08155020056714,0.6399443933289991,False,0.2638369229989621
314,one_hop,0.03,0.01,0.25,0.2,0.5,0.25,150.26284315392667,0.4480844197260399,False,0.2347505439993256
314,sagereg,0.03,0.01,0.25,0.2,0.5,0.25,150.26288743433952,0.4480835443643194,False,0.2610064899999997
315,one_hop,0.03,0.01,0.25,0.2,0.5,0.25,161.88917796601774,0.6302212680465435,False,0.2283273779994488
315,sagereg,0.03,0.01,0.25,0.2,0.5,0.25,161.88917191538738,0.6302211635188936,False,0.2563182949998008
316,one_hop,0.03,0.01,0.25,0.2,0.5,0.25,150.9646030391618,0.4988341414150407,False,0.2281422579999343
316,sagereg,0.03,0.01,0.25,0.2,0.5,0.25,150.96461156242535,0.4988340740615909,False,0.2567625119991135
317,one_hop,0.03,0.01,0.25,0.2,0.5,0.25,158.62387783023146,0.7570512227006716,False,0.2331927879986324
317,sagereg,0.03,0.01,0.25,0.2,0.5,0.25,158.62388673306737,0.75705110276816,False,0.2616770540007564
318,one_hop,0.03,0.01,0.25,0.2,0.5,0.25,154.60216558044675,0.6090670409775364,False,0.2343195550001837
318,sagereg,0.03,0.01,0.25,0.2,0.5,0.25,154.60216868405092,0.6090669660310811,False,0.2612630500007071
319,one_hop,0.03,0.01,0.25,0.2,0.5,0.25,171.68941026436536,0.2586207412634236,False,0.2386234180012252
319,sagereg,0.03,0.01,0.25,0.2,0.5,0.25,171.68941269572176,0.2586207310000197,False,0.2671662729990203
320,one_hop,0.03,0.01,0.25,0.2,1.0,0.0,135.21355324105062,1.0446736415085347,False,0.2550220530010847
320,sagereg,0.03,0.01,0.25,0.2,1.0,0.0,135.21354420343158,1.044673615496806,False,0.2852694249995693
321,one_hop,0.03,0.01,0.25,0.2,1.0,0.0,123.46210562641436,0.5531522364066671,False,0.2541910840009223
321,sagereg,0.03,0.01,0.25,0.2,1.0,0.0,123.46210808799798,0.553152223614659,False,0.2841042920008476
322,one_hop,0.03,0.01,0.25,0.2,1.0,0.0,133.08690674534728,0.5396975225352987,False,0.2491331269993679
322,sagereg,0.03,0.01,0.25,0.2,1.0,0.0,133.08688189597578,0.5396972907038063,False,0.2788793990002887
323,one_hop,0.03,0.01,0.25,0.2,1.0,0.0,103.77328476704234,0.6207231390217525,False,0.2473041299999749
323,sagereg,0.03,0.01,0.25,0.2,1.0,0.0,103.7732854164566,0.6207231362658341,False,0.2738269309993484
324,one_hop,0.03,0.01,0.25,0.2,1.0,0.0,114.31835722130693,0.831084830077536,False,0.2496597270001075
324,sagereg,0.03,0.01,0.25,0.2,1.0,0.0,114.31835368236824,0.8310848139036264,False,0.2785811300000205
325,one_hop,0.03,0.01,0.25,0.2,1.0,0.0,87.86027640711255,0.5168091974878011,False,0.2628990109988081
325,sagereg,0.03,0.01,0.25,0.2,1.0,0.0,87.8602951928733,0.5168095880005207,False,0.2926158020000002
326,one_hop,0.03,0.01,0.25,0.2,1.0,0.0,142.6740928965414,0.8250578513700988,False,0.24573618300019
326,sagereg,0.03,0.01,0.25,0.2,1.0,0.0,142.6741012564029,0.825057898303965,False,0.2755188940009248
327,one_hop,0.03,0.01,0.25,0.2,1.0,0.0,119.1139502677928,0.8583157423307184,False,0.2492740240013518
327,sagereg,0.03,0.01,0.25,0.2,1.0,0.0,119.11394134081443,0.8583156679327758,False,0.2768063169987727
328,one_hop,0.03,0.01,0.25,0.2,1.0,0.0,103.55241515921357,0.6521315234729729,False,0.2491464680006174
328,sagereg,0.03,0.01,0.25,0.2,1.0,0.0,103.55255794246902,0.6521321629393994,False,0.2796514479996403
329,one_hop,0.03,0.01,0.25,0.2,1.0,0.0,168.61988109058052,0.7983720990039196,False,0.2490337259987427
329,sagereg,0.03,0.01,0.25,0.2,1.0,0.0,168.6201112086342,0.7983699786253468,False,0.2773628599989024
330,one_hop,0.03,0.01,0.25,0.2,1.0,0.0,177.2960264745507,0.4904501179662224,False,0.247487402999468
330,sagereg,0.03,0.01,0.25,0.2,1.0,0.0,177.29601491450484,0.4904500642544271,False,0.2771800430000439
331,one_hop,0.03,0.01,0.25,0.2,1.0,0.0,110.17945476754038,0.9786493869328184,False,0.256921690001036
331,sagereg,0.03,0.01,0.25,0.2,1.0,0.0,110.179450971626,0.9786494158464006,False,0.2846728679996886
332,one_hop,0.03,0.01,0.25,0.2,1.0,0.0,139.74811017110736,0.5300237022036581,False,0.2593354420005198
332,sagereg,0.03,0.01,0.25,0.2,1.0,0.0,139.74810887712098,0.5300236960739911,False,0.2873541349999868
333,one_hop,0.03,0.01,0.25,0.2,1.0,0.0,106.62866511667234,0.6788495035802725,False,0.2527898169992113
333,sagereg,0.03,0.01,0.25,0.2,1.0,0.0,106.62866771168775,0.6788494778508831,False,0.2817283330005011
334,one_hop,0.03,0.01,0.25,0.2,1.0,0.0,115.95021524664186,0.369022884307386,False,0.244858251999176
334,sagereg,0.03,0.01,0.25,0.2,1.0,0.0,115.9502005566164,0.3690231656200272,False,0.2710124420009379
335,one_hop,0.03,0.01,0.25,0.2,1.0,0.0,127.15361606493144,0.670840886234942,False,0.2496428649992594
335,sagereg,0.03,0.01,0.25,0.2,1.0,0.0,127.15362713754372,0.6708409993594128,False,0.2776904179991106
336,one_hop,0.03,0.01,0.25,0.2,1.0,0.0,117.7924989806582,0.5863385390365008,False,0.249725538000348
336,sagereg,0.03,0.01,0.25,0.2,1.0,0.0,117.79249273016666,0.5863385491635289,False,0.2793635319994791
337,one_hop,0.03,0.01,0.25,0.2,1.0,0.0,164.61963749938403,0.5331099022292409,False,0.2497312020004756
337,sagereg,0.03,0.01,0.25,0.2,1.0,0.0,164.6196449050698,0.5331097428318426,False,0.2777786570004537
338,one_hop,0.03,0.01,0.25,0.2,1.0,0.0,166.6906722164446,0.3285187802103649,False,0.2559151650002604
338,sagereg,0.03,0.01,0.25,0.2,1.0,0.0,166.69067247956298,0.328518792452482,False,0.2838653899998462
339,one_hop,0.03,0.01,0.25,0.2,1.0,0.0,176.54692693229637,0.8394953279255113,False,0.2528602640013559
339,sagereg,0.03,0.01,0.25,0.2,1.0,0.0,176.54692526804817,0.8394952126534216,False,0.2824067549991014
340,one_hop,0.03,0.01,0.25,0.2,1.0,0.25,147.3955289640897,0.2483035841049455,False,0.2290420829995127
340,sagereg,0.03,0.01,0.25,0.2,1.0,0.25,147.3955281321962,0.2483038134531293,False,0.2595316400002048
341,one_hop,0.03,0.01,0.25,0.2,1.0,0.25,130.26153298331116,0.3875043313367536,False,0.2295315979990846
341,sagereg,0.03,0.01,0.25,0.2,1.0,0.25,130.26153954641703,0.38750440023386,False,0.256391597999027
342,one_hop,0.03,0.01,0.25,0.2,1.0,0.25,157.13316255323852,0.3879619525152319,False,0.2271949139994831
342,sagereg,0.03,0.01,0.25,0.2,1.0,0.25,157.13316112737743,0.3879619310604821,False,0.2562782739987597
343,one_hop,0.03,0.01,0.25,0.2,1.0,0.25,125.68936669952174,0.5857991883199009,False,0.2290596759994514
343,sagereg,0.03,0.01,0.25,0.2,1.0,0.25,125.68936923503291,0.5857992041086522,False,0.2615340129996184
344,one_hop,0.03,0.01,0.25,0.2,1.0,0.25,158.8542374009165,0.7269637414688463,False,0.226508969999486
344,sagereg,0.03,0.01,0.25,0.2,1.0,0.25,158.8542392518762,0.7269636743254159,False,0.2554003650002414
345,one_hop,0.03,0.01,0.25,0.2,1.0,0.25,162.7046355973802,0.6360548474371185,False,0.2330714239997178
345,sagereg,0.03,0.01,0.25,0.2,1.0,0.25,162.7046150969993,0.6360550367600911,False,0.26595170300061
346,one_hop,0.03,0.01,0.25,0.2,1.0,0.25,100.54464960346938,0.7848782839602265,False,0.2320548499992583
346,sagereg,0.03,0.01,0.25,0.2,1.0,0.25,100.54465071293484,0.7848783314230457,False,0.2596694009989733
347,one_hop,0.03,0.01,0.25,0.2,1.0,0.25,96.11520373389229,0.9121806641065288,False,0.228549973000554
347,sagereg,0.03,0.01,0.25,0.2,1.0,0.25,96.1152012372104,0.9121806391030056,False,0.2591503490002651
348,one_hop,0.03,0.01,0.25,0.2,1.0,0.25,160.26295913259335,0.9709721377275864,False,0.230479211999409
348,sagereg,0.03,0.01,0.25,0.2,1.0,0.25,160.2629151309535,0.9709717468622144,False,0.2594332780008699
349,one_hop,0.03,0.01,0.25,0.2,1.0,0.25,93.89635581095284,0.5059390365242402,False,0.2305501669998193
349,sagereg,0.03,0.01,0.25,0.2,1.0,0.25,93.89635964684544,0.5059391364749458,False,0.2575276049992681
350,one_hop,0.03,0.01,0.25,0.2,1.0,0.25,154.224647244052,0.6319338446858954,False,0.2299326649990689
350,sagereg,0.03,0.01,0.25,0.2,1.0,0.25,154.22464933930215,0.6319338376929606,False,0.2598416149994591
351,one_hop,0.03,0.01,0.25,0.2,1.0,0.25,163.73678013616492,0.3673426674297855,False,0.2194167720008408
351,sagereg,0.03,0.01,0.25,0.2,1.0,0.25,163.7367782426074,0.3673426490055703,False,0.2494524860012461
352,one_hop,0.03,0.01,0.25,0.2,1.0,0.25,106.33171081444682,0.8468352573828374,False,0.2255283480008074
352,sagereg,0.03,0.01,0.25,0.2,1.0,0.25,106.33171197308914,0.8468352756683152,False,0.254801770000995
353,one_hop,0.03,0.01,0.25,0.2,1.0,0.25,41.81609962799632,0.2280653501707321,False,0.2311832969990064
353,sagereg,0.03,0.01,0.25,0.2,1.0,0.25,41.81609050389789,0.2280651990784081,False,0.2604502360009064
354,one_hop,0.03,0.01,0.25,0.2,1.0,0.25,95.9894679191938,0.3090082840883498,False,0.2297116560002905
354,sagereg,0.03,0.01,0.25,0.2,1.0,0.25,95.98942633301192,0.3090072205290534,False,0.2579848580007819
355,one_hop,0.03,0.01,0.25,0.2,1.0,0.25,24.459285122766524,1.1571426167112946,False,0.2235038039998471
355,sagereg,0.03,0.01,0.25,0.2,1.0,0.25,24.45928700982372,1.1571426117674428,False,0.2505301119999785
356,one_hop,0.03,0.01,0.25,0.2,1.0,0.25,78.62069187616274,0.2347857875858499,False,0.2252080130001559
356,sagereg,0.03,0.01,0.25,0.2,1.0,0.25,78.62069253834613,0.2347857562797707,False,0.2534698929994192
357,one_hop,0.03,0.01,0.25,0.2,1.0,0.25,115.90479884159994,0.5904332700646221,False,0.2326556119987799
357,sagereg,0.03,0.01,0.25,0.2,1.0,0.25,115.90481345046172,0.5904332339451817,False,0.2604884400006995
358,one_hop,0.03,0.01,0.25,0.2,1.0,0.25,171.9895226210154,0.506862231683551,False,0.2250609530001384
358,sagereg,0.03,0.01,0.25,0.2,1.0,0.25,171.98951582509852,0.5068622246151492,False,0.2561279620003915
359,one_hop,0.03,0.01,0.25,0.2,1.0,0.25,150.9501175964426,0.6283246838529742,False,0.2302711590000399
359,sagereg,0.03,0.01,0.25,0.2,1.0,0.25,150.95011335916945,0.6283248294396545,False,0.2588700109990896
360,one_hop,0.03,0.01,0.25,0.8,0.0,0.0,132.1241703122655,0.6283451271151254,False,0.256356488000165
360,sagereg,0.03,0.01,0.25,0.8,0.0,0.0,132.1241717073812,0.628345119214201,False,0.2850617050007713
361,one_hop,0.03,0.01,0.25,0.8,0.0,0.0,158.38566254358568,0.1637620777176061,False,0.2569039179998071
361,sagereg,0.03,0.01,0.25,0.8,0.0,0.0,158.38565959452492,0.1637620394982631,False,0.2878715930000908
362,one_hop,0.03,0.01,0.25,0.8,0.0,0.0,156.98585815269143,0.8306422735958623,False,0.2512903269998787
362,sagereg,0.03,0.01,0.25,0.8,0.0,0.0,156.9858600186414,0.8306422923035967,False,0.2808106320007937
363,one_hop,0.03,0.01,0.25,0.8,0.0,0.0,177.28310509682123,0.8162675713781191,False,0.2538297709998005
363,sagereg,0.03,0.01,0.25,0.8,0.0,0.0,177.2831050388573,0.8162675675499069,False,0.2815663719993608
364,one_hop,0.03,0.01,0.25,0.8,0.0,0.0,171.62139276146897,0.8331123556387567,False,0.2548180109988607
364,sagereg,0.03,0.01,0.25,0.8,0.0,0.0,171.6214014740744,0.8331120452611532,False,0.2839022269999987
365,one_hop,0.03,0.01,0.25,0.8,0.0,0.0,14.10479905231669,0.506719591791782,False,0.2570822360012244
365,sagereg,0.03,0.01,0.25,0.8,0.0,0.0,14.10479758979742,0.5067195679501005,False,0.2881370300001435
366,one_hop,0.03,0.01,0.25,0.8,0.0,0.0,79.09242817325739,0.6576699756958126,False,0.2589485230000719
366,sagereg,0.03,0.01,0.25,0.8,0.0,0.0,79.09242608654485,0.6576699714719088,False,0.2897894670004461
367,one_hop,0.03,0.01,0.25,0.8,0.0,0.0,143.86378448384104,0.1485184785667226,False,0.2596700920003059
367,sagereg,0.03,0.01,0.25,0.8,0.0,0.0,143.86378440786214,0.1485184822115926,False,0.2908396490001905
368,one_hop,0.03,0.01,0.25,0.8,0.0,0.0,63.85898382381114,0.5820847041896154,False,0.2625634809992334
368,sagereg,0.03,0.01,0.25,0.8,0.0,0.0,63.858983392793256,0.5820846828565734,False,0.2931559409989859
369,one_hop,0.03,0.01,0.25,0.8,0.0,0.0,57.63601102663719,0.8362137955734996,False,0.2614725060011551
369,sagereg,0.03,0.01,0.25,0.8,0.0,0.0,57.636011975854025,0.8362138919479445,False,0.2901423259991134
370,one_hop,0.03,0.01,0.25,0.8,0.0,0.0,76.0714722875172,0.8380676944414497,False,0.2559271299996908
370,sagereg,0.03,0.01,0.25,0.8,0.0,0.0,76.07147582975965,0.838067651974629,False,0.2851164629992126
371,one_hop,0.03,0.01,0.25,0.8,0.0,0.0,168.53923885480734,0.4879373104090486,False,0.256228659000044
371,sagereg,0.03,0.01,0.25,0.8,0.0,0.0,168.53923818745488,0.4879373230387544,False,0.2855696810001973
372,one_hop,0.03,0.01,0.25,0.8,0.0,0.0,177.62043029418146,0.8990556376990243,False,0.2569138069993641
372,sagereg,0.03,0.01,0.25,0.8,0.0,0.0,177.6204304143644,0.8990556535243136,False,0.2874440989999129
373,one_hop,0.03,0.01,0.25,0.8,0.0,0.0,110.8657605565154,0.3960068089340834,False,0.2569281209998735
373,sagereg,0.03,0.01,0.25,0.8,0.0,0.0,110.8657640445711,0.3960066294733877,False,0.2878416389994527
374,one_hop,0.03,0.01,0.25,0.8,0.0,0.0,145.67926479292132,0.5202836127321795,False,0.256797121001
374,sagereg,0.03,0.01,0.25,0.8,0.0,0.0,145.67926605444003,0.5202835844766898,False,0.2855351359994529
375,one_hop,0.03,0.01,0.25,0.8,0.0,0.0,159.27052119121686,1.0122653046023369,False,0.2577991250000195
375,sagereg,0.03,0.01,0.25,0.8,0.0,0.0,159.27052090228534,1.0122653009140017,False,0.2887296360004256
376,one_hop,0.03,0.01,0.25,0.8,0.0,0.0,130.50845209313673,0.5099904863814791,False,0.2571551529999851
376,sagereg,0.03,0.01,0.25,0.8,0.0,0.0,130.5084545351309,0.509990471703742,False,0.2872147469988704
377,one_hop,0.03,0.01,0.25,0.8,0.0,0.0,173.73351114420453,0.940844224988632,False,0.2589333539999643
377,sagereg,0.03,0.01,0.25,0.8,0.0,0.0,173.7335109001532,0.940844203248469,False,0.2893705420010519
378,one_hop,0.03,0.01,0.25,0.8,0.0,0.0,119.13433959505372,0.8299607441715576,False,0.2594430540011672
378,sagereg,0.03,0.01,0.25,0.8,0.0,0.0,119.13433762527907,0.8299607358300101,False,0.288519751999047
379,one_hop,0.03,0.01,0.25,0.8,0.0,0.0,106.74516260688311,0.8436518626065184,False,0.2520214549986121
379,sagereg,0.03,0.01,0.25,0.8,0.0,0.0,106.74516356276442,0.8436518416647345,False,0.2821694970007229
380,one_hop,0.03,0.01,0.25,0.8,0.0,0.25,144.86338608312695,0.5576974106304682,False,0.2396773689997644
380,sagereg,0.03,0.01,0.25,0.8,0.0,0.25,144.86338583433349,0.5576974194520327,False,0.271304642999894
381,one_hop,0.03,0.01,0.25,0.8,0.0,0.25,64.30354632048034,1.0191804901073318,False,0.2406295990003855
381,sagereg,0.03,0.01,0.25,0.8,0.0,0.25,64.30354572034095,1.0191805080489178,False,0.2714940680016298
382,one_hop,0.03,0.01,0.25,0.8,0.0,0.25,96.43425884021724,0.7603589077653029,False,0.2376697830004559
382,sagereg,0.03,0.01,0.25,0.8,0.0,0.25,96.43425947008888,0.7603589145053872,False,0.2666922869993868
383,one_hop,0.03,0.01,0.25,0.8,0.0,0.25,50.64008925970508,0.713024929195443,False,0.2385705019987654
383,sagereg,0.03,0.01,0.25,0.8,0.0,0.25,50.64008690091028,0.7130248908815745,False,0.2687054699999862
384,one_hop,0.03,0.01,0.25,0.8,0.0,0.25,174.24537770407886,0.933384541774954,False,0.2372945900006016
384,sagereg,0.03,0.01,0.25,0.8,0.0,0.25,174.24537775179422,0.9333845330353026,False,0.2648103880001144
385,one_hop,0.03,0.01,0.25,0.8,0.0,0.25,137.38108509045878,0.5074832893183072,False,0.2363903200002823
385,sagereg,0.03,0.01,0.25,0.8,0.0,0.25,137.38108701464236,0.5074832876700118,False,0.2686627830007637
386,one_hop,0.03,0.01,0.25,0.8,0.0,0.25,70.61311960420477,1.102940309925147,False,0.2375315459994453
386,sagereg,0.03,0.01,0.25,0.8,0.0,0.25,70.61312056229258,1.10294036074013,False,0.2664928049998707
387,one_hop,0.03,0.01,0.25,0.8,0.0,0.25,83.51096401380953,0.6236773042420034,False,0.2383730820001801
387,sagereg,0.03,0.01,0.25,0.8,0.0,0.25,83.51096477679536,0.6236773041906913,False,0.2688504819998343
388,one_hop,0.03,0.01,0.25,0.8,0.0,0.25,174.2123895989145,0.7346979403227971,False,0.2355125550002412
388,sagereg,0.03,0.01,0.25,0.8,0.0,0.25,174.21239063130832,0.7346978900564367,False,0.2662448709997989
389,one_hop,0.03,0.01,0.25,0.8,0.0,0.25,176.03313679959456,0.5425577372921347,False,0.2405466210002487
389,sagereg,0.03,0.01,0.25,0.8,0.0,0.25,176.03313641569954,0.542557816134585,False,0.2711802680005348
390,one_hop,0.03,0.01,0.25,0.8,0.0,0.25,118.623446135535,0.6558074817412143,False,0.2383450079996691
390,sagereg,0.03,0.01,0.25,0.8,0.0,0.25,118.62344433433788,0.6558074599382823,False,0.2704463099998975
391,one_hop,0.03,0.01,0.25,0.8,0.0,0.25,172.42577470558956,0.8047863092450697,False,0.2360665619999054
391,sagereg,0.03,0.01,0.25,0.8,0.0,0.25,172.42576911825887,0.8047862460630064,False,0.2660486349996063
392,one_hop,0.03,0.01,0.25,0.8,0.0,0.25,127.42474851483502,0.7369808427421394,False,0.2367250179995608
392,sagereg,0.03,0.01,0.25,0.8,0.0,0.25,127.42474798181476,0.736980822445115,False,0.266766828000982
393,one_hop,0.03,0.01,0.25,0.8,0.0,0.25,147.98634068167502,0.7975105732229465,False,0.2394237509997765
393,sagereg,0.03,0.01,0.25,0.8,0.0,0.25,147.98634376188,0.7975105151068351,False,0.2719372829997155
394,one_hop,0.03,0.01,0.25,0.8,0.0,0.25,141.84844449968784,0.5490019303336409,False,0.2382142040005419
394,sagereg,0.03,0.01,0.25,0.8,0.0,0.25,141.8484449216773,0.5490019415225299,False,0.2690083119996416
395,one_hop,0.03,0.01,0.25,0.8,0.0,0.25,83.77990604521146,0.4649023228749114,False,0.2319968479987437
395,sagereg,0.03,0.01,0.25,0.8,0.0,0.25,83.77990609145505,0.4649022760124748,False,0.2619076169994514
396,one_hop,0.03,0.01,0.25,0.8,0.0,0.25,50.25849852206095,1.0781951320978194,False,0.2373216570013028
396,sagereg,0.03,0.01,0.25,0.8,0.0,0.25,50.25849917564203,1.0781951070045357,False,0.2686665519995586
397,one_hop,0.03,0.01,0.25,0.8,0.0,0.25,69.54079390116605,0.7807017472116838,False,0.2337274069996056
397,sagereg,0.03,0.01,0.25,0.8,0.0,0.25,69.54079375431344,0.7807017276140658,False,0.2631159159991512
398,one_hop,0.03,0.01,0.25,0.8,0.0,0.25,175.7085255406977,0.9322047698049468,False,0.2339628320005431
398,sagereg,0.03,0.01,0.25,0.8,0.0,0.25,175.70852802733833,0.932204852762108,False,0.2633327759995154
399,one_hop,0.03,0.01,0.25,0.8,0.0,0.25,91.3426763987239,0.6359228019580949,False,0.2381559040004504
399,sagereg,0.03,0.01,0.25,0.8,0.0,0.25,91.34268014963844,0.6359228985102281,False,0.267145461999462
400,one_hop,0.03,0.01,0.25,0.8,0.5,0.0,141.87229944549324,0.2914074237422796,False,0.2499997260001691
400,sagereg,0.03,0.01,0.25,0.8,0.5,0.0,141.8722986173931,0.2914074365199031,False,0.282230218001132
401,one_hop,0.03,0.01,0.25,0.8,0.5,0.0,164.38885338181709,0.6075482019758033,False,0.2634031859997776
401,sagereg,0.03,0.01,0.25,0.8,0.5,0.0,164.3888525095907,0.6075481915001955,False,0.2945387800009484
402,one_hop,0.03,0.01,0.25,0.8,0.5,0.0,36.77864913094463,0.5716823284218797,False,0.2587888500002009
402,sagereg,0.03,0.01,0.25,0.8,0.5,0.0,36.77864755528381,0.5716823389817914,False,0.2869923050002398
403,one_hop,0.03,0.01,0.25,0.8,0.5,0.0,161.48173963292743,0.4026145584322388,False,0.2529790959997626
403,sagereg,0.03,0.01,0.25,0.8,0.5,0.0,161.4817387168998,0.4026145597336283,False,0.2814068339994264
404,one_hop,0.03,0.01,0.25,0.8,0.5,0.0,168.44864662397458,0.7236587247208561,False,0.2563341519999085
404,sagereg,0.03,0.01,0.25,0.8,0.5,0.0,168.44864563699718,0.7236587235357708,False,0.2874242950001644
405,one_hop,0.03,0.01,0.25,0.8,0.5,0.0,179.13951967482296,0.4929580440627532,False,0.2549336909996782
405,sagereg,0.03,0.01,0.25,0.8,0.5,0.0,179.13951936038512,0.492958072910665,False,0.2854428209993784
406,one_hop,0.03,0.01,0.25,0.8,0.5,0.0,176.71688107960657,1.2939745741082802,False,0.2482036900000821
406,sagereg,0.03,0.01,0.25,0.8,0.5,0.0,176.71688241217367,1.29397461424661,False,0.2762813890003599
407,one_hop,0.03,0.01,0.25,0.8,0.5,0.0,50.37943020599105,0.7744257674184031,False,0.2455788999996002
407,sagereg,0.03,0.01,0.25,0.8,0.5,0.0,50.379425716332,0.774425726561276,False,0.2760382069991465
408,one_hop,0.03,0.01,0.25,0.8,0.5,0.0,67.46601489993103,0.3034201320431992,False,0.2552692810004373
408,sagereg,0.03,0.01,0.25,0.8,0.5,0.0,67.46601410446956,0.3034201785045937,False,0.2850421750008536
409,one_hop,0.03,0.01,0.25,0.8,0.5,0.0,136.72963808582787,0.656264475014545,False,0.2514914819985279
409,sagereg,0.03,0.01,0.25,0.8,0.5,0.0,136.72963899264906,0.6562645068527959,False,0.2831644759990013
410,one_hop,0.03,0.01,0.25,0.8,0.5,0.0,134.98640003400794,0.840178102562401,False,0.2510642810011632
410,sagereg,0.03,0.01,0.25,0.8,0.5,0.0,134.98640012319672,0.8401781202557574,False,0.2784910520003905
411,one_hop,0.03,0.01,0.25,0.8,0.5,0.0,155.8382667903682,0.9288160634676432,False,0.2506224459993973
411,sagereg,0.03,0.01,0.25,0.8,0.5,0.0,155.83817385118894,0.9288170740534384,False,0.2810489859984955
412,one_hop,0.03,0.01,0.25,0.8,0.5,0.0,175.4310415483674,1.0060439675027957,False,0.2550678429997788
412,sagereg,0.03,0.01,0.25,0.8,0.5,0.0,175.43104162036056,1.0060439691748726,False,0.2830694700005551
413,one_hop,0.03,0.01,0.25,0.8,0.5,0.0,77.97092651743773,1.0869501742937324,False,0.2541237349996663
413,sagereg,0.03,0.01,0.25,0.8,0.5,0.0,77.97092585524341,1.0869504044080118,False,0.2847081449999677
414,one_hop,0.03,0.01,0.25,0.8,0.5,0.0,112.2419301490581,1.1136940870995826,False,0.2493337390005763
414,sagereg,0.03,0.01,0.25,0.8,0.5,0.0,112.24193089684482,1.113694046360544,False,0.2806435700003931
415,one_hop,0.03,0.01,0.25,0.8,0.5,0.0,158.7756460016364,0.9697409099769236,False,0.2554920990005485
415,sagereg,0.03,0.01,0.25,0.8,0.5,0.0,158.77564709452082,0.9697409345484792,False,0.2851614269984566
416,one_hop,0.03,0.01,0.25,0.8,0.5,0.0,94.41504023448329,0.7982299422002685,False,0.2507658180002181
416,sagereg,0.03,0.01,0.25,0.8,0.5,0.0,94.41503905814167,0.7982299345573578,False,0.2815365869992092
417,one_hop,0.03,0.01,0.25,0.8,0.5,0.0,172.77369224308134,0.7188046893463995,False,0.2576990960005787
417,sagereg,0.03,0.01,0.25,0.8,0.5,0.0,172.77369207611642,0.7188046960032374,False,0.2871189599991339
418,one_hop,0.03,0.01,0.25,0.8,0.5,0.0,53.10509022537871,0.7367371060517064,False,0.2499114319998625
418,sagereg,0.03,0.01,0.25,0.8,0.5,0.0,53.10508850204776,0.7367371682900584,False,0.2788907140002266
419,one_hop,0.03,0.01,0.25,0.8,0.5,0.0,67.02243451579584,0.2943424438598455,False,0.263303903000633
419,sagereg,0.03,0.01,0.25,0.8,0.5,0.0,67.02243193597774,0.294342435256731,False,0.288697191999745
420,one_hop,0.03,0.01,0.25,0.8,0.5,0.25,20.52431172526383,0.5913906019744658,False,0.2341897950009297
420,sagereg,0.03,0.01,0.25,0.8,0.5,0.25,20.524313076432048,0.591390583982587,False,0.2648099919988453
421,one_hop,0.03,0.01,0.25,0.8,0.5,0.25,107.86441349021322,0.4427466649188953,False,0.2335408519993507
421,sagereg,0.03,0.01,0.25,0.8,0.5,0.25,107.8644135675154,0.4427466791695909,False,0.2651443459999427
422,one_hop,0.03,0.01,0.25,0.8,0.5,0.25,100.18384884726856,0.8310919100101741,False,0.2293875199993635
422,sagereg,0.03,0.01,0.25,0.8,0.5,0.25,100.18384948614064,0.8310919303450728,False,0.2603827670009195
423,one_hop,0.03,0.01,0.25,0.8,0.5,0.25,90.96834888268312,0.8638957806172117,False,0.2334173570015991
423,sagereg,0.03,0.01,0.25,0.8,0.5,0.25,90.96834870537572,0.863895768662987,False,0.2634238099999493
424,one_hop,0.03,0.01,0.25,0.8,0.5,0.25,28.7848695116228,0.5428874668685036,False,0.2295178849999501
424,sagereg,0.03,0.01,0.25,0.8,0.5,0.25,28.784868486761027,0.5428874703387607,False,0.2629430180004419
425,one_hop,0.03,0.01,0.25,0.8,0.5,0.25,133.88872531202318,0.9773198901920028,False,0.2289752409997163
425,sagereg,0.03,0.01,0.25,0.8,0.5,0.25,133.8887283215432,0.9773200048741636,False,0.2588794149996829
426,one_hop,0.03,0.01,0.25,0.8,0.5,0.25,78.92614382794979,0.5026617803109749,False,0.2323555530001613
426,sagereg,0.03,0.01,0.25,0.8,0.5,0.25,78.92612649851252,0.5026616096898999,False,0.2635916050003288
427,one_hop,0.03,0.01,0.25,0.8,0.5,0.25,30.692945016511565,0.8915750927353643,False,0.2283814759994129
427,sagereg,0.03,0.01,0.25,0.8,0.5,0.25,30.692973016254903,0.8915755143119704,False,0.2580848849993344
428,one_hop,0.03,0.01,0.25,0.8,0.5,0.25,174.38846588065292,0.7305605617127215,False,0.2304769370002759
428,sagereg,0.03,0.01,0.25,0.8,0.5,0.25,174.3884666964887,0.7305605488743973,False,0.2630632269992929
429,one_hop,0.03,0.01,0.25,0.8,0.5,0.25,133.45651921061582,0.2592153832333794,False,0.2354222510002728
429,sagereg,0.03,0.01,0.25,0.8,0.5,0.25,133.456518738808,0.2592153691605786,False,0.2656400550004036
430,one_hop,0.03,0.01,0.25,0.8,0.5,0.25,102.4197133608083,0.9752370093468534,False,0.2354544249992614
430,sagereg,0.03,0.01,0.25,0.8,0.5,0.25,102.41971314932944,0.9752370228976608,False,0.2645760079994943
431,one_hop,0.03,0.01,0.25,0.8,0.5,0.25,53.08576303317627,0.4942622241515035,False,0.2297059190004802
431,sagereg,0.03,0.01,0.25,0.8,0.5,0.25,53.08576324681793,0.4942622166467901,False,0.260309621999113
432,one_hop,0.03,0.01,0.25,0.8,0.5,0.25,177.21068929829585,0.188210828047682,False,0.229669588001343
432,sagereg,0.03,0.01,0.25,0.8,0.5,0.25,177.2106873489591,0.1882107230331526,False,0.2617333449998114
433,one_hop,0.03,0.01,0.25,0.8,0.5,0.25,136.6994415292973,0.2866448895143087,False,0.2301228659998742
433,sagereg,0.03,0.01,0.25,0.8,0.5,0.25,136.69944474564477,0.2866446211632327,False,0.2614334360005159
434,one_hop,0.03,0.01,0.25,0.8,0.5,0.25,80.16241314811475,0.6472452081274996,False,0.2315310550002323
434,sagereg,0.03,0.01,0.25,0.8,0.5,0.25,80.16241830770888,0.6472448740144705,False,0.2650346409991471
435,one_hop,0.03,0.01,0.25,0.8,0.5,0.25,124.4429319562566,0.4946598628974036,False,0.2339346970002225
435,sagereg,0.03,0.01,0.25,0.8,0.5,0.25,124.44293126229654,0.4946597601791759,False,0.2663968289998593
436,one_hop,0.03,0.01,0.25,0.8,0.5,0.25,119.90604603064864,0.5535819141495217,False,0.2323888419996365
436,sagereg,0.03,0.01,0.25,0.8,0.5,0.25,119.90604711171298,0.5535817548408472,False,0.2619507729996257
437,one_hop,0.03,0.01,0.25,0.8,0.5,0.25,133.29669423834503,0.9154652950046488,False,0.2344838680000975
437,sagereg,0.03,0.01,0.25,0.8,0.5,0.25,133.29669925602505,0.9154652396073808,False,0.2647125509993202
438,one_hop,0.03,0.01,0.25,0.8,0.5,0.25,45.26036958539828,0.7439179785118873,False,0.2358853980003914
438,sagereg,0.03,0.01,0.25,0.8,0.5,0.25,45.26036779210257,0.7439179513329112,False,0.2653913569993165
439,one_hop,0.03,0.01,0.25,0.8,0.5,0.25,89.50919290902861,0.4282443249897185,False,0.2345090819999313
439,sagereg,0.03,0.01,0.25,0.8,0.5,0.25,89.5091923854778,0.4282441531182435,False,0.2662977959989803
440,one_hop,0.03,0.01,0.25,0.8,1.0,0.0,72.63065063781488,0.9931645082571684,False,0.2496580850001919
440,sagereg,0.03,0.01,0.25,0.8,1.0,0.0,72.63065090804903,0.993164551898426,False,0.278639784999541
441,one_hop,0.03,0.01,0.25,0.8,1.0,0.0,139.98344180090535,0.8994550050512587,False,0.2558198970000376
441,sagereg,0.03,0.01,0.25,0.8,1.0,0.0,139.98344454247305,0.8994549536975686,False,0.2856097639996733
442,one_hop,0.03,0.01,0.25,0.8,1.0,0.0,132.947157947589,1.0369659996726504,False,0.249401836999823
442,sagereg,0.03,0.01,0.25,0.8,1.0,0.0,132.94715795602662,1.0369660016836162,False,0.279764986000373
443,one_hop,0.03,0.01,0.25,0.8,1.0,0.0,46.77164077501725,0.4442160135581797,False,0.2535868779996235
443,sagereg,0.03,0.01,0.25,0.8,1.0,0.0,46.7716519343632,0.444215856324008,False,0.2834061440007644
444,one_hop,0.03,0.01,0.25,0.8,1.0,0.0,133.66943880787693,0.5572828254300504,False,0.2540827079992596
444,sagereg,0.03,0.01,0.25,0.8,1.0,0.0,133.66943856935538,0.5572827966674434,False,0.2839232129990705
445,one_hop,0.03,0.01,0.25,0.8,1.0,0.0,177.03271612397188,0.7491682999906724,False,0.2537121389996173
445,sagereg,0.03,0.01,0.25,0.8,1.0,0.0,177.0327223261707,0.749168400801018,False,0.2835277320009481
446,one_hop,0.03,0.01,0.25,0.8,1.0,0.0,143.39500594316374,0.7092695671569796,False,0.2504457810009626
446,sagereg,0.03,0.01,0.25,0.8,1.0,0.0,143.39500304783598,0.7092695824707054,False,0.2797142720010015
447,one_hop,0.03,0.01,0.25,0.8,1.0,0.0,21.00748685058308,1.0424073483467289,False,0.2482197190001898
447,sagereg,0.03,0.01,0.25,0.8,1.0,0.0,21.007487622169776,1.042407341159571,False,0.2749323379994166
448,one_hop,0.03,0.01,0.25,0.8,1.0,0.0,12.02553251844058,0.6622020639335743,False,0.2564555469998595
448,sagereg,0.03,0.01,0.25,0.8,1.0,0.0,12.025529821808364,0.6622020155271682,False,0.2863212779993773
449,one_hop,0.03,0.01,0.25,0.8,1.0,0.0,89.11276745211482,0.9253704777376652,False,0.2517908600002556
449,sagereg,0.03,0.01,0.25,0.8,1.0,0.0,89.11276738131066,0.9253704906122412,False,0.2827334199992037
450,one_hop,0.03,0.01,0.25,0.8,1.0,0.0,76.54859515679607,0.255266216195897,False,0.2485789479997038
450,sagereg,0.03,0.01,0.25,0.8,1.0,0.0,76.54859550938603,0.2552662199241658,False,0.2787697420008044
451,one_hop,0.03,0.01,0.25,0.8,1.0,0.0,30.38821157163688,0.9411331450869294,False,0.2554424829995696
451,sagereg,0.03,0.01,0.25,0.8,1.0,0.0,30.388206752772973,0.9411331343563664,False,0.2854032030008966
452,one_hop,0.03,0.01,0.25,0.8,1.0,0.0,150.31402829358453,0.5420834222929732,False,0.2538422270008595
452,sagereg,0.03,0.01,0.25,0.8,1.0,0.0,150.3140268093522,0.5420833915711194,False,0.2847578109995083
453,one_hop,0.03,0.01,0.25,0.8,1.0,0.0,113.85954212300368,0.2526418471268044,False,0.2573467619986331
453,sagereg,0.03,0.01,0.25,0.8,1.0,0.0,113.8595422567202,0.2526418792424367,False,0.2871895099997346
454,one_hop,0.03,0.01,0.25,0.8,1.0,0.0,177.2355574826252,0.6031098011147559,False,0.2492665129993838
454,sagereg,0.03,0.01,0.25,0.8,1.0,0.0,177.2355584400094,0.6031098070614711,False,0.2784757429999445
455,one_hop,0.03,0.01,0.25,0.8,1.0,0.0,110.68830384414952,0.6504374979978138,False,0.2521063339991087
455,sagereg,0.03,0.01,0.25,0.8,1.0,0.0,110.688303660591,0.650437492137319,False,0.2809791059989948
456,one_hop,0.03,0.01,0.25,0.8,1.0,0.0,177.4955705053256,0.5196930668139136,False,0.2523424799983331
456,sagereg,0.03,0.01,0.25,0.8,1.0,0.0,177.49556943938148,0.5196930480040182,False,0.2837252669996815
457,one_hop,0.03,0.01,0.25,0.8,1.0,0.0,144.70584364234665,0.8229869366187956,False,0.2551645010007632
457,sagereg,0.03,0.01,0.25,0.8,1.0,0.0,144.70583892065827,0.8229868960788305,False,0.2873650700003054
458,one_hop,0.03,0.01,0.25,0.8,1.0,0.0,167.34887222560943,1.0365298678725317,False,0.2492097630001808
458,sagereg,0.03,0.01,0.25,0.8,1.0,0.0,167.34886935093311,1.0365298307297568,False,0.2802818660002231
459,one_hop,0.03,0.01,0.25,0.8,1.0,0.0,84.59500723684721,0.4376831204052165,False,0.2542703060007625
459,sagereg,0.03,0.01,0.25,0.8,1.0,0.0,84.59500409864803,0.4376830996292413,False,0.2847219069990387
460,one_hop,0.03,0.01,0.25,0.8,1.0,0.25,106.42835492943284,0.5784928494724153,False,0.226649867998276
460,sagereg,0.03,0.01,0.25,0.8,1.0,0.25,106.42835689237,0.578492872891123,False,0.2575554109989753
461,one_hop,0.03,0.01,0.25,0.8,1.0,0.25,105.22473694768198,1.0378713503994612,False,0.2382871869995142
461,sagereg,0.03,0.01,0.25,0.8,1.0,0.25,105.2247382614692,1.0378713261313113,False,0.2687849769990862
462,one_hop,0.03,0.01,0.25,0.8,1.0,0.25,112.67450263145072,0.6047240903612732,False,0.2259197919993312
462,sagereg,0.03,0.01,0.25,0.8,1.0,0.25,112.67450340143088,0.6047242113024456,False,0.2574865440001304
463,one_hop,0.03,0.01,0.25,0.8,1.0,0.25,138.70721780801418,0.4030277509877344,False,0.2244590219997917
463,sagereg,0.03,0.01,0.25,0.8,1.0,0.25,138.70721923204417,0.4030276895720822,False,0.2552339989997563
464,one_hop,0.03,0.01,0.25,0.8,1.0,0.25,165.89219933998828,1.065661544567913,False,0.2288864860001922
464,sagereg,0.03,0.01,0.25,0.8,1.0,0.25,165.8921886860514,1.065662080167603,False,0.260428409999804
465,one_hop,0.03,0.01,0.25,0.8,1.0,0.25,77.61245217126233,0.5521117401680585,False,0.2282251819997327
465,sagereg,0.03,0.01,0.25,0.8,1.0,0.25,77.6124536556113,0.5521116768951375,False,0.2596413000010216
466,one_hop,0.03,0.01,0.25,0.8,1.0,0.25,122.2074934812207,0.8768755682341649,False,0.230286210999111
466,sagereg,0.03,0.01,0.25,0.8,1.0,0.25,122.207487655806,0.8768756600041642,False,0.2578552350005338
467,one_hop,0.03,0.01,0.25,0.8,1.0,0.25,146.0304968769346,0.7089071358405177,False,0.2271579500011284
467,sagereg,0.03,0.01,0.25,0.8,1.0,0.25,146.03049368421773,0.7089071380863675,False,0.257704323001235
468,one_hop,0.03,0.01,0.25,0.8,1.0,0.25,75.53553350460489,0.8854803630580628,False,0.2315167110009497
468,sagereg,0.03,0.01,0.25,0.8,1.0,0.25,75.53553346557833,0.8854803291975819,False,0.2611376879995077
469,one_hop,0.03,0.01,0.25,0.8,1.0,0.25,172.6366275375411,0.5999947915967364,False,0.2320539020001888
469,sagereg,0.03,0.01,0.25,0.8,1.0,0.25,172.6366270467289,0.599994739829603,False,0.2633689579997735
470,one_hop,0.03,0.01,0.25,0.8,1.0,0.25,166.17641218016334,0.3540879748939272,False,0.230660335999346
470,sagereg,0.03,0.01,0.25,0.8,1.0,0.25,166.17641071000511,0.3540880718024145,False,0.2625485000007757
471,one_hop,0.03,0.01,0.25,0.8,1.0,0.25,57.83975459073071,0.3728750476592616,False,0.2287261310011672
471,sagereg,0.03,0.01,0.25,0.8,1.0,0.25,57.83975411708008,0.3728751203716321,False,0.2600867310011381
472,one_hop,0.03,0.01,0.25,0.8,1.0,0.25,151.53035208295424,0.6823107848352148,False,0.2337640969999483
472,sagereg,0.03,0.01,0.25,0.8,1.0,0.25,151.5303556538391,0.68231078400914,False,0.2606809349999821
473,one_hop,0.03,0.01,0.25,0.8,1.0,0.25,101.24712523722538,0.8214056679239495,False,0.2353809370015369
473,sagereg,0.03,0.01,0.25,0.8,1.0,0.25,101.24712480662652,0.8214056659174025,False,0.2630489560015121
474,one_hop,0.03,0.01,0.25,0.8,1.0,0.25,132.85906766761272,0.546482515086061,False,0.2313434480001888
474,sagereg,0.03,0.01,0.25,0.8,1.0,0.25,132.85906687428687,0.5464825171005774,False,0.2614189569994778
475,one_hop,0.03,0.01,0.25,0.8,1.0,0.25,98.09221603070972,0.2793055205616837,False,0.2250222479997319
475,sagereg,0.03,0.01,0.25,0.8,1.0,0.25,98.09205078484324,0.2792900122608585,False,0.2564084860005096
476,one_hop,0.03,0.01,0.25,0.8,1.0,0.25,132.82978825192552,0.5001879406160312,False,0.2238223799995466
476,sagereg,0.03,0.01,0.25,0.8,1.0,0.25,132.82978920040358,0.500187885101549,False,0.2552141209998808
477,one_hop,0.03,0.01,0.25,0.8,1.0,0.25,174.68685089882882,1.1856785039115023,False,0.2305101199999626
477,sagereg,0.03,0.01,0.25,0.8,1.0,0.25,174.68685170979964,1.1856785075464735,False,0.2613178939991485
478,one_hop,0.03,0.01,0.25,0.8,1.0,0.25,146.19674916564728,0.4899478298645704,False,0.2263212060006481
478,sagereg,0.03,0.01,0.25,0.8,1.0,0.25,146.19674996681957,0.4899478398781081,False,0.2557127050004055
479,one_hop,0.03,0.01,0.25,0.8,1.0,0.25,165.43652138943324,0.6103812160866517,False,0.2311750230001052
479,sagereg,0.03,0.01,0.25,0.8,1.0,0.25,165.43650573879947,0.6103814319804566,False,0.2631468629988376
480,one_hop,0.03,0.01,0.5,0.055,0.0,0.0,49.717495070320425,0.6150246672230459,False,0.226542585000061
480,sagereg,0.03,0.01,0.5,0.055,0.0,0.0,0.2751092783608587,0.0019754670780679,True,0.2538323999997374
481,one_hop,0.03,0.01,0.5,0.055,0.0,0.0,94.435444773579,1.7596975836788191,False,0.23562386499907
481,sagereg,0.03,0.01,0.5,0.055,0.0,0.0,92.71100598154602,1.3379376681870825,False,0.2606868539987772
482,one_hop,0.03,0.01,0.5,0.055,0.0,0.0,140.40916799847625,1.4907186536509178,False,0.2313117419998889
482,sagereg,0.03,0.01,0.5,0.055,0.0,0.0,140.89776404662712,1.4927051645516956,False,0.2553006529997219
483,one_hop,0.03,0.01,0.5,0.055,0.0,0.0,176.65772118897493,0.4455761733969626,False,0.2362383170002431
483,sagereg,0.03,0.01,0.5,0.055,0.0,0.0,176.65609279766238,0.445577007425093,False,0.2650369769999088
484,one_hop,0.03,0.01,0.5,0.055,0.0,0.0,40.99337603609551,0.6019371068962471,False,0.2337234229999012
484,sagereg,0.03,0.01,0.5,0.055,0.0,0.0,40.32610145140587,0.5996043326669319,False,0.2611957749995781
485,one_hop,0.03,0.01,0.5,0.055,0.0,0.0,145.99808138090089,1.1143091664763856,False,0.2324752660006197
485,sagereg,0.03,0.01,0.5,0.055,0.0,0.0,45.7301829478497,1.60753168456607,False,0.2576658279995172
486,one_hop,0.03,0.01,0.5,0.055,0.0,0.0,157.72091974254127,0.5298560768828939,False,0.2310310449993267
486,sagereg,0.03,0.01,0.5,0.055,0.0,0.0,155.27950015595655,0.5442925909699535,False,0.2547325359992101
487,one_hop,0.03,0.01,0.5,0.055,0.0,0.0,156.55336183320648,1.5729499943763303,False,0.2363513380005315
487,sagereg,0.03,0.01,0.5,0.055,0.0,0.0,132.3024292480577,1.0548611166318502,False,0.2603793840007711
488,one_hop,0.03,0.01,0.5,0.055,0.0,0.0,159.33235110459248,0.4860140473066645,False,0.2334049969995248
488,sagereg,0.03,0.01,0.5,0.055,0.0,0.0,160.68312178961443,0.4882224243370534,False,0.2587443739994342
489,one_hop,0.03,0.01,0.5,0.055,0.0,0.0,93.18978038027538,1.0815812681788055,False,0.22872237699994
489,sagereg,0.03,0.01,0.5,0.055,0.0,0.0,93.16545982936846,1.081613129206604,False,0.2518734169989329
490,one_hop,0.03,0.01,0.5,0.055,0.0,0.0,169.66907607919373,0.5865938057482594,False,0.2440921779998461
490,sagereg,0.03,0.01,0.5,0.055,0.0,0.0,170.73303898065868,0.5682148943651387,False,0.2701538999990589
491,one_hop,0.03,0.01,0.5,0.055,0.0,0.0,160.53236082954288,0.9704319257229876,False,0.2356919249996281
491,sagereg,0.03,0.01,0.5,0.055,0.0,0.0,158.09319853929853,0.9852086102635924,False,0.260879687999477
492,one_hop,0.03,0.01,0.5,0.055,0.0,0.0,58.441122977014224,0.99584744905894,False,0.2418133909995958
492,sagereg,0.03,0.01,0.5,0.055,0.0,0.0,99.54764504378186,1.187241148806527,False,0.262888881001345
493,one_hop,0.03,0.01,0.5,0.055,0.0,0.0,112.1739349459599,0.7054845524243116,False,0.2361323429995536
493,sagereg,0.03,0.01,0.5,0.055,0.0,0.0,110.53900077260616,0.6747085083121733,False,0.2622430070005066
494,one_hop,0.03,0.01,0.5,0.055,0.0,0.0,163.86722668780843,1.3809346977196144,False,0.2334475919997203
494,sagereg,0.03,0.01,0.5,0.055,0.0,0.0,159.4003894785453,1.3780451822439377,False,0.2583760520010401
495,one_hop,0.03,0.01,0.5,0.055,0.0,0.0,62.21947231169638,1.0668728142210575,False,0.2418250280006759
495,sagereg,0.03,0.01,0.5,0.055,0.0,0.0,143.9988646910326,1.4272545886683057,False,0.2666866979998303
496,one_hop,0.03,0.01,0.5,0.055,0.0,0.0,120.53778735003048,1.071491833222144,False,0.2391081009991467
496,sagereg,0.03,0.01,0.5,0.055,0.0,0.0,120.56844131732548,1.0722511674220756,False,0.2625611189996562
497,one_hop,0.03,0.01,0.5,0.055,0.0,0.0,0.8926104360522937,0.0040272801948402,True,0.2402227140009927
497,sagereg,0.03,0.01,0.5,0.055,0.0,0.0,0.892610067714216,0.0040272795846066,True,0.2684468280003784
498,one_hop,0.03,0.01,0.5,0.055,0.0,0.0,173.5400408989118,0.4596883921308861,False,0.2418681330000254
498,sagereg,0.03,0.01,0.5,0.055,0.0,0.0,141.73783592191722,0.5289354039739438,False,0.2664494689997809
499,one_hop,0.03,0.01,0.5,0.055,0.0,0.0,172.69566279710205,1.061581600482133,False,0.2353498280008352
499,sagereg,0.03,0.01,0.5,0.055,0.0,0.0,172.2337078307398,1.0570522493116885,False,0.2645702200006781
500,one_hop,0.03,0.01,0.5,0.055,0.0,0.25,59.020430638369895,0.6169240454940992,False,0.2123134470002696
500,sagereg,0.03,0.01,0.5,0.055,0.0,0.25,59.34784401954124,0.6445694721352493,False,0.2366468429991073
501,one_hop,0.03,0.01,0.5,0.055,0.0,0.25,47.92702550661222,0.7743610786082264,False,0.2153937969997059
501,sagereg,0.03,0.01,0.5,0.055,0.0,0.25,48.88455021583263,0.7737456287692835,False,0.2421394770008191
502,one_hop,0.03,0.01,0.5,0.055,0.0,0.25,122.66273717619154,1.1095985525048098,False,0.2200059789993247
502,sagereg,0.03,0.01,0.5,0.055,0.0,0.25,153.49723931068883,1.0472207571290115,False,0.244172366001294
503,one_hop,0.03,0.01,0.5,0.055,0.0,0.25,56.383366006118,1.8718298625768075,False,0.2167183900000964
503,sagereg,0.03,0.01,0.5,0.055,0.0,0.25,52.47945661912142,1.8632417475326664,False,0.2413332079995598
504,one_hop,0.03,0.01,0.5,0.055,0.0,0.25,146.5189250625602,0.8490464118296067,False,0.2156390589989314
504,sagereg,0.03,0.01,0.5,0.055,0.0,0.25,146.5332504302361,0.8484398468404916,False,0.2411600870000256
505,one_hop,0.03,0.01,0.5,0.055,0.0,0.25,179.87374166948194,1.809114517614288,False,0.2112265630003094
505,sagereg,0.03,0.01,0.5,0.055,0.0,0.25,106.0544823044942,0.8569149394724956,False,0.237311304999821
506,one_hop,0.03,0.01,0.5,0.055,0.0,0.25,142.98040033855227,0.4249983204488334,False,0.2190449030003947
506,sagereg,0.03,0.01,0.5,0.055,0.0,0.25,145.87470437270125,0.4025787315326066,False,0.2456569959995249
507,one_hop,0.03,0.01,0.5,0.055,0.0,0.25,136.79039329970385,0.1986769036817183,False,0.2192155760003515
507,sagereg,0.03,0.01,0.5,0.055,0.0,0.25,112.47409030961528,0.473323297539319,False,0.245975455000007
508,one_hop,0.03,0.01,0.5,0.055,0.0,0.25,94.08991767302456,0.8825891665610807,False,0.2228502569996635
508,sagereg,0.03,0.01,0.5,0.055,0.0,0.25,146.91369502395457,1.181507259310008,False,0.2484045430010155
509,one_hop,0.03,0.01,0.5,0.055,0.0,0.25,125.35387404600242,1.045241808619428,False,0.2187749320000875
509,sagereg,0.03,0.01,0.5,0.055,0.0,0.25,125.31532955304978,1.0445291630014777,False,0.2442953019999549
510,one_hop,0.03,0.01,0.5,0.055,0.0,0.25,111.17103754563924,0.7853590669301229,False,0.221955233000699
510,sagereg,0.03,0.01,0.5,0.055,0.0,0.25,126.29768148209612,0.6680897138391723,False,0.2469848839991755
511,one_hop,0.03,0.01,0.5,0.055,0.0,0.25,144.31422911554412,0.4170172628692859,False,0.2197048840007482
511,sagereg,0.03,0.01,0.5,0.055,0.0,0.25,130.59490230673424,0.2015285418002757,False,0.245684790001178
512,one_hop,0.03,0.01,0.5,0.055,0.0,0.25,178.89440313144837,1.040290136276011,False,0.2170131660004699
512,sagereg,0.03,0.01,0.5,0.055,0.0,0.25,169.90294739962846,1.0588109565223487,False,0.2414785709988791
513,one_hop,0.03,0.01,0.5,0.055,0.0,0.25,119.69471669088618,0.7108152724768236,False,0.2225918540007114
513,sagereg,0.03,0.01,0.5,0.055,0.0,0.25,119.70725605429269,0.7049502506418097,False,0.248939839999366
514,one_hop,0.03,0.01,0.5,0.055,0.0,0.25,152.53720565591237,0.6306480543810842,False,0.2167015499999252
514,sagereg,0.03,0.01,0.5,0.055,0.0,0.25,126.77880894524937,0.5839591723254579,False,0.2415592699999251
515,one_hop,0.03,0.01,0.5,0.055,0.0,0.25,123.7649670485084,0.6347713562663214,False,0.217322268999851
515,sagereg,0.03,0.01,0.5,0.055,0.0,0.25,109.56882477151922,0.7530743611375029,False,0.2431129859996872
516,one_hop,0.03,0.01,0.5,0.055,0.0,0.25,143.83117972077886,0.4004165007762459,False,0.2176412329990853
516,sagereg,0.03,0.01,0.5,0.055,0.0,0.25,166.09724727081354,0.769169636004922,False,0.243742607999593
517,one_hop,0.03,0.01,0.5,0.055,0.0,0.25,123.75037387397,0.7514071671592626,False,0.211753931000203
517,sagereg,0.03,0.01,0.5,0.055,0.0,0.25,78.68826125316652,1.5486292194221996,False,0.237722546000441
518,one_hop,0.03,0.01,0.5,0.055,0.0,0.25,176.9086920727526,0.6437074401734434,False,0.213207341999805
518,sagereg,0.03,0.01,0.5,0.055,0.0,0.25,176.98701401629168,0.6440517085059247,False,0.2374284560009982
519,one_hop,0.03,0.01,0.5,0.055,0.0,0.25,49.74436149485434,0.8918447401341778,False,0.2209753260012803
519,sagereg,0.03,0.01,0.5,0.055,0.0,0.25,97.41311578967748,1.2101509359128375,False,0.2470810890008579
520,one_hop,0.03,0.01,0.5,0.055,0.5,0.0,116.78343823917643,0.6405311134711363,False,0.2371540570002253
520,sagereg,0.03,0.01,0.5,0.055,0.5,0.0,113.87276839876128,0.6493974447383839,False,0.2629276170009689
521,one_hop,0.03,0.01,0.5,0.055,0.5,0.0,121.1566193933089,1.333674064640892,False,0.2331597869997494
521,sagereg,0.03,0.01,0.5,0.055,0.5,0.0,84.55633229925668,1.4822883900418018,False,0.2582092840002588
522,one_hop,0.03,0.01,0.5,0.055,0.5,0.0,92.34644375241412,0.7140364067937138,False,0.2286802780017751
522,sagereg,0.03,0.01,0.5,0.055,0.5,0.0,92.57856844487196,0.5997266687904848,False,0.252066195000225
523,one_hop,0.03,0.01,0.5,0.055,0.5,0.0,132.3150376285085,1.3811861652727848,False,0.232183576999887
523,sagereg,0.03,0.01,0.5,0.055,0.5,0.0,138.6440351373947,1.3446078061715652,False,0.2566732579998643
524,one_hop,0.03,0.01,0.5,0.055,0.5,0.0,176.99709463253356,0.4720460090898596,False,0.2363037790000817
524,sagereg,0.03,0.01,0.5,0.055,0.5,0.0,117.24463817037852,1.195898330879956,False,0.2598436219996074
525,one_hop,0.03,0.01,0.5,0.055,0.5,0.0,79.81302780089848,1.2983935162911004,False,0.2367638220002845
525,sagereg,0.03,0.01,0.5,0.055,0.5,0.0,79.65414232461596,1.305659822643073,False,0.2640386909988592
526,one_hop,0.03,0.01,0.5,0.055,0.5,0.0,102.79614850393982,0.5183038025740452,False,0.2429072140002972
526,sagereg,0.03,0.01,0.5,0.055,0.5,0.0,102.86864514455176,0.5079652731840953,False,0.2678653989987651
527,one_hop,0.03,0.01,0.5,0.055,0.5,0.0,138.33620434940195,1.2068796152577146,False,0.2312032930003624
527,sagereg,0.03,0.01,0.5,0.055,0.5,0.0,133.91978071286732,1.150132104190181,False,0.2559546320007939
528,one_hop,0.03,0.01,0.5,0.055,0.5,0.0,165.4354689902183,1.2313684070177056,False,0.2336577910009509
528,sagereg,0.03,0.01,0.5,0.055,0.5,0.0,165.11830130305947,1.235697591732236,False,0.2585318980000011
529,one_hop,0.03,0.01,0.5,0.055,0.5,0.0,74.91656667051046,0.8478514808645957,False,0.2300044730000081
529,sagereg,0.03,0.01,0.5,0.055,0.5,0.0,75.28200602721714,0.849727734195595,False,0.2557142610003211
530,one_hop,0.03,0.01,0.5,0.055,0.5,0.0,94.81837922679917,0.8116743814022156,False,0.2390480859994568
530,sagereg,0.03,0.01,0.5,0.055,0.5,0.0,94.6632450184335,0.8092027016921365,False,0.2633396290002565
531,one_hop,0.03,0.01,0.5,0.055,0.5,0.0,94.64734001713688,1.3339040078798126,False,0.2310494239991385
531,sagereg,0.03,0.01,0.5,0.055,0.5,0.0,96.26765100739804,1.3532711998435814,False,0.2546296290001919
532,one_hop,0.03,0.01,0.5,0.055,0.5,0.0,0.2993400870161904,0.0043373550808036,True,0.2324826370004302
532,sagereg,0.03,0.01,0.5,0.055,0.5,0.0,83.48259011769632,1.069470288119876,False,0.2559676319997379
533,one_hop,0.03,0.01,0.5,0.055,0.5,0.0,119.24117958454735,1.0591097377396363,False,0.2302372380017914
533,sagereg,0.03,0.01,0.5,0.055,0.5,0.0,118.5626206089059,1.049553275091469,False,0.2551986800008308
534,one_hop,0.03,0.01,0.5,0.055,0.5,0.0,76.79016017056603,1.3731499873433175,False,0.2377851700002793
534,sagereg,0.03,0.01,0.5,0.055,0.5,0.0,76.54816550405333,1.3731382253968971,False,0.2610686690004513
535,one_hop,0.03,0.01,0.5,0.055,0.5,0.0,60.20139066703034,0.9287432503978632,False,0.2425827580009354
535,sagereg,0.03,0.01,0.5,0.055,0.5,0.0,167.13242890746554,0.4456849424975331,False,0.2666855199986457
536,one_hop,0.03,0.01,0.5,0.055,0.5,0.0,140.5896893034648,0.4880432583935712,False,0.2378049309991183
536,sagereg,0.03,0.01,0.5,0.055,0.5,0.0,136.2110513908614,1.5274808750760558,False,0.2628618119997554
537,one_hop,0.03,0.01,0.5,0.055,0.5,0.0,91.3782985313684,1.3007075414905898,False,0.2350827009995555
537,sagereg,0.03,0.01,0.5,0.055,0.5,0.0,49.01346664154183,1.6362657908112466,False,0.2613655579989427
538,one_hop,0.03,0.01,0.5,0.055,0.5,0.0,167.2896418258515,1.0796024311779933,False,0.2388473909995809
538,sagereg,0.03,0.01,0.5,0.055,0.5,0.0,167.79882575071252,1.0792166429708876,False,0.2623724949989992
539,one_hop,0.03,0.01,0.5,0.055,0.5,0.0,115.21839890261026,0.6633485343030558,False,0.239937786000155
539,sagereg,0.03,0.01,0.5,0.055,0.5,0.0,73.29453960710417,0.2126927109766781,False,0.2663116889998491
540,one_hop,0.03,0.01,0.5,0.055,0.5,0.25,115.65887539210836,0.9029573988242028,False,0.2165353759992285
540,sagereg,0.03,0.01,0.5,0.055,0.5,0.25,0.3750687159642426,0.0014655054441496,True,0.2402801100015494
541,one_hop,0.03,0.01,0.5,0.055,0.5,0.25,131.47136298477423,0.5972176334213208,False,0.2254967740009306
541,sagereg,0.03,0.01,0.5,0.055,0.5,0.25,132.51905834013388,0.5896006162255425,False,0.2517070280009648
542,one_hop,0.03,0.01,0.5,0.055,0.5,0.25,67.02302237539685,0.8441264005785125,False,0.2170301160003873
542,sagereg,0.03,0.01,0.5,0.055,0.5,0.25,56.145577560963794,1.1573214534127725,False,0.240978518000702
543,one_hop,0.03,0.01,0.5,0.055,0.5,0.25,61.759164687300405,1.1634861164179569,False,0.2192121660009434
543,sagereg,0.03,0.01,0.5,0.055,0.5,0.25,84.89869136344112,0.8208616503408497,False,0.2468402969989256
544,one_hop,0.03,0.01,0.5,0.055,0.5,0.25,97.34311181172808,1.382704357254722,False,0.2130550060010136
544,sagereg,0.03,0.01,0.5,0.055,0.5,0.25,74.9774126151427,0.8565705339978548,False,0.2381366409990732
545,one_hop,0.03,0.01,0.5,0.055,0.5,0.25,175.03243842956647,1.475406368384452,False,0.2132255999986227
545,sagereg,0.03,0.01,0.5,0.055,0.5,0.25,136.0611753690633,1.055747695709569,False,0.2378755320005439
546,one_hop,0.03,0.01,0.5,0.055,0.5,0.25,104.57368771754116,1.331130272883819,False,0.2191263719996641
546,sagereg,0.03,0.01,0.5,0.055,0.5,0.25,78.23897763854602,0.7103618391525198,False,0.2438804339999478
547,one_hop,0.03,0.01,0.5,0.055,0.5,0.25,106.09947991459566,0.8812785242809055,False,0.2235131910001655
547,sagereg,0.03,0.01,0.5,0.055,0.5,0.25,75.50405070821313,0.7090731356295898,False,0.2499145309993764
548,one_hop,0.03,0.01,0.5,0.055,0.5,0.25,24.678120766899443,0.7609383681885081,False,0.2201767830010794
548,sagereg,0.03,0.01,0.5,0.055,0.5,0.25,68.39779443741824,0.8064824935320999,False,0.2452698680008325
549,one_hop,0.03,0.01,0.5,0.055,0.5,0.25,138.79435644345813,1.0025625405724423,False,0.2201817610002763
549,sagereg,0.03,0.01,0.5,0.055,0.5,0.25,142.9717138887851,1.1891190714462117,False,0.2424977669998043
550,one_hop,0.03,0.01,0.5,0.055,0.5,0.25,0.2934464325403436,0.0051624044328825,True,0.2109545380008057
550,sagereg,0.03,0.01,0.5,0.055,0.5,0.25,0.2934465890546834,0.0051624064312665,True,0.2366741209989413
551,one_hop,0.03,0.01,0.5,0.055,0.5,0.25,151.87154358580804,1.497568438919231,False,0.2180892300002597
551,sagereg,0.03,0.01,0.5,0.055,0.5,0.25,157.92604310359297,0.8010315567364066,False,0.2439572980001685
552,one_hop,0.03,0.01,0.5,0.055,0.5,0.25,166.0313985243673,0.8102852076237871,False,0.2119643070000165
552,sagereg,0.03,0.01,0.5,0.055,0.5,0.25,169.88950728506214,0.7822259748221763,False,0.2362114699990343
553,one_hop,0.03,0.01,0.5,0.055,0.5,0.25,157.0259931805942,1.118018366824412,False,0.214233865001006
553,sagereg,0.03,0.01,0.5,0.055,0.5,0.25,156.95891474061108,1.1177619729462795,False,0.2409416129994497
554,one_hop,0.03,0.01,0.5,0.055,0.5,0.25,131.46636582806642,0.9103983450989952,False,0.2183892329994705
554,sagereg,0.03,0.01,0.5,0.055,0.5,0.25,130.8787083257478,0.857145253754763,False,0.2459455320004053
555,one_hop,0.03,0.01,0.5,0.055,0.5,0.25,0.1305372687392114,0.0034743815104899,True,0.2183196249989123
555,sagereg,0.03,0.01,0.5,0.055,0.5,0.25,0.130537199223027,0.0034743819707687,True,0.2447750659994199
556,one_hop,0.03,0.01,0.5,0.055,0.5,0.25,174.60581239215523,0.8370906897063022,False,0.2153487630002928
556,sagereg,0.03,0.01,0.5,0.055,0.5,0.25,175.5566585096751,0.820058497055842,False,0.2400492770011624
557,one_hop,0.03,0.01,0.5,0.055,0.5,0.25,65.16709227516246,1.027140600153308,False,0.2192437779995089
557,sagereg,0.03,0.01,0.5,0.055,0.5,0.25,0.4600950402707571,0.0029497156440158,True,0.2462237990002904
558,one_hop,0.03,0.01,0.5,0.055,0.5,0.25,161.98682929567153,1.095155204333905,False,0.2099406920006004
558,sagereg,0.03,0.01,0.5,0.055,0.5,0.25,161.98504333826594,1.0950910496649684,False,0.2360605779995239
559,one_hop,0.03,0.01,0.5,0.055,0.5,0.25,135.56360137801653,1.6424521190888102,False,0.2191974090001167
559,sagereg,0.03,0.01,0.5,0.055,0.5,0.25,136.92036392894013,1.6718505189574495,False,0.2433804119991691
560,one_hop,0.03,0.01,0.5,0.055,1.0,0.0,57.66339348115671,0.9105293051989602,False,0.243635233000532
560,sagereg,0.03,0.01,0.5,0.055,1.0,0.0,56.024294106888085,0.9096588027740752,False,0.2661549639997247
561,one_hop,0.03,0.01,0.5,0.055,1.0,0.0,161.24169711310296,0.8870106921828365,False,0.2268971720004629
561,sagereg,0.03,0.01,0.5,0.055,1.0,0.0,161.77831663538385,0.8716570104799208,False,0.25181104100011
562,one_hop,0.03,0.01,0.5,0.055,1.0,0.0,69.75559583647282,0.64138094506657,False,0.2362200069983373
562,sagereg,0.03,0.01,0.5,0.055,1.0,0.0,68.87741182812265,0.6393519038701241,False,0.2608968730000924
563,one_hop,0.03,0.01,0.5,0.055,1.0,0.0,161.699316099181,1.5466073375222382,False,0.2305729550007527
563,sagereg,0.03,0.01,0.5,0.055,1.0,0.0,161.99868660841437,1.5474363091689691,False,0.2539234140003827
564,one_hop,0.03,0.01,0.5,0.055,1.0,0.0,94.3090997620022,1.0572871903040428,False,0.2382807530011632
564,sagereg,0.03,0.01,0.5,0.055,1.0,0.0,118.97389061926413,0.4934671772373005,False,0.2594523309999204
565,one_hop,0.03,0.01,0.5,0.055,1.0,0.0,64.16738965508873,0.6849509444999097,False,0.2278021490001265
565,sagereg,0.03,0.01,0.5,0.055,1.0,0.0,64.65654118651193,0.6721804885417174,False,0.2528114369997638
566,one_hop,0.03,0.01,0.5,0.055,1.0,0.0,107.66480299059434,0.8784499516968253,False,0.2349897139993118
566,sagereg,0.03,0.01,0.5,0.055,1.0,0.0,108.40554814109731,0.871455082770391,False,0.2601968119997764
567,one_hop,0.03,0.01,0.5,0.055,1.0,0.0,171.13980559235338,1.2473351857188697,False,0.2372384170012083
567,sagereg,0.03,0.01,0.5,0.055,1.0,0.0,177.4765114407874,1.1106847231333157,False,0.2622223130001657
568,one_hop,0.03,0.01,0.5,0.055,1.0,0.0,50.37335109332938,1.4011471850488697,False,0.2360074860007444
568,sagereg,0.03,0.01,0.5,0.055,1.0,0.0,50.17250514560531,1.3998517951054223,False,0.2590011570009665
569,one_hop,0.03,0.01,0.5,0.055,1.0,0.0,170.82555332349867,1.2209002674749232,False,0.2436833100000512
569,sagereg,0.03,0.01,0.5,0.055,1.0,0.0,131.1626396380417,0.8025522404750158,False,0.2709023070001422
570,one_hop,0.03,0.01,0.5,0.055,1.0,0.0,162.56409240424512,0.0945693516410802,False,0.2406631120011297
570,sagereg,0.03,0.01,0.5,0.055,1.0,0.0,0.334979673299538,0.0045124192939009,True,0.2668637189999572
571,one_hop,0.03,0.01,0.5,0.055,1.0,0.0,97.21678982953738,0.7187977215102901,False,0.2352417550009704
571,sagereg,0.03,0.01,0.5,0.055,1.0,0.0,97.24148995763744,0.6126182156735901,False,0.2613671180006349
572,one_hop,0.03,0.01,0.5,0.055,1.0,0.0,0.2567686250540263,0.0025266120959585,True,0.2361136910003551
572,sagereg,0.03,0.01,0.5,0.055,1.0,0.0,0.2567686087220261,0.0025266121202426,True,0.2598088579998148
573,one_hop,0.03,0.01,0.5,0.055,1.0,0.0,60.66064372072824,0.4573345850397527,False,0.235738665000099
573,sagereg,0.03,0.01,0.5,0.055,1.0,0.0,62.24708858528543,0.4052873791331758,False,0.2602205839993985
574,one_hop,0.03,0.01,0.5,0.055,1.0,0.0,57.45598599308248,0.3109799324922331,False,0.2343210479994013
574,sagereg,0.03,0.01,0.5,0.055,1.0,0.0,56.9849734066629,0.3209380028131974,False,0.2603067150012066
575,one_hop,0.03,0.01,0.5,0.055,1.0,0.0,131.20836920542746,0.8031014117413491,False,0.2409751480008708
575,sagereg,0.03,0.01,0.5,0.055,1.0,0.0,130.2167227655249,0.8004927362680777,False,0.2656185910000204
576,one_hop,0.03,0.01,0.5,0.055,1.0,0.0,134.34941912417773,1.685903871979374,False,0.2350371299999096
576,sagereg,0.03,0.01,0.5,0.055,1.0,0.0,54.9760720329741,1.41815693641505,False,0.2596125439995376
577,one_hop,0.03,0.01,0.5,0.055,1.0,0.0,151.32043129014843,0.7330198519218611,False,0.2330358750004961
577,sagereg,0.03,0.01,0.5,0.055,1.0,0.0,151.49689756618582,0.7326572564632027,False,0.2590333359985379
578,one_hop,0.03,0.01,0.5,0.055,1.0,0.0,119.05863213890444,1.1005302154014334,False,0.23408457000005
578,sagereg,0.03,0.01,0.5,0.055,1.0,0.0,0.5534400831241859,0.0022552944813699,True,0.2593408659995475
579,one_hop,0.03,0.01,0.5,0.055,1.0,0.0,143.10384386454965,0.3073174489539551,False,0.2340314199991553
579,sagereg,0.03,0.01,0.5,0.055,1.0,0.0,169.43305726236932,0.605612908442465,False,0.2584970999996585
580,one_hop,0.03,0.01,0.5,0.055,1.0,0.25,35.26313995916049,1.1389668323713698,False,0.2193862140011333
580,sagereg,0.03,0.01,0.5,0.055,1.0,0.25,37.99577450570448,1.1372226566978172,False,0.2453874509992601
581,one_hop,0.03,0.01,0.5,0.055,1.0,0.25,80.64922050635855,1.476553161814418,False,0.220471250000628
581,sagereg,0.03,0.01,0.5,0.055,1.0,0.25,80.6084837944242,1.467001849487113,False,0.2472491469998203
582,one_hop,0.03,0.01,0.5,0.055,1.0,0.25,166.45051713825706,1.2775087969852417,False,0.2210207490006723
582,sagereg,0.03,0.01,0.5,0.055,1.0,0.25,143.83526510651646,1.4358902136635494,False,0.2469488620008633
583,one_hop,0.03,0.01,0.5,0.055,1.0,0.25,143.4129686458763,0.9575508200516104,False,0.2235042369993607
583,sagereg,0.03,0.01,0.5,0.055,1.0,0.25,165.78460003142752,1.0956654025374064,False,0.2509808790000534
584,one_hop,0.03,0.01,0.5,0.055,1.0,0.25,72.76317890668808,1.0842794263057298,False,0.2175831989989092
584,sagereg,0.03,0.01,0.5,0.055,1.0,0.25,0.3353169935994794,0.0062519614488655,True,0.2439365169993834
585,one_hop,0.03,0.01,0.5,0.055,1.0,0.25,119.61271141183214,0.654810627265017,False,0.2169973849995585
585,sagereg,0.03,0.01,0.5,0.055,1.0,0.25,121.82327645062811,0.6609580889942278,False,0.243730250000226
586,one_hop,0.03,0.01,0.5,0.055,1.0,0.25,81.29927486146003,1.2632674489135105,False,0.2183328310002252
586,sagereg,0.03,0.01,0.5,0.055,1.0,0.25,134.37889336778116,1.1937904851723298,False,0.2426765279997198
587,one_hop,0.03,0.01,0.5,0.055,1.0,0.25,103.14797086960112,0.617270388991695,False,0.2195303199987393
587,sagereg,0.03,0.01,0.5,0.055,1.0,0.25,106.50008699814292,0.6136451961042543,False,0.242243298998801
588,one_hop,0.03,0.01,0.5,0.055,1.0,0.25,112.41768621830587,0.929611909568852,False,0.219051699999909
588,sagereg,0.03,0.01,0.5,0.055,1.0,0.25,2.7647324662405115,0.5949748104720608,False,0.2434696440013795
589,one_hop,0.03,0.01,0.5,0.055,1.0,0.25,169.69764557589062,0.8325742322154585,False,0.219293062998986
589,sagereg,0.03,0.01,0.5,0.055,1.0,0.25,170.56314780155995,0.8368648998773198,False,0.2462600170001678
590,one_hop,0.03,0.01,0.5,0.055,1.0,0.25,80.30372139909218,2.016578121057072,False,0.2122760850015765
590,sagereg,0.03,0.01,0.5,0.055,1.0,0.25,165.19438674517545,1.190957153033746,False,0.236597934999736
591,one_hop,0.03,0.01,0.5,0.055,1.0,0.25,101.73016692349977,0.6922448195347591,False,0.2203603260004456
591,sagereg,0.03,0.01,0.5,0.055,1.0,0.25,101.55970812864724,0.694825555290729,False,0.2482529859989881
592,one_hop,0.03,0.01,0.5,0.055,1.0,0.25,131.25540254904772,0.9113325391206116,False,0.2182641899998998
592,sagereg,0.03,0.01,0.5,0.055,1.0,0.25,131.91299007948672,0.926667045923155,False,0.2422413130007044
593,one_hop,0.03,0.01,0.5,0.055,1.0,0.25,148.52194164075823,1.4818516358606548,False,0.2171426590011833
593,sagereg,0.03,0.01,0.5,0.055,1.0,0.25,149.84776184750163,1.4801845892822656,False,0.2430063909996533
594,one_hop,0.03,0.01,0.5,0.055,1.0,0.25,101.71722255852526,0.4822308472977791,False,0.2200585110003885
594,sagereg,0.03,0.01,0.5,0.055,1.0,0.25,109.2076577694984,0.440743140060101,False,0.2453685729997232
595,one_hop,0.03,0.01,0.5,0.055,1.0,0.25,131.0236961006535,0.4481875747284742,False,0.2240349679996143
595,sagereg,0.03,0.01,0.5,0.055,1.0,0.25,165.70372605280204,0.3127049733668562,False,0.2463149600007455
596,one_hop,0.03,0.01,0.5,0.055,1.0,0.25,122.35545049542488,1.3816802519504654,False,0.2152914809994399
596,sagereg,0.03,0.01,0.5,0.055,1.0,0.25,124.88471100039156,1.3663387583526323,False,0.241005223000684
597,one_hop,0.03,0.01,0.5,0.055,1.0,0.25,109.02487503201016,0.6604160255954336,False,0.216542197000308
597,sagereg,0.03,0.01,0.5,0.055,1.0,0.25,112.16866956708328,0.6440383871078512,False,0.2415475779998814
598,one_hop,0.03,0.01,0.5,0.055,1.0,0.25,0.318524345123053,0.0051782295739985,True,0.2175871710005594
598,sagereg,0.03,0.01,0.5,0.055,1.0,0.25,0.3185243143637353,0.005178229312704,True,0.2418621869983326
599,one_hop,0.03,0.01,0.5,0.055,1.0,0.25,25.432131696005385,0.9818796316835884,False,0.2194386339997436
599,sagereg,0.03,0.01,0.5,0.055,1.0,0.25,25.98930421282208,0.975774958936574,False,0.2474891410001873
600,one_hop,0.03,0.01,0.5,0.2,0.0,0.0,126.4016082305268,1.0519364559452038,False,0.2502523490002204
600,sagereg,0.03,0.01,0.5,0.2,0.0,0.0,126.401562282556,1.0519362675345367,False,0.2827803689997381
601,one_hop,0.03,0.01,0.5,0.2,0.0,0.0,83.43686693793589,1.039937563728026,False,0.2584948719995736
601,sagereg,0.03,0.01,0.5,0.2,0.0,0.0,83.4367720628213,1.0399371939210598,False,0.2845367019999685
602,one_hop,0.03,0.01,0.5,0.2,0.0,0.0,124.48148132551344,0.5657807811583963,False,0.2564610129993525
602,sagereg,0.03,0.01,0.5,0.2,0.0,0.0,124.4814862011681,0.5657808317266981,False,0.2844556730015029
603,one_hop,0.03,0.01,0.5,0.2,0.0,0.0,122.92892201861127,0.4789351514015302,False,0.2574934080003004
603,sagereg,0.03,0.01,0.5,0.2,0.0,0.0,122.92891501086729,0.4789349590387795,False,0.2801749850004853
604,one_hop,0.03,0.01,0.5,0.2,0.0,0.0,23.037295872822035,0.6853887531357648,False,0.2583335170002101
604,sagereg,0.03,0.01,0.5,0.2,0.0,0.0,23.037289835387096,0.6853887462691864,False,0.2863313639991247
605,one_hop,0.03,0.01,0.5,0.2,0.0,0.0,88.0315845098691,0.9377775905553092,False,0.2477526599996053
605,sagereg,0.03,0.01,0.5,0.2,0.0,0.0,88.03160558134797,0.9377793276113376,False,0.2761909999990166
606,one_hop,0.03,0.01,0.5,0.2,0.0,0.0,139.75769797960234,0.4727861267685427,False,0.2499372269994637
606,sagereg,0.03,0.01,0.5,0.2,0.0,0.0,139.7577063752179,0.4727848926799959,False,0.2763654789996508
607,one_hop,0.03,0.01,0.5,0.2,0.0,0.0,122.07715129556684,0.5666092533189622,False,0.2511408170012146
607,sagereg,0.03,0.01,0.5,0.2,0.0,0.0,122.0771729000573,0.5666090457108495,False,0.2795497299994167
608,one_hop,0.03,0.01,0.5,0.2,0.0,0.0,96.5377093527403,0.46974904753363,False,0.2459267970007204
608,sagereg,0.03,0.01,0.5,0.2,0.0,0.0,96.53770762635162,0.4697489898101294,False,0.2755336360005458
609,one_hop,0.03,0.01,0.5,0.2,0.0,0.0,163.07193827792074,0.5843124164037375,False,0.2529876379994675
609,sagereg,0.03,0.01,0.5,0.2,0.0,0.0,163.07194020956845,0.5843124027784142,False,0.2796394130000408
610,one_hop,0.03,0.01,0.5,0.2,0.0,0.0,114.27569255157456,0.3398682864666589,False,0.2508866799998941
610,sagereg,0.03,0.01,0.5,0.2,0.0,0.0,114.27568696316293,0.3398682898065007,False,0.2756006179988617
611,one_hop,0.03,0.01,0.5,0.2,0.0,0.0,168.23514764796496,0.4798713785393134,False,0.2601613440001529
611,sagereg,0.03,0.01,0.5,0.2,0.0,0.0,168.23518547791917,0.4798712743633616,False,0.2889412179993087
612,one_hop,0.03,0.01,0.5,0.2,0.0,0.0,102.79811771745769,0.7710118958398431,False,0.2514135180008452
612,sagereg,0.03,0.01,0.5,0.2,0.0,0.0,102.79812129943556,0.7710119190104302,False,0.277814124001452
613,one_hop,0.03,0.01,0.5,0.2,0.0,0.0,129.08422682904913,0.6157791853473954,False,0.2567254420009703
613,sagereg,0.03,0.01,0.5,0.2,0.0,0.0,129.084216490129,0.615779269251864,False,0.2828760579996014
614,one_hop,0.03,0.01,0.5,0.2,0.0,0.0,161.8196892550577,0.783786121426287,False,0.2579414550000365
614,sagereg,0.03,0.01,0.5,0.2,0.0,0.0,161.81970028749296,0.7837862871934155,False,0.2837292759995762
615,one_hop,0.03,0.01,0.5,0.2,0.0,0.0,127.9400520402344,0.365763971097379,False,0.2498307549994933
615,sagereg,0.03,0.01,0.5,0.2,0.0,0.0,127.94020672650548,0.3657658522678805,False,0.2752919140002632
616,one_hop,0.03,0.01,0.5,0.2,0.0,0.0,160.30071567490364,1.1702882239106056,False,0.2456712089988286
616,sagereg,0.03,0.01,0.5,0.2,0.0,0.0,160.30071856580557,1.1702882936947436,False,0.2724276339995413
617,one_hop,0.03,0.01,0.5,0.2,0.0,0.0,167.5027157776458,0.1915694972240237,False,0.2429601909989287
617,sagereg,0.03,0.01,0.5,0.2,0.0,0.0,167.5027334131925,0.1915690213101213,False,0.2678049269998155
618,one_hop,0.03,0.01,0.5,0.2,0.0,0.0,52.84988653724983,0.4687281837674282,False,0.251139427000453
618,sagereg,0.03,0.01,0.5,0.2,0.0,0.0,52.84988199492949,0.468728230868007,False,0.2779770359993563
619,one_hop,0.03,0.01,0.5,0.2,0.0,0.0,122.30647779277736,0.7118861831885244,False,0.2488054469995404
619,sagereg,0.03,0.01,0.5,0.2,0.0,0.0,122.30645984343973,0.7118858025996384,False,0.2760968229995342
620,one_hop,0.03,0.01,0.5,0.2,0.0,0.25,167.34890250382966,0.9129157810897488,False,0.2318298289992526
620,sagereg,0.03,0.01,0.5,0.2,0.0,0.25,167.34890678476503,0.91291582085753,False,0.2604753140003595
621,one_hop,0.03,0.01,0.5,0.2,0.0,0.25,33.35905978592491,0.4115827416457652,False,0.239529204000064
621,sagereg,0.03,0.01,0.5,0.2,0.0,0.25,33.3590535521329,0.4115825700817664,False,0.2691675480000413
622,one_hop,0.03,0.01,0.5,0.2,0.0,0.25,53.78359960554869,0.811896264006308,False,0.2368021359998238
622,sagereg,0.03,0.01,0.5,0.2,0.0,0.25,53.78361079240846,0.8118961359653039,False,0.266283110000586
623,one_hop,0.03,0.01,0.5,0.2,0.0,0.25,178.24035524502042,0.3415655943354316,False,0.2359783219999371
623,sagereg,0.03,0.01,0.5,0.2,0.0,0.25,178.24037539405478,0.341565932235203,False,0.2662567589995888
624,one_hop,0.03,0.01,0.5,0.2,0.0,0.25,145.6690464252461,0.6608081417005358,False,0.2299751270002161
624,sagereg,0.03,0.01,0.5,0.2,0.0,0.25,145.66903987746988,0.6608084659557951,False,0.2583983670010639
625,one_hop,0.03,0.01,0.5,0.2,0.0,0.25,141.33953646715457,0.6371706091254331,False,0.2312151770001946
625,sagereg,0.03,0.01,0.5,0.2,0.0,0.25,141.3395400252182,0.6371705352880445,False,0.257970185000886
626,one_hop,0.03,0.01,0.5,0.2,0.0,0.25,118.86429153172952,0.5848300674737517,False,0.2380763389992353
626,sagereg,0.03,0.01,0.5,0.2,0.0,0.25,118.86429600291532,0.5848300433630422,False,0.2662002239994763
627,one_hop,0.03,0.01,0.5,0.2,0.0,0.25,78.51135492945865,0.7478134348971327,False,0.238151151999773
627,sagereg,0.03,0.01,0.5,0.2,0.0,0.25,78.51134840315973,0.7478132749099496,False,0.2644846559996949
628,one_hop,0.03,0.01,0.5,0.2,0.0,0.25,167.0611925765903,0.9010352485190204,False,0.2294614859983994
628,sagereg,0.03,0.01,0.5,0.2,0.0,0.25,167.06119763615925,0.901035186864667,False,0.257658544998776
629,one_hop,0.03,0.01,0.5,0.2,0.0,0.25,169.5415806078303,0.6679663001448954,False,0.2306334740005695
629,sagereg,0.03,0.01,0.5,0.2,0.0,0.25,169.54159149979682,0.6679663370091456,False,0.259542911000608
630,one_hop,0.03,0.01,0.5,0.2,0.0,0.25,88.56411939736972,0.3864288739604271,False,0.2284418859999277
630,sagereg,0.03,0.01,0.5,0.2,0.0,0.25,88.56409830332854,0.3864283684249489,False,0.2565634090005915
631,one_hop,0.03,0.01,0.5,0.2,0.0,0.25,91.71843054025112,0.9547576136256686,False,0.2357418749998032
631,sagereg,0.03,0.01,0.5,0.2,0.0,0.25,91.7184454901995,0.9547573678995946,False,0.2659417419999954
632,one_hop,0.03,0.01,0.5,0.2,0.0,0.25,129.0480340770084,0.0911281911541958,False,0.2393697500010603
632,sagereg,0.03,0.01,0.5,0.2,0.0,0.25,129.04803451091436,0.0911281761720186,False,0.2690209850006795
633,one_hop,0.03,0.01,0.5,0.2,0.0,0.25,102.20061751072272,0.7163932954294417,False,0.2407375659986428
633,sagereg,0.03,0.01,0.5,0.2,0.0,0.25,102.20061661277968,0.7163932705707973,False,0.2708309070003452
634,one_hop,0.03,0.01,0.5,0.2,0.0,0.25,32.87827016825509,0.244099654629894,False,0.2345709609999176
634,sagereg,0.03,0.01,0.5,0.2,0.0,0.25,32.878254051311,0.2440997849500264,False,0.2649317349987541
635,one_hop,0.03,0.01,0.5,0.2,0.0,0.25,91.09014816850144,0.8579705270127838,False,0.2307983959999546
635,sagereg,0.03,0.01,0.5,0.2,0.0,0.25,91.09015007507746,0.8579705736228711,False,0.2602992299998732
636,one_hop,0.03,0.01,0.5,0.2,0.0,0.25,129.8971286641666,0.7340494572818619,False,0.2391988429990306
636,sagereg,0.03,0.01,0.5,0.2,0.0,0.25,129.89720303963517,0.7340503911914004,False,0.2692708470003708
637,one_hop,0.03,0.01,0.5,0.2,0.0,0.25,82.7177362382632,0.8736873052560489,False,0.2413889630006451
637,sagereg,0.03,0.01,0.5,0.2,0.0,0.25,82.71773257425002,0.873687296853898,False,0.2707454789997428
638,one_hop,0.03,0.01,0.5,0.2,0.0,0.25,101.84661809152094,0.657234642521638,False,0.2327007769999909
638,sagereg,0.03,0.01,0.5,0.2,0.0,0.25,101.84662058885552,0.6572346609154228,False,0.2635723510011303
639,one_hop,0.03,0.01,0.5,0.2,0.0,0.25,146.37704355517627,0.6703612081612182,False,0.2384088389990211
639,sagereg,0.03,0.01,0.5,0.2,0.0,0.25,146.37709294210336,0.6703612144333208,False,0.2655220689994166
640,one_hop,0.03,0.01,0.5,0.2,0.5,0.0,114.91858051559144,0.8775904718068979,False,0.2552957709995098
640,sagereg,0.03,0.01,0.5,0.2,0.5,0.0,114.91858814038044,0.8775905657061976,False,0.2836940870001854
641,one_hop,0.03,0.01,0.5,0.2,0.5,0.0,155.4112618363393,0.6460678052598416,False,0.2542787810016307
641,sagereg,0.03,0.01,0.5,0.2,0.5,0.0,155.411263903091,0.64606773111514,False,0.2825003549987741
642,one_hop,0.03,0.01,0.5,0.2,0.5,0.0,161.2560557261679,0.3773660801581046,False,0.2602173350005614
642,sagereg,0.03,0.01,0.5,0.2,0.5,0.0,161.25607816576098,0.3773661848905275,False,0.2905311699996673
643,one_hop,0.03,0.01,0.5,0.2,0.5,0.0,177.61619285634126,1.1252564698863534,False,0.2488669840004149
643,sagereg,0.03,0.01,0.5,0.2,0.5,0.0,177.6162049671024,1.1252565957847092,False,0.2759862479997537
644,one_hop,0.03,0.01,0.5,0.2,0.5,0.0,142.92503518711527,0.3627170056793589,False,0.2509966889992938
644,sagereg,0.03,0.01,0.5,0.2,0.5,0.0,142.92503575046933,0.3627170041266341,False,0.2773733320009341
645,one_hop,0.03,0.01,0.5,0.2,0.5,0.0,33.46677434890346,1.113493114102208,False,0.256456077000621
645,sagereg,0.03,0.01,0.5,0.2,0.5,0.0,33.466781755004426,1.113493185838339,False,0.2839935489992058
646,one_hop,0.03,0.01,0.5,0.2,0.5,0.0,152.59607563232422,0.6207039067103708,False,0.2636952020002354
646,sagereg,0.03,0.01,0.5,0.2,0.5,0.0,152.59608129394326,0.620703886480712,False,0.2917024530015624
647,one_hop,0.03,0.01,0.5,0.2,0.5,0.0,99.43936731677714,0.6643078545976873,False,0.2499810810004419
647,sagereg,0.03,0.01,0.5,0.2,0.5,0.0,99.43937675532118,0.6643078820813161,False,0.2789687580007012
648,one_hop,0.03,0.01,0.5,0.2,0.5,0.0,52.73588027068167,0.7134355300584385,False,0.255660822000209
648,sagereg,0.03,0.01,0.5,0.2,0.5,0.0,52.735875327967626,0.7134355806742323,False,0.2860013780009467
649,one_hop,0.03,0.01,0.5,0.2,0.5,0.0,84.26337157281336,0.2519583106521412,False,0.2638237299997854
649,sagereg,0.03,0.01,0.5,0.2,0.5,0.0,84.26337202004609,0.251958316595157,False,0.2916351429994392
650,one_hop,0.03,0.01,0.5,0.2,0.5,0.0,133.52158082217278,0.962788533481464,False,0.2484461120002379
650,sagereg,0.03,0.01,0.5,0.2,0.5,0.0,133.52158610712465,0.9627884868119584,False,0.2766543100005947
651,one_hop,0.03,0.01,0.5,0.2,0.5,0.0,118.67078707358598,1.156925283011579,False,0.244496335999429
651,sagereg,0.03,0.01,0.5,0.2,0.5,0.0,118.67077767239392,1.1569257118020344,False,0.2732165880006505
652,one_hop,0.03,0.01,0.5,0.2,0.5,0.0,142.0299356730381,0.6516135429275881,False,0.2617138910009089
652,sagereg,0.03,0.01,0.5,0.2,0.5,0.0,142.0299390942409,0.6516135486576888,False,0.2909585510005854
653,one_hop,0.03,0.01,0.5,0.2,0.5,0.0,61.74463873471175,0.9479543296416536,False,0.2578285159997904
653,sagereg,0.03,0.01,0.5,0.2,0.5,0.0,61.74472769918523,0.9479535162789582,False,0.2837245909995545
654,one_hop,0.03,0.01,0.5,0.2,0.5,0.0,53.43399766733367,0.5490237993464807,False,0.2417255560012563
654,sagereg,0.03,0.01,0.5,0.2,0.5,0.0,53.43399557568436,0.5490234030545886,False,0.268352697001319
655,one_hop,0.03,0.01,0.5,0.2,0.5,0.0,113.53374425019162,0.6415795490607917,False,0.2512490459994296
655,sagereg,0.03,0.01,0.5,0.2,0.5,0.0,113.53369558108064,0.6415794187221079,False,0.2799075010007072
656,one_hop,0.03,0.01,0.5,0.2,0.5,0.0,148.46883270636383,0.7628654086219093,False,0.2507539369998994
656,sagereg,0.03,0.01,0.5,0.2,0.5,0.0,148.4688352939296,0.7628654058703835,False,0.2776042279983812
657,one_hop,0.03,0.01,0.5,0.2,0.5,0.0,82.01947583825633,0.2396895382235619,False,0.2597382830008428
657,sagereg,0.03,0.01,0.5,0.2,0.5,0.0,82.0194719382398,0.2396896212702256,False,0.2862840609996055
658,one_hop,0.03,0.01,0.5,0.2,0.5,0.0,36.34077178827158,0.1825453184370427,False,0.2507747630006633
658,sagereg,0.03,0.01,0.5,0.2,0.5,0.0,36.34078594433156,0.1825452440820922,False,0.2792607640003552
659,one_hop,0.03,0.01,0.5,0.2,0.5,0.0,148.99660308380166,0.9209642648854164,False,0.2587442969997937
659,sagereg,0.03,0.01,0.5,0.2,0.5,0.0,148.9965986995195,0.9209643734585556,False,0.2860113269998692
660,one_hop,0.03,0.01,0.5,0.2,0.5,0.25,45.1097931806965,0.1528034509910366,False,0.2364948809990892
660,sagereg,0.03,0.01,0.5,0.2,0.5,0.25,45.109798612909024,0.1528035273732522,False,0.2672176110008877
661,one_hop,0.03,0.01,0.5,0.2,0.5,0.25,38.74852225463596,0.1167624817834139,False,0.2352749389992823
661,sagereg,0.03,0.01,0.5,0.2,0.5,0.25,38.74852430022842,0.1167624096924013,False,0.2627046490015345
662,one_hop,0.03,0.01,0.5,0.2,0.5,0.25,140.92607264402673,0.8807639556884382,False,0.2353760249989136
662,sagereg,0.03,0.01,0.5,0.2,0.5,0.25,140.92606798446815,0.8807640214875165,False,0.2653247109992662
663,one_hop,0.03,0.01,0.5,0.2,0.5,0.25,174.30410420581876,0.4675611238664612,False,0.2317135150005924
663,sagereg,0.03,0.01,0.5,0.2,0.5,0.25,174.30410379950806,0.4675611473855176,False,0.2623693160003313
664,one_hop,0.03,0.01,0.5,0.2,0.5,0.25,131.86922055702388,0.7019414753050842,False,0.2293324119982571
664,sagereg,0.03,0.01,0.5,0.2,0.5,0.25,131.8692069738249,0.7019413460753199,False,0.2577701860009256
665,one_hop,0.03,0.01,0.5,0.2,0.5,0.25,140.51950576163773,0.2764263210814373,False,0.2258178159991075
665,sagereg,0.03,0.01,0.5,0.2,0.5,0.25,140.51955196879155,0.2764266722824405,False,0.2548361070003011
666,one_hop,0.03,0.01,0.5,0.2,0.5,0.25,160.9362934034327,0.904417898620921,False,0.2369242069999018
666,sagereg,0.03,0.01,0.5,0.2,0.5,0.25,160.9362974665696,0.9044179302721576,False,0.267439392999222
667,one_hop,0.03,0.01,0.5,0.2,0.5,0.25,172.20945465073655,1.0157693808258708,False,0.2355128319995856
667,sagereg,0.03,0.01,0.5,0.2,0.5,0.25,172.20943859170734,1.0157694838797118,False,0.2651628500007064
668,one_hop,0.03,0.01,0.5,0.2,0.5,0.25,142.05629962576648,0.5872675444697725,False,0.2328779290000966
668,sagereg,0.03,0.01,0.5,0.2,0.5,0.25,142.05630002575197,0.5872675130973042,False,0.2630116010004713
669,one_hop,0.03,0.01,0.5,0.2,0.5,0.25,144.23005874010815,0.7500018279101895,False,0.2295994359992619
669,sagereg,0.03,0.01,0.5,0.2,0.5,0.25,144.23006320672062,0.7500017155266729,False,0.2566264109991607
670,one_hop,0.03,0.01,0.5,0.2,0.5,0.25,175.14015129652302,1.0860635696467802,False,0.2321080809997511
670,sagereg,0.03,0.01,0.5,0.2,0.5,0.25,175.14014291402776,1.0860640999877804,False,0.2592029879997426
671,one_hop,0.03,0.01,0.5,0.2,0.5,0.25,157.21992117082058,0.3248218668338713,False,0.2338903609997942
671,sagereg,0.03,0.01,0.5,0.2,0.5,0.25,157.21994221208283,0.3248217928661524,False,0.2626671680009167
672,one_hop,0.03,0.01,0.5,0.2,0.5,0.25,177.2312254374881,0.2092746134430411,False,0.2330904260015813
672,sagereg,0.03,0.01,0.5,0.2,0.5,0.25,177.23121839262544,0.2092746528468315,False,0.2619043519989645
673,one_hop,0.03,0.01,0.5,0.2,0.5,0.25,138.78960990493508,0.511587800163796,False,0.2361703239985217
673,sagereg,0.03,0.01,0.5,0.2,0.5,0.25,138.78960282383932,0.5115877926885247,False,0.2657882660005271
674,one_hop,0.03,0.01,0.5,0.2,0.5,0.25,25.151086753649874,0.5704502345245825,False,0.2291408979999687
674,sagereg,0.03,0.01,0.5,0.2,0.5,0.25,25.151086910613568,0.5704504780946207,False,0.2570860009982425
675,one_hop,0.03,0.01,0.5,0.2,0.5,0.25,169.5583751138816,0.6267411374784573,False,0.235860261000198
675,sagereg,0.03,0.01,0.5,0.2,0.5,0.25,169.5583728498175,0.6267411229395687,False,0.2639207619995432
676,one_hop,0.03,0.01,0.5,0.2,0.5,0.25,97.0311675975057,0.3451560377418089,False,0.234167915999933
676,sagereg,0.03,0.01,0.5,0.2,0.5,0.25,97.03105641657146,0.3451557833900266,False,0.2643801270005497
677,one_hop,0.03,0.01,0.5,0.2,0.5,0.25,52.784597223381965,0.5592863008571881,False,0.2297578649995557
677,sagereg,0.03,0.01,0.5,0.2,0.5,0.25,52.784592369551966,0.5592859717556242,False,0.2596579510009178
678,one_hop,0.03,0.01,0.5,0.2,0.5,0.25,138.92055766545872,0.6663164998239011,False,0.2355581419997179
678,sagereg,0.03,0.01,0.5,0.2,0.5,0.25,138.92052775449082,0.6663161443793002,False,0.2652742080008465
679,one_hop,0.03,0.01,0.5,0.2,0.5,0.25,55.67460795459262,0.7230956066830446,False,0.2253561689994967
679,sagereg,0.03,0.01,0.5,0.2,0.5,0.25,55.67454810943386,0.7230957916085546,False,0.2572516319996794
680,one_hop,0.03,0.01,0.5,0.2,1.0,0.0,140.85283926698577,0.9864449063988976,False,0.2493271099992853
680,sagereg,0.03,0.01,0.5,0.2,1.0,0.0,140.85284533608544,0.9864449064023983,False,0.2760507650000363
681,one_hop,0.03,0.01,0.5,0.2,1.0,0.0,155.41339006082944,0.9897508613109528,False,0.2488579390010272
681,sagereg,0.03,0.01,0.5,0.2,1.0,0.0,155.41338036503345,0.989750925932706,False,0.2744528290004382
682,one_hop,0.03,0.01,0.5,0.2,1.0,0.0,110.992334277397,0.5327675067834268,False,0.2574001699995278
682,sagereg,0.03,0.01,0.5,0.2,1.0,0.0,110.99233376442614,0.5327674863209597,False,0.2855195819993241
683,one_hop,0.03,0.01,0.5,0.2,1.0,0.0,81.7875334757123,1.0319154648415945,False,0.2518307469999854
683,sagereg,0.03,0.01,0.5,0.2,1.0,0.0,81.78750806005547,1.0319160821462603,False,0.277219879999393
684,one_hop,0.03,0.01,0.5,0.2,1.0,0.0,167.6297604294332,0.8909081790603561,False,0.2438424970005144
684,sagereg,0.03,0.01,0.5,0.2,1.0,0.0,167.62975676811493,0.8909082185616091,False,0.270334847000413
685,one_hop,0.03,0.01,0.5,0.2,1.0,0.0,25.398057331607603,0.6723988612541049,False,0.2494048659991676
685,sagereg,0.03,0.01,0.5,0.2,1.0,0.0,25.39806341104,0.6723989683776121,False,0.2782005860008212
686,one_hop,0.03,0.01,0.5,0.2,1.0,0.0,118.30571603466475,0.3218781323208204,False,0.2552326190016174
686,sagereg,0.03,0.01,0.5,0.2,1.0,0.0,118.30568579100014,0.3218786796054741,False,0.2785451899999316
687,one_hop,0.03,0.01,0.5,0.2,1.0,0.0,125.08872711794734,0.7074288041235258,False,0.2477331789996242
687,sagereg,0.03,0.01,0.5,0.2,1.0,0.0,125.08872603147768,0.7074287732716322,False,0.2696981460012466
688,one_hop,0.03,0.01,0.5,0.2,1.0,0.0,147.7267804301593,0.8702345172002542,False,0.2569476949993259
688,sagereg,0.03,0.01,0.5,0.2,1.0,0.0,147.72673344769316,0.8702345188277988,False,0.2853122060005262
689,one_hop,0.03,0.01,0.5,0.2,1.0,0.0,73.95054939734645,0.5406815779344591,False,0.2436839860001782
689,sagereg,0.03,0.01,0.5,0.2,1.0,0.0,73.9505423546312,0.540681651350521,False,0.2715920339996955
690,one_hop,0.03,0.01,0.5,0.2,1.0,0.0,27.19972603362804,0.2217768219799309,False,0.2612585200004105
690,sagereg,0.03,0.01,0.5,0.2,1.0,0.0,27.19973400985817,0.2217767981669625,False,0.2868445979984244
691,one_hop,0.03,0.01,0.5,0.2,1.0,0.0,64.50889673726634,0.6070630007440921,False,0.2523283859991352
691,sagereg,0.03,0.01,0.5,0.2,1.0,0.0,64.5089152772927,0.6070629975613356,False,0.2815371180004149
692,one_hop,0.03,0.01,0.5,0.2,1.0,0.0,131.85263803788132,0.7012350354196877,False,0.2546873789997335
692,sagereg,0.03,0.01,0.5,0.2,1.0,0.0,131.8526234350687,0.7012347841344102,False,0.2824506350007141
693,one_hop,0.03,0.01,0.5,0.2,1.0,0.0,136.7975274901389,0.2562977597938177,False,0.2479410060004738
693,sagereg,0.03,0.01,0.5,0.2,1.0,0.0,136.79760187788375,0.2562989129575539,False,0.2758431490001385
694,one_hop,0.03,0.01,0.5,0.2,1.0,0.0,69.23150007200672,0.7708326590515112,False,0.2486221209983341
694,sagereg,0.03,0.01,0.5,0.2,1.0,0.0,69.23149752077185,0.7708326745979286,False,0.2750647310003842
695,one_hop,0.03,0.01,0.5,0.2,1.0,0.0,40.484187620007134,0.6780089348196723,False,0.2476150379989121
695,sagereg,0.03,0.01,0.5,0.2,1.0,0.0,40.48420332203971,0.6780084860080844,False,0.2745446279986936
696,one_hop,0.03,0.01,0.5,0.2,1.0,0.0,125.0834276170331,0.9981239836481968,False,0.2439341610006522
696,sagereg,0.03,0.01,0.5,0.2,1.0,0.0,125.08343056195888,0.9981240019147384,False,0.2711059369994473
697,one_hop,0.03,0.01,0.5,0.2,1.0,0.0,98.75200146886372,0.8426584392654355,False,0.2482116549999773
697,sagereg,0.03,0.01,0.5,0.2,1.0,0.0,98.75200677722688,0.8426584632133,False,0.2770888260001811
698,one_hop,0.03,0.01,0.5,0.2,1.0,0.0,141.2024323710105,0.2627482266856991,False,0.2583521249998739
698,sagereg,0.03,0.01,0.5,0.2,1.0,0.0,141.2024546962803,0.2627477248621503,False,0.2840478229991277
699,one_hop,0.03,0.01,0.5,0.2,1.0,0.0,145.1484750992209,0.3625104664933551,False,0.2526892650002992
699,sagereg,0.03,0.01,0.5,0.2,1.0,0.0,145.14847535926825,0.3625104932264454,False,0.2793909829997574
700,one_hop,0.03,0.01,0.5,0.2,1.0,0.25,129.31599654052698,0.5941930378879468,False,0.2250879620005434
700,sagereg,0.03,0.01,0.5,0.2,1.0,0.25,129.31598027651103,0.5941930920707191,False,0.2530947100003686
701,one_hop,0.03,0.01,0.5,0.2,1.0,0.25,85.40288690097235,0.1223964992036656,False,0.2409926030013593
701,sagereg,0.03,0.01,0.5,0.2,1.0,0.25,85.40291210151544,0.122395960625352,False,0.2701586650000536
702,one_hop,0.03,0.01,0.5,0.2,1.0,0.25,87.55475352985016,0.4538198661364755,False,0.2321107600000687
702,sagereg,0.03,0.01,0.5,0.2,1.0,0.25,87.5547739106121,0.4538198644055801,False,0.2601326730000437
703,one_hop,0.03,0.01,0.5,0.2,1.0,0.25,160.87828468317394,0.3446111682304024,False,0.2283355620002112
703,sagereg,0.03,0.01,0.5,0.2,1.0,0.25,160.87822766602574,0.3446116530317872,False,0.2550786289993993
704,one_hop,0.03,0.01,0.5,0.2,1.0,0.25,127.7257052400614,0.4172748466889416,False,0.2341219629997795
704,sagereg,0.03,0.01,0.5,0.2,1.0,0.25,127.725705199769,0.4172749154069967,False,0.263553550999859
705,one_hop,0.03,0.01,0.5,0.2,1.0,0.25,138.5730169312293,0.3405079743939184,False,0.2295855249994929
705,sagereg,0.03,0.01,0.5,0.2,1.0,0.25,138.57300641633947,0.3405078187895914,False,0.257722812000793
706,one_hop,0.03,0.01,0.5,0.2,1.0,0.25,173.29569899491634,0.5540772590975892,False,0.2308858630003669
706,sagereg,0.03,0.01,0.5,0.2,1.0,0.25,173.29568585699064,0.5540771648822875,False,0.2568449379996309
707,one_hop,0.03,0.01,0.5,0.2,1.0,0.25,88.77065813360282,0.4183661763575982,False,0.2368677409995143
707,sagereg,0.03,0.01,0.5,0.2,1.0,0.25,88.77065029058015,0.4183661881636392,False,0.2671722849991056
708,one_hop,0.03,0.01,0.5,0.2,1.0,0.25,150.34750003484783,0.7010775222475821,False,0.2307144259993947
708,sagereg,0.03,0.01,0.5,0.2,1.0,0.25,150.3474878972029,0.7010775750576973,False,0.26193769999918
709,one_hop,0.03,0.01,0.5,0.2,1.0,0.25,164.94725516629407,0.3230903776934915,False,0.2347382139996625
709,sagereg,0.03,0.01,0.5,0.2,1.0,0.25,164.92270596034504,0.3228745221097549,False,0.261509912999827
710,one_hop,0.03,0.01,0.5,0.2,1.0,0.25,73.83375199973044,1.01535368843028,False,0.2300465539992728
710,sagereg,0.03,0.01,0.5,0.2,1.0,0.25,73.83372710196767,1.015353175460985,False,0.2579359470000781
711,one_hop,0.03,0.01,0.5,0.2,1.0,0.25,123.92406498643616,0.370468617415762,False,0.2409561799995572
711,sagereg,0.03,0.01,0.5,0.2,1.0,0.25,123.92407162005216,0.3704686097463668,False,0.2710913120008626
712,one_hop,0.03,0.01,0.5,0.2,1.0,0.25,8.790418261792139,0.8060637622587771,False,0.2275674610009446
712,sagereg,0.03,0.01,0.5,0.2,1.0,0.25,8.790412423279705,0.8060637566298011,False,0.2580063109999173
713,one_hop,0.03,0.01,0.5,0.2,1.0,0.25,86.21057756721211,0.3995812502426586,False,0.237131258001682
713,sagereg,0.03,0.01,0.5,0.2,1.0,0.25,86.2105806593027,0.3995811771954422,False,0.2639241560009395
714,one_hop,0.03,0.01,0.5,0.2,1.0,0.25,175.68365610622624,0.8569669388000463,False,0.2276971700011927
714,sagereg,0.03,0.01,0.5,0.2,1.0,0.25,175.68366071187918,0.856966919697835,False,0.2573740429997997
715,one_hop,0.03,0.01,0.5,0.2,1.0,0.25,165.38680060463972,0.5145870733302907,False,0.2311367680013063
715,sagereg,0.03,0.01,0.5,0.2,1.0,0.25,165.38680508944154,0.5145871792602831,False,0.26122208400011
716,one_hop,0.03,0.01,0.5,0.2,1.0,0.25,61.83994929809253,0.8564820843225736,False,0.239428136999777
716,sagereg,0.03,0.01,0.5,0.2,1.0,0.25,61.83993373336403,0.8564817559817004,False,0.2682634779994259
717,one_hop,0.03,0.01,0.5,0.2,1.0,0.25,1.5423555253618977,0.3215545356058905,False,0.2348944320001464
717,sagereg,0.03,0.01,0.5,0.2,1.0,0.25,1.5423400038834425,0.3215544584717635,False,0.265745272001368
718,one_hop,0.03,0.01,0.5,0.2,1.0,0.25,128.9912397319988,0.3720067655636619,False,0.2332674280005449
718,sagereg,0.03,0.01,0.5,0.2,1.0,0.25,128.9912187108477,0.3720064072849225,False,0.2606333639996592
719,one_hop,0.03,0.01,0.5,0.2,1.0,0.25,125.27387890592304,0.3619361916621149,False,0.2337008510003215
719,sagereg,0.03,0.01,0.5,0.2,1.0,0.25,125.27388150454894,0.3619362188297101,False,0.263196746000176
720,one_hop,0.03,0.01,0.5,0.8,0.0,0.0,101.88690249146522,0.7849840110368554,False,0.2646393159993749
720,sagereg,0.03,0.01,0.5,0.8,0.0,0.0,101.88690253210132,0.7849840340145873,False,0.2928698810010246
721,one_hop,0.03,0.01,0.5,0.8,0.0,0.0,106.0865221547128,0.1991041335528716,False,0.2649566579984821
721,sagereg,0.03,0.01,0.5,0.8,0.0,0.0,106.08652294464106,0.1991040443266742,False,0.294034176000423
722,one_hop,0.03,0.01,0.5,0.8,0.0,0.0,97.83333377257142,0.3754993807202834,False,0.2628132350000669
722,sagereg,0.03,0.01,0.5,0.8,0.0,0.0,97.83333427448616,0.3754994020717661,False,0.2909927719992993
723,one_hop,0.03,0.01,0.5,0.8,0.0,0.0,147.33720879333492,0.95629105516564,False,0.2620788320000429
723,sagereg,0.03,0.01,0.5,0.8,0.0,0.0,147.3372029433375,0.9562911044700694,False,0.2935004889986885
724,one_hop,0.03,0.01,0.5,0.8,0.0,0.0,129.7942102458206,0.591351824051257,False,0.2701867629984917
724,sagereg,0.03,0.01,0.5,0.8,0.0,0.0,129.7942121403582,0.5913518907677119,False,0.2991335529986827
725,one_hop,0.03,0.01,0.5,0.8,0.0,0.0,124.02126005215516,0.8157591131314449,False,0.263873482001145
725,sagereg,0.03,0.01,0.5,0.8,0.0,0.0,124.0212582707687,0.8157591209164521,False,0.2933762889988429
726,one_hop,0.03,0.01,0.5,0.8,0.0,0.0,11.746868673686828,0.7957357130805456,False,0.2602607520002493
726,sagereg,0.03,0.01,0.5,0.8,0.0,0.0,11.746869815348813,0.7957357996627635,False,0.2881866059997264
727,one_hop,0.03,0.01,0.5,0.8,0.0,0.0,142.65413353627142,0.3419110998347533,False,0.2625303080003505
727,sagereg,0.03,0.01,0.5,0.8,0.0,0.0,142.65413994954582,0.3419110896746387,False,0.2934157889994822
728,one_hop,0.03,0.01,0.5,0.8,0.0,0.0,43.09664331478798,0.8186045086733862,False,0.2614943680000579
728,sagereg,0.03,0.01,0.5,0.8,0.0,0.0,43.09664306098944,0.8186045436323046,False,0.2897781930005294
729,one_hop,0.03,0.01,0.5,0.8,0.0,0.0,21.99553360808603,0.5834108269940739,False,0.2614468200008559
729,sagereg,0.03,0.01,0.5,0.8,0.0,0.0,21.99552806378744,0.5834107800581639,False,0.2906867490000877
730,one_hop,0.03,0.01,0.5,0.8,0.0,0.0,93.3693047231661,1.02524177643398,False,0.2645017389986606
730,sagereg,0.03,0.01,0.5,0.8,0.0,0.0,93.36929815664408,1.0252418421439669,False,0.295169850000093
731,one_hop,0.03,0.01,0.5,0.8,0.0,0.0,159.52527399292438,0.5172661887679243,False,0.2575609030009218
731,sagereg,0.03,0.01,0.5,0.8,0.0,0.0,159.52527355981604,0.5172661865331692,False,0.2921180180001101
732,one_hop,0.03,0.01,0.5,0.8,0.0,0.0,146.55568085104994,0.4042558734672369,False,0.263346248999369
732,sagereg,0.03,0.01,0.5,0.8,0.0,0.0,146.5556808493835,0.4042558711040509,False,0.2921836850000545
733,one_hop,0.03,0.01,0.5,0.8,0.0,0.0,102.32255127700954,0.3230210595927297,False,0.2620558540002093
733,sagereg,0.03,0.01,0.5,0.8,0.0,0.0,102.32254946174828,0.3230210613631923,False,0.2926114740002958
734,one_hop,0.03,0.01,0.5,0.8,0.0,0.0,85.75140762079492,0.4855067997130349,False,0.2642589520000911
734,sagereg,0.03,0.01,0.5,0.8,0.0,0.0,85.75137862321924,0.4855072705156758,False,0.2943186379998224
735,one_hop,0.03,0.01,0.5,0.8,0.0,0.0,34.18099160920156,0.7283287141485982,False,0.2673121040006663
735,sagereg,0.03,0.01,0.5,0.8,0.0,0.0,34.18099268880673,0.7283286605205203,False,0.298186946001806
736,one_hop,0.03,0.01,0.5,0.8,0.0,0.0,134.0101425892737,1.0185319599020073,False,0.2639086380004301
736,sagereg,0.03,0.01,0.5,0.8,0.0,0.0,134.01014139242412,1.0185320033982828,False,0.2922093319994019
737,one_hop,0.03,0.01,0.5,0.8,0.0,0.0,154.57699241701542,0.1802585750430447,False,0.264599967000322
737,sagereg,0.03,0.01,0.5,0.8,0.0,0.0,154.57699174940018,0.180258563414717,False,0.2932685260002472
738,one_hop,0.03,0.01,0.5,0.8,0.0,0.0,154.4862130791341,1.003846703673682,False,0.2637409600010869
738,sagereg,0.03,0.01,0.5,0.8,0.0,0.0,154.48621309363674,1.0038467173240415,False,0.2906073399990418
739,one_hop,0.03,0.01,0.5,0.8,0.0,0.0,170.20865173952282,1.1876397108922432,False,0.2636216750015592
739,sagereg,0.03,0.01,0.5,0.8,0.0,0.0,170.20864948085807,1.18763972162475,False,0.2923421890009194
740,one_hop,0.03,0.01,0.5,0.8,0.0,0.25,90.32866922553713,0.9566798376062456,False,0.2415367609992245
740,sagereg,0.03,0.01,0.5,0.8,0.0,0.25,90.32866989452134,0.9566798287206322,False,0.2750972670000919
741,one_hop,0.03,0.01,0.5,0.8,0.0,0.25,124.76042220271496,0.336743406023401,False,0.2470198190003429
741,sagereg,0.03,0.01,0.5,0.8,0.0,0.25,124.7604212930568,0.3367434564237275,False,0.2763445000000502
742,one_hop,0.03,0.01,0.5,0.8,0.0,0.25,69.72303469542223,0.7646728767574357,False,0.2400960750001104
742,sagereg,0.03,0.01,0.5,0.8,0.0,0.25,69.72311224647547,0.7646793744662413,False,0.271339070999602
743,one_hop,0.03,0.01,0.5,0.8,0.0,0.25,83.72050432286765,0.6720055243241935,False,0.2457582589995581
743,sagereg,0.03,0.01,0.5,0.8,0.0,0.25,83.72050494740925,0.6720055313525323,False,0.2779700580013013
744,one_hop,0.03,0.01,0.5,0.8,0.0,0.25,91.45412109912029,0.508923742820696,False,0.2445981759992719
744,sagereg,0.03,0.01,0.5,0.8,0.0,0.25,91.4541228580808,0.5089237252188823,False,0.2744340939989342
745,one_hop,0.03,0.01,0.5,0.8,0.0,0.25,134.99128106668192,0.6552560110638547,False,0.2451551289996132
745,sagereg,0.03,0.01,0.5,0.8,0.0,0.25,134.99128048301927,0.6552559141968693,False,0.277332153998941
746,one_hop,0.03,0.01,0.5,0.8,0.0,0.25,165.9461387956735,1.133329497779905,False,0.2505320889995346
746,sagereg,0.03,0.01,0.5,0.8,0.0,0.25,165.94613937237654,1.1333295033023505,False,0.2821126029994047
747,one_hop,0.03,0.01,0.5,0.8,0.0,0.25,94.1957733470492,0.6602604013045099,False,0.2404502259996661
747,sagereg,0.03,0.01,0.5,0.8,0.0,0.25,94.19577286330548,0.6602603952720252,False,0.2750308489994495
748,one_hop,0.03,0.01,0.5,0.8,0.0,0.25,177.2464332235781,1.207296587988958,False,0.2444948939992173
748,sagereg,0.03,0.01,0.5,0.8,0.0,0.25,177.24644361474452,1.207296474352021,False,0.2729973789992073
749,one_hop,0.03,0.01,0.5,0.8,0.0,0.25,34.53634493555038,0.8125970142178751,False,0.2516454489996249
749,sagereg,0.03,0.01,0.5,0.8,0.0,0.25,34.536344938225206,0.812596999080569,False,0.2845178640000085
750,one_hop,0.03,0.01,0.5,0.8,0.0,0.25,126.2145725898704,0.7318965166985543,False,0.2418536490004044
750,sagereg,0.03,0.01,0.5,0.8,0.0,0.25,126.214571861433,0.7318965024568183,False,0.2733840950004378
751,one_hop,0.03,0.01,0.5,0.8,0.0,0.25,144.59840575776,0.764372296266383,False,0.2433122669990552
751,sagereg,0.03,0.01,0.5,0.8,0.0,0.25,144.5984067084817,0.7643723342553573,False,0.2748475059997872
752,one_hop,0.03,0.01,0.5,0.8,0.0,0.25,67.84245972375479,0.3176102195715815,False,0.2500773099982325
752,sagereg,0.03,0.01,0.5,0.8,0.0,0.25,67.84245970055292,0.3176101541254672,False,0.280124960001558
753,one_hop,0.03,0.01,0.5,0.8,0.0,0.25,165.10476865583342,0.7276812591782895,False,0.2509795639998629
753,sagereg,0.03,0.01,0.5,0.8,0.0,0.25,165.10476914362906,0.7276812285075708,False,0.2834207659998355
754,one_hop,0.03,0.01,0.5,0.8,0.0,0.25,67.25356839201075,0.3836685908060314,False,0.2424772020003729
754,sagereg,0.03,0.01,0.5,0.8,0.0,0.25,67.253569815301,0.3836687913484838,False,0.2735171999993326
755,one_hop,0.03,0.01,0.5,0.8,0.0,0.25,136.74725670787586,0.7429347635118514,False,0.2409372219990473
755,sagereg,0.03,0.01,0.5,0.8,0.0,0.25,136.74726132571325,0.7429345239556815,False,0.2715093409988185
756,one_hop,0.03,0.01,0.5,0.8,0.0,0.25,172.0202099303009,0.733636078283749,False,0.2505010459990444
756,sagereg,0.03,0.01,0.5,0.8,0.0,0.25,172.0202104877013,0.7336360561533268,False,0.2804631140006677
757,one_hop,0.03,0.01,0.5,0.8,0.0,0.25,105.2062192716042,0.4481667039948326,False,0.2430958490003831
757,sagereg,0.03,0.01,0.5,0.8,0.0,0.25,105.20621931747306,0.4481667127184222,False,0.2752468449998559
758,one_hop,0.03,0.01,0.5,0.8,0.0,0.25,142.89064333688074,0.1527715916559499,False,0.2418144790008227
758,sagereg,0.03,0.01,0.5,0.8,0.0,0.25,142.8906476694152,0.1527715517887663,False,0.2742996390006738
759,one_hop,0.03,0.01,0.5,0.8,0.0,0.25,139.765111492749,0.5304998177706209,False,0.2466237660009937
759,sagereg,0.03,0.01,0.5,0.8,0.0,0.25,139.7651134823871,0.5304997944349185,False,0.2779289490008523
760,one_hop,0.03,0.01,0.5,0.8,0.5,0.0,42.26282259820779,0.8014350516074219,False,0.2679079930003354
760,sagereg,0.03,0.01,0.5,0.8,0.5,0.0,42.26282278071725,0.801435023661445,False,0.3018300240000826
761,one_hop,0.03,0.01,0.5,0.8,0.5,0.0,135.73286561218268,0.6629027245511208,False,0.2636137800000142
761,sagereg,0.03,0.01,0.5,0.8,0.5,0.0,135.73286551646174,0.6629027521304164,False,0.2941854950004199
762,one_hop,0.03,0.01,0.5,0.8,0.5,0.0,38.907350049897055,1.0662349058287397,False,0.2616935500009276
762,sagereg,0.03,0.01,0.5,0.8,0.5,0.0,38.90734718421282,1.066234761058601,False,0.2908426600006351
763,one_hop,0.03,0.01,0.5,0.8,0.5,0.0,171.93540453511602,0.3874749067765998,False,0.2626179589988169
763,sagereg,0.03,0.01,0.5,0.8,0.5,0.0,171.93540652500263,0.3874748083077312,False,0.2911873569992167
764,one_hop,0.03,0.01,0.5,0.8,0.5,0.0,65.03462869205211,0.5916489626215339,False,0.2629159589996561
764,sagereg,0.03,0.01,0.5,0.8,0.5,0.0,65.03463440445786,0.5916489473889893,False,0.2917964309999661
765,one_hop,0.03,0.01,0.5,0.8,0.5,0.0,153.99876667351657,0.2819379295976805,False,0.2645995259990741
765,sagereg,0.03,0.01,0.5,0.8,0.5,0.0,153.9987717168497,0.2819378495594326,False,0.2949391470010596
766,one_hop,0.03,0.01,0.5,0.8,0.5,0.0,115.46139483826396,0.4073200416066711,False,0.2644542819998605
766,sagereg,0.03,0.01,0.5,0.8,0.5,0.0,115.46139046877668,0.4073198690065419,False,0.2966211790007946
767,one_hop,0.03,0.01,0.5,0.8,0.5,0.0,136.47786466260314,0.9572511545182546,False,0.263114407998728
767,sagereg,0.03,0.01,0.5,0.8,0.5,0.0,136.47786315570943,0.95725111938846,False,0.2902755909999541
768,one_hop,0.03,0.01,0.5,0.8,0.5,0.0,152.19277872816463,0.3805205919069759,False,0.2645941840000887
768,sagereg,0.03,0.01,0.5,0.8,0.5,0.0,152.19277935828458,0.3805205443915215,False,0.2947421270000632
769,one_hop,0.03,0.01,0.5,0.8,0.5,0.0,33.71090153390481,0.8430852333120736,False,0.2668389999998908
769,sagereg,0.03,0.01,0.5,0.8,0.5,0.0,33.710640444154734,0.8430855874702675,False,0.2971012929992866
770,one_hop,0.03,0.01,0.5,0.8,0.5,0.0,142.2564033931547,0.9949968407836955,False,0.2600349509993975
770,sagereg,0.03,0.01,0.5,0.8,0.5,0.0,142.25640358483665,0.9949968215129652,False,0.2893915069998911
771,one_hop,0.03,0.01,0.5,0.8,0.5,0.0,106.34706164004076,0.1536783360068896,False,0.2642613240004721
771,sagereg,0.03,0.01,0.5,0.8,0.5,0.0,106.3470668074356,0.1536783462558797,False,0.292845035000937
772,one_hop,0.03,0.01,0.5,0.8,0.5,0.0,73.5122730788023,0.6698838522937471,False,0.2649268910008686
772,sagereg,0.03,0.01,0.5,0.8,0.5,0.0,73.51227069631359,0.6698839045971459,False,0.2939934649984934
773,one_hop,0.03,0.01,0.5,0.8,0.5,0.0,29.922835972725384,0.7019530282764923,False,0.2627233719995274
773,sagereg,0.03,0.01,0.5,0.8,0.5,0.0,29.922846425532967,0.7019529745843153,False,0.2922588239998731
774,one_hop,0.03,0.01,0.5,0.8,0.5,0.0,139.91062528406883,0.5395317631704499,False,0.2607799010002054
774,sagereg,0.03,0.01,0.5,0.8,0.5,0.0,139.9106246800043,0.5395317703662967,False,0.2895004119982332
775,one_hop,0.03,0.01,0.5,0.8,0.5,0.0,124.32314577507206,0.609378407994554,False,0.2677520369998092
775,sagereg,0.03,0.01,0.5,0.8,0.5,0.0,124.32314189327953,0.6093784891991131,False,0.2960240770007658
776,one_hop,0.03,0.01,0.5,0.8,0.5,0.0,162.4764376566957,0.090741374643334,False,0.2644290850003017
776,sagereg,0.03,0.01,0.5,0.8,0.5,0.0,162.47642910880276,0.0907411953590602,False,0.2940011450009478
777,one_hop,0.03,0.01,0.5,0.8,0.5,0.0,142.77158024160465,0.961076356943085,False,0.2628891360000125
777,sagereg,0.03,0.01,0.5,0.8,0.5,0.0,142.77157255019443,0.9610765473147154,False,0.293298477999997
778,one_hop,0.03,0.01,0.5,0.8,0.5,0.0,161.94070470728784,1.080333350508731,False,0.2653019520002999
778,sagereg,0.03,0.01,0.5,0.8,0.5,0.0,161.94067137559372,1.0803321143908566,False,0.2947291119999136
779,one_hop,0.03,0.01,0.5,0.8,0.5,0.0,108.3253632275122,0.5988987257735737,False,0.2686409010002535
779,sagereg,0.03,0.01,0.5,0.8,0.5,0.0,108.3253662932924,0.5988985035103895,False,0.2966187849997368
780,one_hop,0.03,0.01,0.5,0.8,0.5,0.25,89.28116923816306,1.07134623529657,False,0.2453930600004241
780,sagereg,0.03,0.01,0.5,0.8,0.5,0.25,89.28116598944281,1.071346271651812,False,0.2771395690015197
781,one_hop,0.03,0.01,0.5,0.8,0.5,0.25,56.29180217181863,0.5005834783356783,False,0.2485708280000835
781,sagereg,0.03,0.01,0.5,0.8,0.5,0.25,56.29180213505362,0.5005834457431186,False,0.2801806480001687
782,one_hop,0.03,0.01,0.5,0.8,0.5,0.25,169.72618329695598,0.6504538157564583,False,0.2428329299982579
782,sagereg,0.03,0.01,0.5,0.8,0.5,0.25,169.72618380740565,0.6504538151909283,False,0.2749479649992281
783,one_hop,0.03,0.01,0.5,0.8,0.5,0.25,161.85622286661734,0.6191114869672323,False,0.2423776529994938
783,sagereg,0.03,0.01,0.5,0.8,0.5,0.25,161.85622315404834,0.6191115131441407,False,0.2722500849995413
784,one_hop,0.03,0.01,0.5,0.8,0.5,0.25,112.11282789719392,0.5968225607285116,False,0.2409778159999405
784,sagereg,0.03,0.01,0.5,0.8,0.5,0.25,112.11282678680038,0.5968224629472232,False,0.2720404650008277
785,one_hop,0.03,0.01,0.5,0.8,0.5,0.25,150.51075031373568,0.947269671182797,False,0.2503990069999418
785,sagereg,0.03,0.01,0.5,0.8,0.5,0.25,150.51074980052186,0.947269680865812,False,0.2805941599999642
786,one_hop,0.03,0.01,0.5,0.8,0.5,0.25,173.4044058379651,0.7189392076047172,False,0.2425059950001014
786,sagereg,0.03,0.01,0.5,0.8,0.5,0.25,173.40440369838598,0.7189391019761452,False,0.2737517850000586
787,one_hop,0.03,0.01,0.5,0.8,0.5,0.25,165.74388863076595,0.8791936851178228,False,0.2436178579991974
787,sagereg,0.03,0.01,0.5,0.8,0.5,0.25,165.7438886383162,0.8791936838160461,False,0.2759036910010763
788,one_hop,0.03,0.01,0.5,0.8,0.5,0.25,144.48366597329695,0.6750537794164896,False,0.2441803910005546
788,sagereg,0.03,0.01,0.5,0.8,0.5,0.25,144.48366509054088,0.6750537591167788,False,0.2743588150005962
789,one_hop,0.03,0.01,0.5,0.8,0.5,0.25,105.0077471544726,0.8953753470815379,False,0.249466912000571
789,sagereg,0.03,0.01,0.5,0.8,0.5,0.25,105.00774414080094,0.8953753634430104,False,0.2797840109997196
790,one_hop,0.03,0.01,0.5,0.8,0.5,0.25,113.45952454894692,0.5992032928689651,False,0.2492866620013956
790,sagereg,0.03,0.01,0.5,0.8,0.5,0.25,113.45952399896956,0.5992032973621968,False,0.2798211049994279
791,one_hop,0.03,0.01,0.5,0.8,0.5,0.25,93.42661579920753,0.6246421192013117,False,0.2431364509993727
791,sagereg,0.03,0.01,0.5,0.8,0.5,0.25,93.42661777379315,0.6246420982615764,False,0.2731173789998138
792,one_hop,0.03,0.01,0.5,0.8,0.5,0.25,142.79477460739182,0.9216091176505452,False,0.2417929909988743
792,sagereg,0.03,0.01,0.5,0.8,0.5,0.25,142.79477133123777,0.9216090790837472,False,0.2730476310007361
793,one_hop,0.03,0.01,0.5,0.8,0.5,0.25,168.10255326308422,0.8308113411314297,False,0.2457115449997218
793,sagereg,0.03,0.01,0.5,0.8,0.5,0.25,168.1025568324068,0.830811317906392,False,0.2781289459999243
794,one_hop,0.03,0.01,0.5,0.8,0.5,0.25,27.972835503299137,0.1553916595871138,False,0.243798556000911
794,sagereg,0.03,0.01,0.5,0.8,0.5,0.25,27.97283414987948,0.1553916843540116,False,0.2755435369999759
795,one_hop,0.03,0.01,0.5,0.8,0.5,0.25,125.06510413446534,0.7410225154920637,False,0.2419418989993573
795,sagereg,0.03,0.01,0.5,0.8,0.5,0.25,125.06510234105122,0.7410225382603063,False,0.2739236310007982
796,one_hop,0.03,0.01,0.5,0.8,0.5,0.25,178.94006756271298,0.8737463167975349,False,0.2500026029993023
796,sagereg,0.03,0.01,0.5,0.8,0.5,0.25,178.94006398170572,0.8737458747458985,False,0.2801190079990192
797,one_hop,0.03,0.01,0.5,0.8,0.5,0.25,110.09165157426072,0.9487844148190436,False,0.2500878900009411
797,sagereg,0.03,0.01,0.5,0.8,0.5,0.25,110.09165161749426,0.9487844277235236,False,0.2806441390002874
798,one_hop,0.03,0.01,0.5,0.8,0.5,0.25,98.95642239395792,0.57216652898619,False,0.2480072779999318
798,sagereg,0.03,0.01,0.5,0.8,0.5,0.25,98.95642022005394,0.5721665198243056,False,0.2778884970011859
799,one_hop,0.03,0.01,0.5,0.8,0.5,0.25,87.27763621168775,0.5167374643640007,False,0.2346626489998016
799,sagereg,0.03,0.01,0.5,0.8,0.5,0.25,87.27763648319446,0.5167374948883983,False,0.2665179520008678
800,one_hop,0.03,0.01,0.5,0.8,1.0,0.0,121.92524688122688,0.7433747567004239,False,0.266821475001052
800,sagereg,0.03,0.01,0.5,0.8,1.0,0.0,121.92524886577962,0.743374667771932,False,0.2955439189991011
801,one_hop,0.03,0.01,0.5,0.8,1.0,0.0,157.41773174812317,0.6594025933355587,False,0.2623870649986202
801,sagereg,0.03,0.01,0.5,0.8,1.0,0.0,157.41773024420607,0.6594025880085527,False,0.2913204520009458
802,one_hop,0.03,0.01,0.5,0.8,1.0,0.0,162.53479046663116,0.1518166950176597,False,0.259678021999207
802,sagereg,0.03,0.01,0.5,0.8,1.0,0.0,162.53479473003532,0.1518166444288457,False,0.290009430000282
803,one_hop,0.03,0.01,0.5,0.8,1.0,0.0,174.38365507663832,0.284527069999074,False,0.2618386499998451
803,sagereg,0.03,0.01,0.5,0.8,1.0,0.0,174.38364431758106,0.2845269999591308,False,0.2914596409991645
804,one_hop,0.03,0.01,0.5,0.8,1.0,0.0,91.91759474866473,0.700976060437776,False,0.2567057920005027
804,sagereg,0.03,0.01,0.5,0.8,1.0,0.0,91.91760484520846,0.7009759799179426,False,0.2877336420006031
805,one_hop,0.03,0.01,0.5,0.8,1.0,0.0,68.94472713002773,0.619238174869759,False,0.2649167790004867
805,sagereg,0.03,0.01,0.5,0.8,1.0,0.0,68.94473049639748,0.6192381977399224,False,0.2927312390002043
806,one_hop,0.03,0.01,0.5,0.8,1.0,0.0,110.90157880579476,0.5801968609119318,False,0.2665732400000706
806,sagereg,0.03,0.01,0.5,0.8,1.0,0.0,110.90157884188471,0.5801967857371061,False,0.2952230310002051
807,one_hop,0.03,0.01,0.5,0.8,1.0,0.0,123.751118670495,1.0456112818205312,False,0.2645789709986275
807,sagereg,0.03,0.01,0.5,0.8,1.0,0.0,123.7511123721677,1.0456108883513702,False,0.2926538809988415
808,one_hop,0.03,0.01,0.5,0.8,1.0,0.0,43.89198543490385,0.8569186975150672,False,0.2654852610012312
808,sagereg,0.03,0.01,0.5,0.8,1.0,0.0,43.89198542632389,0.8569185528043879,False,0.2889169979989674
809,one_hop,0.03,0.01,0.5,0.8,1.0,0.0,159.1864847646918,0.4224953334545742,False,0.2685739910011762
809,sagereg,0.03,0.01,0.5,0.8,1.0,0.0,159.18648415777204,0.4224953404039712,False,0.2986667580007633
810,one_hop,0.03,0.01,0.5,0.8,1.0,0.0,100.82239227929637,0.3794844076229953,False,0.2639974579997215
810,sagereg,0.03,0.01,0.5,0.8,1.0,0.0,100.82239442281484,0.3794844027604749,False,0.2938035300012416
811,one_hop,0.03,0.01,0.5,0.8,1.0,0.0,166.6363845337536,0.6386310599094241,False,0.2543928519990004
811,sagereg,0.03,0.01,0.5,0.8,1.0,0.0,166.63638402471102,0.6386310522381868,False,0.2838539790009236
812,one_hop,0.03,0.01,0.5,0.8,1.0,0.0,133.8797369533341,0.5854589274924168,False,0.2582640820000961
812,sagereg,0.03,0.01,0.5,0.8,1.0,0.0,133.87973707136567,0.585458917734746,False,0.2889805590002652
813,one_hop,0.03,0.01,0.5,0.8,1.0,0.0,150.4007878178277,0.526125716127152,False,0.2656480459991144
813,sagereg,0.03,0.01,0.5,0.8,1.0,0.0,150.4007845770923,0.5261258738232704,False,0.2940756989992223
814,one_hop,0.03,0.01,0.5,0.8,1.0,0.0,145.47748949294706,0.4607235922535109,False,0.2654409379993012
814,sagereg,0.03,0.01,0.5,0.8,1.0,0.0,145.4774930362282,0.4607235376679139,False,0.2946109330005129
815,one_hop,0.03,0.01,0.5,0.8,1.0,0.0,28.250063423024155,0.8752037366581006,False,0.2620646300001681
815,sagereg,0.03,0.01,0.5,0.8,1.0,0.0,28.250062241475177,0.8752037775300222,False,0.2913808989997051
816,one_hop,0.03,0.01,0.5,0.8,1.0,0.0,168.58133071138352,0.7485610801719148,False,0.2678441059997567
816,sagereg,0.03,0.01,0.5,0.8,1.0,0.0,168.58133272221016,0.7485611302688108,False,0.296560832999603
817,one_hop,0.03,0.01,0.5,0.8,1.0,0.0,107.09185843392086,0.5111787169610773,False,0.2638371279990679
817,sagereg,0.03,0.01,0.5,0.8,1.0,0.0,107.09185601471064,0.5111787979901632,False,0.291965334001361
818,one_hop,0.03,0.01,0.5,0.8,1.0,0.0,166.59211701353078,0.6310261658875862,False,0.2664066729994374
818,sagereg,0.03,0.01,0.5,0.8,1.0,0.0,166.59211580333655,0.6310260849215075,False,0.2976289809994341
819,one_hop,0.03,0.01,0.5,0.8,1.0,0.0,173.00586517664553,0.7628116389987635,False,0.2608210519993008
819,sagereg,0.03,0.01,0.5,0.8,1.0,0.0,173.005862716764,0.7628115375706925,False,0.2911758850004844
820,one_hop,0.03,0.01,0.5,0.8,1.0,0.25,137.79783201244712,0.8254382858060151,False,0.2426934890008851
820,sagereg,0.03,0.01,0.5,0.8,1.0,0.25,137.79783190019205,0.8254382181968944,False,0.2708919569995487
821,one_hop,0.03,0.01,0.5,0.8,1.0,0.25,116.35542368850555,0.8411620600612019,False,0.2397428399999626
821,sagereg,0.03,0.01,0.5,0.8,1.0,0.25,116.35542133193726,0.8411620366774821,False,0.2702075149991287
822,one_hop,0.03,0.01,0.5,0.8,1.0,0.25,154.66226876671536,0.671066322005145,False,0.2436221619991556
822,sagereg,0.03,0.01,0.5,0.8,1.0,0.25,154.66227133010943,0.6710662660037945,False,0.2753952980001486
823,one_hop,0.03,0.01,0.5,0.8,1.0,0.25,159.79271749990016,0.5251408136735773,False,0.2402395919998525
823,sagereg,0.03,0.01,0.5,0.8,1.0,0.25,159.7927285329676,0.5251410202235212,False,0.2695610859991575
824,one_hop,0.03,0.01,0.5,0.8,1.0,0.25,110.26355001159064,0.970795807221102,False,0.2523876569994172
824,sagereg,0.03,0.01,0.5,0.8,1.0,0.25,110.26354793725064,0.970795754890304,False,0.2796768890002568
825,one_hop,0.03,0.01,0.5,0.8,1.0,0.25,37.17053708467768,0.7581810839771095,False,0.2445831519999046
825,sagereg,0.03,0.01,0.5,0.8,1.0,0.25,37.17050072216424,0.7581812598756476,False,0.2725063010002486
826,one_hop,0.03,0.01,0.5,0.8,1.0,0.25,149.27839327974596,0.7808998737239791,False,0.2484691560002829
826,sagereg,0.03,0.01,0.5,0.8,1.0,0.25,149.27839298503068,0.7808998770941545,False,0.2808375020013045
827,one_hop,0.03,0.01,0.5,0.8,1.0,0.25,166.32944975294345,0.5868124143386825,False,0.2482768259997101
827,sagereg,0.03,0.01,0.5,0.8,1.0,0.25,166.32944974508504,0.5868124535970531,False,0.277091116999145
828,one_hop,0.03,0.01,0.5,0.8,1.0,0.25,170.5230116303648,0.4388848406813723,False,0.244405942999947
828,sagereg,0.03,0.01,0.5,0.8,1.0,0.25,170.5230137357548,0.4388847830745701,False,0.2749640439997165
829,one_hop,0.03,0.01,0.5,0.8,1.0,0.25,159.4734918627257,0.6899388921712887,False,0.2474702830004389
829,sagereg,0.03,0.01,0.5,0.8,1.0,0.25,159.47349224357276,0.6899389053835528,False,0.2774940600011177
830,one_hop,0.03,0.01,0.5,0.8,1.0,0.25,70.89642587268902,1.111427458202185,False,0.242827699999907
830,sagereg,0.03,0.01,0.5,0.8,1.0,0.25,70.89642257537588,1.111427388089205,False,0.2716017180009658
831,one_hop,0.03,0.01,0.5,0.8,1.0,0.25,164.69739915051352,0.920139089846861,False,0.2400514929995552
831,sagereg,0.03,0.01,0.5,0.8,1.0,0.25,164.69739996955764,0.9201390043162054,False,0.2707839329996204
832,one_hop,0.03,0.01,0.5,0.8,1.0,0.25,69.30723653790479,0.5430580581349533,False,0.2440980320006929
832,sagereg,0.03,0.01,0.5,0.8,1.0,0.25,69.30723573038148,0.543058033371038,False,0.2732902329989883
833,one_hop,0.03,0.01,0.5,0.8,1.0,0.25,126.36958714059487,0.3124819581233293,False,0.2414769639999576
833,sagereg,0.03,0.01,0.5,0.8,1.0,0.25,126.3695885225577,0.3124819473996648,False,0.2726783629987039
834,one_hop,0.03,0.01,0.5,0.8,1.0,0.25,143.1733689962287,0.4810132728573005,False,0.2395967089996702
834,sagereg,0.03,0.01,0.5,0.8,1.0,0.25,143.17336886734924,0.4810132958250008,False,0.2692845779984054
835,one_hop,0.03,0.01,0.5,0.8,1.0,0.25,81.46253216539218,0.5160230432398359,False,0.2448721009986911
835,sagereg,0.03,0.01,0.5,0.8,1.0,0.25,81.46253133034342,0.5160230797576775,False,0.2734710439999617
836,one_hop,0.03,0.01,0.5,0.8,1.0,0.25,139.44115879587892,0.6615974329524162,False,0.2456956049991276
836,sagereg,0.03,0.01,0.5,0.8,1.0,0.25,139.44115535402216,0.6615973188271759,False,0.2765655069997592
837,one_hop,0.03,0.01,0.5,0.8,1.0,0.25,106.74605145226904,0.2835672783609839,False,0.2445836030001373
837,sagereg,0.03,0.01,0.5,0.8,1.0,0.25,106.74605240827876,0.2835673022136774,False,0.2759153980005067
838,one_hop,0.03,0.01,0.5,0.8,1.0,0.25,165.7381946826946,0.469476249498527,False,0.2436867809992691
838,sagereg,0.03,0.01,0.5,0.8,1.0,0.25,165.73819819799462,0.469476255648777,False,0.2737777679994906
839,one_hop,0.03,0.01,0.5,0.8,1.0,0.25,168.20903783583756,0.5461170600125644,False,0.2401899859996774
839,sagereg,0.03,0.01,0.5,0.8,1.0,0.25,168.209037717845,0.5461170639280121,False,0.2681284399986907
840,one_hop,0.03,0.01,0.75,0.055,0.0,0.0,97.2576444232239,1.5567501899285483,False,0.2301832339999237
840,sagereg,0.03,0.01,0.75,0.055,0.0,0.0,97.58153352162508,1.5916732582214417,False,0.2552263319994381
841,one_hop,0.03,0.01,0.75,0.055,0.0,0.0,63.11090663983573,0.6456383274756465,False,0.242618730999311
841,sagereg,0.03,0.01,0.75,0.055,0.0,0.0,118.977391476976,0.229876363282872,False,0.2659278740011359
842,one_hop,0.03,0.01,0.75,0.055,0.0,0.0,178.59955337364894,0.5365710688665162,False,0.2314131839993933
842,sagereg,0.03,0.01,0.75,0.055,0.0,0.0,161.71682189951966,0.9022529722016884,False,0.2533850029994937
843,one_hop,0.03,0.01,0.75,0.055,0.0,0.0,0.5071543204127343,0.0057497535526627,True,0.234463221999249
843,sagereg,0.03,0.01,0.75,0.055,0.0,0.0,103.14454168682796,0.4993769080421847,False,0.2591455389992916
844,one_hop,0.03,0.01,0.75,0.055,0.0,0.0,132.14687876512863,1.7978430834429238,False,0.233943529001408
844,sagereg,0.03,0.01,0.75,0.055,0.0,0.0,0.1794795176005056,0.0029065697875602,True,0.2568133130007481
845,one_hop,0.03,0.01,0.75,0.055,0.0,0.0,119.39935192809732,1.0056978803093053,False,0.2334096310005406
845,sagereg,0.03,0.01,0.75,0.055,0.0,0.0,90.55176952154756,0.6095745724392793,False,0.2548179080004047
846,one_hop,0.03,0.01,0.75,0.055,0.0,0.0,0.2246800567221456,0.0021378561625769,True,0.2296037409996643
846,sagereg,0.03,0.01,0.75,0.055,0.0,0.0,0.2246803846662926,0.0021378563655088,True,0.2546497619987349
847,one_hop,0.03,0.01,0.75,0.055,0.0,0.0,123.7938989917424,2.247813906922783,False,0.2359427249994041
847,sagereg,0.03,0.01,0.75,0.055,0.0,0.0,120.45277339422763,2.267276128350737,False,0.259543616000883
848,one_hop,0.03,0.01,0.75,0.055,0.0,0.0,130.4422676251204,0.958626390242208,False,0.2280806890012172
848,sagereg,0.03,0.01,0.75,0.055,0.0,0.0,132.4732225185608,0.92711079955202,False,0.2521069390004413
849,one_hop,0.03,0.01,0.75,0.055,0.0,0.0,0.2860463037780588,0.0048162643790387,True,0.2258404349995544
849,sagereg,0.03,0.01,0.75,0.055,0.0,0.0,0.2860455436541351,0.0048162642375743,True,0.2495650359996943
850,one_hop,0.03,0.01,0.75,0.055,0.0,0.0,116.52068115094995,1.777280374091002,False,0.2372663210007886
850,sagereg,0.03,0.01,0.75,0.055,0.0,0.0,120.5621801954926,1.7703278809167362,False,0.261106744999779
851,one_hop,0.03,0.01,0.75,0.055,0.0,0.0,165.55654164366732,1.0434432537991294,False,0.2360313480003242
851,sagereg,0.03,0.01,0.75,0.055,0.0,0.0,122.07933338801558,1.3355039623029068,False,0.2615686409990303
852,one_hop,0.03,0.01,0.75,0.055,0.0,0.0,86.34281123122535,1.1406275337648684,False,0.2243692709998868
852,sagereg,0.03,0.01,0.75,0.055,0.0,0.0,86.59250517725172,1.136223611929193,False,0.247869412
853,one_hop,0.03,0.01,0.75,0.055,0.0,0.0,108.328889046866,0.4669412815184589,False,0.240812576999815
853,sagereg,0.03,0.01,0.75,0.055,0.0,0.0,108.81367476883236,0.4646826506674201,False,0.265532997000264
854,one_hop,0.03,0.01,0.75,0.055,0.0,0.0,106.87901114093532,0.2488806261863077,False,0.2327765669997461
854,sagereg,0.03,0.01,0.75,0.055,0.0,0.0,90.02669425716152,1.032684471421027,False,0.2563316749983642
855,one_hop,0.03,0.01,0.75,0.055,0.0,0.0,177.8849361825219,1.5854040236576028,False,0.2250496710003062
855,sagereg,0.03,0.01,0.75,0.055,0.0,0.0,178.04874471901394,1.5855289338966858,False,0.2501918150010169
856,one_hop,0.03,0.01,0.75,0.055,0.0,0.0,133.29614866938732,1.439992120639442,False,0.2297702579999168
856,sagereg,0.03,0.01,0.75,0.055,0.0,0.0,133.29603330382,1.4419518945696457,False,0.2568033810002816
857,one_hop,0.03,0.01,0.75,0.055,0.0,0.0,110.0532452746717,1.374001373794098,False,0.2333429319987772
857,sagereg,0.03,0.01,0.75,0.055,0.0,0.0,110.17414712315828,1.3750359087989992,False,0.257462924999345
858,one_hop,0.03,0.01,0.75,0.055,0.0,0.0,53.20208736173033,1.6483441090676063,False,0.2312701049995666
858,sagereg,0.03,0.01,0.75,0.055,0.0,0.0,70.50371771780118,1.0159079498308587,False,0.2556209320009657
859,one_hop,0.03,0.01,0.75,0.055,0.0,0.0,147.3905137156676,1.6211681571797223,False,0.2315709140002582
859,sagereg,0.03,0.01,0.75,0.055,0.0,0.0,144.37740762072383,1.6093286241606863,False,0.2533628189994488
860,one_hop,0.03,0.01,0.75,0.055,0.0,0.25,126.51828890776554,1.1255050198636267,False,0.2341534930001216
860,sagereg,0.03,0.01,0.75,0.055,0.0,0.25,127.611352030394,1.1474346075514197,False,0.2625316450012178
861,one_hop,0.03,0.01,0.75,0.055,0.0,0.25,113.0442593894646,0.4294744758431325,False,0.2330470050001167
861,sagereg,0.03,0.01,0.75,0.055,0.0,0.25,113.0443210200082,0.4294749845146956,False,0.261641672001133
862,one_hop,0.03,0.01,0.75,0.055,0.0,0.25,163.06235092909455,0.922391876422152,False,0.2334804530000838
862,sagereg,0.03,0.01,0.75,0.055,0.0,0.25,163.27735631320317,0.9160967740323795,False,0.2612578779990144
863,one_hop,0.03,0.01,0.75,0.055,0.0,0.25,92.45805946510905,1.212174402240897,False,0.2296464609989925
863,sagereg,0.03,0.01,0.75,0.055,0.0,0.25,170.75831740276823,0.621028615784143,False,0.2592466040005092
864,one_hop,0.03,0.01,0.75,0.055,0.0,0.25,149.854722307073,0.785533842125816,False,0.2370806620001531
864,sagereg,0.03,0.01,0.75,0.055,0.0,0.25,150.02033739761032,0.7850866813521047,False,0.264353636001033
865,one_hop,0.03,0.01,0.75,0.055,0.0,0.25,113.1559979204476,0.7641735999128128,False,0.2318050899993977
865,sagereg,0.03,0.01,0.75,0.055,0.0,0.25,79.85765916518355,0.9724896177952108,False,0.2596800669998629
866,one_hop,0.03,0.01,0.75,0.055,0.0,0.25,0.4292928175015587,0.0044959417277258,True,0.2320076619998872
866,sagereg,0.03,0.01,0.75,0.055,0.0,0.25,0.4292928391407827,0.004495942550745,True,0.259595341000022
867,one_hop,0.03,0.01,0.75,0.055,0.0,0.25,0.2034599183691175,0.0027055926783187,True,0.2310193510002136
867,sagereg,0.03,0.01,0.75,0.055,0.0,0.25,0.2034600118661922,0.0027055935481164,True,0.2589702219993341
868,one_hop,0.03,0.01,0.75,0.055,0.0,0.25,158.9011282499877,0.6870951819699614,False,0.2315453100000013
868,sagereg,0.03,0.01,0.75,0.055,0.0,0.25,158.9011637402105,0.6870981723690552,False,0.2593937620003999
869,one_hop,0.03,0.01,0.75,0.055,0.0,0.25,152.70939562384163,0.4571349082493303,False,0.228733177000322
869,sagereg,0.03,0.01,0.75,0.055,0.0,0.25,152.70946634588162,0.4571354716663763,False,0.2571409749998565
870,one_hop,0.03,0.01,0.75,0.055,0.0,0.25,165.07289706627495,0.9852834023259024,False,0.233908865999183
870,sagereg,0.03,0.01,0.75,0.055,0.0,0.25,165.00561231199478,0.9877495285176114,False,0.2595284580002044
871,one_hop,0.03,0.01,0.75,0.055,0.0,0.25,0.6379066697764485,0.0029260466851642,True,0.2316593479990842
871,sagereg,0.03,0.01,0.75,0.055,0.0,0.25,0.6379072751137289,0.002926047487267,True,0.2584164580002834
872,one_hop,0.03,0.01,0.75,0.055,0.0,0.25,99.18855090589128,0.3097420686839908,False,0.2390576069992676
872,sagereg,0.03,0.01,0.75,0.055,0.0,0.25,99.1885606307334,0.3097420109925814,False,0.2679695620008715
873,one_hop,0.03,0.01,0.75,0.055,0.0,0.25,119.35342594205405,0.5740936567458728,False,0.2380326060010702
873,sagereg,0.03,0.01,0.75,0.055,0.0,0.25,119.35182354542322,0.5740866502673281,False,0.2649477049999404
874,one_hop,0.03,0.01,0.75,0.055,0.0,0.25,89.42144647379645,0.5512031404817779,False,0.2358877799997571
874,sagereg,0.03,0.01,0.75,0.055,0.0,0.25,89.42141822102636,0.5512032578320374,False,0.264250683998398
875,one_hop,0.03,0.01,0.75,0.055,0.0,0.25,167.52887282697435,0.3837483534508657,False,0.2228241009997873
875,sagereg,0.03,0.01,0.75,0.055,0.0,0.25,167.37918979949836,0.3830339047599807,False,0.2503576479994081
876,one_hop,0.03,0.01,0.75,0.055,0.0,0.25,0.6725388064650318,0.0046153935450169,True,0.233614247999867
876,sagereg,0.03,0.01,0.75,0.055,0.0,0.25,0.6725386730696039,0.0046153930910175,True,0.2606988289990113
877,one_hop,0.03,0.01,0.75,0.055,0.0,0.25,84.36842706163836,1.134231183864396,False,0.2355620210000779
877,sagereg,0.03,0.01,0.75,0.055,0.0,0.25,86.54986180251194,1.1281404366686636,False,0.2631586229999811
878,one_hop,0.03,0.01,0.75,0.055,0.0,0.25,0.7261903547772064,0.0057501840355589,True,0.2281839009992836
878,sagereg,0.03,0.01,0.75,0.055,0.0,0.25,0.7261904454794501,0.0057501850292301,True,0.253852485000607
879,one_hop,0.03,0.01,0.75,0.055,0.0,0.25,130.55998950144937,1.015894264884319,False,0.2297865549990092
879,sagereg,0.03,0.01,0.75,0.055,0.0,0.25,134.35059349662097,1.085258328506458,False,0.2574055019995285
880,one_hop,0.03,0.01,0.75,0.055,0.5,0.0,25.351725210726933,1.3191524970343622,False,0.2331321830006345
880,sagereg,0.03,0.01,0.75,0.055,0.5,0.0,25.33476675121968,1.3210330173409504,False,0.2565958550003415
881,one_hop,0.03,0.01,0.75,0.055,0.5,0.0,121.4343590637862,1.0930287421816027,False,0.2421862239989423
881,sagereg,0.03,0.01,0.75,0.055,0.5,0.0,130.89265750445034,1.0518283908884587,False,0.2650719760003994
882,one_hop,0.03,0.01,0.75,0.055,0.5,0.0,47.02670231252908,0.4156988100697353,False,0.2362248049994377
882,sagereg,0.03,0.01,0.75,0.055,0.5,0.0,44.7922683493303,0.3998673728634328,False,0.2622649889999593
883,one_hop,0.03,0.01,0.75,0.055,0.5,0.0,103.28427724348768,1.2306672592630754,False,0.2355065880001348
883,sagereg,0.03,0.01,0.75,0.055,0.5,0.0,106.62347963518636,1.2835002029689353,False,0.2609689199998684
884,one_hop,0.03,0.01,0.75,0.055,0.5,0.0,123.67202796597388,0.7670684690110772,False,0.2360213149986521
884,sagereg,0.03,0.01,0.75,0.055,0.5,0.0,127.35799952217884,0.817409027594168,False,0.2539122250000218
885,one_hop,0.03,0.01,0.75,0.055,0.5,0.0,116.73122872262977,0.9220942614008728,False,0.2313224350000382
885,sagereg,0.03,0.01,0.75,0.055,0.5,0.0,117.68292546352924,0.9223221571552336,False,0.257017055999313
886,one_hop,0.03,0.01,0.75,0.055,0.5,0.0,103.57609772297478,0.76976225058139,False,0.2367727939999895
886,sagereg,0.03,0.01,0.75,0.055,0.5,0.0,126.8777102538015,0.7719476273931012,False,0.2607755419994646
887,one_hop,0.03,0.01,0.75,0.055,0.5,0.0,63.30526317803234,0.5216303479245196,False,0.2311026209990814
887,sagereg,0.03,0.01,0.75,0.055,0.5,0.0,62.29772928431204,0.5404657506171437,False,0.2527169450004294
888,one_hop,0.03,0.01,0.75,0.055,0.5,0.0,117.65184612313156,1.3766853690646883,False,0.2340841029999865
888,sagereg,0.03,0.01,0.75,0.055,0.5,0.0,117.73373911786882,1.39150929552841,False,0.2571415250004065
889,one_hop,0.03,0.01,0.75,0.055,0.5,0.0,150.81413232446377,0.7760726146705077,False,0.2336244849993818
889,sagereg,0.03,0.01,0.75,0.055,0.5,0.0,154.38020776543328,0.7875932068867869,False,0.257365003999439
890,one_hop,0.03,0.01,0.75,0.055,0.5,0.0,157.40071777882372,0.8478031199100963,False,0.2461510440007259
890,sagereg,0.03,0.01,0.75,0.055,0.5,0.0,157.39961170827732,0.847803632618531,False,0.2692320740006835
891,one_hop,0.03,0.01,0.75,0.055,0.5,0.0,109.55347405261988,1.5164971882087028,False,0.228026642000259
891,sagereg,0.03,0.01,0.75,0.055,0.5,0.0,109.60264448653184,1.522934143178018,False,0.2528508169998531
892,one_hop,0.03,0.01,0.75,0.055,0.5,0.0,110.00462067711577,0.6703191218400789,False,0.2362210520004737
892,sagereg,0.03,0.01,0.75,0.055,0.5,0.0,104.04891781335144,0.596490026575161,False,0.2593429839998862
893,one_hop,0.03,0.01,0.75,0.055,0.5,0.0,153.58808899654352,1.6325311619646754,False,0.2349687530004303
893,sagereg,0.03,0.01,0.75,0.055,0.5,0.0,151.3203697051639,1.6057527279526562,False,0.2569201480000629
894,one_hop,0.03,0.01,0.75,0.055,0.5,0.0,147.55061493748445,1.795963780378868,False,0.2356520729990734
894,sagereg,0.03,0.01,0.75,0.055,0.5,0.0,147.70103196950953,1.7643458811510129,False,0.2577221440005814
895,one_hop,0.03,0.01,0.75,0.055,0.5,0.0,130.1313092451949,0.9115317349559564,False,0.2323563410009228
895,sagereg,0.03,0.01,0.75,0.055,0.5,0.0,127.49772353388188,0.9438379983015528,False,0.2559696029984479
896,one_hop,0.03,0.01,0.75,0.055,0.5,0.0,150.69407320530252,1.005417481965044,False,0.2364878649987076
896,sagereg,0.03,0.01,0.75,0.055,0.5,0.0,142.21602380837732,0.9122115344591892,False,0.26065333599945
897,one_hop,0.03,0.01,0.75,0.055,0.5,0.0,84.81682849558952,1.7151238428918916,False,0.2376615940011106
897,sagereg,0.03,0.01,0.75,0.055,0.5,0.0,87.97460231282142,1.7185011264272394,False,0.2611926940007834
898,one_hop,0.03,0.01,0.75,0.055,0.5,0.0,136.8812205381575,0.724326354747201,False,0.243120771001486
898,sagereg,0.03,0.01,0.75,0.055,0.5,0.0,136.85823073771627,0.7244677857085707,False,0.2682483940006932
899,one_hop,0.03,0.01,0.75,0.055,0.5,0.0,95.38200587574724,0.3074472768345826,False,0.2360862559999077
899,sagereg,0.03,0.01,0.75,0.055,0.5,0.0,95.3640406840865,0.3075506114415879,False,0.2626052900013746
900,one_hop,0.03,0.01,0.75,0.055,0.5,0.25,0.462459378778314,0.0061008198537883,True,0.2307653399984701
900,sagereg,0.03,0.01,0.75,0.055,0.5,0.25,0.4624585552613668,0.0061008133176166,True,0.2584356410006876
901,one_hop,0.03,0.01,0.75,0.055,0.5,0.25,165.05174067517936,0.7449424282245011,False,0.2337970879998465
901,sagereg,0.03,0.01,0.75,0.055,0.5,0.25,165.05177864223555,0.7449428338889155,False,0.2614945069999521
902,one_hop,0.03,0.01,0.75,0.055,0.5,0.25,0.6752367664492754,0.0050980742257877,True,0.2278514900008303
902,sagereg,0.03,0.01,0.75,0.055,0.5,0.25,0.675237462929341,0.0050980782770501,True,0.256755737000276
903,one_hop,0.03,0.01,0.75,0.055,0.5,0.25,25.84165279198228,0.498496536909137,False,0.2344255169991811
903,sagereg,0.03,0.01,0.75,0.055,0.5,0.25,25.84846872694548,0.4985101140167663,False,0.2630421579997346
904,one_hop,0.03,0.01,0.75,0.055,0.5,0.25,32.729490242878285,0.8664957815092369,False,0.2392860460004158
904,sagereg,0.03,0.01,0.75,0.055,0.5,0.25,32.61144701773403,0.8659823152834316,False,0.2649375979999604
905,one_hop,0.03,0.01,0.75,0.055,0.5,0.25,0.2458834721410195,0.0026297299554385,True,0.2294333680001727
905,sagereg,0.03,0.01,0.75,0.055,0.5,0.25,0.2458834778151512,0.0026297298813561,True,0.2577155960007076
906,one_hop,0.03,0.01,0.75,0.055,0.5,0.25,0.2183758101318651,0.0029303598916845,True,0.2265205879994027
906,sagereg,0.03,0.01,0.75,0.055,0.5,0.25,0.2183756198109292,0.002930365332918,True,0.2499049870002636
907,one_hop,0.03,0.01,0.75,0.055,0.5,0.25,139.2895592883932,0.7776632351655434,False,0.2407662389996403
907,sagereg,0.03,0.01,0.75,0.055,0.5,0.25,139.29864257186932,0.7777735505498623,False,0.2679872310000064
908,one_hop,0.03,0.01,0.75,0.055,0.5,0.25,0.7109649465397988,0.0087489249991122,True,0.2329314629987493
908,sagereg,0.03,0.01,0.75,0.055,0.5,0.25,0.7109650104689319,0.0087489206216474,True,0.259655516998464
909,one_hop,0.03,0.01,0.75,0.055,0.5,0.25,142.87132702375973,0.5373114921855633,False,0.2335154590000456
909,sagereg,0.03,0.01,0.75,0.055,0.5,0.25,142.63533442305126,0.5304122337233558,False,0.2603898529996513
910,one_hop,0.03,0.01,0.75,0.055,0.5,0.25,0.2455134347771115,0.0029233320617043,True,0.2296417649995419
910,sagereg,0.03,0.01,0.75,0.055,0.5,0.25,0.2455134151875874,0.0029233326023223,True,0.2580685909997555
911,one_hop,0.03,0.01,0.75,0.055,0.5,0.25,0.4091209511584356,0.0054987571506303,True,0.2265124210007343
911,sagereg,0.03,0.01,0.75,0.055,0.5,0.25,0.4091206682759525,0.0054987552391643,True,0.2535809660002996
912,one_hop,0.03,0.01,0.75,0.055,0.5,0.25,64.45201242192624,0.919401249143226,False,0.2346353129996714
912,sagereg,0.03,0.01,0.75,0.055,0.5,0.25,64.4520280144156,0.919402079301308,False,0.2610638449987164
913,one_hop,0.03,0.01,0.75,0.055,0.5,0.25,0.1789947039299499,0.0041863965067546,True,0.2297634219994506
913,sagereg,0.03,0.01,0.75,0.055,0.5,0.25,0.1789946612190477,0.00418639604164,True,0.2577274539999052
914,one_hop,0.03,0.01,0.75,0.055,0.5,0.25,118.75479401589554,0.5912917595282685,False,0.2335393060002388
914,sagereg,0.03,0.01,0.75,0.055,0.5,0.25,118.75510148598124,0.5913071845678916,False,0.2614167459996679
915,one_hop,0.03,0.01,0.75,0.055,0.5,0.25,42.869879879422186,0.1733589594004219,False,0.2344116260010196
915,sagereg,0.03,0.01,0.75,0.055,0.5,0.25,42.86984233879988,0.173358347925002,False,0.2624922180002613
916,one_hop,0.03,0.01,0.75,0.055,0.5,0.25,171.15816593383155,0.8045481496100101,False,0.2338119189989811
916,sagereg,0.03,0.01,0.75,0.055,0.5,0.25,172.86073878398733,0.7997864578704428,False,0.2616273399999045
917,one_hop,0.03,0.01,0.75,0.055,0.5,0.25,0.4924443162832504,0.0060916512953793,True,0.2295696119999775
917,sagereg,0.03,0.01,0.75,0.055,0.5,0.25,0.4924442939330252,0.0060916502710871,True,0.2562196310009312
918,one_hop,0.03,0.01,0.75,0.055,0.5,0.25,0.2707088045702817,0.0026272621166361,True,0.2330011730009573
918,sagereg,0.03,0.01,0.75,0.055,0.5,0.25,0.2707088046510622,0.0026272620293896,True,0.2607707139995909
919,one_hop,0.03,0.01,0.75,0.055,0.5,0.25,111.05542630047876,0.7624873137069795,False,0.237129922999884
919,sagereg,0.03,0.01,0.75,0.055,0.5,0.25,111.0784280210104,0.7626217501759304,False,0.2677189659989381
920,one_hop,0.03,0.01,0.75,0.055,1.0,0.0,77.49678035541399,1.03742763888601,False,0.2338672509995376
920,sagereg,0.03,0.01,0.75,0.055,1.0,0.0,77.37045083153535,1.0374819489645022,False,0.2570959619988571
921,one_hop,0.03,0.01,0.75,0.055,1.0,0.0,149.96115838905317,1.0584545301896664,False,0.2432706330000655
921,sagereg,0.03,0.01,0.75,0.055,1.0,0.0,149.9611300205111,1.058454441284039,False,0.2676976969996758
922,one_hop,0.03,0.01,0.75,0.055,1.0,0.0,154.92912342092865,0.0852824927553922,False,0.2340108640000835
922,sagereg,0.03,0.01,0.75,0.055,1.0,0.0,97.14721122593204,1.2311772278351791,False,0.2586355479998019
923,one_hop,0.03,0.01,0.75,0.055,1.0,0.0,131.39922789557818,0.8429790605856976,False,0.2398569300003146
923,sagereg,0.03,0.01,0.75,0.055,1.0,0.0,166.13482373259842,0.4964583457614663,False,0.2667246889996022
924,one_hop,0.03,0.01,0.75,0.055,1.0,0.0,80.03396942135377,0.7584698312688759,False,0.2384281720005674
924,sagereg,0.03,0.01,0.75,0.055,1.0,0.0,80.03458321205432,0.7584768901513029,False,0.2615911899993079
925,one_hop,0.03,0.01,0.75,0.055,1.0,0.0,136.81495479810323,0.3092645653896099,False,0.2355925530009699
925,sagereg,0.03,0.01,0.75,0.055,1.0,0.0,136.81357159306876,0.3092016568084368,False,0.2589561360000516
926,one_hop,0.03,0.01,0.75,0.055,1.0,0.0,102.304268914454,1.096331705238022,False,0.2359730740008672
926,sagereg,0.03,0.01,0.75,0.055,1.0,0.0,102.23022761070364,1.0963796907938268,False,0.2580773429999681
927,one_hop,0.03,0.01,0.75,0.055,1.0,0.0,0.3609345429025773,0.0038304613568469,True,0.2335818770006881
927,sagereg,0.03,0.01,0.75,0.055,1.0,0.0,0.3609345508092121,0.0038304219790752,True,0.2573936080007115
928,one_hop,0.03,0.01,0.75,0.055,1.0,0.0,0.3859231156159148,0.0036188132532918,True,0.2315872399994987
928,sagereg,0.03,0.01,0.75,0.055,1.0,0.0,0.3859225645045758,0.0036188155000539,True,0.2537994949998392
929,one_hop,0.03,0.01,0.75,0.055,1.0,0.0,0.3179852784317626,0.0030887296787521,True,0.233158901999559
929,sagereg,0.03,0.01,0.75,0.055,1.0,0.0,0.3179848059255936,0.0030887340522437,True,0.2562556289994973
930,one_hop,0.03,0.01,0.75,0.055,1.0,0.0,151.41310616481852,1.1250199727845624,False,0.2334318029988935
930,sagereg,0.03,0.01,0.75,0.055,1.0,0.0,152.13630754978627,1.112602226874481,False,0.2585284750002756
931,one_hop,0.03,0.01,0.75,0.055,1.0,0.0,154.53663441750723,1.510482167865133,False,0.2307504180007527
931,sagereg,0.03,0.01,0.75,0.055,1.0,0.0,127.24369270892304,0.9541548851762558,False,0.2565405029999965
932,one_hop,0.03,0.01,0.75,0.055,1.0,0.0,27.519907286800954,1.5819779891426775,False,0.2338691459990514
932,sagereg,0.03,0.01,0.75,0.055,1.0,0.0,37.231149336400215,1.5978559662865794,False,0.2557826700012811
933,one_hop,0.03,0.01,0.75,0.055,1.0,0.0,0.4408454045408489,0.0061878844394342,True,0.2318971759996202
933,sagereg,0.03,0.01,0.75,0.055,1.0,0.0,0.440847100278309,0.0061879105368324,True,0.2545307769996725
934,one_hop,0.03,0.01,0.75,0.055,1.0,0.0,145.5048585176207,1.3090436407394763,False,0.2333620190001966
934,sagereg,0.03,0.01,0.75,0.055,1.0,0.0,145.60895158764347,1.3113598146452248,False,0.2558525619988359
935,one_hop,0.03,0.01,0.75,0.055,1.0,0.0,176.279827017314,1.1215027591080688,False,0.2360780839990184
935,sagereg,0.03,0.01,0.75,0.055,1.0,0.0,177.1810236711827,1.1252388756213243,False,0.26100800399945
936,one_hop,0.03,0.01,0.75,0.055,1.0,0.0,110.56180702826003,0.7907808717189421,False,0.2317248270010168
936,sagereg,0.03,0.01,0.75,0.055,1.0,0.0,105.21536936073626,0.5963211603477623,False,0.2541844370007311
937,one_hop,0.03,0.01,0.75,0.055,1.0,0.0,0.2274056477509062,0.0060447966943641,True,0.2352499810003792
937,sagereg,0.03,0.01,0.75,0.055,1.0,0.0,0.2274056613419004,0.0060447969733933,True,0.2567311740003788
938,one_hop,0.03,0.01,0.75,0.055,1.0,0.0,156.68151241302607,0.5975388743103336,False,0.2395209280002745
938,sagereg,0.03,0.01,0.75,0.055,1.0,0.0,152.14417599651688,0.6405625633673372,False,0.264238359999581
939,one_hop,0.03,0.01,0.75,0.055,1.0,0.0,127.72038474107694,0.947885426661584,False,0.2386167559998284
939,sagereg,0.03,0.01,0.75,0.055,1.0,0.0,125.5512285460052,0.9471977924402784,False,0.2655017039996892
940,one_hop,0.03,0.01,0.75,0.055,1.0,0.25,11.31372239347045,0.2372319396595396,False,0.2377561819994298
940,sagereg,0.03,0.01,0.75,0.055,1.0,0.25,11.31435943069206,0.2372366156611349,False,0.2649587249998149
941,one_hop,0.03,0.01,0.75,0.055,1.0,0.25,0.4222888211418279,0.0069080886412298,True,0.2284806040006515
941,sagereg,0.03,0.01,0.75,0.055,1.0,0.25,0.4222887962454909,0.0069080879966951,True,0.2552404559992283
942,one_hop,0.03,0.01,0.75,0.055,1.0,0.25,0.4632218688711707,0.0052087906612968,True,0.2329897439994965
942,sagereg,0.03,0.01,0.75,0.055,1.0,0.25,0.4632219779076141,0.0052087914291691,True,0.2604130870004155
943,one_hop,0.03,0.01,0.75,0.055,1.0,0.25,0.4138448525319486,0.0023845883240094,True,0.2278437340009986
943,sagereg,0.03,0.01,0.75,0.055,1.0,0.25,0.4138448594700027,0.0023845892759182,True,0.2544871929985675
944,one_hop,0.03,0.01,0.75,0.055,1.0,0.25,111.84701191822629,1.6727537275154252,False,0.2291597910007112
944,sagereg,0.03,0.01,0.75,0.055,1.0,0.25,112.12215404902236,1.6560950000965724,False,0.2546818560003885
945,one_hop,0.03,0.01,0.75,0.055,1.0,0.25,142.3539948747168,0.2880877740756769,False,0.2355830359992978
945,sagereg,0.03,0.01,0.75,0.055,1.0,0.25,142.26400515682562,0.28638535679011,False,0.2628448870000284
946,one_hop,0.03,0.01,0.75,0.055,1.0,0.25,0.1202578670910336,0.0035355752854321,True,0.2240461040000809
946,sagereg,0.03,0.01,0.75,0.055,1.0,0.25,0.1202578019007539,0.0035355753127698,True,0.250606573999903
947,one_hop,0.03,0.01,0.75,0.055,1.0,0.25,0.2706730066945219,0.0029411164817824,True,0.2361140859993611
947,sagereg,0.03,0.01,0.75,0.055,1.0,0.25,0.2706713429506213,0.0029410687608098,True,0.2628308980001748
948,one_hop,0.03,0.01,0.75,0.055,1.0,0.25,0.3085937522948757,0.0049682584329817,True,0.2279842120005923
948,sagereg,0.03,0.01,0.75,0.055,1.0,0.25,0.3085930690721598,0.0049682399800402,True,0.2552924569990864
949,one_hop,0.03,0.01,0.75,0.055,1.0,0.25,0.5580589710157355,0.003674766805556,True,0.2300441579991456
949,sagereg,0.03,0.01,0.75,0.055,1.0,0.25,0.558059004188187,0.0036747676578166,True,0.2570501509999303
950,one_hop,0.03,0.01,0.75,0.055,1.0,0.25,124.62364388222954,1.2015550414563507,False,0.2323607349990197
950,sagereg,0.03,0.01,0.75,0.055,1.0,0.25,126.07513856283018,1.2032814627306097,False,0.2609985399994912
951,one_hop,0.03,0.01,0.75,0.055,1.0,0.25,11.958719871654134,0.2742829287968578,False,0.2322753709995595
951,sagereg,0.03,0.01,0.75,0.055,1.0,0.25,11.95865241557648,0.2742830797497672,False,0.2595836889995553
952,one_hop,0.03,0.01,0.75,0.055,1.0,0.25,163.60925834770546,1.0419935362768349,False,0.2381818579997343
952,sagereg,0.03,0.01,0.75,0.055,1.0,0.25,145.90804991530274,0.5129045928459268,False,0.2652932520013564
953,one_hop,0.03,0.01,0.75,0.055,1.0,0.25,76.31264861415411,0.9440578784307624,False,0.2290128540007572
953,sagereg,0.03,0.01,0.75,0.055,1.0,0.25,76.05439257938708,0.9449918211071786,False,0.2568591019989981
954,one_hop,0.03,0.01,0.75,0.055,1.0,0.25,0.2367397420434728,0.0013522726773661,True,0.228167586001291
954,sagereg,0.03,0.01,0.75,0.055,1.0,0.25,0.2367396471443127,0.0013522851977719,True,0.253529700999934
955,one_hop,0.03,0.01,0.75,0.055,1.0,0.25,127.2798550519126,1.829972213779527,False,0.2236062779993517
955,sagereg,0.03,0.01,0.75,0.055,1.0,0.25,0.3671987697763866,0.0028406813395529,True,0.2520432579985936
956,one_hop,0.03,0.01,0.75,0.055,1.0,0.25,169.8992418269323,1.014317773336855,False,0.229887952998979
956,sagereg,0.03,0.01,0.75,0.055,1.0,0.25,169.89924580223783,1.0143178135365534,False,0.2584054999988439
957,one_hop,0.03,0.01,0.75,0.055,1.0,0.25,138.59148480639405,0.7728453572829326,False,0.2312399740003456
957,sagereg,0.03,0.01,0.75,0.055,1.0,0.25,139.45885255315375,0.7647426625451218,False,0.2586403419991256
958,one_hop,0.03,0.01,0.75,0.055,1.0,0.25,128.6120313559779,1.1745091798866956,False,0.2305834119997598
958,sagereg,0.03,0.01,0.75,0.055,1.0,0.25,0.5002274960905603,0.0037414311866104,True,0.2563270699993154
959,one_hop,0.03,0.01,0.75,0.055,1.0,0.25,0.7174882135631863,0.0053570435980226,True,0.225126586999977
959,sagereg,0.03,0.01,0.75,0.055,1.0,0.25,0.7174884183223098,0.0053570464480839,True,0.2533766779997677
960,one_hop,0.03,0.01,0.75,0.2,0.0,0.0,88.9464531770855,1.07289196673118,False,0.2475487819992849
960,sagereg,0.03,0.01,0.75,0.2,0.0,0.0,88.94644868777128,1.0728919823567913,False,0.2738048369992611
961,one_hop,0.03,0.01,0.75,0.2,0.0,0.0,55.2142427092332,0.8774117005144415,False,0.2511419790007494
961,sagereg,0.03,0.01,0.75,0.2,0.0,0.0,55.21424196813443,0.8774117520653701,False,0.2771293569985573
962,one_hop,0.03,0.01,0.75,0.2,0.0,0.0,143.30281949312797,0.8534642358857036,False,0.2519760890008911
962,sagereg,0.03,0.01,0.75,0.2,0.0,0.0,143.3028161880396,0.8534642605819536,False,0.2807525789994542
963,one_hop,0.03,0.01,0.75,0.2,0.0,0.0,154.68513341878983,0.4106404425643342,False,0.2499873220003792
963,sagereg,0.03,0.01,0.75,0.2,0.0,0.0,154.68514052130135,0.4106405389494681,False,0.2784525079987361
964,one_hop,0.03,0.01,0.75,0.2,0.0,0.0,103.52397869506132,0.8950486165979866,False,0.247561095000492
964,sagereg,0.03,0.01,0.75,0.2,0.0,0.0,103.52396744231328,0.8950486818867105,False,0.2751091039990569
965,one_hop,0.03,0.01,0.75,0.2,0.0,0.0,172.47175418295402,0.7830913846376465,False,0.2452625179994356
965,sagereg,0.03,0.01,0.75,0.2,0.0,0.0,172.4717864959225,0.7830908552630207,False,0.2737227420002455
966,one_hop,0.03,0.01,0.75,0.2,0.0,0.0,95.84484069467464,0.3105008927009671,False,0.2530097340004431
966,sagereg,0.03,0.01,0.75,0.2,0.0,0.0,95.84484316635844,0.310500844461787,False,0.2797785139991902
967,one_hop,0.03,0.01,0.75,0.2,0.0,0.0,46.69431031639873,0.3522791367118727,False,0.250027873998988
967,sagereg,0.03,0.01,0.75,0.2,0.0,0.0,46.69430705597854,0.3522791824941232,False,0.2782985930007271
968,one_hop,0.03,0.01,0.75,0.2,0.0,0.0,22.650300298616106,0.7572800376850136,False,0.2496017840003332
968,sagereg,0.03,0.01,0.75,0.2,0.0,0.0,22.65029006727237,0.7572799756755589,False,0.2776928189996397
969,one_hop,0.03,0.01,0.75,0.2,0.0,0.0,34.9724839407038,0.3416817663084632,False,0.2538935760003369
969,sagereg,0.03,0.01,0.75,0.2,0.0,0.0,34.97248069180538,0.3416818986892208,False,0.2807485419998556
970,one_hop,0.03,0.01,0.75,0.2,0.0,0.0,77.89582977414406,0.7386608704018035,False,0.2562238379996415
970,sagereg,0.03,0.01,0.75,0.2,0.0,0.0,77.89584362980688,0.7386610475258997,False,0.2860589499996422
971,one_hop,0.03,0.01,0.75,0.2,0.0,0.0,134.1354551816441,0.4917325107415212,False,0.2476324110011774
971,sagereg,0.03,0.01,0.75,0.2,0.0,0.0,134.13544832604347,0.4917325200609055,False,0.2758843169995089
972,one_hop,0.03,0.01,0.75,0.2,0.0,0.0,159.6378124106802,0.8295773445726339,False,0.2454209010011254
972,sagereg,0.03,0.01,0.75,0.2,0.0,0.0,159.63779369239182,0.8295775178058447,False,0.2696155370013002
973,one_hop,0.03,0.01,0.75,0.2,0.0,0.0,158.37270386078458,1.0639028209839412,False,0.2482870189996902
973,sagereg,0.03,0.01,0.75,0.2,0.0,0.0,158.37270521826633,1.063902807054473,False,0.2773277999986021
974,one_hop,0.03,0.01,0.75,0.2,0.0,0.0,48.52284957596291,0.2895088002834892,False,0.2546346480012289
974,sagereg,0.03,0.01,0.75,0.2,0.0,0.0,48.52284924897706,0.2895085838471123,False,0.2809314450005331
975,one_hop,0.03,0.01,0.75,0.2,0.0,0.0,133.37529656038836,0.8610339671591459,False,0.251910905000841
975,sagereg,0.03,0.01,0.75,0.2,0.0,0.0,133.37529980516135,0.8610340361032304,False,0.2770219600006385
976,one_hop,0.03,0.01,0.75,0.2,0.0,0.0,175.92549585199717,0.6503043868582042,False,0.2535851749998983
976,sagereg,0.03,0.01,0.75,0.2,0.0,0.0,175.925498647482,0.6503043745062008,False,0.2829927200000384
977,one_hop,0.03,0.01,0.75,0.2,0.0,0.0,174.57265126554168,0.8798157156020163,False,0.2458671450003748
977,sagereg,0.03,0.01,0.75,0.2,0.0,0.0,174.57266253202505,0.879815675620956,False,0.2710063570011698
978,one_hop,0.03,0.01,0.75,0.2,0.0,0.0,166.22747877949243,0.5790452938748551,False,0.251718212999549
978,sagereg,0.03,0.01,0.75,0.2,0.0,0.0,166.22748348896485,0.579045335000113,False,0.2804671829999279
979,one_hop,0.03,0.01,0.75,0.2,0.0,0.0,109.43346204485634,0.9161032083770652,False,0.242225578000216
979,sagereg,0.03,0.01,0.75,0.2,0.0,0.0,109.43346167398929,0.9161032162332016,False,0.2722761269997136
980,one_hop,0.03,0.01,0.75,0.2,0.0,0.25,167.1791548968925,0.5237050339377383,False,0.2449334329994599
980,sagereg,0.03,0.01,0.75,0.2,0.0,0.25,167.17916313744735,0.5237050883904507,False,0.2714951340003608
981,one_hop,0.03,0.01,0.75,0.2,0.0,0.25,131.77230633086128,0.4697140270547555,False,0.2361949639998783
981,sagereg,0.03,0.01,0.75,0.2,0.0,0.25,131.7722918600278,0.469713943063664,False,0.2637298580011702
982,one_hop,0.03,0.01,0.75,0.2,0.0,0.25,30.67298202123346,0.7482278763698972,False,0.2367464200015092
982,sagereg,0.03,0.01,0.75,0.2,0.0,0.25,30.672962049706243,0.7482281293592038,False,0.2665335059991776
983,one_hop,0.03,0.01,0.75,0.2,0.0,0.25,166.81510465701663,0.6449179301697053,False,0.2405093890010903
983,sagereg,0.03,0.01,0.75,0.2,0.0,0.25,166.81509652954023,0.6449176251782055,False,0.2705769990006956
984,one_hop,0.03,0.01,0.75,0.2,0.0,0.25,74.80843646705391,0.8911579505150142,False,0.2420182900004874
984,sagereg,0.03,0.01,0.75,0.2,0.0,0.25,74.80843597932643,0.8911580004889805,False,0.2711771869999211
985,one_hop,0.03,0.01,0.75,0.2,0.0,0.25,154.28595725974446,0.1463416931075215,False,0.2436240100014401
985,sagereg,0.03,0.01,0.75,0.2,0.0,0.25,154.2859711033158,0.1463415765921144,False,0.2726253939999878
986,one_hop,0.03,0.01,0.75,0.2,0.0,0.25,178.54880679988702,0.029010390874668,False,0.2450704879993281
986,sagereg,0.03,0.01,0.75,0.2,0.0,0.25,178.5488129260082,0.0290103620793692,False,0.2741615310005727
987,one_hop,0.03,0.01,0.75,0.2,0.0,0.25,134.9872685782482,0.4623318260931922,False,0.2386446740001702
987,sagereg,0.03,0.01,0.75,0.2,0.0,0.25,134.98726655913956,0.4623318485461473,False,0.2672718400008307
988,one_hop,0.03,0.01,0.75,0.2,0.0,0.25,118.1507415882001,1.027578588605985,False,0.2439876570006163
988,sagereg,0.03,0.01,0.75,0.2,0.0,0.25,118.15074136802691,1.027578581939704,False,0.2726490929999272
989,one_hop,0.03,0.01,0.75,0.2,0.0,0.25,152.5799384066258,0.9153598715446468,False,0.2349004299994703
989,sagereg,0.03,0.01,0.75,0.2,0.0,0.25,152.57992525111695,0.9153599650548156,False,0.2618641610006307
990,one_hop,0.03,0.01,0.75,0.2,0.0,0.25,70.88114242977825,0.8025378729697146,False,0.2391304560005664
990,sagereg,0.03,0.01,0.75,0.2,0.0,0.25,70.88114660004314,0.8025378417750623,False,0.2672322700000222
991,one_hop,0.03,0.01,0.75,0.2,0.0,0.25,113.18752326800303,0.5003190226785181,False,0.2335537840008328
991,sagereg,0.03,0.01,0.75,0.2,0.0,0.25,113.1875280360299,0.5003190220466408,False,0.2627070250000543
992,one_hop,0.03,0.01,0.75,0.2,0.0,0.25,138.25860328337404,1.1793646917920502,False,0.2458273459997144
992,sagereg,0.03,0.01,0.75,0.2,0.0,0.25,138.25860481402086,1.179364695474983,False,0.2730685549995542
993,one_hop,0.03,0.01,0.75,0.2,0.0,0.25,103.72625637925395,0.9505110326954888,False,0.2379066439989401
993,sagereg,0.03,0.01,0.75,0.2,0.0,0.25,103.72625896122236,0.9505110426865772,False,0.2661151239990431
994,one_hop,0.03,0.01,0.75,0.2,0.0,0.25,75.40775878570001,0.7172660334115915,False,0.2424716949990397
994,sagereg,0.03,0.01,0.75,0.2,0.0,0.25,75.40775314081101,0.717265990894978,False,0.2718220529986865
995,one_hop,0.03,0.01,0.75,0.2,0.0,0.25,147.4799986604291,1.1294421230904332,False,0.2334841979991324
995,sagereg,0.03,0.01,0.75,0.2,0.0,0.25,147.47998982907592,1.1294420684382842,False,0.2622887920006178
996,one_hop,0.03,0.01,0.75,0.2,0.0,0.25,40.72793394718846,0.1018685070594604,False,0.2409453039999789
996,sagereg,0.03,0.01,0.75,0.2,0.0,0.25,40.727949374084766,0.1018681722698329,False,0.2684295389990438
997,one_hop,0.03,0.01,0.75,0.2,0.0,0.25,64.04081708264545,0.7736958745583403,False,0.2397889589992701
997,sagereg,0.03,0.01,0.75,0.2,0.0,0.25,64.0408197348468,0.773695911729957,False,0.2688790209995204
998,one_hop,0.03,0.01,0.75,0.2,0.0,0.25,54.55445827531247,0.9510807581898084,False,0.242926945000363
998,sagereg,0.03,0.01,0.75,0.2,0.0,0.25,54.554509851985976,0.9510810141142614,False,0.272915973999261
999,one_hop,0.03,0.01,0.75,0.2,0.0,0.25,75.11601301598552,0.4929466098681684,False,0.2358822059995873
999,sagereg,0.03,0.01,0.75,0.2,0.0,0.25,75.11598593901296,0.4929467784230419,False,0.266325077998772
1000,one_hop,0.03,0.01,0.75,0.2,0.5,0.0,107.99225483361803,1.036975675483962,False,0.2525242470001103
1000,sagereg,0.03,0.01,0.75,0.2,0.5,0.0,107.99225037926182,1.0369756230774607,False,0.2811884289985755
1001,one_hop,0.03,0.01,0.75,0.2,0.5,0.0,169.2382291737835,0.9382221531372926,False,0.2498950589997548
1001,sagereg,0.03,0.01,0.75,0.2,0.5,0.0,169.23823877697046,0.9382220308892072,False,0.2759018029992148
1002,one_hop,0.03,0.01,0.75,0.2,0.5,0.0,65.60920687119034,0.3622055498953629,False,0.2560769169995183
1002,sagereg,0.03,0.01,0.75,0.2,0.5,0.0,65.60921852767984,0.3622055161949913,False,0.2849611029996595
1003,one_hop,0.03,0.01,0.75,0.2,0.5,0.0,108.04628527742668,0.8766888760567964,False,0.2514351890004036
1003,sagereg,0.03,0.01,0.75,0.2,0.5,0.0,108.04628941632394,0.8766888696856684,False,0.2801748820002103
1004,one_hop,0.03,0.01,0.75,0.2,0.5,0.0,93.14234843463674,0.7926987474353658,False,0.2512767570005962
1004,sagereg,0.03,0.01,0.75,0.2,0.5,0.0,93.14234757010188,0.7926987576353859,False,0.2778622780006117
1005,one_hop,0.03,0.01,0.75,0.2,0.5,0.0,164.5509821481788,0.7877909777884277,False,0.2519223760009481
1005,sagereg,0.03,0.01,0.75,0.2,0.5,0.0,164.55099437100995,0.7877909130600127,False,0.2812847349996445
1006,one_hop,0.03,0.01,0.75,0.2,0.5,0.0,100.46876167375224,0.9064367166220684,False,0.2470370720002392
1006,sagereg,0.03,0.01,0.75,0.2,0.5,0.0,100.4687643739628,0.9064368348367012,False,0.2740981799997826
1007,one_hop,0.03,0.01,0.75,0.2,0.5,0.0,137.375305724413,0.5870082189820078,False,0.2483541229994443
1007,sagereg,0.03,0.01,0.75,0.2,0.5,0.0,137.3752055611142,0.5870087978684014,False,0.2751118850010243
1008,one_hop,0.03,0.01,0.75,0.2,0.5,0.0,38.74875051486307,0.2443553996037953,False,0.2458107949987606
1008,sagereg,0.03,0.01,0.75,0.2,0.5,0.0,38.74877438831605,0.2443556577040871,False,0.2734833000013168
1009,one_hop,0.03,0.01,0.75,0.2,0.5,0.0,161.37319422588888,0.6399149862618821,False,0.2573345590008102
1009,sagereg,0.03,0.01,0.75,0.2,0.5,0.0,161.37323126710498,0.639915688120725,False,0.2839776379987597
1010,one_hop,0.03,0.01,0.75,0.2,0.5,0.0,24.39292764648438,0.653962619337206,False,0.2451366179993783
1010,sagereg,0.03,0.01,0.75,0.2,0.5,0.0,24.39292622786219,0.6539626326842837,False,0.2732144089986832
1011,one_hop,0.03,0.01,0.75,0.2,0.5,0.0,179.89974975814496,0.6079416034899908,False,0.2519586090002121
1011,sagereg,0.03,0.01,0.75,0.2,0.5,0.0,179.89974307563165,0.6079415262581344,False,0.2842278389998682
1012,one_hop,0.03,0.01,0.75,0.2,0.5,0.0,156.89200198228127,0.6737291299967302,False,0.2642731819996697
1012,sagereg,0.03,0.01,0.75,0.2,0.5,0.0,156.89200939912772,0.6737291989424814,False,0.291542159000528
1013,one_hop,0.03,0.01,0.75,0.2,0.5,0.0,120.52142235046054,0.6839327613646718,False,0.2543040359996666
1013,sagereg,0.03,0.01,0.75,0.2,0.5,0.0,120.52142396603492,0.6839327109283118,False,0.2827360949995636
1014,one_hop,0.03,0.01,0.75,0.2,0.5,0.0,136.2348004264829,0.3629773262390838,False,0.2504035009988001
1014,sagereg,0.03,0.01,0.75,0.2,0.5,0.0,136.23493400412147,0.3629778427459826,False,0.2779601679994812
1015,one_hop,0.03,0.01,0.75,0.2,0.5,0.0,101.2804361448025,0.9365634938568674,False,0.2466695279999839
1015,sagereg,0.03,0.01,0.75,0.2,0.5,0.0,101.28044476027078,0.9365634389837932,False,0.2751694569997198
1016,one_hop,0.03,0.01,0.75,0.2,0.5,0.0,65.51112562583276,0.575020950134732,False,0.2607628630012186
1016,sagereg,0.03,0.01,0.75,0.2,0.5,0.0,65.5110927324901,0.5750211186609685,False,0.285487037999701
1017,one_hop,0.03,0.01,0.75,0.2,0.5,0.0,178.2209139893505,0.8521364303184458,False,0.2480122719989594
1017,sagereg,0.03,0.01,0.75,0.2,0.5,0.0,178.22095896354298,0.8521370489992199,False,0.2747910819998651
1018,one_hop,0.03,0.01,0.75,0.2,0.5,0.0,133.577615575254,0.7544284801397089,False,0.2421821209991321
1018,sagereg,0.03,0.01,0.75,0.2,0.5,0.0,133.57761264906122,0.754428378230204,False,0.2697892050000519
1019,one_hop,0.03,0.01,0.75,0.2,0.5,0.0,152.00809187575504,0.8968202704395264,False,0.2506966450000618
1019,sagereg,0.03,0.01,0.75,0.2,0.5,0.0,152.0080989329715,0.8968202190140951,False,0.2787532229995122
1020,one_hop,0.03,0.01,0.75,0.2,0.5,0.25,131.37908700355655,0.8263958206017195,False,0.2400361179988976
1020,sagereg,0.03,0.01,0.75,0.2,0.5,0.25,131.37908199067255,0.8263959933832058,False,0.2683462940003664
1021,one_hop,0.03,0.01,0.75,0.2,0.5,0.25,132.72321319798246,0.6005821088463084,False,0.2384200070009683
1021,sagereg,0.03,0.01,0.75,0.2,0.5,0.25,132.72328511594378,0.6005830778166203,False,0.2671125400011078
1022,one_hop,0.03,0.01,0.75,0.2,0.5,0.25,76.34106831477149,0.5439295946544115,False,0.2445586659996479
1022,sagereg,0.03,0.01,0.75,0.2,0.5,0.25,76.34107435341453,0.5439296378879823,False,0.274112592000165
1023,one_hop,0.03,0.01,0.75,0.2,0.5,0.25,75.66167782008925,0.9841809319429384,False,0.2364839620004204
1023,sagereg,0.03,0.01,0.75,0.2,0.5,0.25,75.6616812471874,0.9841809241946576,False,0.2666715699997439
1024,one_hop,0.03,0.01,0.75,0.2,0.5,0.25,116.78677090797818,0.2677366463417178,False,0.2505018129995733
1024,sagereg,0.03,0.01,0.75,0.2,0.5,0.25,116.78674725601785,0.2677364224506607,False,0.278486884000813
1025,one_hop,0.03,0.01,0.75,0.2,0.5,0.25,99.24591949617307,0.6935256778162462,False,0.2472691539987863
1025,sagereg,0.03,0.01,0.75,0.2,0.5,0.25,99.24590398129718,0.6935258620435243,False,0.2776785879996168
1026,one_hop,0.03,0.01,0.75,0.2,0.5,0.25,127.33317734127532,1.002417183748508,False,0.2417375669992907
1026,sagereg,0.03,0.01,0.75,0.2,0.5,0.25,127.33317936781624,1.0024171778312054,False,0.2717875250000361
1027,one_hop,0.03,0.01,0.75,0.2,0.5,0.25,152.74248460393972,0.986671122058967,False,0.2422873389987216
1027,sagereg,0.03,0.01,0.75,0.2,0.5,0.25,152.74247802249923,0.9866710402937776,False,0.2716003290006483
1028,one_hop,0.03,0.01,0.75,0.2,0.5,0.25,139.65555302310742,0.2299599763691955,False,0.2380282440008159
1028,sagereg,0.03,0.01,0.75,0.2,0.5,0.25,139.65555090769928,0.2299600286691799,False,0.2667146620005951
1029,one_hop,0.03,0.01,0.75,0.2,0.5,0.25,122.99794713578926,1.0931901189471958,False,0.237989324999944
1029,sagereg,0.03,0.01,0.75,0.2,0.5,0.25,122.9979601566821,1.093189778873764,False,0.2672593299994332
1030,one_hop,0.03,0.01,0.75,0.2,0.5,0.25,101.54352275778857,0.8029135121822293,False,0.2435522220002894
1030,sagereg,0.03,0.01,0.75,0.2,0.5,0.25,101.54351079440067,0.8029134386520972,False,0.2709127540001645
1031,one_hop,0.03,0.01,0.75,0.2,0.5,0.25,156.04088936080828,0.665199819481695,False,0.2419728879995091
1031,sagereg,0.03,0.01,0.75,0.2,0.5,0.25,156.04090903168853,0.6652021347259763,False,0.2738372149997303
1032,one_hop,0.03,0.01,0.75,0.2,0.5,0.25,175.93850714763792,0.7226122515789654,False,0.2403020009987813
1032,sagereg,0.03,0.01,0.75,0.2,0.5,0.25,175.93851268603908,0.7226122558852859,False,0.2692067600000882
1033,one_hop,0.03,0.01,0.75,0.2,0.5,0.25,86.70107456924255,0.7567180236815667,False,0.2459175479998521
1033,sagereg,0.03,0.01,0.75,0.2,0.5,0.25,86.70107268239082,0.7567180259887326,False,0.2741684810007427
1034,one_hop,0.03,0.01,0.75,0.2,0.5,0.25,157.5298312643742,0.3682913822545307,False,0.2404635630009579
1034,sagereg,0.03,0.01,0.75,0.2,0.5,0.25,157.52983326813387,0.3682912573864947,False,0.2710805799997615
1035,one_hop,0.03,0.01,0.75,0.2,0.5,0.25,123.91971468437453,0.983892162605309,False,0.250025456000003
1035,sagereg,0.03,0.01,0.75,0.2,0.5,0.25,123.91971376830162,0.9838921568036744,False,0.2813823529995716
1036,one_hop,0.03,0.01,0.75,0.2,0.5,0.25,139.05905277718105,0.5010909545880009,False,0.2448659499987115
1036,sagereg,0.03,0.01,0.75,0.2,0.5,0.25,139.0590559623738,0.501090990896106,False,0.2724932909986819
1037,one_hop,0.03,0.01,0.75,0.2,0.5,0.25,132.2829029753269,0.5980724930328664,False,0.2480992790005984
1037,sagereg,0.03,0.01,0.75,0.2,0.5,0.25,132.2829541613197,0.5980737840783322,False,0.2804565130008996
1038,one_hop,0.03,0.01,0.75,0.2,0.5,0.25,103.65878387717036,0.6706930166594917,False,0.2454567320000933
1038,sagereg,0.03,0.01,0.75,0.2,0.5,0.25,103.65878129675691,0.6706930389337004,False,0.2755672840012266
1039,one_hop,0.03,0.01,0.75,0.2,0.5,0.25,151.8324947046738,0.6988598379354993,False,0.2465751970012206
1039,sagereg,0.03,0.01,0.75,0.2,0.5,0.25,151.83250102557017,0.698859901577612,False,0.2764539509989845
1040,one_hop,0.03,0.01,0.75,0.2,1.0,0.0,177.72305347923464,0.2900108002246019,False,0.2463104029993701
1040,sagereg,0.03,0.01,0.75,0.2,1.0,0.0,177.72305746799967,0.2900107806266034,False,0.2749248190011713
1041,one_hop,0.03,0.01,0.75,0.2,1.0,0.0,170.81989940784706,0.7225115338782827,False,0.252078902998619
1041,sagereg,0.03,0.01,0.75,0.2,1.0,0.0,170.81990430093032,0.7225114532272947,False,0.2794827230009105
1042,one_hop,0.03,0.01,0.75,0.2,1.0,0.0,89.94224297399103,1.090738707732629,False,0.2511388729999453
1042,sagereg,0.03,0.01,0.75,0.2,1.0,0.0,89.94225680547126,1.090738824846604,False,0.2761836839999887
1043,one_hop,0.03,0.01,0.75,0.2,1.0,0.0,134.09961572229298,0.78713617328939,False,0.254704318000222
1043,sagereg,0.03,0.01,0.75,0.2,1.0,0.0,134.09960686776313,0.7871360672120337,False,0.2837630319991149
1044,one_hop,0.03,0.01,0.75,0.2,1.0,0.0,120.01098926994028,0.6082315220696058,False,0.255423640999652
1044,sagereg,0.03,0.01,0.75,0.2,1.0,0.0,120.01099151915952,0.6082315397552076,False,0.2834726569999475
1045,one_hop,0.03,0.01,0.75,0.2,1.0,0.0,53.48743504333687,0.8295590064276913,False,0.2498032559997227
1045,sagereg,0.03,0.01,0.75,0.2,1.0,0.0,53.4874371598252,0.829559032743064,False,0.276380732000689
1046,one_hop,0.03,0.01,0.75,0.2,1.0,0.0,178.13906732031805,1.119462353336025,False,0.2454140499994537
1046,sagereg,0.03,0.01,0.75,0.2,1.0,0.0,178.13906385196356,1.1194623187562698,False,0.2705350920005003
1047,one_hop,0.03,0.01,0.75,0.2,1.0,0.0,6.791583897273457,0.5029080690191716,False,0.2461778849992697
1047,sagereg,0.03,0.01,0.75,0.2,1.0,0.0,6.791578144630032,0.502908100047775,False,0.2728688429997419
1048,one_hop,0.03,0.01,0.75,0.2,1.0,0.0,90.20662672100497,0.5467095120087785,False,0.2509365879996039
1048,sagereg,0.03,0.01,0.75,0.2,1.0,0.0,90.20662782870797,0.5467095665066519,False,0.2771573840000201
1049,one_hop,0.03,0.01,0.75,0.2,1.0,0.0,76.69363209682675,0.761158244805309,False,0.2594981080001162
1049,sagereg,0.03,0.01,0.75,0.2,1.0,0.0,76.6936335890658,0.7611581502675311,False,0.285422502000074
1050,one_hop,0.03,0.01,0.75,0.2,1.0,0.0,174.65867370896817,0.8329133584006919,False,0.25579105199904
1050,sagereg,0.03,0.01,0.75,0.2,1.0,0.0,174.65868457554208,0.8329132708292899,False,0.2839567890005128
1051,one_hop,0.03,0.01,0.75,0.2,1.0,0.0,170.63685980971533,0.4142677717481673,False,0.2498221900004864
1051,sagereg,0.03,0.01,0.75,0.2,1.0,0.0,170.63686725611038,0.4142678009973453,False,0.2795708360008575
1052,one_hop,0.03,0.01,0.75,0.2,1.0,0.0,16.612410622096363,0.5469663475554545,False,0.260016310001447
1052,sagereg,0.03,0.01,0.75,0.2,1.0,0.0,16.612398662891653,0.5469663241275172,False,0.2865270149995922
1053,one_hop,0.03,0.01,0.75,0.2,1.0,0.0,118.63893766287374,0.6866095387630283,False,0.2520080089998373
1053,sagereg,0.03,0.01,0.75,0.2,1.0,0.0,118.63895713821482,0.6866097957610362,False,0.2795558380003058
1054,one_hop,0.03,0.01,0.75,0.2,1.0,0.0,48.920867640941125,0.2518273497256579,False,0.2518413739999232
1054,sagereg,0.03,0.01,0.75,0.2,1.0,0.0,48.92085424511508,0.2518274447563423,False,0.2791754940008104
1055,one_hop,0.03,0.01,0.75,0.2,1.0,0.0,107.76459234972232,0.8296788123194585,False,0.2457216180009709
1055,sagereg,0.03,0.01,0.75,0.2,1.0,0.0,107.7645925834934,0.8296788342256013,False,0.2753780790008022
1056,one_hop,0.03,0.01,0.75,0.2,1.0,0.0,151.3389512985197,1.0176700795327012,False,0.2464911450006184
1056,sagereg,0.03,0.01,0.75,0.2,1.0,0.0,151.33895708089253,1.017670092266871,False,0.2734057859997847
1057,one_hop,0.03,0.01,0.75,0.2,1.0,0.0,148.06566035218597,0.6663828507834948,False,0.2580909019998216
1057,sagereg,0.03,0.01,0.75,0.2,1.0,0.0,148.06564996000156,0.6663828707283945,False,0.2857042469986481
1058,one_hop,0.03,0.01,0.75,0.2,1.0,0.0,64.74213004328105,0.7033147212037066,False,0.2547805229987716
1058,sagereg,0.03,0.01,0.75,0.2,1.0,0.0,64.74213886837025,0.7033148946144443,False,0.2808301290006056
1059,one_hop,0.03,0.01,0.75,0.2,1.0,0.0,60.09251045057511,0.4749675522749049,False,0.2535098179996566
1059,sagereg,0.03,0.01,0.75,0.2,1.0,0.0,60.092502758889225,0.4749675170925159,False,0.2810742470010154
1060,one_hop,0.03,0.01,0.75,0.2,1.0,0.25,23.29641366801593,0.3388810431019343,False,0.2440198959993722
1060,sagereg,0.03,0.01,0.75,0.2,1.0,0.25,23.296406629927123,0.3388810439048946,False,0.2716108990007342
1061,one_hop,0.03,0.01,0.75,0.2,1.0,0.25,163.20455149697125,0.4056526020612176,False,0.2465737069996976
1061,sagereg,0.03,0.01,0.75,0.2,1.0,0.25,163.2042084399493,0.4056550561858443,False,0.2740793249995477
1062,one_hop,0.03,0.01,0.75,0.2,1.0,0.25,172.52544888652744,1.255848367036891,False,0.2479881800009025
1062,sagereg,0.03,0.01,0.75,0.2,1.0,0.25,172.52545045694905,1.2558483514375012,False,0.2758638420000352
1063,one_hop,0.03,0.01,0.75,0.2,1.0,0.25,130.76610181610863,1.0003607116549098,False,0.2329873640010191
1063,sagereg,0.03,0.01,0.75,0.2,1.0,0.25,130.76610400122945,1.0003606246615335,False,0.2630449400003272
1064,one_hop,0.03,0.01,0.75,0.2,1.0,0.25,61.56550162348489,0.3550607382551372,False,0.2519976049989054
1064,sagereg,0.03,0.01,0.75,0.2,1.0,0.25,61.5655026623597,0.3550607192608186,False,0.279680947000088
1065,one_hop,0.03,0.01,0.75,0.2,1.0,0.25,138.86491836866574,0.9875869533686468,False,0.2401300990004529
1065,sagereg,0.03,0.01,0.75,0.2,1.0,0.25,138.86492666865868,0.9875869176483424,False,0.2684516239987715
1066,one_hop,0.03,0.01,0.75,0.2,1.0,0.25,125.66076425114927,0.4031892242353283,False,0.2387177069995232
1066,sagereg,0.03,0.01,0.75,0.2,1.0,0.25,125.66077680439878,0.4031892459666654,False,0.2682027530008781
1067,one_hop,0.03,0.01,0.75,0.2,1.0,0.25,166.74369087932416,0.4830126551891095,False,0.2459646219995193
1067,sagereg,0.03,0.01,0.75,0.2,1.0,0.25,166.74372144341504,0.4830132229985888,False,0.2763968819999718
1068,one_hop,0.03,0.01,0.75,0.2,1.0,0.25,93.03286572714347,0.6583621372529636,False,0.2418024630005675
1068,sagereg,0.03,0.01,0.75,0.2,1.0,0.25,93.0328661062036,0.6583621082170245,False,0.2690894930001377
1069,one_hop,0.03,0.01,0.75,0.2,1.0,0.25,99.19275209486273,0.939160036375234,False,0.2409491079997678
1069,sagereg,0.03,0.01,0.75,0.2,1.0,0.25,99.1927380843167,0.939160071495417,False,0.2707917670013557
1070,one_hop,0.03,0.01,0.75,0.2,1.0,0.25,136.61483603457958,0.6208008540857665,False,0.2387465740011976
1070,sagereg,0.03,0.01,0.75,0.2,1.0,0.25,136.61485293687704,0.6208006991797627,False,0.2671442080009001
1071,one_hop,0.03,0.01,0.75,0.2,1.0,0.25,129.83104934082144,0.8136231572939499,False,0.239833882998937
1071,sagereg,0.03,0.01,0.75,0.2,1.0,0.25,129.8310443411188,0.8136231047834969,False,0.2689690500010329
1072,one_hop,0.03,0.01,0.75,0.2,1.0,0.25,154.4138333827188,1.0200828765002592,False,0.240622571998756
1072,sagereg,0.03,0.01,0.75,0.2,1.0,0.25,154.41383974210726,1.02008298247526,False,0.2697948999993969
1073,one_hop,0.03,0.01,0.75,0.2,1.0,0.25,66.67477343976171,1.0510971150655652,False,0.2429901010000321
1073,sagereg,0.03,0.01,0.75,0.2,1.0,0.25,66.6747751536809,1.051097105972768,False,0.2708813200006261
1074,one_hop,0.03,0.01,0.75,0.2,1.0,0.25,107.12447375454926,0.6193421742553127,False,0.2438308260007033
1074,sagereg,0.03,0.01,0.75,0.2,1.0,0.25,107.12447262005408,0.6193421722160555,False,0.2722245570002997
1075,one_hop,0.03,0.01,0.75,0.2,1.0,0.25,71.16255137733502,0.352607248649148,False,0.2504208650007058
1075,sagereg,0.03,0.01,0.75,0.2,1.0,0.25,71.16254874710481,0.3526073423783491,False,0.2791705669988005
1076,one_hop,0.03,0.01,0.75,0.2,1.0,0.25,76.33940693096653,0.4875488802489316,False,0.2504623720014933
1076,sagereg,0.03,0.01,0.75,0.2,1.0,0.25,76.33941058093615,0.4875489247952875,False,0.2792667330013501
1077,one_hop,0.03,0.01,0.75,0.2,1.0,0.25,155.63211821003227,0.6726868173121279,False,0.2477797419996932
1077,sagereg,0.03,0.01,0.75,0.2,1.0,0.25,155.63211563786788,0.6726868463333391,False,0.2771383100007369
1078,one_hop,0.03,0.01,0.75,0.2,1.0,0.25,44.816311422702135,0.596258876034548,False,0.240408177000063
1078,sagereg,0.03,0.01,0.75,0.2,1.0,0.25,44.816317189903806,0.596258732105864,False,0.269591838999986
1079,one_hop,0.03,0.01,0.75,0.2,1.0,0.25,101.79791910152916,0.715753548832256,False,0.2517605810007808
1079,sagereg,0.03,0.01,0.75,0.2,1.0,0.25,101.79791898123304,0.7157536243752399,False,0.2803704100006143
1080,one_hop,0.03,0.01,0.75,0.8,0.0,0.0,107.06879770160668,0.2430788522805156,False,0.2765733900014311
1080,sagereg,0.03,0.01,0.75,0.8,0.0,0.0,107.06879888009738,0.2430789006990085,False,0.305526150001242
1081,one_hop,0.03,0.01,0.75,0.8,0.0,0.0,14.126768803829526,0.8826959951357702,False,0.2684850310015463
1081,sagereg,0.03,0.01,0.75,0.8,0.0,0.0,14.126768885221182,0.8826960441836399,False,0.2989973920011834
1082,one_hop,0.03,0.01,0.75,0.8,0.0,0.0,105.19261288298412,1.0555938779182688,False,0.2651723500002845
1082,sagereg,0.03,0.01,0.75,0.8,0.0,0.0,105.19261264376242,1.0555938903196418,False,0.2942927870008134
1083,one_hop,0.03,0.01,0.75,0.8,0.0,0.0,128.04863169766315,0.54637135590797,False,0.2691369770000165
1083,sagereg,0.03,0.01,0.75,0.8,0.0,0.0,128.04863191495448,0.5463713892388421,False,0.2988955870005156
1084,one_hop,0.03,0.01,0.75,0.8,0.0,0.0,55.68871313015957,1.0667768604261207,False,0.2641602079984295
1084,sagereg,0.03,0.01,0.75,0.8,0.0,0.0,55.68871308770175,1.0667768066982295,False,0.2941816940001445
1085,one_hop,0.03,0.01,0.75,0.8,0.0,0.0,63.280973126597885,0.3639641575432526,False,0.2710559730003297
1085,sagereg,0.03,0.01,0.75,0.8,0.0,0.0,63.28097215203075,0.3639641663378045,False,0.3004616819998773
1086,one_hop,0.03,0.01,0.75,0.8,0.0,0.0,130.00936164168203,0.512016297691397,False,0.2680860389991721
1086,sagereg,0.03,0.01,0.75,0.8,0.0,0.0,130.009360974471,0.5120163044017708,False,0.2988191589993221
1087,one_hop,0.03,0.01,0.75,0.8,0.0,0.0,162.84412252685874,0.3995224076894207,False,0.2599148999997851
1087,sagereg,0.03,0.01,0.75,0.8,0.0,0.0,162.84412296895303,0.3995223997439159,False,0.2904692009997234
1088,one_hop,0.03,0.01,0.75,0.8,0.0,0.0,150.69705169093552,0.8988374936418096,False,0.2697874139994383
1088,sagereg,0.03,0.01,0.75,0.8,0.0,0.0,150.6970525477925,0.8988374291556215,False,0.2996699860013905
1089,one_hop,0.03,0.01,0.75,0.8,0.0,0.0,166.45152923803903,0.6381261338649062,False,0.2672896869989927
1089,sagereg,0.03,0.01,0.75,0.8,0.0,0.0,166.45152946249652,0.6381261178543675,False,0.297205283999574
1090,one_hop,0.03,0.01,0.75,0.8,0.0,0.0,84.72237565891105,0.6207515309481105,False,0.2649228320005932
1090,sagereg,0.03,0.01,0.75,0.8,0.0,0.0,84.72237512220289,0.6207515451508694,False,0.2942279700000654
1091,one_hop,0.03,0.01,0.75,0.8,0.0,0.0,67.17231571639294,1.0148902068134602,False,0.2692672220000531
1091,sagereg,0.03,0.01,0.75,0.8,0.0,0.0,67.17231696285374,1.0148905393353538,False,0.3006863949995022
1092,one_hop,0.03,0.01,0.75,0.8,0.0,0.0,152.2169772696209,0.1283539121498848,False,0.2652557649998925
1092,sagereg,0.03,0.01,0.75,0.8,0.0,0.0,152.2169776808833,0.1283539196869282,False,0.2952594839989615
1093,one_hop,0.03,0.01,0.75,0.8,0.0,0.0,146.43174278905508,0.8261321588565851,False,0.2627429109998047
1093,sagereg,0.03,0.01,0.75,0.8,0.0,0.0,146.43174371144107,0.8261320505407094,False,0.2915520149999793
1094,one_hop,0.03,0.01,0.75,0.8,0.0,0.0,92.36267816406612,0.5088788930089289,False,0.2705994049993023
1094,sagereg,0.03,0.01,0.75,0.8,0.0,0.0,92.36267794222488,0.5088789507872895,False,0.2993314609993831
1095,one_hop,0.03,0.01,0.75,0.8,0.0,0.0,84.16571732584147,0.5757672420561487,False,0.262089769999875
1095,sagereg,0.03,0.01,0.75,0.8,0.0,0.0,84.16571888242761,0.5757672495708385,False,0.292415890000484
1096,one_hop,0.03,0.01,0.75,0.8,0.0,0.0,168.45928646913214,0.9539866713985644,False,0.2692605829997774
1096,sagereg,0.03,0.01,0.75,0.8,0.0,0.0,168.45928758641787,0.9539866687131876,False,0.2992347260005772
1097,one_hop,0.03,0.01,0.75,0.8,0.0,0.0,156.8888997791697,0.7861498467279506,False,0.2693350139998074
1097,sagereg,0.03,0.01,0.75,0.8,0.0,0.0,156.88890061650463,0.7861497941853554,False,0.2972124309999344
1098,one_hop,0.03,0.01,0.75,0.8,0.0,0.0,75.64035024255364,1.04720717867994,False,0.2656644489998143
1098,sagereg,0.03,0.01,0.75,0.8,0.0,0.0,75.64035278041585,1.0472071407334744,False,0.295747873999062
1099,one_hop,0.03,0.01,0.75,0.8,0.0,0.0,128.43070474418002,0.959209979508892,False,0.2613236910001433
1099,sagereg,0.03,0.01,0.75,0.8,0.0,0.0,128.4307069877493,0.9592099691116948,False,0.2912648879992048
1100,one_hop,0.03,0.01,0.75,0.8,0.0,0.25,160.56956970079634,0.8996912838238874,False,0.2527312219990563
1100,sagereg,0.03,0.01,0.75,0.8,0.0,0.25,160.56957204548505,0.8996913375853713,False,0.2820139920004294
1101,one_hop,0.03,0.01,0.75,0.8,0.0,0.25,97.62005942067997,0.7316480219922913,False,0.2501054709991877
1101,sagereg,0.03,0.01,0.75,0.8,0.0,0.25,97.62006077447376,0.7316479224932921,False,0.2815656999991915
1102,one_hop,0.03,0.01,0.75,0.8,0.0,0.25,129.26814650925547,0.7345007288048957,False,0.2541634779991
1102,sagereg,0.03,0.01,0.75,0.8,0.0,0.25,129.2681461470544,0.7345008157246363,False,0.2822078219996911
1103,one_hop,0.03,0.01,0.75,0.8,0.0,0.25,167.8494675781882,1.1357848795403882,False,0.2558776700007001
1103,sagereg,0.03,0.01,0.75,0.8,0.0,0.25,167.84946734836686,1.1357848715956111,False,0.2864424389990745
1104,one_hop,0.03,0.01,0.75,0.8,0.0,0.25,114.66840061359972,0.632806168292739,False,0.258407895998971
1104,sagereg,0.03,0.01,0.75,0.8,0.0,0.25,114.6683950019308,0.632806173684784,False,0.2888360510005441
1105,one_hop,0.03,0.01,0.75,0.8,0.0,0.25,144.71022168039008,0.6867532536120925,False,0.2592492570001923
1105,sagereg,0.03,0.01,0.75,0.8,0.0,0.25,144.7102205448291,0.6867532241786581,False,0.2874614980009937
1106,one_hop,0.03,0.01,0.75,0.8,0.0,0.25,167.39344191294032,0.8918395933275771,False,0.2573507390006853
1106,sagereg,0.03,0.01,0.75,0.8,0.0,0.25,167.39344068487142,0.8918396189219795,False,0.2875450619994808
1107,one_hop,0.03,0.01,0.75,0.8,0.0,0.25,59.77705058811426,0.788780825071505,False,0.2471981530015909
1107,sagereg,0.03,0.01,0.75,0.8,0.0,0.25,59.77704977835472,0.7887807617860627,False,0.2799959669991949
1108,one_hop,0.03,0.01,0.75,0.8,0.0,0.25,144.0580663253108,0.9799362217715604,False,0.2580186089999188
1108,sagereg,0.03,0.01,0.75,0.8,0.0,0.25,144.05806851872262,0.9799362465872103,False,0.2868678670001827
1109,one_hop,0.03,0.01,0.75,0.8,0.0,0.25,170.0901708576309,0.94462651265014,False,0.257944827000756
1109,sagereg,0.03,0.01,0.75,0.8,0.0,0.25,170.09017099568507,0.9446265312550092,False,0.2888952159992186
1110,one_hop,0.03,0.01,0.75,0.8,0.0,0.25,176.14970826765878,0.6389640838797171,False,0.2577173660010885
1110,sagereg,0.03,0.01,0.75,0.8,0.0,0.25,176.1497101658717,0.6389636217673809,False,0.2886832149997644
1111,one_hop,0.03,0.01,0.75,0.8,0.0,0.25,128.48109424208292,0.4532842652762353,False,0.2524006250005186
1111,sagereg,0.03,0.01,0.75,0.8,0.0,0.25,128.48109364234816,0.4532842227401936,False,0.2833483590002288
1112,one_hop,0.03,0.01,0.75,0.8,0.0,0.25,101.2886481748308,0.6908131472131788,False,0.2586792509991937
1112,sagereg,0.03,0.01,0.75,0.8,0.0,0.25,101.28864794020308,0.6908131051589828,False,0.2892834459998994
1113,one_hop,0.03,0.01,0.75,0.8,0.0,0.25,148.50678619331114,0.558191390926391,False,0.2569609330003004
1113,sagereg,0.03,0.01,0.75,0.8,0.0,0.25,148.50679011499426,0.5581913273318184,False,0.2870874899999762
1114,one_hop,0.03,0.01,0.75,0.8,0.0,0.25,96.58451443826507,0.5789153896558301,False,0.2518768699992506
1114,sagereg,0.03,0.01,0.75,0.8,0.0,0.25,96.5845043404625,0.578915934447427,False,0.2818858079990605
1115,one_hop,0.03,0.01,0.75,0.8,0.0,0.25,107.50141313951296,0.1956042362181048,False,0.251884772998892
1115,sagereg,0.03,0.01,0.75,0.8,0.0,0.25,107.50141667706318,0.195604107620717,False,0.2841886629994405
1116,one_hop,0.03,0.01,0.75,0.8,0.0,0.25,137.59232837570363,0.5067676847483813,False,0.2507403620002151
1116,sagereg,0.03,0.01,0.75,0.8,0.0,0.25,137.59232441967018,0.5067676506845814,False,0.2809464150013809
1117,one_hop,0.03,0.01,0.75,0.8,0.0,0.25,111.89316018453606,0.5233681228281539,False,0.2531028289995447
1117,sagereg,0.03,0.01,0.75,0.8,0.0,0.25,111.89316324976666,0.5233679901689446,False,0.2829955860015616
1118,one_hop,0.03,0.01,0.75,0.8,0.0,0.25,164.28618902634688,0.9297769545448148,False,0.261961207999775
1118,sagereg,0.03,0.01,0.75,0.8,0.0,0.25,164.2861900837144,0.929776866010202,False,0.2917514649998338
1119,one_hop,0.03,0.01,0.75,0.8,0.0,0.25,38.68952357539287,0.613384656165073,False,0.2531643180009268
1119,sagereg,0.03,0.01,0.75,0.8,0.0,0.25,38.689524221887375,0.6133846484949858,False,0.2849692429990682
1120,one_hop,0.03,0.01,0.75,0.8,0.5,0.0,96.21947058294498,0.5992535594642647,False,0.2650884880004014
1120,sagereg,0.03,0.01,0.75,0.8,0.5,0.0,96.2194701436397,0.599253544616666,False,0.295404463999148
1121,one_hop,0.03,0.01,0.75,0.8,0.5,0.0,61.66257918021316,0.835545075865151,False,0.2671512409997376
1121,sagereg,0.03,0.01,0.75,0.8,0.5,0.0,61.66258401172395,0.8355450319005604,False,0.3002642850005941
1122,one_hop,0.03,0.01,0.75,0.8,0.5,0.0,170.1145096595888,0.6526794490277953,False,0.26780200200119
1122,sagereg,0.03,0.01,0.75,0.8,0.5,0.0,170.11450925151522,0.6526794242041073,False,0.2961679809995985
1123,one_hop,0.03,0.01,0.75,0.8,0.5,0.0,168.99539969946227,0.7171165502170364,False,0.2679922030001762
1123,sagereg,0.03,0.01,0.75,0.8,0.5,0.0,168.99539727529688,0.717116636584915,False,0.2976198500000464
1124,one_hop,0.03,0.01,0.75,0.8,0.5,0.0,177.65306781720304,0.7638389898871107,False,0.2661615699998947
1124,sagereg,0.03,0.01,0.75,0.8,0.5,0.0,177.6530704011799,0.7638389884642552,False,0.2953987900000356
1125,one_hop,0.03,0.01,0.75,0.8,0.5,0.0,178.13095648541233,0.8025997159621404,False,0.2697190390008472
1125,sagereg,0.03,0.01,0.75,0.8,0.5,0.0,178.13097065486895,0.8025998248853777,False,0.2985359309986961
1126,one_hop,0.03,0.01,0.75,0.8,0.5,0.0,157.91023104098846,0.7220456892737086,False,0.2679568009989452
1126,sagereg,0.03,0.01,0.75,0.8,0.5,0.0,157.91027557976352,0.7220454253741992,False,0.2982466009998461
1127,one_hop,0.03,0.01,0.75,0.8,0.5,0.0,155.51732066855357,0.5402697190535116,False,0.2645900190000247
1127,sagereg,0.03,0.01,0.75,0.8,0.5,0.0,155.51731798336976,0.540269672536705,False,0.2937385529985477
1128,one_hop,0.03,0.01,0.75,0.8,0.5,0.0,119.00694033308474,0.5867554404065606,False,0.2708689680002862
1128,sagereg,0.03,0.01,0.75,0.8,0.5,0.0,119.00695002214316,0.5867555136333601,False,0.299987296000836
1129,one_hop,0.03,0.01,0.75,0.8,0.5,0.0,127.54046513434017,0.5517194282997705,False,0.2610901829993963
1129,sagereg,0.03,0.01,0.75,0.8,0.5,0.0,127.54046485870806,0.551719382410969,False,0.2911344370004372
1130,one_hop,0.03,0.01,0.75,0.8,0.5,0.0,169.75232869047008,0.2996971504205791,False,0.2650186330010911
1130,sagereg,0.03,0.01,0.75,0.8,0.5,0.0,169.7523303136926,0.2996971611405975,False,0.2948228500008554
1131,one_hop,0.03,0.01,0.75,0.8,0.5,0.0,1.511481144366796,0.6684566483839023,False,0.2648666820005019
1131,sagereg,0.03,0.01,0.75,0.8,0.5,0.0,1.51148277259256,0.6684565725654381,False,0.2954873109993059
1132,one_hop,0.03,0.01,0.75,0.8,0.5,0.0,8.007584619873661,0.9102654703753226,False,0.2636194210008398
1132,sagereg,0.03,0.01,0.75,0.8,0.5,0.0,8.007584271682568,0.9102653921954258,False,0.2928655160012567
1133,one_hop,0.03,0.01,0.75,0.8,0.5,0.0,174.28370293826976,0.3215382242612944,False,0.2658235639992199
1133,sagereg,0.03,0.01,0.75,0.8,0.5,0.0,174.2837011762857,0.3215382607113088,False,0.2961129260002053
1134,one_hop,0.03,0.01,0.75,0.8,0.5,0.0,157.6401105774657,0.7600039178985547,False,0.2668629880008666
1134,sagereg,0.03,0.01,0.75,0.8,0.5,0.0,157.64011043289824,0.7600039157552368,False,0.2957309590001387
1135,one_hop,0.03,0.01,0.75,0.8,0.5,0.0,115.7721648671303,0.9291420198129614,False,0.2606318600010127
1135,sagereg,0.03,0.01,0.75,0.8,0.5,0.0,115.77216440091458,0.9291418693362702,False,0.2907058370001323
1136,one_hop,0.03,0.01,0.75,0.8,0.5,0.0,156.76846065360982,0.3512849763736397,False,0.267882505999296
1136,sagereg,0.03,0.01,0.75,0.8,0.5,0.0,156.768457096587,0.3512849410655013,False,0.2982040699989738
1137,one_hop,0.03,0.01,0.75,0.8,0.5,0.0,173.63299432169256,1.040376072674885,False,0.2671101359992462
1137,sagereg,0.03,0.01,0.75,0.8,0.5,0.0,173.63299514048447,1.0403761315632118,False,0.2964197130004322
1138,one_hop,0.03,0.01,0.75,0.8,0.5,0.0,66.62578903323535,0.7023788915818946,False,0.2674443989999417
1138,sagereg,0.03,0.01,0.75,0.8,0.5,0.0,66.62578959996931,0.7023789440114715,False,0.2970476899990899
1139,one_hop,0.03,0.01,0.75,0.8,0.5,0.0,177.36547844229915,0.6151331919888877,False,0.2636655520000204
1139,sagereg,0.03,0.01,0.75,0.8,0.5,0.0,177.3654744679936,0.6151332083267018,False,0.2906456269993214
1140,one_hop,0.03,0.01,0.75,0.8,0.5,0.25,97.24018723592827,0.9507536788371012,False,0.2545054019992676
1140,sagereg,0.03,0.01,0.75,0.8,0.5,0.25,97.24018842170062,0.9507536809363007,False,0.2857920110000123
1141,one_hop,0.03,0.01,0.75,0.8,0.5,0.25,117.67405979224873,0.6916545314437039,False,0.2555988629992498
1141,sagereg,0.03,0.01,0.75,0.8,0.5,0.25,117.67405887629285,0.6916545022001883,False,0.286318817999927
1142,one_hop,0.03,0.01,0.75,0.8,0.5,0.25,113.97573398918156,1.047524992473157,False,0.253469743000096
1142,sagereg,0.03,0.01,0.75,0.8,0.5,0.25,113.97573323503204,1.0475249880556796,False,0.2836471370010258
1143,one_hop,0.03,0.01,0.75,0.8,0.5,0.25,41.40739546505844,0.6731809676300693,False,0.2492427640008827
1143,sagereg,0.03,0.01,0.75,0.8,0.5,0.25,41.40739411695365,0.6731810070524361,False,0.2797744889994646
1144,one_hop,0.03,0.01,0.75,0.8,0.5,0.25,117.48205715546712,0.8195317923751541,False,0.2557362580009794
1144,sagereg,0.03,0.01,0.75,0.8,0.5,0.25,117.48205654795936,0.8195318090243446,False,0.2861760720006714
1145,one_hop,0.03,0.01,0.75,0.8,0.5,0.25,150.0108829116083,0.7862889004581449,False,0.254514072999882
1145,sagereg,0.03,0.01,0.75,0.8,0.5,0.25,150.0108854098161,0.7862889160308522,False,0.2843780929997592
1146,one_hop,0.03,0.01,0.75,0.8,0.5,0.25,174.90790997236678,0.5676901985499482,False,0.2573449289993732
1146,sagereg,0.03,0.01,0.75,0.8,0.5,0.25,174.9079094913552,0.5676902053256735,False,0.2874258820011164
1147,one_hop,0.03,0.01,0.75,0.8,0.5,0.25,13.406508785728365,0.5583278484122627,False,0.2543918050014326
1147,sagereg,0.03,0.01,0.75,0.8,0.5,0.25,13.406507543718147,0.5583278280081349,False,0.2857066589986061
1148,one_hop,0.03,0.01,0.75,0.8,0.5,0.25,131.17771965187515,0.195917336978917,False,0.2576501040002767
1148,sagereg,0.03,0.01,0.75,0.8,0.5,0.25,131.17771758635,0.1959173235192281,False,0.2873372909998579
1149,one_hop,0.03,0.01,0.75,0.8,0.5,0.25,136.15838553120363,0.9846998794933226,False,0.2572418639992975
1149,sagereg,0.03,0.01,0.75,0.8,0.5,0.25,136.15838477180745,0.9846998813911616,False,0.2869455440013553
1150,one_hop,0.03,0.01,0.75,0.8,0.5,0.25,143.20494603290837,0.6966913768357058,False,0.2515795990002516
1150,sagereg,0.03,0.01,0.75,0.8,0.5,0.25,143.20494066638676,0.6966914090570759,False,0.2808015400005388
1151,one_hop,0.03,0.01,0.75,0.8,0.5,0.25,155.9606664666909,0.8795925274186076,False,0.2553654150015063
1151,sagereg,0.03,0.01,0.75,0.8,0.5,0.25,155.96064881344506,0.879592467841709,False,0.2870821750002506
1152,one_hop,0.03,0.01,0.75,0.8,0.5,0.25,134.6046208786543,0.5314236215181324,False,0.2536111869994784
1152,sagereg,0.03,0.01,0.75,0.8,0.5,0.25,134.60462150928012,0.531423637324385,False,0.2837867030011693
1153,one_hop,0.03,0.01,0.75,0.8,0.5,0.25,103.59168175142226,0.4625894699477571,False,0.2550134899993281
1153,sagereg,0.03,0.01,0.75,0.8,0.5,0.25,103.59167973777132,0.4625894749599885,False,0.2837224489994696
1154,one_hop,0.03,0.01,0.75,0.8,0.5,0.25,177.06276944770374,0.595565375406546,False,0.258191524000722
1154,sagereg,0.03,0.01,0.75,0.8,0.5,0.25,177.062770923567,0.595565362033682,False,0.2892505399995571
1155,one_hop,0.03,0.01,0.75,0.8,0.5,0.25,179.87763915723917,1.0721829395623594,False,0.2563676249992568
1155,sagereg,0.03,0.01,0.75,0.8,0.5,0.25,179.87760721073536,1.072180834040664,False,0.2879373239993583
1156,one_hop,0.03,0.01,0.75,0.8,0.5,0.25,111.24934800905916,0.4493161986456239,False,0.2545694739983446
1156,sagereg,0.03,0.01,0.75,0.8,0.5,0.25,111.24934709568724,0.4493161863244216,False,0.2836508489999687
1157,one_hop,0.03,0.01,0.75,0.8,0.5,0.25,67.90280153470013,0.7422372702868084,False,0.2520111899993935
1157,sagereg,0.03,0.01,0.75,0.8,0.5,0.25,67.90279917165483,0.7422376755879979,False,0.2820848350002052
1158,one_hop,0.03,0.01,0.75,0.8,0.5,0.25,108.164761845598,0.5409072941123875,False,0.2568589429993153
1158,sagereg,0.03,0.01,0.75,0.8,0.5,0.25,108.16476242057692,0.540907167428724,False,0.2858513430001039
1159,one_hop,0.03,0.01,0.75,0.8,0.5,0.25,126.44481156180834,0.6700467224073919,False,0.2563851340000838
1159,sagereg,0.03,0.01,0.75,0.8,0.5,0.25,126.44481373879654,0.6700467218053437,False,0.2859670440011541
1160,one_hop,0.03,0.01,0.75,0.8,1.0,0.0,81.53718775664099,0.3068959642913666,False,0.2689212109999062
1160,sagereg,0.03,0.01,0.75,0.8,1.0,0.0,81.53718801486772,0.3068959709962962,False,0.2980432339991239
1161,one_hop,0.03,0.01,0.75,0.8,1.0,0.0,128.95104173137076,0.5922313289549492,False,0.2644208700003219
1161,sagereg,0.03,0.01,0.75,0.8,1.0,0.0,128.95103683978866,0.5922314257524823,False,0.2931624310003826
1162,one_hop,0.03,0.01,0.75,0.8,1.0,0.0,121.37015122153716,0.5315004666267029,False,0.2671142420003889
1162,sagereg,0.03,0.01,0.75,0.8,1.0,0.0,121.37015134934204,0.5315004093587289,False,0.2957946959995752
1163,one_hop,0.03,0.01,0.75,0.8,1.0,0.0,34.4894180340531,0.4182855253560759,False,0.2671271689996501
1163,sagereg,0.03,0.01,0.75,0.8,1.0,0.0,34.489418255767006,0.418285560089811,False,0.2982030530001793
1164,one_hop,0.03,0.01,0.75,0.8,1.0,0.0,60.182145803609686,0.3672714403461605,False,0.2660909580008592
1164,sagereg,0.03,0.01,0.75,0.8,1.0,0.0,60.18214657312715,0.3672714728338198,False,0.2953132820002793
1165,one_hop,0.03,0.01,0.75,0.8,1.0,0.0,146.9135345317884,0.639601039382537,False,0.2620204739996552
1165,sagereg,0.03,0.01,0.75,0.8,1.0,0.0,146.9135332680594,0.6396010575244094,False,0.2897747269998945
1166,one_hop,0.03,0.01,0.75,0.8,1.0,0.0,124.50085907676927,0.1791976934831432,False,0.2623560669999278
1166,sagereg,0.03,0.01,0.75,0.8,1.0,0.0,124.50085872331717,0.1791976939006401,False,0.2916753839999728
1167,one_hop,0.03,0.01,0.75,0.8,1.0,0.0,118.04514873286467,0.2192885338819047,False,0.2661390989997017
1167,sagereg,0.03,0.01,0.75,0.8,1.0,0.0,118.04516554798025,0.2192892586178489,False,0.2946218379984202
1168,one_hop,0.03,0.01,0.75,0.8,1.0,0.0,150.08138576565992,0.9919403266716714,False,0.2679712830013159
1168,sagereg,0.03,0.01,0.75,0.8,1.0,0.0,150.08138186646127,0.99194089519915,False,0.2970882369991159
1169,one_hop,0.03,0.01,0.75,0.8,1.0,0.0,142.23973553706475,0.1745241804549577,False,0.2621905249998235
1169,sagereg,0.03,0.01,0.75,0.8,1.0,0.0,142.23973262165578,0.1745241821510013,False,0.291838008999548
1170,one_hop,0.03,0.01,0.75,0.8,1.0,0.0,172.14233374232984,0.9492282960995394,False,0.2659894440002972
1170,sagereg,0.03,0.01,0.75,0.8,1.0,0.0,172.1423326020959,0.9492282954768786,False,0.2944571670013829
1171,one_hop,0.03,0.01,0.75,0.8,1.0,0.0,38.86099531575336,0.6290156541943097,False,0.2623234349994163
1171,sagereg,0.03,0.01,0.75,0.8,1.0,0.0,38.8610009570916,0.6290155872146856,False,0.2901989729998604
1172,one_hop,0.03,0.01,0.75,0.8,1.0,0.0,172.95288263451994,0.5979260206672958,False,0.2659151670013671
1172,sagereg,0.03,0.01,0.75,0.8,1.0,0.0,172.9528872363185,0.597925911509469,False,0.2958824550005374
1173,one_hop,0.03,0.01,0.75,0.8,1.0,0.0,152.58219258238609,0.7096608737772957,False,0.2625816500003566
1173,sagereg,0.03,0.01,0.75,0.8,1.0,0.0,152.58219241639247,0.7096608719042848,False,0.2914079459987988
1174,one_hop,0.03,0.01,0.75,0.8,1.0,0.0,166.10210518917887,0.7050647078107759,False,0.2634658070001023
1174,sagereg,0.03,0.01,0.75,0.8,1.0,0.0,166.10210758444734,0.7050647376939944,False,0.2908415980000427
1175,one_hop,0.03,0.01,0.75,0.8,1.0,0.0,176.74359336037523,0.7738980254765648,False,0.2650841279992164
1175,sagereg,0.03,0.01,0.75,0.8,1.0,0.0,176.74359581365397,0.7738979484998066,False,0.2967370329988625
1176,one_hop,0.03,0.01,0.75,0.8,1.0,0.0,26.88276060425088,1.0068127426704236,False,0.2668526740017114
1176,sagereg,0.03,0.01,0.75,0.8,1.0,0.0,26.88276302897792,1.0068127410623344,False,0.2950328690003516
1177,one_hop,0.03,0.01,0.75,0.8,1.0,0.0,162.9760534015082,0.6500442841862452,False,0.2653051289998984
1177,sagereg,0.03,0.01,0.75,0.8,1.0,0.0,162.9760454545328,0.6500442494856679,False,0.2927188249996106
1178,one_hop,0.03,0.01,0.75,0.8,1.0,0.0,72.99710161887215,0.52159236182001,False,0.2615643460012506
1178,sagereg,0.03,0.01,0.75,0.8,1.0,0.0,72.9970990695563,0.5215922866304613,False,0.290719735001403
1179,one_hop,0.03,0.01,0.75,0.8,1.0,0.0,86.47417317567013,0.5421709554253431,False,0.2547891690010146
1179,sagereg,0.03,0.01,0.75,0.8,1.0,0.0,86.47417249904304,0.5421707549275827,False,0.2835199909986841
1180,one_hop,0.03,0.01,0.75,0.8,1.0,0.25,150.6448819112937,0.4902025218030815,False,0.2584248429993749
1180,sagereg,0.03,0.01,0.75,0.8,1.0,0.25,150.64488375662754,0.490202516530937,False,0.2881171520002681
1181,one_hop,0.03,0.01,0.75,0.8,1.0,0.25,128.5817153407979,0.8578361331361517,False,0.2569032480005262
1181,sagereg,0.03,0.01,0.75,0.8,1.0,0.25,128.58171574405475,0.8578361229372102,False,0.2863113860003068
1182,one_hop,0.03,0.01,0.75,0.8,1.0,0.25,95.49740607472296,0.9605958296334056,False,0.258182322999346
1182,sagereg,0.03,0.01,0.75,0.8,1.0,0.25,95.4974061155751,0.9605958291809902,False,0.287791016000483
1183,one_hop,0.03,0.01,0.75,0.8,1.0,0.25,65.16021240927604,0.9976161644987406,False,0.2576374749987735
1183,sagereg,0.03,0.01,0.75,0.8,1.0,0.25,65.16021192822251,0.9976161396224332,False,0.2886762130001443
1184,one_hop,0.03,0.01,0.75,0.8,1.0,0.25,153.4973003529625,0.3101176524344219,False,0.2533633869988989
1184,sagereg,0.03,0.01,0.75,0.8,1.0,0.25,153.4972999618646,0.3101176486030825,False,0.2838908020003146
1185,one_hop,0.03,0.01,0.75,0.8,1.0,0.25,127.32624356760849,1.1553128510334096,False,0.2563766479997866
1185,sagereg,0.03,0.01,0.75,0.8,1.0,0.25,127.32625219163192,1.1553128681794964,False,0.2873794099996303
1186,one_hop,0.03,0.01,0.75,0.8,1.0,0.25,31.20679019781128,0.6752589442494159,False,0.2500410810007452
1186,sagereg,0.03,0.01,0.75,0.8,1.0,0.25,31.206790419036704,0.6752589722715243,False,0.2807200280003599
1187,one_hop,0.03,0.01,0.75,0.8,1.0,0.25,127.49774764885288,0.6272960080672458,False,0.2593344850010908
1187,sagereg,0.03,0.01,0.75,0.8,1.0,0.25,127.49774300135364,0.6272960158926936,False,0.2890878050002357
1188,one_hop,0.03,0.01,0.75,0.8,1.0,0.25,111.66774869346018,0.3443515352599651,False,0.2605834129990398
1188,sagereg,0.03,0.01,0.75,0.8,1.0,0.25,111.66774770044124,0.3443515406886169,False,0.2910451019997708
1189,one_hop,0.03,0.01,0.75,0.8,1.0,0.25,142.25082906706297,0.2382529578357728,False,0.2515373250007542
1189,sagereg,0.03,0.01,0.75,0.8,1.0,0.25,142.25082858762002,0.2382528647177439,False,0.2820366430005379
1190,one_hop,0.03,0.01,0.75,0.8,1.0,0.25,130.00236034155415,0.9890862314492777,False,0.2540005410010053
1190,sagereg,0.03,0.01,0.75,0.8,1.0,0.25,130.00235939505987,0.9890861848810992,False,0.2850101429994538
1191,one_hop,0.03,0.01,0.75,0.8,1.0,0.25,79.87599413483139,0.9757440867053996,False,0.2572039560000121
1191,sagereg,0.03,0.01,0.75,0.8,1.0,0.25,79.87599522437223,0.975744139735538,False,0.2876821689987991
1192,one_hop,0.03,0.01,0.75,0.8,1.0,0.25,97.89245391612984,0.3407224914451932,False,0.2548150200000236
1192,sagereg,0.03,0.01,0.75,0.8,1.0,0.25,97.89245354298517,0.3407224695707551,False,0.2857117999992624
1193,one_hop,0.03,0.01,0.75,0.8,1.0,0.25,160.50551829768025,0.3646586752935793,False,0.2531521830005658
1193,sagereg,0.03,0.01,0.75,0.8,1.0,0.25,160.50551820418937,0.3646586863688282,False,0.2839709609997953
1194,one_hop,0.03,0.01,0.75,0.8,1.0,0.25,129.14021638921588,0.2820570236403809,False,0.2570388410003943
1194,sagereg,0.03,0.01,0.75,0.8,1.0,0.25,129.14021426754277,0.2820570944879506,False,0.2881615589994908
1195,one_hop,0.03,0.01,0.75,0.8,1.0,0.25,103.02759402652516,0.3592778569586592,False,0.2540233489999082
1195,sagereg,0.03,0.01,0.75,0.8,1.0,0.25,103.0275958861029,0.3592777744809913,False,0.2861228509991633
1196,one_hop,0.03,0.01,0.75,0.8,1.0,0.25,107.24533029480556,0.6416826710726619,False,0.2622887489997083
1196,sagereg,0.03,0.01,0.75,0.8,1.0,0.25,107.24533347723094,0.6416826266212549,False,0.2933784730012121
1197,one_hop,0.03,0.01,0.75,0.8,1.0,0.25,163.03803685955629,0.6947508891236668,False,0.2596519510007056
1197,sagereg,0.03,0.01,0.75,0.8,1.0,0.25,163.03803813586094,0.6947508731381714,False,0.2910173590007616
1198,one_hop,0.03,0.01,0.75,0.8,1.0,0.25,90.66431006603476,0.8145690169922489,False,0.2586886190001678
1198,sagereg,0.03,0.01,0.75,0.8,1.0,0.25,90.66431079442984,0.8145690008509276,False,0.2895031699990795
1199,one_hop,0.03,0.01,0.75,0.8,1.0,0.25,108.62046787368054,0.2636936760262994,False,0.2581141629998456
1199,sagereg,0.03,0.01,0.75,0.8,1.0,0.25,108.62046808989402,0.2636936723198941,False,0.2887215820010169
1200,one_hop,0.05,0.01,0.0,0.055,0.0,0.0,0.4350620892374065,0.0061304152955369,True,0.2357054070016602
1200,sagereg,0.05,0.01,0.0,0.055,0.0,0.0,0.4350625043700989,0.0061304125342195,True,0.2574476469999354
1201,one_hop,0.05,0.01,0.0,0.055,0.0,0.0,0.1408909173279561,0.0028722710205788,True,0.2365160259996628
1201,sagereg,0.05,0.01,0.0,0.055,0.0,0.0,0.1408919822152228,0.0028722801040524,True,0.2630301439985487
1202,one_hop,0.05,0.01,0.0,0.055,0.0,0.0,0.331558783241958,0.0011679578779163,True,0.2330305249997764
1202,sagereg,0.05,0.01,0.0,0.055,0.0,0.0,0.3315587938013754,0.001167957615659,True,0.256508238000606
1203,one_hop,0.05,0.01,0.0,0.055,0.0,0.0,0.1652308801200628,0.0044025148088346,True,0.2324060719984118
1203,sagereg,0.05,0.01,0.0,0.055,0.0,0.0,0.1652309005280642,0.0044025148894556,True,0.2573129030006384
1204,one_hop,0.05,0.01,0.0,0.055,0.0,0.0,0.3079513958611002,0.0033594853072334,True,0.2302504119998047
1204,sagereg,0.05,0.01,0.0,0.055,0.0,0.0,0.3079519518188717,0.0033594831156001,True,0.2572631989987712
1205,one_hop,0.05,0.01,0.0,0.055,0.0,0.0,0.1459288517264887,0.0037640985154646,True,0.2296896629995899
1205,sagereg,0.05,0.01,0.0,0.055,0.0,0.0,0.1459288951089865,0.0037641012141636,True,0.2544534820008266
1206,one_hop,0.05,0.01,0.0,0.055,0.0,0.0,0.1033831000294225,0.002397305195838,True,0.2296406159985053
1206,sagereg,0.05,0.01,0.0,0.055,0.0,0.0,0.1033830299941605,0.0023973061493947,True,0.255081429000711
1207,one_hop,0.05,0.01,0.0,0.055,0.0,0.0,0.3310949236343458,0.0020104309144009,True,0.2340712280001753
1207,sagereg,0.05,0.01,0.0,0.055,0.0,0.0,0.3310954491830027,0.0020104375151509,True,0.2598433010007284
1208,one_hop,0.05,0.01,0.0,0.055,0.0,0.0,0.2669995453134969,0.0026430849340285,True,0.2336677420007618
1208,sagereg,0.05,0.01,0.0,0.055,0.0,0.0,0.2669998724350912,0.0026430893883092,True,0.2582170469995617
1209,one_hop,0.05,0.01,0.0,0.055,0.0,0.0,0.3497832951508036,0.0029669573801103,True,0.2407529880001675
1209,sagereg,0.05,0.01,0.0,0.055,0.0,0.0,0.3497830879948203,0.0029669560130601,True,0.2640449390000867
1210,one_hop,0.05,0.01,0.0,0.055,0.0,0.0,0.3585870070084495,0.0021679322249104,True,0.2310551150003448
1210,sagereg,0.05,0.01,0.0,0.055,0.0,0.0,0.358586999143562,0.0021679321753983,True,0.2563420860005863
1211,one_hop,0.05,0.01,0.0,0.055,0.0,0.0,0.3384934756659913,0.0022610481927891,True,0.2368661499986046
1211,sagereg,0.05,0.01,0.0,0.055,0.0,0.0,0.3384934828693299,0.002261048363451,True,0.2618133340001805
1212,one_hop,0.05,0.01,0.0,0.055,0.0,0.0,0.198827506915093,0.0045851262880679,True,0.2316244120011106
1212,sagereg,0.05,0.01,0.0,0.055,0.0,0.0,0.1988274133183337,0.0045851257216394,True,0.2581557630001043
1213,one_hop,0.05,0.01,0.0,0.055,0.0,0.0,0.2021839956683687,0.0024317306334736,True,0.2389237850002246
1213,sagereg,0.05,0.01,0.0,0.055,0.0,0.0,0.2021841344717983,0.0024317308817095,True,0.264227095998649
1214,one_hop,0.05,0.01,0.0,0.055,0.0,0.0,0.270875541709623,0.0027132470392811,True,0.2317831920008757
1214,sagereg,0.05,0.01,0.0,0.055,0.0,0.0,0.2708755479366488,0.0027132475429234,True,0.2575246700016578
1215,one_hop,0.05,0.01,0.0,0.055,0.0,0.0,0.4722776581713393,0.003172911211196,True,0.2340542530000675
1215,sagereg,0.05,0.01,0.0,0.055,0.0,0.0,0.4722783932658165,0.0031729143065134,True,0.2605107679992215
1216,one_hop,0.05,0.01,0.0,0.055,0.0,0.0,0.3497478097722921,0.0030284381032292,True,0.2314251520001562
1216,sagereg,0.05,0.01,0.0,0.055,0.0,0.0,0.3497478262664147,0.003028438393524,True,0.259143559000222
1217,one_hop,0.05,0.01,0.0,0.055,0.0,0.0,0.1668267010248224,0.0032857023185381,True,0.2331715599993913
1217,sagereg,0.05,0.01,0.0,0.055,0.0,0.0,0.1668267055820933,0.0032857024133923,True,0.260981981000441
1218,one_hop,0.05,0.01,0.0,0.055,0.0,0.0,0.1465027220003812,0.0019578323513489,True,0.2335633860002417
1218,sagereg,0.05,0.01,0.0,0.055,0.0,0.0,0.1465027094520674,0.0019578315781433,True,0.2603313170002366
1219,one_hop,0.05,0.01,0.0,0.055,0.0,0.0,0.1378885758165262,0.0027166710614995,True,0.2316403499989974
1219,sagereg,0.05,0.01,0.0,0.055,0.0,0.0,0.1378885596666624,0.0027166707343715,True,0.2569524780010397
1220,one_hop,0.05,0.01,0.0,0.055,0.0,0.25,0.3926030643099363,0.0032242417643582,True,0.2297293239989812
1220,sagereg,0.05,0.01,0.0,0.055,0.0,0.25,0.3926029758952026,0.0032242414650368,True,0.2569666880008299
1221,one_hop,0.05,0.01,0.0,0.055,0.0,0.25,0.215141983766647,0.0019936366259662,True,0.2334397750000789
1221,sagereg,0.05,0.01,0.0,0.055,0.0,0.25,0.2151419719928603,0.0019936366656933,True,0.2601634310012741
1222,one_hop,0.05,0.01,0.0,0.055,0.0,0.25,0.2469560284373972,0.0036014163070024,True,0.2271153990004677
1222,sagereg,0.05,0.01,0.0,0.055,0.0,0.25,0.2469560665138847,0.0036014164061429,True,0.2536096969997743
1223,one_hop,0.05,0.01,0.0,0.055,0.0,0.25,0.1359962928727752,0.0015972128304251,True,0.2336723170010373
1223,sagereg,0.05,0.01,0.0,0.055,0.0,0.25,0.1359961728800494,0.0015972139361545,True,0.2594804850014043
1224,one_hop,0.05,0.01,0.0,0.055,0.0,0.25,0.4552201836721067,0.0033509046813161,True,0.234402695999961
1224,sagereg,0.05,0.01,0.0,0.055,0.0,0.25,0.4552201366519808,0.0033509054908282,True,0.2610140629985835
1225,one_hop,0.05,0.01,0.0,0.055,0.0,0.25,0.3117714292879858,0.0046540098328491,True,0.2307027349997952
1225,sagereg,0.05,0.01,0.0,0.055,0.0,0.25,0.3117714768483243,0.0046540101958163,True,0.2571527069994772
1226,one_hop,0.05,0.01,0.0,0.055,0.0,0.25,0.2901962226246292,0.0022686939798421,True,0.2327422979997209
1226,sagereg,0.05,0.01,0.0,0.055,0.0,0.25,0.2901959842991657,0.0022686875608809,True,0.2598547839988896
1227,one_hop,0.05,0.01,0.0,0.055,0.0,0.25,0.0781413991839621,0.0023598323683362,True,0.2305172710002807
1227,sagereg,0.05,0.01,0.0,0.055,0.0,0.25,0.0781413996970208,0.0023598327172821,True,0.2554072569982963
1228,one_hop,0.05,0.01,0.0,0.055,0.0,0.25,0.1428389038205781,0.0027603453353011,True,0.2339167030004318
1228,sagereg,0.05,0.01,0.0,0.055,0.0,0.25,0.1428389367002529,0.0027603490207112,True,0.2619550019990129
1229,one_hop,0.05,0.01,0.0,0.055,0.0,0.25,0.1455673528516307,0.0026432420707303,True,0.2313974620010412
1229,sagereg,0.05,0.01,0.0,0.055,0.0,0.25,0.1455672850599215,0.002643242505216,True,0.2573708849995455
1230,one_hop,0.05,0.01,0.0,0.055,0.0,0.25,0.3087096406702841,0.0011245382455613,True,0.2360666349995881
1230,sagereg,0.05,0.01,0.0,0.055,0.0,0.25,0.3087094830466593,0.0011245388496824,True,0.264247446999434
1231,one_hop,0.05,0.01,0.0,0.055,0.0,0.25,0.1513504026018244,0.0037173639753295,True,0.2337586399989959
1231,sagereg,0.05,0.01,0.0,0.055,0.0,0.25,0.1513504147963834,0.0037173639720002,True,0.2563419400012208
1232,one_hop,0.05,0.01,0.0,0.055,0.0,0.25,0.3451049255955788,0.0045069370851836,True,0.2288071279999712
1232,sagereg,0.05,0.01,0.0,0.055,0.0,0.25,0.3451052081266965,0.0045069418630948,True,0.2556027230002655
1233,one_hop,0.05,0.01,0.0,0.055,0.0,0.25,0.453348443061037,0.0064982326165561,True,0.2383076899986917
1233,sagereg,0.05,0.01,0.0,0.055,0.0,0.25,0.4533484423680338,0.0064982345255262,True,0.2660633630002849
1234,one_hop,0.05,0.01,0.0,0.055,0.0,0.25,0.5023552323247028,0.008667846669944,True,0.235027541000818
1234,sagereg,0.05,0.01,0.0,0.055,0.0,0.25,0.5023551041816746,0.0086678481557749,True,0.2597491480009921
1235,one_hop,0.05,0.01,0.0,0.055,0.0,0.25,0.2890332012858199,0.0036073359467678,True,0.2306276259987498
1235,sagereg,0.05,0.01,0.0,0.055,0.0,0.25,0.2890332011294578,0.0036073340593265,True,0.2560664579996228
1236,one_hop,0.05,0.01,0.0,0.055,0.0,0.25,0.3566172091948519,0.0041667333426887,True,0.2292181140001048
1236,sagereg,0.05,0.01,0.0,0.055,0.0,0.25,0.3566171600135863,0.0041667339575948,True,0.2557907860009436
1237,one_hop,0.05,0.01,0.0,0.055,0.0,0.25,0.4616277545493863,0.0034471747255766,True,0.2370696329999191
1237,sagereg,0.05,0.01,0.0,0.055,0.0,0.25,0.4616280611109002,0.0034471719185375,True,0.2633993890012789
1238,one_hop,0.05,0.01,0.0,0.055,0.0,0.25,0.1398714472754005,0.0028467977043725,True,0.2325439800006279
1238,sagereg,0.05,0.01,0.0,0.055,0.0,0.25,0.1398706919756967,0.0028467953824827,True,0.2575216540008114
1239,one_hop,0.05,0.01,0.0,0.055,0.0,0.25,0.6045372594974818,0.0049386553935991,True,0.2366468519994669
1239,sagereg,0.05,0.01,0.0,0.055,0.0,0.25,0.6045374756949916,0.0049386551857217,True,0.2625952070011408
1240,one_hop,0.05,0.01,0.0,0.055,0.5,0.0,0.2450495486781575,0.0030478700676164,True,0.2271354169988626
1240,sagereg,0.05,0.01,0.0,0.055,0.5,0.0,0.2450488384247988,0.0030478605988143,True,0.2517915690004884
1241,one_hop,0.05,0.01,0.0,0.055,0.5,0.0,0.41092127988771,0.0049606127935206,True,0.2280983990003733
1241,sagereg,0.05,0.01,0.0,0.055,0.5,0.0,0.4109212768543309,0.0049606122939058,True,0.2544258680009079
1242,one_hop,0.05,0.01,0.0,0.055,0.5,0.0,0.0580895847554613,0.0014559465443391,True,0.2262783599999238
1242,sagereg,0.05,0.01,0.0,0.055,0.5,0.0,0.058089590565356,0.0014559468137034,True,0.2545495699996536
1243,one_hop,0.05,0.01,0.0,0.055,0.5,0.0,0.0991929969628767,0.0027593665059919,True,0.2288841040008264
1243,sagereg,0.05,0.01,0.0,0.055,0.5,0.0,0.0991926899525294,0.00275936637906,True,0.2531935829993017
1244,one_hop,0.05,0.01,0.0,0.055,0.5,0.0,0.1473208243066315,0.0017186152358182,True,0.2272235929995076
1244,sagereg,0.05,0.01,0.0,0.055,0.5,0.0,0.1473207756934036,0.001718614840913,True,0.2549978219994955
1245,one_hop,0.05,0.01,0.0,0.055,0.5,0.0,0.5301120847377979,0.0034324195555586,True,0.2327213190001202
1245,sagereg,0.05,0.01,0.0,0.055,0.5,0.0,0.5301102245598747,0.0034324213835956,True,0.2611374170010094
1246,one_hop,0.05,0.01,0.0,0.055,0.5,0.0,0.2381655949783449,0.002324695063572,True,0.2230166389999794
1246,sagereg,0.05,0.01,0.0,0.055,0.5,0.0,0.2381656549325885,0.0023246942190569,True,0.2500176960002136
1247,one_hop,0.05,0.01,0.0,0.055,0.5,0.0,0.4509399158266952,0.0061409692859884,True,0.2254341419993579
1247,sagereg,0.05,0.01,0.0,0.055,0.5,0.0,0.4509401809121413,0.0061409770970995,True,0.2527779629999713
1248,one_hop,0.05,0.01,0.0,0.055,0.5,0.0,0.1999481744534937,0.0029714975886904,True,0.2288936059994739
1248,sagereg,0.05,0.01,0.0,0.055,0.5,0.0,0.1999483777137776,0.0029714955986102,True,0.2550411749998602
1249,one_hop,0.05,0.01,0.0,0.055,0.5,0.0,0.1035432593314653,0.0020116583703234,True,0.2267115519989602
1249,sagereg,0.05,0.01,0.0,0.055,0.5,0.0,0.1035431756627199,0.0020116577838701,True,0.2535794559989881
1250,one_hop,0.05,0.01,0.0,0.055,0.5,0.0,0.2185605844629743,0.0035183621946306,True,0.2317823179982951
1250,sagereg,0.05,0.01,0.0,0.055,0.5,0.0,0.2185604890211134,0.0035183586905735,True,0.2584759809997194
1251,one_hop,0.05,0.01,0.0,0.055,0.5,0.0,0.2452991574323737,0.0040629453466776,True,0.2287752230004116
1251,sagereg,0.05,0.01,0.0,0.055,0.5,0.0,0.2452998920620058,0.0040629642972105,True,0.2547288969999499
1252,one_hop,0.05,0.01,0.0,0.055,0.5,0.0,0.2386334315814554,0.0030757008764732,True,0.2279599749999761
1252,sagereg,0.05,0.01,0.0,0.055,0.5,0.0,0.238633553881812,0.0030756985369047,True,0.2573678319986356
1253,one_hop,0.05,0.01,0.0,0.055,0.5,0.0,0.2783120225521135,0.0020205449504669,True,0.233206892000453
1253,sagereg,0.05,0.01,0.0,0.055,0.5,0.0,0.2783136693575979,0.0020205701808406,True,0.2584987289992568
1254,one_hop,0.05,0.01,0.0,0.055,0.5,0.0,0.3941920423049168,0.0016447923020357,True,0.2274833330011461
1254,sagereg,0.05,0.01,0.0,0.055,0.5,0.0,0.3941920259081665,0.0016447917637074,True,0.2530920429999241
1255,one_hop,0.05,0.01,0.0,0.055,0.5,0.0,0.2256978770311715,0.0047428339371823,True,0.2276026159997854
1255,sagereg,0.05,0.01,0.0,0.055,0.5,0.0,0.2256978420053178,0.0047428337267686,True,0.2527847189994645
1256,one_hop,0.05,0.01,0.0,0.055,0.5,0.0,0.1659383762408941,0.0016649339944895,True,0.2357662890008214
1256,sagereg,0.05,0.01,0.0,0.055,0.5,0.0,0.1659383845608156,0.0016649336062617,True,0.2610671849997743
1257,one_hop,0.05,0.01,0.0,0.055,0.5,0.0,0.1813673154529827,0.0038243085198497,True,0.2353271789997961
1257,sagereg,0.05,0.01,0.0,0.055,0.5,0.0,0.1813672193164441,0.003824304732077,True,0.2613536210010352
1258,one_hop,0.05,0.01,0.0,0.055,0.5,0.0,0.2760949556155874,0.0048006442088566,True,0.2311526330013293
1258,sagereg,0.05,0.01,0.0,0.055,0.5,0.0,0.2271113878117372,0.0048518824993763,True,0.2569559989988192
1259,one_hop,0.05,0.01,0.0,0.055,0.5,0.0,0.2322760321464367,0.0008701319799385,True,0.2235892489989055
1259,sagereg,0.05,0.01,0.0,0.055,0.5,0.0,0.2322761745176577,0.0008701364837827,True,0.2482515089996013
1260,one_hop,0.05,0.01,0.0,0.055,0.5,0.25,0.2054226207935191,0.0009938534352048,True,0.2337344259995006
1260,sagereg,0.05,0.01,0.0,0.055,0.5,0.25,0.2054225850074418,0.0009938541684675,True,0.260081092999826
1261,one_hop,0.05,0.01,0.0,0.055,0.5,0.25,0.2943484585143009,0.0046127597095073,True,0.231616163999206
1261,sagereg,0.05,0.01,0.0,0.055,0.5,0.25,0.2943452203123356,0.0046127766781175,True,0.2590856879996863
1262,one_hop,0.05,0.01,0.0,0.055,0.5,0.25,0.300303506311272,0.000664981818084,True,0.2271318509992852
1262,sagereg,0.05,0.01,0.0,0.055,0.5,0.25,0.3003033517297706,0.0006649815919906,True,0.2540480339994246
1263,one_hop,0.05,0.01,0.0,0.055,0.5,0.25,0.2519968690706143,0.0037887214076596,True,0.2282959369986201
1263,sagereg,0.05,0.01,0.0,0.055,0.5,0.25,0.2519968859085688,0.0037887206766915,True,0.2563984940006776
1264,one_hop,0.05,0.01,0.0,0.055,0.5,0.25,0.2169246243671295,0.0025794176998896,True,0.2308017129998916
1264,sagereg,0.05,0.01,0.0,0.055,0.5,0.25,0.216924580569013,0.0025794182957627,True,0.25524258599944
1265,one_hop,0.05,0.01,0.0,0.055,0.5,0.25,0.4993750517999122,0.0062858008061595,True,0.2271476360001543
1265,sagereg,0.05,0.01,0.0,0.055,0.5,0.25,0.4993751174193432,0.0062858016063995,True,0.2544276489988988
1266,one_hop,0.05,0.01,0.0,0.055,0.5,0.25,0.1608996317838234,0.002995443484283,True,0.2253402499991352
1266,sagereg,0.05,0.01,0.0,0.055,0.5,0.25,0.1608995999626964,0.0029954437896049,True,0.2517557040009706
1267,one_hop,0.05,0.01,0.0,0.055,0.5,0.25,0.2521567072987772,0.002838850604873,True,0.2289954460011358
1267,sagereg,0.05,0.01,0.0,0.055,0.5,0.25,0.2521567899001636,0.0028388481230621,True,0.2557189420003851
1268,one_hop,0.05,0.01,0.0,0.055,0.5,0.25,0.5995185805431875,0.0016163833454877,True,0.2364523629985342
1268,sagereg,0.05,0.01,0.0,0.055,0.5,0.25,0.5995185287454751,0.001616383447378,True,0.2607629710000765
1269,one_hop,0.05,0.01,0.0,0.055,0.5,0.25,0.194586631061005,0.0019640374000288,True,0.2311812869993446
1269,sagereg,0.05,0.01,0.0,0.055,0.5,0.25,0.1945866984036964,0.0019640376866273,True,0.2584973850007372
1270,one_hop,0.05,0.01,0.0,0.055,0.5,0.25,0.4491896292163931,0.0022472575744574,True,0.2285492359987984
1270,sagereg,0.05,0.01,0.0,0.055,0.5,0.25,0.4491895983072607,0.0022472540267099,True,0.2587025819993869
1271,one_hop,0.05,0.01,0.0,0.055,0.5,0.25,0.3869004417945169,0.0047780388952647,True,0.2266963950005447
1271,sagereg,0.05,0.01,0.0,0.055,0.5,0.25,0.3869004340793829,0.0047780379403599,True,0.2535367569998925
1272,one_hop,0.05,0.01,0.0,0.055,0.5,0.25,0.3991365632894336,0.0027458574054436,True,0.2303307689999201
1272,sagereg,0.05,0.01,0.0,0.055,0.5,0.25,0.3991365376557593,0.002745857460355,True,0.2561379300004773
1273,one_hop,0.05,0.01,0.0,0.055,0.5,0.25,0.4098096417251883,0.001901908258227,True,0.2291067339992878
1273,sagereg,0.05,0.01,0.0,0.055,0.5,0.25,0.4098111814176709,0.0019019048659881,True,0.2530496979998133
1274,one_hop,0.05,0.01,0.0,0.055,0.5,0.25,0.0978626234325907,0.0047442903714314,True,0.2330999400001019
1274,sagereg,0.05,0.01,0.0,0.055,0.5,0.25,0.0978626761530626,0.004744290109963,True,0.2576842380003654
1275,one_hop,0.05,0.01,0.0,0.055,0.5,0.25,0.3147872576028594,0.0037019025922438,True,0.2328617480015964
1275,sagereg,0.05,0.01,0.0,0.055,0.5,0.25,0.3147875816136065,0.0037019026280121,True,0.2585087999996176
1276,one_hop,0.05,0.01,0.0,0.055,0.5,0.25,0.4320382005847013,0.0025526886972026,True,0.2324779390000912
1276,sagereg,0.05,0.01,0.0,0.055,0.5,0.25,0.4320384886087952,0.0025526882575277,True,0.2588841350006987
1277,one_hop,0.05,0.01,0.0,0.055,0.5,0.25,0.0776064052781467,0.0010561725241026,True,0.2331800060001114
1277,sagereg,0.05,0.01,0.0,0.055,0.5,0.25,0.0776064175637295,0.0010561725765178,True,0.2588243179998244
1278,one_hop,0.05,0.01,0.0,0.055,0.5,0.25,0.319824047712422,0.0026861279639324,True,0.229365074999805
1278,sagereg,0.05,0.01,0.0,0.055,0.5,0.25,0.3198240361912199,0.0026861280486558,True,0.2557423590005783
1279,one_hop,0.05,0.01,0.0,0.055,0.5,0.25,0.2721743829763149,0.0022351237363549,True,0.2303126960014196
1279,sagereg,0.05,0.01,0.0,0.055,0.5,0.25,0.2721743995006893,0.0022351236669881,True,0.2599267829991731
1280,one_hop,0.05,0.01,0.0,0.055,1.0,0.0,0.1444036671308226,0.0029370196042762,True,0.2322227600016049
1280,sagereg,0.05,0.01,0.0,0.055,1.0,0.0,0.1444035623320602,0.0029370180140007,True,0.2578064379995339
1281,one_hop,0.05,0.01,0.0,0.055,1.0,0.0,0.3716432010406238,0.0039384717376779,True,0.2256171259996335
1281,sagereg,0.05,0.01,0.0,0.055,1.0,0.0,0.3716417503206815,0.003938458035523,True,0.2519357960009074
1282,one_hop,0.05,0.01,0.0,0.055,1.0,0.0,0.3945405213269918,0.0045519344244139,True,0.2314995720007573
1282,sagereg,0.05,0.01,0.0,0.055,1.0,0.0,0.3945406822157186,0.0045519364974456,True,0.2564799279989529
1283,one_hop,0.05,0.01,0.0,0.055,1.0,0.0,0.4939900388414629,0.0062206243573399,True,0.226071191000301
1283,sagereg,0.05,0.01,0.0,0.055,1.0,0.0,0.4939895310943321,0.0062206189506057,True,0.2534610920010891
1284,one_hop,0.05,0.01,0.0,0.055,1.0,0.0,0.1820915209085349,0.0044488129056677,True,0.2251650620000873
1284,sagereg,0.05,0.01,0.0,0.055,1.0,0.0,0.1820915733651568,0.0044488135101933,True,0.2481759160000365
1285,one_hop,0.05,0.01,0.0,0.055,1.0,0.0,0.2703144566282593,0.00210364290802,True,0.2283312380004645
1285,sagereg,0.05,0.01,0.0,0.055,1.0,0.0,0.270314530261829,0.0021036464376159,True,0.2535232939990237
1286,one_hop,0.05,0.01,0.0,0.055,1.0,0.0,0.1515540900218073,0.0022728707774484,True,0.2299481620011647
1286,sagereg,0.05,0.01,0.0,0.055,1.0,0.0,0.1515540847407524,0.0022728711016154,True,0.2549082389996329
1287,one_hop,0.05,0.01,0.0,0.055,1.0,0.0,0.1465502294410624,0.003109892255052,True,0.2284292149997782
1287,sagereg,0.05,0.01,0.0,0.055,1.0,0.0,0.1465501398705465,0.0031098922491631,True,0.256617537999773
1288,one_hop,0.05,0.01,0.0,0.055,1.0,0.0,0.1507178060899792,0.0043682167128371,True,0.2279443840016028
1288,sagereg,0.05,0.01,0.0,0.055,1.0,0.0,0.1507176296631592,0.0043682176641781,True,0.2532037500004662
1289,one_hop,0.05,0.01,0.0,0.055,1.0,0.0,0.1689666380977285,0.0014793485086403,True,0.231361788999493
1289,sagereg,0.05,0.01,0.0,0.055,1.0,0.0,0.1689660388104342,0.0014793448645917,True,0.2578412479997496
1290,one_hop,0.05,0.01,0.0,0.055,1.0,0.0,0.2260641862107198,0.0024776931403571,True,0.2306946059998154
1290,sagereg,0.05,0.01,0.0,0.055,1.0,0.0,0.2260639124713726,0.002477690984017,True,0.2573937399993156
1291,one_hop,0.05,0.01,0.0,0.055,1.0,0.0,0.4785122030742532,0.0035074479156564,True,0.2290211819999967
1291,sagereg,0.05,0.01,0.0,0.055,1.0,0.0,0.4785121643904955,0.0035074485544243,True,0.2542319179992773
1292,one_hop,0.05,0.01,0.0,0.055,1.0,0.0,0.406627117054837,0.0030102738316909,True,0.2292485420002776
1292,sagereg,0.05,0.01,0.0,0.055,1.0,0.0,0.4066269730826095,0.0030102733011081,True,0.2534206429991172
1293,one_hop,0.05,0.01,0.0,0.055,1.0,0.0,0.1674580221496971,0.0028429231792442,True,0.2296153309998772
1293,sagereg,0.05,0.01,0.0,0.055,1.0,0.0,0.1674580231900437,0.0028429231391821,True,0.2559420420002425
1294,one_hop,0.05,0.01,0.0,0.055,1.0,0.0,0.1490918886875928,0.0041486638379672,True,0.2266457280002214
1294,sagereg,0.05,0.01,0.0,0.055,1.0,0.0,0.1490920782587642,0.0041486669365048,True,0.2512400420000631
1295,one_hop,0.05,0.01,0.0,0.055,1.0,0.0,0.3719929389352186,0.0043274729503406,True,0.2276351609998528
1295,sagereg,0.05,0.01,0.0,0.055,1.0,0.0,0.3719928885985851,0.0043274716679072,True,0.2527799170002254
1296,one_hop,0.05,0.01,0.0,0.055,1.0,0.0,0.1552425773111623,0.0017569327703971,True,0.2299096149999968
1296,sagereg,0.05,0.01,0.0,0.055,1.0,0.0,0.1552427184650521,0.0017569342920952,True,0.2564876679989538
1297,one_hop,0.05,0.01,0.0,0.055,1.0,0.0,0.1001154916956662,0.0031172340922644,True,0.2220657779998873
1297,sagereg,0.05,0.01,0.0,0.055,1.0,0.0,0.1001155212196679,0.0031172340155554,True,0.2480824400008714
1298,one_hop,0.05,0.01,0.0,0.055,1.0,0.0,0.5228269197530578,0.0024297884282417,True,0.2245263220011111
1298,sagereg,0.05,0.01,0.0,0.055,1.0,0.0,0.5228247989422348,0.0024297857960218,True,0.2513166539993108
1299,one_hop,0.05,0.01,0.0,0.055,1.0,0.0,0.0517067803204638,0.0030087711785687,True,0.2261646599999949
1299,sagereg,0.05,0.01,0.0,0.055,1.0,0.0,0.0517069691120785,0.003008772351367,True,0.2534529650001786
1300,one_hop,0.05,0.01,0.0,0.055,1.0,0.25,0.2854036333401815,0.0019876885164237,True,0.2234197539983142
1300,sagereg,0.05,0.01,0.0,0.055,1.0,0.25,0.2854035648433597,0.0019876874938117,True,0.2490771100001438
1301,one_hop,0.05,0.01,0.0,0.055,1.0,0.25,0.2909953474361451,0.0032459618973852,True,0.2277364149995264
1301,sagereg,0.05,0.01,0.0,0.055,1.0,0.25,0.2909956805258918,0.0032459618266165,True,0.2555697600000712
1302,one_hop,0.05,0.01,0.0,0.055,1.0,0.25,0.3812603717573153,0.0013046842544591,True,0.2271738500003266
1302,sagereg,0.05,0.01,0.0,0.055,1.0,0.25,0.3812603379375702,0.0013046840164215,True,0.254267512998922
1303,one_hop,0.05,0.01,0.0,0.055,1.0,0.25,0.2459426302758988,0.0032003515868654,True,0.228335405998223
1303,sagereg,0.05,0.01,0.0,0.055,1.0,0.25,0.2459425812363943,0.0032003520705916,True,0.2538144109985296
1304,one_hop,0.05,0.01,0.0,0.055,1.0,0.25,0.3610339546666839,0.0031298973896484,True,0.2292162279991316
1304,sagereg,0.05,0.01,0.0,0.055,1.0,0.25,0.3610341026607155,0.0031298976266347,True,0.2546414899989031
1305,one_hop,0.05,0.01,0.0,0.055,1.0,0.25,0.3825588910603815,0.0047918227424229,True,0.2223011189998942
1305,sagereg,0.05,0.01,0.0,0.055,1.0,0.25,0.3825588852755304,0.004791822746969,True,0.2500106640000012
1306,one_hop,0.05,0.01,0.0,0.055,1.0,0.25,0.2952378779747144,0.0036069596671464,True,0.2262162510014604
1306,sagereg,0.05,0.01,0.0,0.055,1.0,0.25,0.295237926544235,0.0036069605338546,True,0.2523234680011228
1307,one_hop,0.05,0.01,0.0,0.055,1.0,0.25,0.5148122741149496,0.0018543970613887,True,0.2259026960000483
1307,sagereg,0.05,0.01,0.0,0.055,1.0,0.25,0.5148123601158289,0.001854398204122,True,0.2520537780001177
1308,one_hop,0.05,0.01,0.0,0.055,1.0,0.25,0.4960516319547838,0.0065082052512575,True,0.2264785119987209
1308,sagereg,0.05,0.01,0.0,0.055,1.0,0.25,0.4960519136865777,0.0065082043905356,True,0.2522451439999713
1309,one_hop,0.05,0.01,0.0,0.055,1.0,0.25,0.1555464587620385,0.0033807376609738,True,0.2299425729997892
1309,sagereg,0.05,0.01,0.0,0.055,1.0,0.25,0.1555466031033047,0.0033807390102195,True,0.2562932889995863
1310,one_hop,0.05,0.01,0.0,0.055,1.0,0.25,0.2153494170597481,0.0037807759296869,True,0.225759992001258
1310,sagereg,0.05,0.01,0.0,0.055,1.0,0.25,0.2153493789968098,0.0037807757801527,True,0.2517505659998278
1311,one_hop,0.05,0.01,0.0,0.055,1.0,0.25,0.3599727421257503,0.0023046735591004,True,0.2324955059993954
1311,sagereg,0.05,0.01,0.0,0.055,1.0,0.25,0.3599736406608017,0.0023046774899645,True,0.2590725450008904
1312,one_hop,0.05,0.01,0.0,0.055,1.0,0.25,0.3217322356611509,0.0041349919140299,True,0.228529965999769
1312,sagereg,0.05,0.01,0.0,0.055,1.0,0.25,0.3217321965605271,0.0041349919502189,True,0.253122557000097
1313,one_hop,0.05,0.01,0.0,0.055,1.0,0.25,0.5953986706799242,0.0052968254198539,True,0.2265786909993039
1313,sagereg,0.05,0.01,0.0,0.055,1.0,0.25,0.5954008321436514,0.005296829580673,True,0.2543184839996684
1314,one_hop,0.05,0.01,0.0,0.055,1.0,0.25,0.3749470063991242,0.0023631587284982,True,0.2251381940004648
1314,sagereg,0.05,0.01,0.0,0.055,1.0,0.25,0.3749470184136649,0.0023631587453747,True,0.2504911249998258
1315,one_hop,0.05,0.01,0.0,0.055,1.0,0.25,0.3201355853462497,0.0016841117513993,True,0.2246888030003901
1315,sagereg,0.05,0.01,0.0,0.055,1.0,0.25,0.3201356159849089,0.0016841117737168,True,0.2509971039999072
1316,one_hop,0.05,0.01,0.0,0.055,1.0,0.25,0.1290173088259004,0.004426103637066,True,0.2240915800011862
1316,sagereg,0.05,0.01,0.0,0.055,1.0,0.25,0.1290173226398135,0.0044261034316423,True,0.2502313020013389
1317,one_hop,0.05,0.01,0.0,0.055,1.0,0.25,0.2093690600901971,0.0022516265631566,True,0.2252874670011806
1317,sagereg,0.05,0.01,0.0,0.055,1.0,0.25,0.2093688912379236,0.0022516278122776,True,0.2515418250004586
1318,one_hop,0.05,0.01,0.0,0.055,1.0,0.25,0.2684682142536729,0.0030296865059553,True,0.2253792110004724
1318,sagereg,0.05,0.01,0.0,0.055,1.0,0.25,0.2684681442841874,0.0030296854570989,True,0.2515431400006491
1319,one_hop,0.05,0.01,0.0,0.055,1.0,0.25,0.1472745426100445,0.0039119463982678,True,0.225822705999235
1319,sagereg,0.05,0.01,0.0,0.055,1.0,0.25,0.1472748337323576,0.003911946339657,True,0.2529703410000365
1320,one_hop,0.05,0.01,0.25,0.055,0.0,0.0,1.4277920024982298,0.0075651106948212,True,0.2500329739996232
1320,sagereg,0.05,0.01,0.25,0.055,0.0,0.0,1.4277917541179386,0.0075651075491641,True,0.2752631000003021
1321,one_hop,0.05,0.01,0.25,0.055,0.0,0.0,0.4626926187173582,0.0030618260943706,True,0.2502871859996958
1321,sagereg,0.05,0.01,0.25,0.055,0.0,0.0,0.4626926219091685,0.0030618264704637,True,0.2761837170000945
1322,one_hop,0.05,0.01,0.25,0.055,0.0,0.0,99.00377467741195,0.9913260037081104,False,0.2461942720001388
1322,sagereg,0.05,0.01,0.25,0.055,0.0,0.0,0.3753068870643593,0.0035877569411806,True,0.2736099339999782
1323,one_hop,0.05,0.01,0.25,0.055,0.0,0.0,0.2349445732419812,0.0008062665933835,True,0.2446545479997439
1323,sagereg,0.05,0.01,0.25,0.055,0.0,0.0,0.2349447075614132,0.0008062687358035,True,0.2721235809985955
1324,one_hop,0.05,0.01,0.25,0.055,0.0,0.0,0.4030217921798549,0.0048823870736814,True,0.2503867579998768
1324,sagereg,0.05,0.01,0.25,0.055,0.0,0.0,0.4030215687595932,0.0048823868390147,True,0.2764656999988801
1325,one_hop,0.05,0.01,0.25,0.055,0.0,0.0,0.2234043324229228,0.0025315897837121,True,0.2458845429991925
1325,sagereg,0.05,0.01,0.25,0.055,0.0,0.0,0.2234043353921019,0.0025315897556575,True,0.2740108500001952
1326,one_hop,0.05,0.01,0.25,0.055,0.0,0.0,0.190503691946278,0.0020022593908901,True,0.2512168019984528
1326,sagereg,0.05,0.01,0.25,0.055,0.0,0.0,0.1905038403773745,0.0020022560345623,True,0.276454973998625
1327,one_hop,0.05,0.01,0.25,0.055,0.0,0.0,0.2289832981109265,0.0032566429590664,True,0.2468262009988393
1327,sagereg,0.05,0.01,0.25,0.055,0.0,0.0,0.2289832805579966,0.0032566429747791,True,0.2738162019995798
1328,one_hop,0.05,0.01,0.25,0.055,0.0,0.0,0.4951842870773372,0.0043575890958848,True,0.2480120199998055
1328,sagereg,0.05,0.01,0.25,0.055,0.0,0.0,0.4951842632094366,0.0043575885575806,True,0.2744152440009202
1329,one_hop,0.05,0.01,0.25,0.055,0.0,0.0,0.6113356731632188,0.0025269830182207,True,0.2497782479986199
1329,sagereg,0.05,0.01,0.25,0.055,0.0,0.0,0.6113357606468016,0.0025269821071954,True,0.2757262340001034
1330,one_hop,0.05,0.01,0.25,0.055,0.0,0.0,0.0638325935770066,0.0031070311431426,True,0.2526289409997844
1330,sagereg,0.05,0.01,0.25,0.055,0.0,0.0,0.063833602267022,0.0031070325145728,True,0.2794412929997634
1331,one_hop,0.05,0.01,0.25,0.055,0.0,0.0,0.2633951518304775,0.0041952957463881,True,0.2511142620005557
1331,sagereg,0.05,0.01,0.25,0.055,0.0,0.0,0.2633951570111374,0.0041952957431619,True,0.2772187650007254
1332,one_hop,0.05,0.01,0.25,0.055,0.0,0.0,0.1480711668225089,0.0020776520261476,True,0.2481432760014286
1332,sagereg,0.05,0.01,0.25,0.055,0.0,0.0,0.148071065613864,0.0020776534627575,True,0.2734557860003406
1333,one_hop,0.05,0.01,0.25,0.055,0.0,0.0,0.3322802377546187,0.0058271478898242,True,0.2496157879995735
1333,sagereg,0.05,0.01,0.25,0.055,0.0,0.0,0.3322802173485303,0.0058271482082606,True,0.2765000370000052
1334,one_hop,0.05,0.01,0.25,0.055,0.0,0.0,0.3456548928843419,0.0044627219204566,True,0.2497229969994805
1334,sagereg,0.05,0.01,0.25,0.055,0.0,0.0,0.3456549064315855,0.0044627212908491,True,0.2735023999994155
1335,one_hop,0.05,0.01,0.25,0.055,0.0,0.0,0.1463396055277017,0.0037666593690663,True,0.2492443529990851
1335,sagereg,0.05,0.01,0.25,0.055,0.0,0.0,0.1463394003067946,0.003766659990766,True,0.275730036000823
1336,one_hop,0.05,0.01,0.25,0.055,0.0,0.0,0.1185954435668751,0.0017820678416628,True,0.2489626249989669
1336,sagereg,0.05,0.01,0.25,0.055,0.0,0.0,0.1185943823935553,0.0017820670972375,True,0.275804696000705
1337,one_hop,0.05,0.01,0.25,0.055,0.0,0.0,0.1632339244475945,0.0011178542260408,True,0.2496590109985845
1337,sagereg,0.05,0.01,0.25,0.055,0.0,0.0,0.1632340257264002,0.0011178538453832,True,0.2759697840010631
1338,one_hop,0.05,0.01,0.25,0.055,0.0,0.0,0.3165076991429091,0.0019598418579485,True,0.2516096169983939
1338,sagereg,0.05,0.01,0.25,0.055,0.0,0.0,0.3165076727015877,0.0019598415161357,True,0.27720626700102
1339,one_hop,0.05,0.01,0.25,0.055,0.0,0.0,0.30295332625797,0.0021131043794943,True,0.2464073069986625
1339,sagereg,0.05,0.01,0.25,0.055,0.0,0.0,0.302953338485717,0.0021131044031283,True,0.2729223019996425
1340,one_hop,0.05,0.01,0.25,0.055,0.0,0.25,0.251236756855405,0.002045795903176,True,0.2361383850002312
1340,sagereg,0.05,0.01,0.25,0.055,0.0,0.25,0.2512367804551793,0.0020457958479246,True,0.2610020299998723
1341,one_hop,0.05,0.01,0.25,0.055,0.0,0.25,0.2184812569639852,0.0020354451238735,True,0.2362186560003465
1341,sagereg,0.05,0.01,0.25,0.055,0.0,0.25,0.2184810612032218,0.0020354469438792,True,0.2653372639997542
1342,one_hop,0.05,0.01,0.25,0.055,0.0,0.25,0.1600020856515658,0.0019748845609234,True,0.2277535260000149
1342,sagereg,0.05,0.01,0.25,0.055,0.0,0.25,0.1600021016058208,0.0019748849192786,True,0.2548540730003878
1343,one_hop,0.05,0.01,0.25,0.055,0.0,0.25,0.1907197651366675,0.0015777167558832,True,0.2296769180011324
1343,sagereg,0.05,0.01,0.25,0.055,0.0,0.25,0.1907196608725015,0.0015777156960174,True,0.2563828190013737
1344,one_hop,0.05,0.01,0.25,0.055,0.0,0.25,0.1830078681817928,0.0010080084626918,True,0.2313770000000659
1344,sagereg,0.05,0.01,0.25,0.055,0.0,0.25,0.1830078810271495,0.0010080074073289,True,0.2575313680008548
1345,one_hop,0.05,0.01,0.25,0.055,0.0,0.25,134.52026011534775,1.4655227174652716,False,0.2307100899997749
1345,sagereg,0.05,0.01,0.25,0.055,0.0,0.25,0.3064641460329413,0.0042861302895499,True,0.2584381919987208
1346,one_hop,0.05,0.01,0.25,0.055,0.0,0.25,0.2507764372671016,0.0038103437753368,True,0.2367102690004685
1346,sagereg,0.05,0.01,0.25,0.055,0.0,0.25,0.2507764318402934,0.0038103436568484,True,0.2658001759991748
1347,one_hop,0.05,0.01,0.25,0.055,0.0,0.25,0.2775135153869984,0.0019262831474278,True,0.239808684998934
1347,sagereg,0.05,0.01,0.25,0.055,0.0,0.25,0.2775134937118397,0.001926282926571,True,0.2683600720010872
1348,one_hop,0.05,0.01,0.25,0.055,0.0,0.25,0.1415772199455589,0.0013871401458295,True,0.2332839659993624
1348,sagereg,0.05,0.01,0.25,0.055,0.0,0.25,0.1415771673985262,0.0013871404365447,True,0.2608439779996843
1349,one_hop,0.05,0.01,0.25,0.055,0.0,0.25,91.88552417964756,1.4672315204268649,False,0.2309952939995128
1349,sagereg,0.05,0.01,0.25,0.055,0.0,0.25,0.1073477689296265,0.0040388491358667,True,0.2591680929999711
1350,one_hop,0.05,0.01,0.25,0.055,0.0,0.25,0.2069433188609833,0.0039600822097093,True,0.2314567289995466
1350,sagereg,0.05,0.01,0.25,0.055,0.0,0.25,0.20694331120335,0.0039600822010495,True,0.2574179109997203
1351,one_hop,0.05,0.01,0.25,0.055,0.0,0.25,0.2262885651477125,0.0026633482933812,True,0.2196284330002527
1351,sagereg,0.05,0.01,0.25,0.055,0.0,0.25,0.2262888383672653,0.0026633513510439,True,0.245894097000928
1352,one_hop,0.05,0.01,0.25,0.055,0.0,0.25,0.2370816977319985,0.0012280383255658,True,0.2293100129991216
1352,sagereg,0.05,0.01,0.25,0.055,0.0,0.25,0.2370817086037858,0.0012280384144717,True,0.2579637290000391
1353,one_hop,0.05,0.01,0.25,0.055,0.0,0.25,0.226865565464101,0.0047394554527888,True,0.2347417640012281
1353,sagereg,0.05,0.01,0.25,0.055,0.0,0.25,0.2268652305383036,0.0047394578029878,True,0.2628915749992302
1354,one_hop,0.05,0.01,0.25,0.055,0.0,0.25,0.229361240452474,0.0028730220046215,True,0.2349400439998135
1354,sagereg,0.05,0.01,0.25,0.055,0.0,0.25,0.2293611995218087,0.0028730222112059,True,0.2605231699999422
1355,one_hop,0.05,0.01,0.25,0.055,0.0,0.25,0.478810504715332,0.0039974649850946,True,0.2370896030006406
1355,sagereg,0.05,0.01,0.25,0.055,0.0,0.25,0.4788100318323241,0.0039974652537739,True,0.2647115589988971
1356,one_hop,0.05,0.01,0.25,0.055,0.0,0.25,0.3776631983159151,0.0054070345840821,True,0.2329333769994264
1356,sagereg,0.05,0.01,0.25,0.055,0.0,0.25,0.3776638758139147,0.0054070409646722,True,0.2586072840003908
1357,one_hop,0.05,0.01,0.25,0.055,0.0,0.25,169.14393016534996,0.6426842729416168,False,0.2252790000002278
1357,sagereg,0.05,0.01,0.25,0.055,0.0,0.25,169.13139627229265,0.6426924738740777,False,0.2506472709992522
1358,one_hop,0.05,0.01,0.25,0.055,0.0,0.25,0.3008929215395952,0.0021160859073552,True,0.2358832399986568
1358,sagereg,0.05,0.01,0.25,0.055,0.0,0.25,0.3008929365546553,0.0021160852090725,True,0.265989695000826
1359,one_hop,0.05,0.01,0.25,0.055,0.0,0.25,0.3808231068407876,0.0026126285726789,True,0.2324046649991942
1359,sagereg,0.05,0.01,0.25,0.055,0.0,0.25,0.3808231166237699,0.0026126284671148,True,0.2589361320005992
1360,one_hop,0.05,0.01,0.25,0.055,0.5,0.0,0.2805885526475551,0.0011437291111206,True,0.2481828309992124
1360,sagereg,0.05,0.01,0.25,0.055,0.5,0.0,0.2805887206698897,0.0011437310057472,True,0.2734724919992004
1361,one_hop,0.05,0.01,0.25,0.055,0.5,0.0,0.0863291608805019,0.0038585287440802,True,0.2429593260003457
1361,sagereg,0.05,0.01,0.25,0.055,0.5,0.0,0.0863291048571353,0.0038585281196436,True,0.2708017350014415
1362,one_hop,0.05,0.01,0.25,0.055,0.5,0.0,0.3784706770799816,0.0039449386533959,True,0.2499631579994456
1362,sagereg,0.05,0.01,0.25,0.055,0.5,0.0,0.3784706729583404,0.0039449383307276,True,0.2765986120011803
1363,one_hop,0.05,0.01,0.25,0.055,0.5,0.0,0.1057910564639486,0.0016702661783622,True,0.243521275000603
1363,sagereg,0.05,0.01,0.25,0.055,0.5,0.0,0.1057909636656356,0.0016702655001952,True,0.2700270200002705
1364,one_hop,0.05,0.01,0.25,0.055,0.5,0.0,0.4985383548167275,0.0025958480897947,True,0.2459511819997715
1364,sagereg,0.05,0.01,0.25,0.055,0.5,0.0,145.80307474080217,0.9863813909689352,False,0.2737676819997432
1365,one_hop,0.05,0.01,0.25,0.055,0.5,0.0,0.4565354015459014,0.0026744963336983,True,0.2440874800013261
1365,sagereg,0.05,0.01,0.25,0.055,0.5,0.0,0.4565358751520098,0.0026745009974293,True,0.2699116670009971
1366,one_hop,0.05,0.01,0.25,0.055,0.5,0.0,0.2719700601190919,0.0028916466597271,True,0.2430646809989411
1366,sagereg,0.05,0.01,0.25,0.055,0.5,0.0,0.271970381350721,0.002891649393542,True,0.2677502220012684
1367,one_hop,0.05,0.01,0.25,0.055,0.5,0.0,0.2947333208474896,0.003318002880829,True,0.2402129729998705
1367,sagereg,0.05,0.01,0.25,0.055,0.5,0.0,0.2947332591685003,0.0033180071322828,True,0.2654035769992333
1368,one_hop,0.05,0.01,0.25,0.055,0.5,0.0,120.02789848173748,1.1662615693252198,False,0.2507738920012343
1368,sagereg,0.05,0.01,0.25,0.055,0.5,0.0,0.3903378313061822,0.0033150070661605,True,0.2768109440003172
1369,one_hop,0.05,0.01,0.25,0.055,0.5,0.0,0.1379382647282354,0.001308825916211,True,0.239451719000499
1369,sagereg,0.05,0.01,0.25,0.055,0.5,0.0,0.1379382243020606,0.0013088252381284,True,0.2656323800001701
1370,one_hop,0.05,0.01,0.25,0.055,0.5,0.0,0.1879748911945729,0.0029863610639267,True,0.2460043530008988
1370,sagereg,0.05,0.01,0.25,0.055,0.5,0.0,0.1879748504077722,0.0029863610257016,True,0.2712283740002021
1371,one_hop,0.05,0.01,0.25,0.055,0.5,0.0,0.3964130303806015,0.0028572995962053,True,0.2425200389989186
1371,sagereg,0.05,0.01,0.25,0.055,0.5,0.0,0.396413000227504,0.0028572994759507,True,0.2690108189999591
1372,one_hop,0.05,0.01,0.25,0.055,0.5,0.0,0.4786621742702473,0.0043347749018594,True,0.2509388919988851
1372,sagereg,0.05,0.01,0.25,0.055,0.5,0.0,0.4786621763870298,0.004334774673092,True,0.2772413279999455
1373,one_hop,0.05,0.01,0.25,0.055,0.5,0.0,0.0853641859756497,0.0010324762836891,True,0.2438837830013653
1373,sagereg,0.05,0.01,0.25,0.055,0.5,0.0,0.0853641900914754,0.0010324763695236,True,0.2695631289989251
1374,one_hop,0.05,0.01,0.25,0.055,0.5,0.0,0.3894204545682286,0.0035929367967417,True,0.2413140659991768
1374,sagereg,0.05,0.01,0.25,0.055,0.5,0.0,0.3894204601781506,0.0035929365658497,True,0.2682994309998321
1375,one_hop,0.05,0.01,0.25,0.055,0.5,0.0,0.2988753519607379,0.0034442906682677,True,0.2431575240007077
1375,sagereg,0.05,0.01,0.25,0.055,0.5,0.0,0.2988754433762822,0.0034442897463403,True,0.2697961129997566
1376,one_hop,0.05,0.01,0.25,0.055,0.5,0.0,0.4208976938897403,0.0031386954300444,True,0.2479947240008186
1376,sagereg,0.05,0.01,0.25,0.055,0.5,0.0,0.4208977083819468,0.0031386962489648,True,0.2738751750002848
1377,one_hop,0.05,0.01,0.25,0.055,0.5,0.0,0.1414236977278989,0.0025491322958461,True,0.2465768670008401
1377,sagereg,0.05,0.01,0.25,0.055,0.5,0.0,0.1414236805076175,0.0025491323504319,True,0.2735156980015745
1378,one_hop,0.05,0.01,0.25,0.055,0.5,0.0,0.1890663728759461,0.0029407025268763,True,0.2419347200011543
1378,sagereg,0.05,0.01,0.25,0.055,0.5,0.0,0.1890663440412385,0.00294070167348,True,0.2679710770007659
1379,one_hop,0.05,0.01,0.25,0.055,0.5,0.0,0.3223278040607258,0.0013783077658035,True,0.2475366090002353
1379,sagereg,0.05,0.01,0.25,0.055,0.5,0.0,0.3223276299911383,0.0013783074554008,True,0.27363982299903
1380,one_hop,0.05,0.01,0.25,0.055,0.5,0.25,0.240564020742351,0.0041569366601892,True,0.2249316510005883
1380,sagereg,0.05,0.01,0.25,0.055,0.5,0.25,0.2405640658240843,0.0041569363684721,True,0.2514591849994758
1381,one_hop,0.05,0.01,0.25,0.055,0.5,0.25,0.1563403098101679,0.0017202687055869,True,0.2234706589988491
1381,sagereg,0.05,0.01,0.25,0.055,0.5,0.25,0.1563401206261017,0.0017202668982372,True,0.2504298139992897
1382,one_hop,0.05,0.01,0.25,0.055,0.5,0.25,103.51901578041269,0.6708607355559357,False,0.224431488000846
1382,sagereg,0.05,0.01,0.25,0.055,0.5,0.25,103.53334677320125,0.6717684480860887,False,0.2525189789994329
1383,one_hop,0.05,0.01,0.25,0.055,0.5,0.25,0.3317142570099319,0.0027598789960676,True,0.2259415179996722
1383,sagereg,0.05,0.01,0.25,0.055,0.5,0.25,0.3317142635759847,0.002759879130732,True,0.2528572999999596
1384,one_hop,0.05,0.01,0.25,0.055,0.5,0.25,0.2412027395316466,0.0041763089904769,True,0.2305482259998825
1384,sagereg,0.05,0.01,0.25,0.055,0.5,0.25,0.241202848440985,0.00417631157975,True,0.2567268630009494
1385,one_hop,0.05,0.01,0.25,0.055,0.5,0.25,0.2668998718107904,0.0025405538222667,True,0.2239744430007704
1385,sagereg,0.05,0.01,0.25,0.055,0.5,0.25,0.266899877245693,0.0025405535037229,True,0.2513065090006421
1386,one_hop,0.05,0.01,0.25,0.055,0.5,0.25,0.1262913592744405,0.0043711342401565,True,0.2272533769992151
1386,sagereg,0.05,0.01,0.25,0.055,0.5,0.25,0.1262913940842361,0.0043711340920225,True,0.2551011769992328
1387,one_hop,0.05,0.01,0.25,0.055,0.5,0.25,0.6606949802676748,0.0044837014782507,True,0.2264419700004509
1387,sagereg,0.05,0.01,0.25,0.055,0.5,0.25,0.6606950879763467,0.0044837018343705,True,0.2533334349991492
1388,one_hop,0.05,0.01,0.25,0.055,0.5,0.25,0.2940823135383577,0.0024917829912457,True,0.2292486179994739
1388,sagereg,0.05,0.01,0.25,0.055,0.5,0.25,0.2940822576468508,0.0024917848143154,True,0.2574984940001741
1389,one_hop,0.05,0.01,0.25,0.055,0.5,0.25,0.137105068750593,0.0031809664268128,True,0.2308647950012528
1389,sagereg,0.05,0.01,0.25,0.055,0.5,0.25,0.1371050555016738,0.0031809664395605,True,0.2583170739999332
1390,one_hop,0.05,0.01,0.25,0.055,0.5,0.25,0.1396981921557705,0.0026550543243394,True,0.2255100500005937
1390,sagereg,0.05,0.01,0.25,0.055,0.5,0.25,0.1396982908365203,0.0026550550783133,True,0.2514638990014646
1391,one_hop,0.05,0.01,0.25,0.055,0.5,0.25,0.5049548042893005,0.0050173007338326,True,0.224928435000038
1391,sagereg,0.05,0.01,0.25,0.055,0.5,0.25,0.5049547609951154,0.0050173006290685,True,0.2522473190001619
1392,one_hop,0.05,0.01,0.25,0.055,0.5,0.25,0.8170838366447344,0.0056072416648685,True,0.22704475700084
1392,sagereg,0.05,0.01,0.25,0.055,0.5,0.25,0.8170840206336678,0.0056072394401469,True,0.2537821080004505
1393,one_hop,0.05,0.01,0.25,0.055,0.5,0.25,0.0635100324570951,0.0016966780938962,True,0.2302902339997672
1393,sagereg,0.05,0.01,0.25,0.055,0.5,0.25,0.0635111161432763,0.0016966794271084,True,0.2553165059998719
1394,one_hop,0.05,0.01,0.25,0.055,0.5,0.25,0.1149452331200992,0.0018804630003487,True,0.2246249240015458
1394,sagereg,0.05,0.01,0.25,0.055,0.5,0.25,0.1149452497539605,0.001880461921645,True,0.2519396089992369
1395,one_hop,0.05,0.01,0.25,0.055,0.5,0.25,0.2779313277973513,0.0041489427707644,True,0.2242509339994285
1395,sagereg,0.05,0.01,0.25,0.055,0.5,0.25,0.2779312650149962,0.0041489414425459,True,0.2501177449994429
1396,one_hop,0.05,0.01,0.25,0.055,0.5,0.25,0.2630406824053313,0.0033152751565479,True,0.2206659690000378
1396,sagereg,0.05,0.01,0.25,0.055,0.5,0.25,0.2630405506497402,0.0033152740552329,True,0.2459593990006396
1397,one_hop,0.05,0.01,0.25,0.055,0.5,0.25,0.3303285902417279,0.0023300107889155,True,0.2241691140006878
1397,sagereg,0.05,0.01,0.25,0.055,0.5,0.25,0.3303285682255604,0.002330010568394,True,0.2501969790009752
1398,one_hop,0.05,0.01,0.25,0.055,0.5,0.25,0.5758258668190921,0.0019807801936995,True,0.2266035209995607
1398,sagereg,0.05,0.01,0.25,0.055,0.5,0.25,0.5758258630720088,0.0019807802460229,True,0.2513961709992145
1399,one_hop,0.05,0.01,0.25,0.055,0.5,0.25,0.3467366247824605,0.0070851845685407,True,0.2264704459994391
1399,sagereg,0.05,0.01,0.25,0.055,0.5,0.25,0.346737072422656,0.0070851848913698,True,0.2541728020005394
1400,one_hop,0.05,0.01,0.25,0.055,1.0,0.0,0.1106669061070659,0.0030803139375728,True,0.2401469830001588
1400,sagereg,0.05,0.01,0.25,0.055,1.0,0.0,0.1106668822434433,0.0030803147665495,True,0.2663905490007892
1401,one_hop,0.05,0.01,0.25,0.055,1.0,0.0,0.1960721886079288,0.0021534577951712,True,0.2414180430005217
1401,sagereg,0.05,0.01,0.25,0.055,1.0,0.0,0.1960721435869913,0.0021534575059655,True,0.2651072120006574
1402,one_hop,0.05,0.01,0.25,0.055,1.0,0.0,0.2758123713686093,0.0018927492463261,True,0.2448622779993456
1402,sagereg,0.05,0.01,0.25,0.055,1.0,0.0,0.2758125051710672,0.0018927495382916,True,0.2686173010006314
1403,one_hop,0.05,0.01,0.25,0.055,1.0,0.0,0.290320202236943,0.0038352638770451,True,0.2403069949996279
1403,sagereg,0.05,0.01,0.25,0.055,1.0,0.0,0.290320473630431,0.0038352734497604,True,0.2652035390001401
1404,one_hop,0.05,0.01,0.25,0.055,1.0,0.0,0.1332557593831602,0.0014605567702264,True,0.245025579999492
1404,sagereg,0.05,0.01,0.25,0.055,1.0,0.0,0.1332558362498022,0.0014605576874951,True,0.268837806999727
1405,one_hop,0.05,0.01,0.25,0.055,1.0,0.0,0.2805725279457566,0.0027780280194043,True,0.2458105349996913
1405,sagereg,0.05,0.01,0.25,0.055,1.0,0.0,0.2805724411303886,0.0027780287721799,True,0.2717670929996529
1406,one_hop,0.05,0.01,0.25,0.055,1.0,0.0,0.2556665756278135,0.0031125880590933,True,0.2433774390010512
1406,sagereg,0.05,0.01,0.25,0.055,1.0,0.0,0.25566631306671,0.0031125865750293,True,0.2690865149997989
1407,one_hop,0.05,0.01,0.25,0.055,1.0,0.0,0.1893640620638171,0.0025298461065086,True,0.2425864560009358
1407,sagereg,0.05,0.01,0.25,0.055,1.0,0.0,0.1893642792177336,0.0025298465988276,True,0.2689133839994611
1408,one_hop,0.05,0.01,0.25,0.055,1.0,0.0,0.3275450107234204,0.0028196895723173,True,0.2492204139998648
1408,sagereg,0.05,0.01,0.25,0.055,1.0,0.0,0.3275449240401003,0.0028196878844288,True,0.2754855019993556
1409,one_hop,0.05,0.01,0.25,0.055,1.0,0.0,0.4920832146273621,0.0040766576622339,True,0.2413646650002192
1409,sagereg,0.05,0.01,0.25,0.055,1.0,0.0,0.4920830957297506,0.0040766584120056,True,0.2682160690001183
1410,one_hop,0.05,0.01,0.25,0.055,1.0,0.0,0.5879131597412837,0.0035176967811865,True,0.238929173001452
1410,sagereg,0.05,0.01,0.25,0.055,1.0,0.0,0.5879130644403191,0.0035176961754693,True,0.26429830699999
1411,one_hop,0.05,0.01,0.25,0.055,1.0,0.0,0.2866084423463452,0.0038011875928634,True,0.2432891179996659
1411,sagereg,0.05,0.01,0.25,0.055,1.0,0.0,0.286608483608911,0.0038011879564805,True,0.268480995999198
1412,one_hop,0.05,0.01,0.25,0.055,1.0,0.0,0.0803995987474398,0.0030117884992879,True,0.2424968499999522
1412,sagereg,0.05,0.01,0.25,0.055,1.0,0.0,0.0803995986839755,0.0030117877233165,True,0.2689926270013529
1413,one_hop,0.05,0.01,0.25,0.055,1.0,0.0,0.0574779034228371,0.0011681724190362,True,0.2404897029991843
1413,sagereg,0.05,0.01,0.25,0.055,1.0,0.0,0.0574779234602504,0.0011681725538746,True,0.2670063839996146
1414,one_hop,0.05,0.01,0.25,0.055,1.0,0.0,0.1784622656881817,0.001993226939285,True,0.2455838419991778
1414,sagereg,0.05,0.01,0.25,0.055,1.0,0.0,0.1784623510952313,0.0019932263459348,True,0.2724814109988074
1415,one_hop,0.05,0.01,0.25,0.055,1.0,0.0,104.67299124930274,0.5573491295235896,False,0.23867510799937
1415,sagereg,0.05,0.01,0.25,0.055,1.0,0.0,79.36949013754652,0.8426296025624432,False,0.2665787959995214
1416,one_hop,0.05,0.01,0.25,0.055,1.0,0.0,0.4439729002339578,0.0020441766760217,True,0.2371778190008626
1416,sagereg,0.05,0.01,0.25,0.055,1.0,0.0,0.4439729898838631,0.0020441770778427,True,0.2635955229998217
1417,one_hop,0.05,0.01,0.25,0.055,1.0,0.0,0.1811883609999192,0.0033411921146573,True,0.2373728559996379
1417,sagereg,0.05,0.01,0.25,0.055,1.0,0.0,0.1811876881267098,0.0033411937125332,True,0.2636238790000789
1418,one_hop,0.05,0.01,0.25,0.055,1.0,0.0,0.1901103210309644,0.0039913201490166,True,0.2435638289989583
1418,sagereg,0.05,0.01,0.25,0.055,1.0,0.0,0.1901103455740064,0.0039913201065232,True,0.2701874009999301
1419,one_hop,0.05,0.01,0.25,0.055,1.0,0.0,0.2244946536183376,0.0023651596043776,True,0.2336130299991055
1419,sagereg,0.05,0.01,0.25,0.055,1.0,0.0,0.2244947638470377,0.0023651595129512,True,0.2599266930010344
1420,one_hop,0.05,0.01,0.25,0.055,1.0,0.25,0.4605645783057355,0.0026498235012866,True,0.2226636929990491
1420,sagereg,0.05,0.01,0.25,0.055,1.0,0.25,0.4605646835333656,0.0026498278859275,True,0.2499052509992907
1421,one_hop,0.05,0.01,0.25,0.055,1.0,0.25,0.1073437543129606,0.0017433803046429,True,0.2213036160010233
1421,sagereg,0.05,0.01,0.25,0.055,1.0,0.25,0.1073437386334346,0.0017433803063382,True,0.249902686000496
1422,one_hop,0.05,0.01,0.25,0.055,1.0,0.25,0.2291164730050705,0.0014972785426775,True,0.2170986279998032
1422,sagereg,0.05,0.01,0.25,0.055,1.0,0.25,0.2291165027074435,0.0014972791107876,True,0.2423295789994881
1423,one_hop,0.05,0.01,0.25,0.055,1.0,0.25,0.4297117717012065,0.003179003522855,True,0.2203945580004074
1423,sagereg,0.05,0.01,0.25,0.055,1.0,0.25,0.4297117257474162,0.0031790021643684,True,0.2488762880002468
1424,one_hop,0.05,0.01,0.25,0.055,1.0,0.25,0.2950450729422525,0.0020330686994597,True,0.226735367999936
1424,sagereg,0.05,0.01,0.25,0.055,1.0,0.25,0.295045050326556,0.0020330678846747,True,0.2548164410000026
1425,one_hop,0.05,0.01,0.25,0.055,1.0,0.25,0.1733224354052182,0.0010580585016735,True,0.2190846349985804
1425,sagereg,0.05,0.01,0.25,0.055,1.0,0.25,0.1733224249668369,0.0010580589849109,True,0.245832791999419
1426,one_hop,0.05,0.01,0.25,0.055,1.0,0.25,112.70245972581884,0.4421613003307775,False,0.2208897729997261
1426,sagereg,0.05,0.01,0.25,0.055,1.0,0.25,0.2825700013409523,0.0031579638228976,True,0.2462483740000607
1427,one_hop,0.05,0.01,0.25,0.055,1.0,0.25,0.2535622844144355,0.0027601781153809,True,0.2207364440000674
1427,sagereg,0.05,0.01,0.25,0.055,1.0,0.25,0.2535624052637509,0.002760175048115,True,0.248149323000689
1428,one_hop,0.05,0.01,0.25,0.055,1.0,0.25,0.1788795578901825,0.0016255604258683,True,0.2187943489989265
1428,sagereg,0.05,0.01,0.25,0.055,1.0,0.25,0.1788795536603531,0.0016255603540142,True,0.2459040520006965
1429,one_hop,0.05,0.01,0.25,0.055,1.0,0.25,0.1445616622921696,0.0030812226680582,True,0.2125213910003367
1429,sagereg,0.05,0.01,0.25,0.055,1.0,0.25,0.144561650714938,0.0030812226503259,True,0.2378195960009179
1430,one_hop,0.05,0.01,0.25,0.055,1.0,0.25,0.0743532019125793,0.0026733365411728,True,0.2173002310009906
1430,sagereg,0.05,0.01,0.25,0.055,1.0,0.25,0.0743531732958421,0.0026733359956456,True,0.2428501729991694
1431,one_hop,0.05,0.01,0.25,0.055,1.0,0.25,0.1649158122095342,0.0037066212166992,True,0.2202245190001122
1431,sagereg,0.05,0.01,0.25,0.055,1.0,0.25,0.1649157546565024,0.0037066224533122,True,0.2444181929986371
1432,one_hop,0.05,0.01,0.25,0.055,1.0,0.25,0.098194520910553,0.002704172686751,True,0.215600497998821
1432,sagereg,0.05,0.01,0.25,0.055,1.0,0.25,0.0981942277333363,0.0027041733588675,True,0.241185625000071
1433,one_hop,0.05,0.01,0.25,0.055,1.0,0.25,0.26065678876699,0.0013235591741363,True,0.2156741929993586
1433,sagereg,0.05,0.01,0.25,0.055,1.0,0.25,0.2606568005431359,0.0013235595841926,True,0.2419047149996913
1434,one_hop,0.05,0.01,0.25,0.055,1.0,0.25,110.51504452838851,0.4769806082733662,False,0.2252018299986957
1434,sagereg,0.05,0.01,0.25,0.055,1.0,0.25,110.513382306297,0.4768567488945243,False,0.2495025369989889
1435,one_hop,0.05,0.01,0.25,0.055,1.0,0.25,0.2083105108527881,0.0021746749712548,True,0.2206319930010067
1435,sagereg,0.05,0.01,0.25,0.055,1.0,0.25,0.2083104907705779,0.0021746747578033,True,0.2478620860001683
1436,one_hop,0.05,0.01,0.25,0.055,1.0,0.25,0.2679101314779525,0.0055611597528234,True,0.2242728549990715
1436,sagereg,0.05,0.01,0.25,0.055,1.0,0.25,0.2679100757938851,0.0055611602473216,True,0.251588883000295
1437,one_hop,0.05,0.01,0.25,0.055,1.0,0.25,0.3432556097279346,0.0020437200339457,True,0.2216237249995174
1437,sagereg,0.05,0.01,0.25,0.055,1.0,0.25,0.3432555520788622,0.0020437203221814,True,0.2479323649986327
1438,one_hop,0.05,0.01,0.25,0.055,1.0,0.25,0.1766594483906567,0.0030821241969188,True,0.2183309719985118
1438,sagereg,0.05,0.01,0.25,0.055,1.0,0.25,0.176659290258449,0.0030821226967102,True,0.2448922809999203
1439,one_hop,0.05,0.01,0.25,0.055,1.0,0.25,0.2449372949994512,0.0053740626405628,True,0.2194790719986485
1439,sagereg,0.05,0.01,0.25,0.055,1.0,0.25,0.2449373569744962,0.0053740626681591,True,0.2462916419990506
1440,one_hop,0.05,0.01,0.25,0.2,0.0,0.0,122.91767197718085,0.9186184512117404,False,0.2550541380005597
1440,sagereg,0.05,0.01,0.25,0.2,0.0,0.0,122.91769864180824,0.918619053574807,False,0.2819937829990522
1441,one_hop,0.05,0.01,0.25,0.2,0.0,0.0,87.14431722051488,0.5870341411665347,False,0.2550926650001202
1441,sagereg,0.05,0.01,0.25,0.2,0.0,0.0,87.1443175796739,0.5870340763789962,False,0.2823493849991791
1442,one_hop,0.05,0.01,0.25,0.2,0.0,0.0,107.46374241359806,0.4141502945747951,False,0.2485197690002678
1442,sagereg,0.05,0.01,0.25,0.2,0.0,0.0,107.46374311853992,0.4141504181710534,False,0.2735069370010023
1443,one_hop,0.05,0.01,0.25,0.2,0.0,0.0,159.0373109209785,0.897531576789174,False,0.2554757699999754
1443,sagereg,0.05,0.01,0.25,0.2,0.0,0.0,159.0371203879988,0.8975391549678019,False,0.2840160350006044
1444,one_hop,0.05,0.01,0.25,0.2,0.0,0.0,68.94124214617348,0.5095601912953587,False,0.2525455409995629
1444,sagereg,0.05,0.01,0.25,0.2,0.0,0.0,68.94124471662339,0.5095602513223626,False,0.2794143060000351
1445,one_hop,0.05,0.01,0.25,0.2,0.0,0.0,49.855990724033965,0.5569485786376486,False,0.2538094249994174
1445,sagereg,0.05,0.01,0.25,0.2,0.0,0.0,49.85598579285725,0.5569486086885442,False,0.2810295529998257
1446,one_hop,0.05,0.01,0.25,0.2,0.0,0.0,102.2105899307982,0.8760911482798092,False,0.2504376680008136
1446,sagereg,0.05,0.01,0.25,0.2,0.0,0.0,102.21058643539916,0.8760912263769858,False,0.2778554029991937
1447,one_hop,0.05,0.01,0.25,0.2,0.0,0.0,115.51404524694416,0.9607586639916856,False,0.2560945349996473
1447,sagereg,0.05,0.01,0.25,0.2,0.0,0.0,115.51405412069369,0.960758355317953,False,0.2850655729998834
1448,one_hop,0.05,0.01,0.25,0.2,0.0,0.0,75.39520237144055,0.8608163315505033,False,0.2533063379996747
1448,sagereg,0.05,0.01,0.25,0.2,0.0,0.0,75.39519810507723,0.8608161447105018,False,0.2803337189998274
1449,one_hop,0.05,0.01,0.25,0.2,0.0,0.0,74.21062030656354,0.8212814719290314,False,0.2539831509984651
1449,sagereg,0.05,0.01,0.25,0.2,0.0,0.0,74.21061451539313,0.8212814077525961,False,0.2833208440006274
1450,one_hop,0.05,0.01,0.25,0.2,0.0,0.0,160.76203460334582,0.7425804922019389,False,0.2500010309995559
1450,sagereg,0.05,0.01,0.25,0.2,0.0,0.0,160.76208099876465,0.7425811632334074,False,0.2776459899996553
1451,one_hop,0.05,0.01,0.25,0.2,0.0,0.0,154.33260642821958,0.5699940090409189,False,0.2517473870011599
1451,sagereg,0.05,0.01,0.25,0.2,0.0,0.0,154.332598614904,0.5699940606877721,False,0.2819520239991107
1452,one_hop,0.05,0.01,0.25,0.2,0.0,0.0,127.2417556469151,0.4482710183285412,False,0.2576626430000033
1452,sagereg,0.05,0.01,0.25,0.2,0.0,0.0,127.24175552842736,0.4482710356686083,False,0.2859710280008585
1453,one_hop,0.05,0.01,0.25,0.2,0.0,0.0,147.9964979533267,0.6316820698246859,False,0.2537794370000483
1453,sagereg,0.05,0.01,0.25,0.2,0.0,0.0,147.99649540342608,0.631682046483589,False,0.2823366119991988
1454,one_hop,0.05,0.01,0.25,0.2,0.0,0.0,60.55514385538388,0.864780348237212,False,0.2557712519992492
1454,sagereg,0.05,0.01,0.25,0.2,0.0,0.0,60.55514231853428,0.8647803883237289,False,0.2851913780014001
1455,one_hop,0.05,0.01,0.25,0.2,0.0,0.0,150.20253144445843,0.5538176409357427,False,0.2611610439998912
1455,sagereg,0.05,0.01,0.25,0.2,0.0,0.0,150.20253153316415,0.5538176123133751,False,0.2897205450008187
1456,one_hop,0.05,0.01,0.25,0.2,0.0,0.0,80.06584889375524,0.6270012550025089,False,0.2512672810007643
1456,sagereg,0.05,0.01,0.25,0.2,0.0,0.0,80.06583900665733,0.6270012969602076,False,0.2782487530002981
1457,one_hop,0.05,0.01,0.25,0.2,0.0,0.0,113.61106757248548,0.5868794605007717,False,0.2558442739991733
1457,sagereg,0.05,0.01,0.25,0.2,0.0,0.0,113.61107342224744,0.5868793741510097,False,0.2829783190009038
1458,one_hop,0.05,0.01,0.25,0.2,0.0,0.0,160.26393502066102,1.2197848807685625,False,0.2545282839982974
1458,sagereg,0.05,0.01,0.25,0.2,0.0,0.0,160.26401759231524,1.2197861348930876,False,0.2817311050002899
1459,one_hop,0.05,0.01,0.25,0.2,0.0,0.0,144.08147805032598,0.3552395166094455,False,0.2528189980002935
1459,sagereg,0.05,0.01,0.25,0.2,0.0,0.0,144.08148684816996,0.3552396525616185,False,0.2804847250008606
1460,one_hop,0.05,0.01,0.25,0.2,0.0,0.25,145.67600682001637,0.9384773075640092,False,0.2385196599989285
1460,sagereg,0.05,0.01,0.25,0.2,0.0,0.25,145.67600720847548,0.9384772944724944,False,0.265975055999661
1461,one_hop,0.05,0.01,0.25,0.2,0.0,0.25,152.4512386668124,0.5880505726781045,False,0.2353064159997302
1461,sagereg,0.05,0.01,0.25,0.2,0.0,0.25,152.4512379206546,0.5880505632849625,False,0.2627725710008235
1462,one_hop,0.05,0.01,0.25,0.2,0.0,0.25,45.428909642046605,0.2579738782958716,False,0.2349139230009314
1462,sagereg,0.05,0.01,0.25,0.2,0.0,0.25,45.42892601174642,0.2579736082449497,False,0.2628549359997123
1463,one_hop,0.05,0.01,0.25,0.2,0.0,0.25,64.21114950715558,0.9798267251207068,False,0.2359309040002699
1463,sagereg,0.05,0.01,0.25,0.2,0.0,0.25,64.21121148651164,0.9798262330713942,False,0.2643195910004579
1464,one_hop,0.05,0.01,0.25,0.2,0.0,0.25,48.7358148437088,0.9440977715329252,False,0.2323144389993103
1464,sagereg,0.05,0.01,0.25,0.2,0.0,0.25,48.735771835364325,0.9440978009861424,False,0.2595636349997221
1465,one_hop,0.05,0.01,0.25,0.2,0.0,0.25,179.2288966364049,0.717891067999155,False,0.2393738809987553
1465,sagereg,0.05,0.01,0.25,0.2,0.0,0.25,179.22889855332332,0.7178910579013438,False,0.2667312889989262
1466,one_hop,0.05,0.01,0.25,0.2,0.0,0.25,68.69005887004714,0.6912604398283159,False,0.2419933390010555
1466,sagereg,0.05,0.01,0.25,0.2,0.0,0.25,68.69006276120066,0.6912604874466223,False,0.2719242530001793
1467,one_hop,0.05,0.01,0.25,0.2,0.0,0.25,61.49892255884982,0.5462499936939221,False,0.2394080550002399
1467,sagereg,0.05,0.01,0.25,0.2,0.0,0.25,61.49893136691132,0.5462499007532268,False,0.2682508880006935
1468,one_hop,0.05,0.01,0.25,0.2,0.0,0.25,136.79031239197928,0.8164685055547835,False,0.2349290920010389
1468,sagereg,0.05,0.01,0.25,0.2,0.0,0.25,136.79030056685087,0.8164688051793902,False,0.2634795369995117
1469,one_hop,0.05,0.01,0.25,0.2,0.0,0.25,149.81373710455927,0.8479464506663784,False,0.2416847659987979
1469,sagereg,0.05,0.01,0.25,0.2,0.0,0.25,149.81373765650056,0.8479464575051875,False,0.270895620000374
1470,one_hop,0.05,0.01,0.25,0.2,0.0,0.25,133.7223756164066,0.9351565457794004,False,0.2435018140004103
1470,sagereg,0.05,0.01,0.25,0.2,0.0,0.25,133.7223996289842,0.9351563120972012,False,0.2718786919995182
1471,one_hop,0.05,0.01,0.25,0.2,0.0,0.25,121.69216678051777,1.3089154919771808,False,0.2321964460006711
1471,sagereg,0.05,0.01,0.25,0.2,0.0,0.25,121.69044795200872,1.3088750131809253,False,0.2623401069995452
1472,one_hop,0.05,0.01,0.25,0.2,0.0,0.25,67.26738988974829,0.265977521210245,False,0.2362613690002035
1472,sagereg,0.05,0.01,0.25,0.2,0.0,0.25,67.26738786440191,0.2659775270421485,False,0.2684332850003557
1473,one_hop,0.05,0.01,0.25,0.2,0.0,0.25,177.49012034191296,0.6626873721344285,False,0.2385351049997552
1473,sagereg,0.05,0.01,0.25,0.2,0.0,0.25,177.4901204809576,0.6626873709623724,False,0.2664960509991942
1474,one_hop,0.05,0.01,0.25,0.2,0.0,0.25,158.2723026472497,0.960462030318936,False,0.2318860260002111
1474,sagereg,0.05,0.01,0.25,0.2,0.0,0.25,158.27227738572168,0.9604618024354864,False,0.2596938719998434
1475,one_hop,0.05,0.01,0.25,0.2,0.0,0.25,174.25976624189718,0.8303656784465469,False,0.237535698001011
1475,sagereg,0.05,0.01,0.25,0.2,0.0,0.25,174.25976432268084,0.8303653531261869,False,0.2670465560004231
1476,one_hop,0.05,0.01,0.25,0.2,0.0,0.25,66.06563780850877,0.7514254426913017,False,0.2476457360007771
1476,sagereg,0.05,0.01,0.25,0.2,0.0,0.25,66.06549245202311,0.7514252790021326,False,0.2762107039998227
1477,one_hop,0.05,0.01,0.25,0.2,0.0,0.25,53.62149330803197,0.4984115862548146,False,0.2378803979991062
1477,sagereg,0.05,0.01,0.25,0.2,0.0,0.25,53.62151369621314,0.4984114022929737,False,0.267796422000174
1478,one_hop,0.05,0.01,0.25,0.2,0.0,0.25,105.74172409636014,1.045199436145302,False,0.2337670479992084
1478,sagereg,0.05,0.01,0.25,0.2,0.0,0.25,105.74172428072548,1.0451994042514523,False,0.2618537500002276
1479,one_hop,0.05,0.01,0.25,0.2,0.0,0.25,107.04013996094491,0.184407525492079,False,0.2385814190001838
1479,sagereg,0.05,0.01,0.25,0.2,0.0,0.25,107.04014007790197,0.1844074919588516,False,0.2672657050006819
1480,one_hop,0.05,0.01,0.25,0.2,0.5,0.0,98.88044948258715,0.4140871239089722,False,0.2563295280015154
1480,sagereg,0.05,0.01,0.25,0.2,0.5,0.0,98.8804390205002,0.4140871880028184,False,0.2858566939994489
1481,one_hop,0.05,0.01,0.25,0.2,0.5,0.0,177.70485260005074,0.3745754061097173,False,0.2529829249997419
1481,sagereg,0.05,0.01,0.25,0.2,0.5,0.0,177.70485188350622,0.3745753826699726,False,0.2832305169995379
1482,one_hop,0.05,0.01,0.25,0.2,0.5,0.0,132.82173313453586,0.4068679199866983,False,0.252757272000963
1482,sagereg,0.05,0.01,0.25,0.2,0.5,0.0,132.82173071399998,0.4068679241449411,False,0.2785235890005424
1483,one_hop,0.05,0.01,0.25,0.2,0.5,0.0,109.7027197072172,0.5287605058220115,False,0.2535006039997824
1483,sagereg,0.05,0.01,0.25,0.2,0.5,0.0,109.70271616998237,0.5287604644603928,False,0.2837947669995628
1484,one_hop,0.05,0.01,0.25,0.2,0.5,0.0,78.68046792154215,0.5937862961175827,False,0.2575756879996334
1484,sagereg,0.05,0.01,0.25,0.2,0.5,0.0,78.68047134369694,0.5937863480510698,False,0.2862488810005743
1485,one_hop,0.05,0.01,0.25,0.2,0.5,0.0,90.277542295947,0.5760334035558512,False,0.2483036969988461
1485,sagereg,0.05,0.01,0.25,0.2,0.5,0.0,90.27754879001152,0.5760336981729589,False,0.2769651079997857
1486,one_hop,0.05,0.01,0.25,0.2,0.5,0.0,174.31529598660836,0.8515612442636131,False,0.2490263619984034
1486,sagereg,0.05,0.01,0.25,0.2,0.5,0.0,174.3153502781449,0.8515616120080455,False,0.2758721919999516
1487,one_hop,0.05,0.01,0.25,0.2,0.5,0.0,112.82062197447205,0.4761172377808754,False,0.2489943790005782
1487,sagereg,0.05,0.01,0.25,0.2,0.5,0.0,112.8206207309132,0.4761172200178238,False,0.276318137999624
1488,one_hop,0.05,0.01,0.25,0.2,0.5,0.0,160.2590903821714,0.9067223420330404,False,0.2522249050016398
1488,sagereg,0.05,0.01,0.25,0.2,0.5,0.0,160.25908203496664,0.9067223105737614,False,0.2797958369992557
1489,one_hop,0.05,0.01,0.25,0.2,0.5,0.0,123.46493252632698,0.4969017729801359,False,0.2567061770005239
1489,sagereg,0.05,0.01,0.25,0.2,0.5,0.0,123.46493604207588,0.4969017379403491,False,0.2858313070009899
1490,one_hop,0.05,0.01,0.25,0.2,0.5,0.0,62.9142176619376,0.8114416086824664,False,0.2545551660005003
1490,sagereg,0.05,0.01,0.25,0.2,0.5,0.0,62.91423578639488,0.8114413911083977,False,0.2820949699998891
1491,one_hop,0.05,0.01,0.25,0.2,0.5,0.0,36.29473544866041,0.7677809499378211,False,0.2537209399997664
1491,sagereg,0.05,0.01,0.25,0.2,0.5,0.0,36.29474229799177,0.7677811436701705,False,0.2824599870000384
1492,one_hop,0.05,0.01,0.25,0.2,0.5,0.0,74.3065683620756,0.1124021389483171,False,0.2605336910000915
1492,sagereg,0.05,0.01,0.25,0.2,0.5,0.0,74.30657508923666,0.1124021323042509,False,0.2888184090006689
1493,one_hop,0.05,0.01,0.25,0.2,0.5,0.0,170.81337358239946,1.0603400326554262,False,0.2549379060001229
1493,sagereg,0.05,0.01,0.25,0.2,0.5,0.0,170.81339091858462,1.0603403170904864,False,0.2812580470017565
1494,one_hop,0.05,0.01,0.25,0.2,0.5,0.0,171.02940781719047,0.6184557126468093,False,0.246117493001293
1494,sagereg,0.05,0.01,0.25,0.2,0.5,0.0,171.02940661991445,0.618455679170605,False,0.275321189999886
1495,one_hop,0.05,0.01,0.25,0.2,0.5,0.0,78.36880150472064,1.2418847191428162,False,0.2548450450012751
1495,sagereg,0.05,0.01,0.25,0.2,0.5,0.0,78.36880150907524,1.2418847280328955,False,0.2820178910005779
1496,one_hop,0.05,0.01,0.25,0.2,0.5,0.0,109.87468893319028,0.7107168283943146,False,0.2484828230008133
1496,sagereg,0.05,0.01,0.25,0.2,0.5,0.0,109.87468470811616,0.7107168529296722,False,0.2743539950006379
1497,one_hop,0.05,0.01,0.25,0.2,0.5,0.0,40.54170760234176,0.6581657255934313,False,0.2553649609999411
1497,sagereg,0.05,0.01,0.25,0.2,0.5,0.0,40.54170248733209,0.6581657307655141,False,0.2844005530005233
1498,one_hop,0.05,0.01,0.25,0.2,0.5,0.0,145.45810557315494,0.675135735214642,False,0.2532344249993912
1498,sagereg,0.05,0.01,0.25,0.2,0.5,0.0,145.4581043037914,0.675135699349306,False,0.2801542330016673
1499,one_hop,0.05,0.01,0.25,0.2,0.5,0.0,161.27467566683725,0.6704072665466753,False,0.2479138699982286
1499,sagereg,0.05,0.01,0.25,0.2,0.5,0.0,161.274659974154,0.6704071736040207,False,0.2748363299997436
1500,one_hop,0.05,0.01,0.25,0.2,0.5,0.25,83.00912853244928,0.5139121024112954,False,0.2317442080002365
1500,sagereg,0.05,0.01,0.25,0.2,0.5,0.25,83.0091273461682,0.5139121984220837,False,0.2604087089985114
1501,one_hop,0.05,0.01,0.25,0.2,0.5,0.25,115.80907299340024,0.520727460502891,False,0.2356856070000503
1501,sagereg,0.05,0.01,0.25,0.2,0.5,0.25,115.809088132688,0.5207271815472648,False,0.2645383250001032
1502,one_hop,0.05,0.01,0.25,0.2,0.5,0.25,118.5617440460308,0.973313815366396,False,0.237711826001032
1502,sagereg,0.05,0.01,0.25,0.2,0.5,0.25,118.56173718673011,0.9733139421326183,False,0.2661004950005008
1503,one_hop,0.05,0.01,0.25,0.2,0.5,0.25,142.22346261556365,0.8177097173843115,False,0.2300229370011948
1503,sagereg,0.05,0.01,0.25,0.2,0.5,0.25,142.22334196328242,0.817710910978387,False,0.2595895089998521
1504,one_hop,0.05,0.01,0.25,0.2,0.5,0.25,138.72384028583883,0.3766678965238783,False,0.2365398759993695
1504,sagereg,0.05,0.01,0.25,0.2,0.5,0.25,138.72384119955737,0.3766678745434161,False,0.2654287599998497
1505,one_hop,0.05,0.01,0.25,0.2,0.5,0.25,131.621114752737,1.0422354851322946,False,0.2278043080004863
1505,sagereg,0.05,0.01,0.25,0.2,0.5,0.25,131.62111507652608,1.042235562298967,False,0.2569473130006372
1506,one_hop,0.05,0.01,0.25,0.2,0.5,0.25,175.02157950254423,0.5207924645863482,False,0.2265642669990484
1506,sagereg,0.05,0.01,0.25,0.2,0.5,0.25,175.0215837518177,0.5207924501709191,False,0.2542803209998965
1507,one_hop,0.05,0.01,0.25,0.2,0.5,0.25,171.03598434646835,0.8108421640118155,False,0.2318097999996098
1507,sagereg,0.05,0.01,0.25,0.2,0.5,0.25,171.03599791469415,0.8108423149216181,False,0.2601026570009708
1508,one_hop,0.05,0.01,0.25,0.2,0.5,0.25,48.15692352543789,0.5496399436151174,False,0.2300232549987413
1508,sagereg,0.05,0.01,0.25,0.2,0.5,0.25,48.15692021544572,0.5496399881764277,False,0.2597784769986901
1509,one_hop,0.05,0.01,0.25,0.2,0.5,0.25,118.30090633683972,0.5566191025467403,False,0.2335081940000236
1509,sagereg,0.05,0.01,0.25,0.2,0.5,0.25,118.30090649865387,0.5566190156841927,False,0.2630189680003241
1510,one_hop,0.05,0.01,0.25,0.2,0.5,0.25,154.2297712437674,0.9548057397715326,False,0.2354162789997644
1510,sagereg,0.05,0.01,0.25,0.2,0.5,0.25,154.2297830953757,0.9548057535432556,False,0.2631361280000419
1511,one_hop,0.05,0.01,0.25,0.2,0.5,0.25,149.89015690211087,0.6696651141699459,False,0.2278586219999852
1511,sagereg,0.05,0.01,0.25,0.2,0.5,0.25,149.8901647762467,0.6696649905283241,False,0.2552404999987629
1512,one_hop,0.05,0.01,0.25,0.2,0.5,0.25,98.19128170414312,0.1308548427221653,False,0.2367963209999288
1512,sagereg,0.05,0.01,0.25,0.2,0.5,0.25,98.19128070732484,0.1308548712543548,False,0.2650372799998877
1513,one_hop,0.05,0.01,0.25,0.2,0.5,0.25,90.9819866479592,0.5049425330535982,False,0.2258376480003789
1513,sagereg,0.05,0.01,0.25,0.2,0.5,0.25,90.98200341094976,0.5049429293541747,False,0.2530893570001353
1514,one_hop,0.05,0.01,0.25,0.2,0.5,0.25,176.18618670505478,0.6777474555586807,False,0.2344677000000956
1514,sagereg,0.05,0.01,0.25,0.2,0.5,0.25,176.1861898566495,0.677747300440859,False,0.263034145000347
1515,one_hop,0.05,0.01,0.25,0.2,0.5,0.25,169.44346467371116,0.6120907753630516,False,0.2312571659986133
1515,sagereg,0.05,0.01,0.25,0.2,0.5,0.25,169.44346703494674,0.6120907303113228,False,0.2613772169988806
1516,one_hop,0.05,0.01,0.25,0.2,0.5,0.25,21.87312389216447,0.675681570156437,False,0.2289011480006593
1516,sagereg,0.05,0.01,0.25,0.2,0.5,0.25,21.873122378460472,0.6756815814527636,False,0.2569587990001309
1517,one_hop,0.05,0.01,0.25,0.2,0.5,0.25,159.89186088478547,0.4762582382282428,False,0.2288882569991983
1517,sagereg,0.05,0.01,0.25,0.2,0.5,0.25,159.8918587831599,0.476258161258086,False,0.2565117689991893
1518,one_hop,0.05,0.01,0.25,0.2,0.5,0.25,157.37179536103156,0.576973616022395,False,0.2288862149998749
1518,sagereg,0.05,0.01,0.25,0.2,0.5,0.25,157.3717592981589,0.5769731505604667,False,0.2582428900004743
1519,one_hop,0.05,0.01,0.25,0.2,0.5,0.25,70.85300198266371,0.6598842281175462,False,0.2275375510016601
1519,sagereg,0.05,0.01,0.25,0.2,0.5,0.25,70.85299731091396,0.6598842073269627,False,0.2576329339990479
1520,one_hop,0.05,0.01,0.25,0.2,1.0,0.0,91.32659973465688,0.5346013970665365,False,0.245240547999856
1520,sagereg,0.05,0.01,0.25,0.2,1.0,0.0,91.32660491288362,0.5346013883080489,False,0.2731553060002625
1521,one_hop,0.05,0.01,0.25,0.2,1.0,0.0,147.14435148550132,0.7963977921115544,False,0.2491161119996832
1521,sagereg,0.05,0.01,0.25,0.2,1.0,0.0,147.1443482137741,0.7963980141063989,False,0.2776514350007346
1522,one_hop,0.05,0.01,0.25,0.2,1.0,0.0,131.432569503285,0.6057455846627124,False,0.2476961110005504
1522,sagereg,0.05,0.01,0.25,0.2,1.0,0.0,131.43257629720907,0.6057455078355066,False,0.275777401000596
1523,one_hop,0.05,0.01,0.25,0.2,1.0,0.0,147.00598868610885,0.7394120744972312,False,0.2481954470003984
1523,sagereg,0.05,0.01,0.25,0.2,1.0,0.0,147.00600925479023,0.7394116602349186,False,0.2789824090014008
1524,one_hop,0.05,0.01,0.25,0.2,1.0,0.0,119.02843137774244,0.1609706083552333,False,0.2405303150007967
1524,sagereg,0.05,0.01,0.25,0.2,1.0,0.0,119.02843199894912,0.1609706079096067,False,0.2679818960004922
1525,one_hop,0.05,0.01,0.25,0.2,1.0,0.0,35.06837299309397,0.994029030242924,False,0.2505011039993405
1525,sagereg,0.05,0.01,0.25,0.2,1.0,0.0,35.06801659997824,0.9940283855974654,False,0.2777674059998389
1526,one_hop,0.05,0.01,0.25,0.2,1.0,0.0,79.38473292022937,0.2773678405194809,False,0.2450908770006208
1526,sagereg,0.05,0.01,0.25,0.2,1.0,0.0,79.38473444685681,0.2773680422719959,False,0.2711694070003432
1527,one_hop,0.05,0.01,0.25,0.2,1.0,0.0,166.40456044640948,0.4753954282066643,False,0.2499704149995523
1527,sagereg,0.05,0.01,0.25,0.2,1.0,0.0,166.40456978658878,0.475395422168318,False,0.2777335909995599
1528,one_hop,0.05,0.01,0.25,0.2,1.0,0.0,110.53506486601012,0.4337479766837976,False,0.2480821909994119
1528,sagereg,0.05,0.01,0.25,0.2,1.0,0.0,110.53507231255163,0.4337482027763541,False,0.2755387790002714
1529,one_hop,0.05,0.01,0.25,0.2,1.0,0.0,37.43924414239949,0.5798711755242408,False,0.256094538999605
1529,sagereg,0.05,0.01,0.25,0.2,1.0,0.0,37.43924436686382,0.5798712013436138,False,0.2840773250009079
1530,one_hop,0.05,0.01,0.25,0.2,1.0,0.0,90.44873387530394,1.0465134969795826,False,0.2583751660004054
1530,sagereg,0.05,0.01,0.25,0.2,1.0,0.0,90.4487186676429,1.046513320901925,False,0.2873439230006624
1531,one_hop,0.05,0.01,0.25,0.2,1.0,0.0,166.27385526679808,0.4239670774878649,False,0.2473265879998507
1531,sagereg,0.05,0.01,0.25,0.2,1.0,0.0,166.2738568590306,0.4239671682909435,False,0.275648403001469
1532,one_hop,0.05,0.01,0.25,0.2,1.0,0.0,88.58351785767714,1.1192297017844923,False,0.2541061890005949
1532,sagereg,0.05,0.01,0.25,0.2,1.0,0.0,88.58349642442381,1.119228866366425,False,0.2826346929996362
1533,one_hop,0.05,0.01,0.25,0.2,1.0,0.0,64.81777089685083,0.617858565349022,False,0.2475638659998367
1533,sagereg,0.05,0.01,0.25,0.2,1.0,0.0,64.81779585134652,0.6178579074138087,False,0.2751430190000974
1534,one_hop,0.05,0.01,0.25,0.2,1.0,0.0,49.77710210187546,0.9175713201063368,False,0.2524264149997179
1534,sagereg,0.05,0.01,0.25,0.2,1.0,0.0,49.77710424223088,0.917571320239636,False,0.2789081490009266
1535,one_hop,0.05,0.01,0.25,0.2,1.0,0.0,129.76600593995448,0.7001180414725695,False,0.2481165310000506
1535,sagereg,0.05,0.01,0.25,0.2,1.0,0.0,129.76603126571948,0.7001185935936954,False,0.276682448999054
1536,one_hop,0.05,0.01,0.25,0.2,1.0,0.0,48.84174553533416,0.7867799213595761,False,0.2475501970002369
1536,sagereg,0.05,0.01,0.25,0.2,1.0,0.0,48.841741730305095,0.7867799876965194,False,0.2761909790006029
1537,one_hop,0.05,0.01,0.25,0.2,1.0,0.0,138.49582101127243,0.5556074883173361,False,0.2524882580000849
1537,sagereg,0.05,0.01,0.25,0.2,1.0,0.0,138.49586082260674,0.5556073950267021,False,0.2787932440005534
1538,one_hop,0.05,0.01,0.25,0.2,1.0,0.0,114.5171653005134,0.724582480553662,False,0.2537126400002307
1538,sagereg,0.05,0.01,0.25,0.2,1.0,0.0,114.51716108780406,0.7245824202621325,False,0.2825323850011045
1539,one_hop,0.05,0.01,0.25,0.2,1.0,0.0,173.67687206637788,0.3849829936013156,False,0.2426729279995925
1539,sagereg,0.05,0.01,0.25,0.2,1.0,0.0,173.67686725739844,0.3849831301582986,False,0.2705475929997192
1540,one_hop,0.05,0.01,0.25,0.2,1.0,0.25,146.02731014983073,0.761515806365999,False,0.2266277839989925
1540,sagereg,0.05,0.01,0.25,0.2,1.0,0.25,146.0272946027385,0.7615153762491583,False,0.2564239719995385
1541,one_hop,0.05,0.01,0.25,0.2,1.0,0.25,139.92444584311548,0.2545414839856741,False,0.2299346720010362
1541,sagereg,0.05,0.01,0.25,0.2,1.0,0.25,139.92444605712507,0.2545414706669455,False,0.2598071789998357
1542,one_hop,0.05,0.01,0.25,0.2,1.0,0.25,167.6336941693715,0.5562298896917595,False,0.2246578240010421
1542,sagereg,0.05,0.01,0.25,0.2,1.0,0.25,167.63378121721527,0.5562289320654699,False,0.2531742589999339
1543,one_hop,0.05,0.01,0.25,0.2,1.0,0.25,141.87784787741626,0.7668524163560573,False,0.2242403630007174
1543,sagereg,0.05,0.01,0.25,0.2,1.0,0.25,141.87784757917447,0.7668524517913057,False,0.2519331500006956
1544,one_hop,0.05,0.01,0.25,0.2,1.0,0.25,132.9302693705003,0.8967784379001525,False,0.2227580729995679
1544,sagereg,0.05,0.01,0.25,0.2,1.0,0.25,132.93027468499176,0.896778372413617,False,0.2512024229999952
1545,one_hop,0.05,0.01,0.25,0.2,1.0,0.25,177.30337140984253,0.4145822173585661,False,0.2257384419990558
1545,sagereg,0.05,0.01,0.25,0.2,1.0,0.25,177.3033735561497,0.4145822201701568,False,0.2534753910003928
1546,one_hop,0.05,0.01,0.25,0.2,1.0,0.25,100.83547308267303,0.7842178784385587,False,0.2285692360001121
1546,sagereg,0.05,0.01,0.25,0.2,1.0,0.25,100.83547202625572,0.78421792314234,False,0.257451723999111
1547,one_hop,0.05,0.01,0.25,0.2,1.0,0.25,58.48167315370683,0.0876762152075269,False,0.2331867640004929
1547,sagereg,0.05,0.01,0.25,0.2,1.0,0.25,58.48167253776408,0.0876762058979609,False,0.2627605829984532
1548,one_hop,0.05,0.01,0.25,0.2,1.0,0.25,68.13681482827035,0.7484654530336368,False,0.2275921870004822
1548,sagereg,0.05,0.01,0.25,0.2,1.0,0.25,68.13682810903262,0.7484655725220188,False,0.2576143120004417
1549,one_hop,0.05,0.01,0.25,0.2,1.0,0.25,90.65873326914831,0.6493400100640583,False,0.2235954550014867
1549,sagereg,0.05,0.01,0.25,0.2,1.0,0.25,90.65872306578076,0.6493401354466208,False,0.2521213260006334
1550,one_hop,0.05,0.01,0.25,0.2,1.0,0.25,79.13121497693699,0.8441983646636617,False,0.2268400199991447
1550,sagereg,0.05,0.01,0.25,0.2,1.0,0.25,79.13123926699681,0.8441983167083903,False,0.2543276230007905
1551,one_hop,0.05,0.01,0.25,0.2,1.0,0.25,115.58680307424912,0.8328053799418814,False,0.2273190369996882
1551,sagereg,0.05,0.01,0.25,0.2,1.0,0.25,115.58674292284395,0.8328044811658711,False,0.2562144250005076
1552,one_hop,0.05,0.01,0.25,0.2,1.0,0.25,165.3208390554708,0.3125576912121088,False,0.2223937819999264
1552,sagereg,0.05,0.01,0.25,0.2,1.0,0.25,165.32084954533232,0.3125580507799106,False,0.2504346009991423
1553,one_hop,0.05,0.01,0.25,0.2,1.0,0.25,87.53955249450327,0.4765774572614657,False,0.2336303779993613
1553,sagereg,0.05,0.01,0.25,0.2,1.0,0.25,87.53954862026522,0.4765775508663464,False,0.2602249209994625
1554,one_hop,0.05,0.01,0.25,0.2,1.0,0.25,166.00794986710986,0.2983167533521072,False,0.2302146090005408
1554,sagereg,0.05,0.01,0.25,0.2,1.0,0.25,166.00795503795976,0.2983166071834564,False,0.2582367899995006
1555,one_hop,0.05,0.01,0.25,0.2,1.0,0.25,128.11434676510086,0.5179603730833586,False,0.2278147260003606
1555,sagereg,0.05,0.01,0.25,0.2,1.0,0.25,128.11435712339957,0.5179603382653161,False,0.2577457379993575
1556,one_hop,0.05,0.01,0.25,0.2,1.0,0.25,104.6993267291886,0.5968819759927161,False,0.2322904989996459
1556,sagereg,0.05,0.01,0.25,0.2,1.0,0.25,104.69932561943202,0.5968819533950044,False,0.2611820300007821
1557,one_hop,0.05,0.01,0.25,0.2,1.0,0.25,67.73084674636976,0.3293681850128742,False,0.2286174239998217
1557,sagereg,0.05,0.01,0.25,0.2,1.0,0.25,67.73083330343215,0.3293681289935855,False,0.254631795000023
1558,one_hop,0.05,0.01,0.25,0.2,1.0,0.25,133.919865916067,0.2574466754369432,False,0.2275401009992492
1558,sagereg,0.05,0.01,0.25,0.2,1.0,0.25,133.91984161364184,0.2574468238956164,False,0.2558749130002979
1559,one_hop,0.05,0.01,0.25,0.2,1.0,0.25,164.87652933870157,0.5415226507165121,False,0.2251764489992638
1559,sagereg,0.05,0.01,0.25,0.2,1.0,0.25,164.8765307668816,0.5415226166716279,False,0.2553589569997712
1560,one_hop,0.05,0.01,0.25,0.8,0.0,0.0,161.98553271419155,0.749742549934339,False,0.2716533870006969
1560,sagereg,0.05,0.01,0.25,0.8,0.0,0.0,161.98560468877477,0.7497428368378554,False,0.3012373410001601
1561,one_hop,0.05,0.01,0.25,0.8,0.0,0.0,123.77752100773908,0.8965315839730432,False,0.26001305599857
1561,sagereg,0.05,0.01,0.25,0.8,0.0,0.0,123.7775214547256,0.8965315981959515,False,0.2896818959998199
1562,one_hop,0.05,0.01,0.25,0.8,0.0,0.0,72.20291754330061,1.25849568155493,False,0.2528567189983732
1562,sagereg,0.05,0.01,0.25,0.8,0.0,0.0,72.20292381818412,1.258495722593287,False,0.2829208370003471
1563,one_hop,0.05,0.01,0.25,0.8,0.0,0.0,132.73476494090727,0.5559310030193254,False,0.259046198998476
1563,sagereg,0.05,0.01,0.25,0.8,0.0,0.0,132.73476613380805,0.5559310683111959,False,0.2890173529995081
1564,one_hop,0.05,0.01,0.25,0.8,0.0,0.0,29.25506756110477,0.3827079263126827,False,0.2575183440003457
1564,sagereg,0.05,0.01,0.25,0.8,0.0,0.0,29.255066679121928,0.3827078918146455,False,0.2880956520002655
1565,one_hop,0.05,0.01,0.25,0.8,0.0,0.0,143.05632968803567,0.5729852793958766,False,0.2585224949998519
1565,sagereg,0.05,0.01,0.25,0.8,0.0,0.0,143.0563267664642,0.572985273837407,False,0.2885650680000253
1566,one_hop,0.05,0.01,0.25,0.8,0.0,0.0,140.13051601292085,0.308649984244594,False,0.2560243190000619
1566,sagereg,0.05,0.01,0.25,0.8,0.0,0.0,140.13051785937736,0.3086499920633212,False,0.2856321799990837
1567,one_hop,0.05,0.01,0.25,0.8,0.0,0.0,107.90016047636831,0.7661112526962603,False,0.2605126219987141
1567,sagereg,0.05,0.01,0.25,0.8,0.0,0.0,107.90016025922912,0.7661112227145996,False,0.2902490020005643
1568,one_hop,0.05,0.01,0.25,0.8,0.0,0.0,100.4084105416902,1.1151639542976617,False,0.2669162219990539
1568,sagereg,0.05,0.01,0.25,0.8,0.0,0.0,100.40841217909109,1.1151639195870324,False,0.2971904650003125
1569,one_hop,0.05,0.01,0.25,0.8,0.0,0.0,96.81297410509003,0.1229743952799808,False,0.257744853000986
1569,sagereg,0.05,0.01,0.25,0.8,0.0,0.0,96.8129733436792,0.1229743723157615,False,0.286326725001345
1570,one_hop,0.05,0.01,0.25,0.8,0.0,0.0,75.66348436328676,0.3686046607620555,False,0.2518694360005611
1570,sagereg,0.05,0.01,0.25,0.8,0.0,0.0,75.66348229110001,0.3686046111159582,False,0.2831955210003798
1571,one_hop,0.05,0.01,0.25,0.8,0.0,0.0,169.08615909943254,0.543923897198263,False,0.2582187730004079
1571,sagereg,0.05,0.01,0.25,0.8,0.0,0.0,169.0861592844102,0.5439239183444292,False,0.2884700719987449
1572,one_hop,0.05,0.01,0.25,0.8,0.0,0.0,164.5199694100595,0.6795901648131603,False,0.260179782000705
1572,sagereg,0.05,0.01,0.25,0.8,0.0,0.0,164.5199690566952,0.6795901701662518,False,0.288055668999732
1573,one_hop,0.05,0.01,0.25,0.8,0.0,0.0,98.14387768004312,0.8122193208340057,False,0.2558929090009769
1573,sagereg,0.05,0.01,0.25,0.8,0.0,0.0,98.14387114379284,0.8122185833556235,False,0.2884936379996361
1574,one_hop,0.05,0.01,0.25,0.8,0.0,0.0,29.121099238815614,0.8170669966398677,False,0.2576702210008079
1574,sagereg,0.05,0.01,0.25,0.8,0.0,0.0,29.12109899551968,0.8170669897886811,False,0.2881782719996408
1575,one_hop,0.05,0.01,0.25,0.8,0.0,0.0,104.75088941051008,0.8845141962673396,False,0.2626805869986128
1575,sagereg,0.05,0.01,0.25,0.8,0.0,0.0,104.7508912234923,0.8845140743568156,False,0.2917400710011861
1576,one_hop,0.05,0.01,0.25,0.8,0.0,0.0,43.77313417031769,0.4909728935340931,False,0.2613697109991335
1576,sagereg,0.05,0.01,0.25,0.8,0.0,0.0,43.7731303426797,0.4909728353843436,False,0.291090354001426
1577,one_hop,0.05,0.01,0.25,0.8,0.0,0.0,147.29439188537506,0.4323941619206808,False,0.2654160279998905
1577,sagereg,0.05,0.01,0.25,0.8,0.0,0.0,147.29439373221277,0.432394158806849,False,0.2962236409985053
1578,one_hop,0.05,0.01,0.25,0.8,0.0,0.0,112.46026487719756,0.8554962234581988,False,0.2555882519991428
1578,sagereg,0.05,0.01,0.25,0.8,0.0,0.0,112.46026898532828,0.8554961952341368,False,0.2865168869993795
1579,one_hop,0.05,0.01,0.25,0.8,0.0,0.0,162.50176651225195,0.8201977453295961,False,0.2592526820008061
1579,sagereg,0.05,0.01,0.25,0.8,0.0,0.0,162.5017663115413,0.820197757647504,False,0.2897793259999162
1580,one_hop,0.05,0.01,0.25,0.8,0.0,0.25,110.64558020402968,0.9408291930660724,False,0.2430245919986191
1580,sagereg,0.05,0.01,0.25,0.8,0.0,0.25,110.64557921421284,0.940829178741622,False,0.2724417350000294
1581,one_hop,0.05,0.01,0.25,0.8,0.0,0.25,155.85160467480577,0.4063093339740826,False,0.2371571359999507
1581,sagereg,0.05,0.01,0.25,0.8,0.0,0.25,155.8516033316938,0.4063093026181088,False,0.2664089420013624
1582,one_hop,0.05,0.01,0.25,0.8,0.0,0.25,83.16991410259622,0.2208129472781875,False,0.2479569189999892
1582,sagereg,0.05,0.01,0.25,0.8,0.0,0.25,83.16991428707694,0.2208128734505536,False,0.2772444980000728
1583,one_hop,0.05,0.01,0.25,0.8,0.0,0.25,140.5587134106849,0.5132844014831982,False,0.2383917569986806
1583,sagereg,0.05,0.01,0.25,0.8,0.0,0.25,140.55871368050066,0.5132844014386246,False,0.2694564509984047
1584,one_hop,0.05,0.01,0.25,0.8,0.0,0.25,87.0223629952083,0.6681293352115988,False,0.2350696710000193
1584,sagereg,0.05,0.01,0.25,0.8,0.0,0.25,87.02236114879652,0.6681293081566481,False,0.2651012440001068
1585,one_hop,0.05,0.01,0.25,0.8,0.0,0.25,43.07099331237872,0.5950885165828802,False,0.2433285179995437
1585,sagereg,0.05,0.01,0.25,0.8,0.0,0.25,43.070994951313416,0.5950885269771827,False,0.2743128189995332
1586,one_hop,0.05,0.01,0.25,0.8,0.0,0.25,112.47487899639783,0.4097833328683096,False,0.2392154229983134
1586,sagereg,0.05,0.01,0.25,0.8,0.0,0.25,112.47487559351065,0.4097834007034229,False,0.2705904150006972
1587,one_hop,0.05,0.01,0.25,0.8,0.0,0.25,95.36324127593488,1.0506170144791536,False,0.2335103599998547
1587,sagereg,0.05,0.01,0.25,0.8,0.0,0.25,95.36324126978234,1.0506170117313995,False,0.262746487998811
1588,one_hop,0.05,0.01,0.25,0.8,0.0,0.25,76.70913356954446,0.4729257647795482,False,0.2381375490003847
1588,sagereg,0.05,0.01,0.25,0.8,0.0,0.25,76.70913215642182,0.4729257988486418,False,0.2679578980005317
1589,one_hop,0.05,0.01,0.25,0.8,0.0,0.25,58.66395113498487,0.7894313739465908,False,0.2458508559993788
1589,sagereg,0.05,0.01,0.25,0.8,0.0,0.25,58.66395115052522,0.7894314096244041,False,0.2748758660000021
1590,one_hop,0.05,0.01,0.25,0.8,0.0,0.25,74.66111197897335,0.5796392883122927,False,0.2413282119996438
1590,sagereg,0.05,0.01,0.25,0.8,0.0,0.25,74.66111204327062,0.5796393326499152,False,0.2706459809996886
1591,one_hop,0.05,0.01,0.25,0.8,0.0,0.25,132.10214973777283,0.4002940182786346,False,0.2354708910006593
1591,sagereg,0.05,0.01,0.25,0.8,0.0,0.25,132.10215150022648,0.4002938149278746,False,0.2654235749996587
1592,one_hop,0.05,0.01,0.25,0.8,0.0,0.25,149.09331624715335,0.5765765549585938,False,0.2445236889998341
1592,sagereg,0.05,0.01,0.25,0.8,0.0,0.25,149.09331635681949,0.5765766030305615,False,0.2745662730012554
1593,one_hop,0.05,0.01,0.25,0.8,0.0,0.25,113.6943282295041,0.6125328275017216,False,0.2451028200011933
1593,sagereg,0.05,0.01,0.25,0.8,0.0,0.25,113.69432583623376,0.6125328048155604,False,0.2736246500007837
1594,one_hop,0.05,0.01,0.25,0.8,0.0,0.25,84.68235144393378,0.4975920772297608,False,0.237885415999699
1594,sagereg,0.05,0.01,0.25,0.8,0.0,0.25,84.68235289795459,0.497591986386005,False,0.2674636960000498
1595,one_hop,0.05,0.01,0.25,0.8,0.0,0.25,176.01270329726972,1.102942817033793,False,0.2390133409990085
1595,sagereg,0.05,0.01,0.25,0.8,0.0,0.25,176.01271035566003,1.102942855042866,False,0.2686318020005274
1596,one_hop,0.05,0.01,0.25,0.8,0.0,0.25,137.34839837281632,0.6791353661875176,False,0.2390082199999597
1596,sagereg,0.05,0.01,0.25,0.8,0.0,0.25,137.3484010539815,0.6791353782147848,False,0.2686398080004437
1597,one_hop,0.05,0.01,0.25,0.8,0.0,0.25,105.3111808304876,0.9860176259216092,False,0.2430634960001043
1597,sagereg,0.05,0.01,0.25,0.8,0.0,0.25,105.31117827772886,0.9860176995711172,False,0.2741851770006178
1598,one_hop,0.05,0.01,0.25,0.8,0.0,0.25,175.23277704040115,0.229590745719978,False,0.2446567219994904
1598,sagereg,0.05,0.01,0.25,0.8,0.0,0.25,175.23277917761632,0.2295907751040727,False,0.2747611329996289
1599,one_hop,0.05,0.01,0.25,0.8,0.0,0.25,39.13666709190754,0.9906693508727508,False,0.2444875330002105
1599,sagereg,0.05,0.01,0.25,0.8,0.0,0.25,39.13666685975617,0.990669356182448,False,0.2734599929990509
1600,one_hop,0.05,0.01,0.25,0.8,0.5,0.0,99.43023631287876,0.4909642455980018,False,0.2523968320001586
1600,sagereg,0.05,0.01,0.25,0.8,0.5,0.0,99.43023574840646,0.4909642454069945,False,0.2819799749995582
1601,one_hop,0.05,0.01,0.25,0.8,0.5,0.0,130.80949465128631,1.0791276935002136,False,0.2624975059989083
1601,sagereg,0.05,0.01,0.25,0.8,0.5,0.0,130.80949533117422,1.0791276997977814,False,0.2925533710003947
1602,one_hop,0.05,0.01,0.25,0.8,0.5,0.0,62.84736813943185,0.4398853694750178,False,0.2490903259986225
1602,sagereg,0.05,0.01,0.25,0.8,0.5,0.0,62.847366715481286,0.4398853830478378,False,0.2789055360008206
1603,one_hop,0.05,0.01,0.25,0.8,0.5,0.0,110.09504026989258,0.7322635371125878,False,0.2496169659989391
1603,sagereg,0.05,0.01,0.25,0.8,0.5,0.0,110.095039591749,0.7322636590554553,False,0.2790074219992675
1604,one_hop,0.05,0.01,0.25,0.8,0.5,0.0,22.43395635747493,0.7263159487921779,False,0.2554729519997636
1604,sagereg,0.05,0.01,0.25,0.8,0.5,0.0,22.433956101109843,0.7263159327171189,False,0.2855968660005601
1605,one_hop,0.05,0.01,0.25,0.8,0.5,0.0,75.5713125662936,0.6862044115199112,False,0.2594303620007849
1605,sagereg,0.05,0.01,0.25,0.8,0.5,0.0,75.57131312230592,0.6862044620953064,False,0.2901028619999124
1606,one_hop,0.05,0.01,0.25,0.8,0.5,0.0,104.5907016951713,0.4770976463795803,False,0.2528496140002971
1606,sagereg,0.05,0.01,0.25,0.8,0.5,0.0,104.59069763321826,0.4770975739902681,False,0.2824256029998651
1607,one_hop,0.05,0.01,0.25,0.8,0.5,0.0,176.43560248782708,0.7800886794560145,False,0.2563629179985582
1607,sagereg,0.05,0.01,0.25,0.8,0.5,0.0,176.4355909452129,0.780089926166085,False,0.2868072699984623
1608,one_hop,0.05,0.01,0.25,0.8,0.5,0.0,141.82514278460872,0.9321635808109672,False,0.2558797500005312
1608,sagereg,0.05,0.01,0.25,0.8,0.5,0.0,141.82514268353674,0.9321634439868792,False,0.284074397999575
1609,one_hop,0.05,0.01,0.25,0.8,0.5,0.0,16.28484751158922,1.0132317413079692,False,0.2541855340004986
1609,sagereg,0.05,0.01,0.25,0.8,0.5,0.0,16.284846789132455,1.0132317392072512,False,0.283790276000218
1610,one_hop,0.05,0.01,0.25,0.8,0.5,0.0,123.29090451198728,1.196820842504798,False,0.252010723001149
1610,sagereg,0.05,0.01,0.25,0.8,0.5,0.0,123.29089391012708,1.196821235608124,False,0.2811964429984073
1611,one_hop,0.05,0.01,0.25,0.8,0.5,0.0,164.94350193033372,0.2665321812896046,False,0.2526178459993389
1611,sagereg,0.05,0.01,0.25,0.8,0.5,0.0,164.94350255555506,0.2665321687769008,False,0.2821579500014195
1612,one_hop,0.05,0.01,0.25,0.8,0.5,0.0,127.0295094443755,0.5035601539008141,False,0.2523381069986499
1612,sagereg,0.05,0.01,0.25,0.8,0.5,0.0,127.02951177117376,0.5035600360124418,False,0.2822910799986857
1613,one_hop,0.05,0.01,0.25,0.8,0.5,0.0,156.41461801854425,0.8572624609086013,False,0.2536444659999688
1613,sagereg,0.05,0.01,0.25,0.8,0.5,0.0,156.4146174600553,0.857262457259427,False,0.2825779580016387
1614,one_hop,0.05,0.01,0.25,0.8,0.5,0.0,62.03085172397606,0.3924840003647004,False,0.2566210820004926
1614,sagereg,0.05,0.01,0.25,0.8,0.5,0.0,62.03085062146324,0.392484008133261,False,0.2869754580005974
1615,one_hop,0.05,0.01,0.25,0.8,0.5,0.0,150.63957520063894,0.2962725915152427,False,0.2540500780014554
1615,sagereg,0.05,0.01,0.25,0.8,0.5,0.0,150.63957394860591,0.2962726716614472,False,0.2836831009990419
1616,one_hop,0.05,0.01,0.25,0.8,0.5,0.0,133.49117992458807,0.5004437223341335,False,0.2501152379991254
1616,sagereg,0.05,0.01,0.25,0.8,0.5,0.0,133.49117644076506,0.5004438198595085,False,0.2813237500013201
1617,one_hop,0.05,0.01,0.25,0.8,0.5,0.0,178.6486286934687,0.5404303797296969,False,0.256699227998979
1617,sagereg,0.05,0.01,0.25,0.8,0.5,0.0,178.64862660739084,0.5404303136766185,False,0.2856233359998441
1618,one_hop,0.05,0.01,0.25,0.8,0.5,0.0,127.51414854293104,0.7570573563336154,False,0.2598186310005985
1618,sagereg,0.05,0.01,0.25,0.8,0.5,0.0,127.51414649045162,0.7570573243289219,False,0.2885867599998164
1619,one_hop,0.05,0.01,0.25,0.8,0.5,0.0,161.2998855724352,0.9331877376141532,False,0.2491618580006616
1619,sagereg,0.05,0.01,0.25,0.8,0.5,0.0,161.29988538835877,0.9331877579096018,False,0.277793646999271
1620,one_hop,0.05,0.01,0.25,0.8,0.5,0.25,74.93542827680824,0.659902810254075,False,0.2307436110004346
1620,sagereg,0.05,0.01,0.25,0.8,0.5,0.25,74.93542765364587,0.6599027730005937,False,0.2599922099998366
1621,one_hop,0.05,0.01,0.25,0.8,0.5,0.25,133.59339497981878,0.6747798965599373,False,0.2366276579996338
1621,sagereg,0.05,0.01,0.25,0.8,0.5,0.25,133.59339329072935,0.6747799638967402,False,0.2670237879992783
1622,one_hop,0.05,0.01,0.25,0.8,0.5,0.25,36.75734444450924,0.3903048045925693,False,0.2355484299987438
1622,sagereg,0.05,0.01,0.25,0.8,0.5,0.25,36.75734623287304,0.390304790217184,False,0.2656713460000901
1623,one_hop,0.05,0.01,0.25,0.8,0.5,0.25,122.74143380765808,0.4075145126275681,False,0.2300777420005033
1623,sagereg,0.05,0.01,0.25,0.8,0.5,0.25,122.74143177948449,0.4075145636470543,False,0.2595800939998298
1624,one_hop,0.05,0.01,0.25,0.8,0.5,0.25,105.24106469986693,0.9343944279707778,False,0.2321802420010499
1624,sagereg,0.05,0.01,0.25,0.8,0.5,0.25,105.2410614355354,0.9343945062287092,False,0.2639219489992683
1625,one_hop,0.05,0.01,0.25,0.8,0.5,0.25,116.91427936839771,0.3464733012405863,False,0.2340120019998721
1625,sagereg,0.05,0.01,0.25,0.8,0.5,0.25,116.91427776823488,0.3464732981018029,False,0.2640466510001715
1626,one_hop,0.05,0.01,0.25,0.8,0.5,0.25,175.7862459956972,0.9054519015617448,False,0.235345884999333
1626,sagereg,0.05,0.01,0.25,0.8,0.5,0.25,175.7862499184515,0.9054518241632052,False,0.2659241910005221
1627,one_hop,0.05,0.01,0.25,0.8,0.5,0.25,68.85012352533947,0.7264661975925276,False,0.2353896220010938
1627,sagereg,0.05,0.01,0.25,0.8,0.5,0.25,68.850111818787,0.7264662599933545,False,0.2649310329998116
1628,one_hop,0.05,0.01,0.25,0.8,0.5,0.25,96.6465760059075,1.0617931172848796,False,0.2308460399999603
1628,sagereg,0.05,0.01,0.25,0.8,0.5,0.25,96.64657844340752,1.0617932115826072,False,0.2608330769999156
1629,one_hop,0.05,0.01,0.25,0.8,0.5,0.25,69.06810975603229,0.3430827265222256,False,0.2315447929995571
1629,sagereg,0.05,0.01,0.25,0.8,0.5,0.25,69.0681066692185,0.3430826547096481,False,0.2623476540011324
1630,one_hop,0.05,0.01,0.25,0.8,0.5,0.25,171.09509498820034,0.687768696453143,False,0.2360356019999017
1630,sagereg,0.05,0.01,0.25,0.8,0.5,0.25,171.0950952133104,0.6877686672110406,False,0.2630485079989739
1631,one_hop,0.05,0.01,0.25,0.8,0.5,0.25,150.34272637430053,0.6373612285374837,False,0.2343386960001225
1631,sagereg,0.05,0.01,0.25,0.8,0.5,0.25,150.34272824214943,0.6373612346643422,False,0.264261988000726
1632,one_hop,0.05,0.01,0.25,0.8,0.5,0.25,150.63768500986694,0.5977778198556993,False,0.230572108999695
1632,sagereg,0.05,0.01,0.25,0.8,0.5,0.25,150.63768535987114,0.5977778164251002,False,0.2602645110000594
1633,one_hop,0.05,0.01,0.25,0.8,0.5,0.25,154.05891140611703,0.3285242169916837,False,0.2309511910007131
1633,sagereg,0.05,0.01,0.25,0.8,0.5,0.25,154.05891199462627,0.3285242196944758,False,0.2606484900006762
1634,one_hop,0.05,0.01,0.25,0.8,0.5,0.25,151.2003283746913,0.9342700792496292,False,0.2323054570006206
1634,sagereg,0.05,0.01,0.25,0.8,0.5,0.25,151.2003322456378,0.9342699346695252,False,0.2620136360001197
1635,one_hop,0.05,0.01,0.25,0.8,0.5,0.25,146.8941977419393,0.9276146919494328,False,0.2407552849999774
1635,sagereg,0.05,0.01,0.25,0.8,0.5,0.25,146.8941960342582,0.9276146728511914,False,0.2706159429999388
1636,one_hop,0.05,0.01,0.25,0.8,0.5,0.25,39.870349849623445,0.7652976673064413,False,0.2293088820006232
1636,sagereg,0.05,0.01,0.25,0.8,0.5,0.25,39.87035004816075,0.7652976795530801,False,0.2596944779998011
1637,one_hop,0.05,0.01,0.25,0.8,0.5,0.25,147.9223758096329,0.8457434882444629,False,0.2323731560009037
1637,sagereg,0.05,0.01,0.25,0.8,0.5,0.25,147.92237653358677,0.8457434855344418,False,0.2616521250001824
1638,one_hop,0.05,0.01,0.25,0.8,0.5,0.25,57.83382766896815,0.4101737447962232,False,0.2315095849990029
1638,sagereg,0.05,0.01,0.25,0.8,0.5,0.25,57.83382780663791,0.4101737317762211,False,0.2611524919993826
1639,one_hop,0.05,0.01,0.25,0.8,0.5,0.25,104.43256031608576,0.8123795821655885,False,0.2314084169993293
1639,sagereg,0.05,0.01,0.25,0.8,0.5,0.25,104.43256345488427,0.8123795052098652,False,0.262710294999124
1640,one_hop,0.05,0.01,0.25,0.8,1.0,0.0,118.4578306786156,0.6118071509598463,False,0.2522308429997792
1640,sagereg,0.05,0.01,0.25,0.8,1.0,0.0,118.4578303299944,0.6118071341561766,False,0.2817965659996844
1641,one_hop,0.05,0.01,0.25,0.8,1.0,0.0,125.70168342812713,0.704436022963449,False,0.255057129999841
1641,sagereg,0.05,0.01,0.25,0.8,1.0,0.0,125.70168222053458,0.7044360295668136,False,0.2824884790006763
1642,one_hop,0.05,0.01,0.25,0.8,1.0,0.0,101.6089598880558,0.6337537946092103,False,0.2486073079999187
1642,sagereg,0.05,0.01,0.25,0.8,1.0,0.0,101.60896087127333,0.633753820212917,False,0.2780959449992224
1643,one_hop,0.05,0.01,0.25,0.8,1.0,0.0,152.05924021653288,0.6679612097934644,False,0.253480967001451
1643,sagereg,0.05,0.01,0.25,0.8,1.0,0.0,152.0592412067695,0.6679612328828055,False,0.2822053269992466
1644,one_hop,0.05,0.01,0.25,0.8,1.0,0.0,176.7012041698006,0.7270182142305723,False,0.2502694559989322
1644,sagereg,0.05,0.01,0.25,0.8,1.0,0.0,176.70120419602802,0.7270182512314801,False,0.2789494169992395
1645,one_hop,0.05,0.01,0.25,0.8,1.0,0.0,49.111260061717225,0.9509039406937708,False,0.2530678219991387
1645,sagereg,0.05,0.01,0.25,0.8,1.0,0.0,49.11126063242629,0.950903942157352,False,0.2808140939996519
1646,one_hop,0.05,0.01,0.25,0.8,1.0,0.0,86.29462414847407,0.6339708033128552,False,0.2495466619984654
1646,sagereg,0.05,0.01,0.25,0.8,1.0,0.0,86.29462494182965,0.6339707739633136,False,0.2792242739997164
1647,one_hop,0.05,0.01,0.25,0.8,1.0,0.0,59.20817024430428,0.864107748340589,False,0.2534258560008311
1647,sagereg,0.05,0.01,0.25,0.8,1.0,0.0,59.208169495442576,0.8641077774084482,False,0.2833345429990004
1648,one_hop,0.05,0.01,0.25,0.8,1.0,0.0,97.22092932929812,0.5512457099245514,False,0.2487945339998987
1648,sagereg,0.05,0.01,0.25,0.8,1.0,0.0,97.2209293465846,0.551245711855927,False,0.2788734090008802
1649,one_hop,0.05,0.01,0.25,0.8,1.0,0.0,175.74368577881867,0.7213844678530021,False,0.2513700119998248
1649,sagereg,0.05,0.01,0.25,0.8,1.0,0.0,175.7436855797096,0.7213844842257983,False,0.2810174040005222
1650,one_hop,0.05,0.01,0.25,0.8,1.0,0.0,91.32795617434031,0.8903072504826982,False,0.2455502709999564
1650,sagereg,0.05,0.01,0.25,0.8,1.0,0.0,91.327957447057,0.8903072550584151,False,0.2744366370006901
1651,one_hop,0.05,0.01,0.25,0.8,1.0,0.0,77.01693113345172,0.6749539094568054,False,0.2504721469995274
1651,sagereg,0.05,0.01,0.25,0.8,1.0,0.0,77.01692640197625,0.6749538979139249,False,0.2802889199992933
1652,one_hop,0.05,0.01,0.25,0.8,1.0,0.0,120.63911352958898,0.8743360135822751,False,0.2502760589995887
1652,sagereg,0.05,0.01,0.25,0.8,1.0,0.0,120.63911041350488,0.8743360096447348,False,0.2804560479999054
1653,one_hop,0.05,0.01,0.25,0.8,1.0,0.0,107.40449497219709,0.531934326566952,False,0.2513229100004537
1653,sagereg,0.05,0.01,0.25,0.8,1.0,0.0,107.40449376498788,0.5319343611528249,False,0.2821394530001271
1654,one_hop,0.05,0.01,0.25,0.8,1.0,0.0,58.42639314647264,0.71689468822719,False,0.253607202999774
1654,sagereg,0.05,0.01,0.25,0.8,1.0,0.0,58.426399702845856,0.7168950902353859,False,0.2821508750002977
1655,one_hop,0.05,0.01,0.25,0.8,1.0,0.0,111.30329120462876,0.843331807100379,False,0.2541109389985649
1655,sagereg,0.05,0.01,0.25,0.8,1.0,0.0,111.30329104145858,0.8433311636965932,False,0.2836535579990595
1656,one_hop,0.05,0.01,0.25,0.8,1.0,0.0,54.07841934504956,0.7256411960138824,False,0.2509530139996059
1656,sagereg,0.05,0.01,0.25,0.8,1.0,0.0,54.079636832821485,0.7256220712608185,False,0.2813765499995497
1657,one_hop,0.05,0.01,0.25,0.8,1.0,0.0,76.07707539284405,0.5003099885061999,False,0.2503995610004494
1657,sagereg,0.05,0.01,0.25,0.8,1.0,0.0,76.07707556211204,0.500309961422928,False,0.2798743209987151
1658,one_hop,0.05,0.01,0.25,0.8,1.0,0.0,165.06541194834938,1.1187172297182195,False,0.2509802259992284
1658,sagereg,0.05,0.01,0.25,0.8,1.0,0.0,165.0654085299402,1.1187172085433126,False,0.2798230009993858
1659,one_hop,0.05,0.01,0.25,0.8,1.0,0.0,65.4162544641289,1.171045418883046,False,0.2542208520007989
1659,sagereg,0.05,0.01,0.25,0.8,1.0,0.0,65.41624627532589,1.1710455909390691,False,0.2820701790005842
1660,one_hop,0.05,0.01,0.25,0.8,1.0,0.25,97.3840562899148,0.8482721620916972,False,0.2280213440008083
1660,sagereg,0.05,0.01,0.25,0.8,1.0,0.25,97.38405615503406,0.848272282520396,False,0.2576500999985001
1661,one_hop,0.05,0.01,0.25,0.8,1.0,0.25,101.69714944192,0.5583957648223925,False,0.2336387139985163
1661,sagereg,0.05,0.01,0.25,0.8,1.0,0.25,101.6971511173588,0.5583957722060358,False,0.262324509998507
1662,one_hop,0.05,0.01,0.25,0.8,1.0,0.25,75.16454748375241,0.6704791786632519,False,0.2264118780003627
1662,sagereg,0.05,0.01,0.25,0.8,1.0,0.25,75.16454673412713,0.6704792092521974,False,0.2567812979996233
1663,one_hop,0.05,0.01,0.25,0.8,1.0,0.25,145.0187794461983,0.4226370689755389,False,0.2225716339999053
1663,sagereg,0.05,0.01,0.25,0.8,1.0,0.25,145.01877750053112,0.422637091462186,False,0.2524846129999787
1664,one_hop,0.05,0.01,0.25,0.8,1.0,0.25,115.64342088276648,0.9087918171753652,False,0.2306399730005068
1664,sagereg,0.05,0.01,0.25,0.8,1.0,0.25,115.64341918798496,0.9087917763905494,False,0.2601153149989841
1665,one_hop,0.05,0.01,0.25,0.8,1.0,0.25,157.93581176275683,0.9476718449075324,False,0.2288530109999556
1665,sagereg,0.05,0.01,0.25,0.8,1.0,0.25,157.93581868600674,0.9476714725779642,False,0.2579816830002528
1666,one_hop,0.05,0.01,0.25,0.8,1.0,0.25,60.358621868033794,0.5090874984588252,False,0.2309635909987264
1666,sagereg,0.05,0.01,0.25,0.8,1.0,0.25,60.358622066190165,0.509087505663673,False,0.2621465989996068
1667,one_hop,0.05,0.01,0.25,0.8,1.0,0.25,92.3195479207479,0.8629214944717737,False,0.2245511250002891
1667,sagereg,0.05,0.01,0.25,0.8,1.0,0.25,92.319549279949,0.862921494469401,False,0.2553913009996904
1668,one_hop,0.05,0.01,0.25,0.8,1.0,0.25,76.61063278366164,1.1434166883588308,False,0.2262394860008498
1668,sagereg,0.05,0.01,0.25,0.8,1.0,0.25,76.61062852917907,1.1434168343586957,False,0.2556876910002756
1669,one_hop,0.05,0.01,0.25,0.8,1.0,0.25,89.54740838401611,0.4001560339224921,False,0.2320798740001919
1669,sagereg,0.05,0.01,0.25,0.8,1.0,0.25,89.54740814864056,0.4001560483668244,False,0.2627416390005237
1670,one_hop,0.05,0.01,0.25,0.8,1.0,0.25,85.23480569156756,0.5671359081931591,False,0.2249689329983084
1670,sagereg,0.05,0.01,0.25,0.8,1.0,0.25,85.23480504196075,0.5671358777766049,False,0.2557303679986944
1671,one_hop,0.05,0.01,0.25,0.8,1.0,0.25,123.38779448085307,0.5540885193025412,False,0.2243168270015303
1671,sagereg,0.05,0.01,0.25,0.8,1.0,0.25,123.38779059489536,0.5540885539106326,False,0.255332325999916
1672,one_hop,0.05,0.01,0.25,0.8,1.0,0.25,117.78832940484422,0.3253446285577818,False,0.2290963449995615
1672,sagereg,0.05,0.01,0.25,0.8,1.0,0.25,117.78834109679296,0.3253455093661582,False,0.2592907399994146
1673,one_hop,0.05,0.01,0.25,0.8,1.0,0.25,71.03693806036839,0.2213397508716629,False,0.2327841200003604
1673,sagereg,0.05,0.01,0.25,0.8,1.0,0.25,71.0369389791915,0.2213398133137225,False,0.2628274930011685
1674,one_hop,0.05,0.01,0.25,0.8,1.0,0.25,134.52193167150315,1.0344386600982185,False,0.2322456750007404
1674,sagereg,0.05,0.01,0.25,0.8,1.0,0.25,134.5219311955466,1.0344386604716214,False,0.2635087939997902
1675,one_hop,0.05,0.01,0.25,0.8,1.0,0.25,151.75975422290767,0.579927716138248,False,0.2294115980002971
1675,sagereg,0.05,0.01,0.25,0.8,1.0,0.25,151.75975350218198,0.5799276943916267,False,0.2597727689990279
1676,one_hop,0.05,0.01,0.25,0.8,1.0,0.25,96.12469470621777,0.8311300872610122,False,0.226805444999627
1676,sagereg,0.05,0.01,0.25,0.8,1.0,0.25,96.1246948236867,0.8311300567916441,False,0.255820821999805
1677,one_hop,0.05,0.01,0.25,0.8,1.0,0.25,103.86495378275836,0.637154335970711,False,0.2275635169989982
1677,sagereg,0.05,0.01,0.25,0.8,1.0,0.25,103.86495014559954,0.6371542461879491,False,0.2589204449996032
1678,one_hop,0.05,0.01,0.25,0.8,1.0,0.25,100.35182490280287,0.864476759432587,False,0.2318293319985969
1678,sagereg,0.05,0.01,0.25,0.8,1.0,0.25,100.3518243630763,0.8644768319356184,False,0.2611380650014325
1679,one_hop,0.05,0.01,0.25,0.8,1.0,0.25,170.9577638922015,0.9612860518325276,False,0.2310939230010262
1679,sagereg,0.05,0.01,0.25,0.8,1.0,0.25,170.95776368830988,0.9612860485756016,False,0.2606364879993634
1680,one_hop,0.05,0.01,0.5,0.055,0.0,0.0,138.20910099318817,0.9853981844421869,False,0.2338613110005098
1680,sagereg,0.05,0.01,0.5,0.055,0.0,0.0,140.2190173389213,0.9853872204629132,False,0.2578231600000435
1681,one_hop,0.05,0.01,0.5,0.055,0.0,0.0,120.34167699866408,1.1244741843778594,False,0.2325651970004401
1681,sagereg,0.05,0.01,0.5,0.055,0.0,0.0,118.6413195906062,1.1410439242587578,False,0.2575361439994594
1682,one_hop,0.05,0.01,0.5,0.055,0.0,0.0,82.78754824890103,1.000372302367268,False,0.2401343010005803
1682,sagereg,0.05,0.01,0.5,0.055,0.0,0.0,0.2176415635448527,0.0040122227726383,True,0.2654580700000224
1683,one_hop,0.05,0.01,0.5,0.055,0.0,0.0,0.0989595712312057,0.0017418556246594,True,0.2407187299995712
1683,sagereg,0.05,0.01,0.5,0.055,0.0,0.0,0.098959435690537,0.0017418505127773,True,0.2682886750008038
1684,one_hop,0.05,0.01,0.5,0.055,0.0,0.0,0.0970968542619621,0.0031489235403749,True,0.2504860149983869
1684,sagereg,0.05,0.01,0.5,0.055,0.0,0.0,0.0970969107089142,0.003148923047742,True,0.273415608000505
1685,one_hop,0.05,0.01,0.5,0.055,0.0,0.0,0.3439082996747661,0.0033524516678735,True,0.235998529000426
1685,sagereg,0.05,0.01,0.5,0.055,0.0,0.0,0.3439083293952165,0.0033524524988488,True,0.2613631660005922
1686,one_hop,0.05,0.01,0.5,0.055,0.0,0.0,0.2985669075364063,0.0018607934671864,True,0.2361598610004875
1686,sagereg,0.05,0.01,0.5,0.055,0.0,0.0,0.2985668579410208,0.001860792847749,True,0.2612443870002607
1687,one_hop,0.05,0.01,0.5,0.055,0.0,0.0,0.1417136068899297,0.0008682609205787,True,0.2363124130006326
1687,sagereg,0.05,0.01,0.5,0.055,0.0,0.0,0.1417136077849309,0.0008682609960444,True,0.2604129650007962
1688,one_hop,0.05,0.01,0.5,0.055,0.0,0.0,0.4175487404041424,0.00556246778014,True,0.2410447879992716
1688,sagereg,0.05,0.01,0.5,0.055,0.0,0.0,0.4175487137028887,0.0055624676481453,True,0.2656269359995349
1689,one_hop,0.05,0.01,0.5,0.055,0.0,0.0,0.5160785232883869,0.0036697285928069,True,0.2367007529992406
1689,sagereg,0.05,0.01,0.5,0.055,0.0,0.0,0.5160785178306487,0.0036697292795068,True,0.2628941710008803
1690,one_hop,0.05,0.01,0.5,0.055,0.0,0.0,0.4112121718792834,0.0093141325885565,True,0.2376933510004164
1690,sagereg,0.05,0.01,0.5,0.055,0.0,0.0,0.4112126361221556,0.0093141413366985,True,0.262030522000714
1691,one_hop,0.05,0.01,0.5,0.055,0.0,0.0,0.2773206174664276,0.0018685733203661,True,0.2380815689994051
1691,sagereg,0.05,0.01,0.5,0.055,0.0,0.0,0.277320697669291,0.0018685752706798,True,0.2627013420005823
1692,one_hop,0.05,0.01,0.5,0.055,0.0,0.0,0.2618024173380435,0.0026922656270417,True,0.230765557000268
1692,sagereg,0.05,0.01,0.5,0.055,0.0,0.0,0.2618030217049142,0.002692265483322,True,0.2549473439994472
1693,one_hop,0.05,0.01,0.5,0.055,0.0,0.0,173.5176266434396,0.5541915160635656,False,0.2455276109994884
1693,sagereg,0.05,0.01,0.5,0.055,0.0,0.0,0.095953322353548,0.0033615981249996,True,0.2711696160004067
1694,one_hop,0.05,0.01,0.5,0.055,0.0,0.0,0.3083966667201044,0.0041160750314579,True,0.2330968759997631
1694,sagereg,0.05,0.01,0.5,0.055,0.0,0.0,0.3083967251251834,0.004116078728247,True,0.2579434509989369
1695,one_hop,0.05,0.01,0.5,0.055,0.0,0.0,0.2128147069110529,0.0039558149981413,True,0.2342511229999218
1695,sagereg,0.05,0.01,0.5,0.055,0.0,0.0,0.2128164466169091,0.0039558192618384,True,0.257870608000303
1696,one_hop,0.05,0.01,0.5,0.055,0.0,0.0,0.1661595070655925,0.0039940381598367,True,0.2410524459992302
1696,sagereg,0.05,0.01,0.5,0.055,0.0,0.0,0.1661594334835655,0.0039940378136124,True,0.2655670269996335
1697,one_hop,0.05,0.01,0.5,0.055,0.0,0.0,0.1521279903261783,0.002086381179468,True,0.2360529230008978
1697,sagereg,0.05,0.01,0.5,0.055,0.0,0.0,0.1521279953189831,0.0020863816866496,True,0.2614460330005386
1698,one_hop,0.05,0.01,0.5,0.055,0.0,0.0,0.2929500969725976,0.0012112437889994,True,0.2370259459985391
1698,sagereg,0.05,0.01,0.5,0.055,0.0,0.0,0.2929501158459612,0.0012112450895874,True,0.2599660310006584
1699,one_hop,0.05,0.01,0.5,0.055,0.0,0.0,37.73123674950336,1.471869958613832,False,0.2338322689993219
1699,sagereg,0.05,0.01,0.5,0.055,0.0,0.0,0.1769324824488382,0.0041311522320254,True,0.2612293870006397
1700,one_hop,0.05,0.01,0.5,0.055,0.0,0.25,0.2672241199552063,0.003961009742411,True,0.22433203699984
1700,sagereg,0.05,0.01,0.5,0.055,0.0,0.25,0.2672239362628353,0.0039610096950048,True,0.249412941000628
1701,one_hop,0.05,0.01,0.5,0.055,0.0,0.25,0.1851397955866519,0.0022535232561397,True,0.2166581000001315
1701,sagereg,0.05,0.01,0.5,0.055,0.0,0.25,0.1851376438284835,0.0022535187950612,True,0.2422936740003933
1702,one_hop,0.05,0.01,0.5,0.055,0.0,0.25,0.3041647677777542,0.0038856817164024,True,0.2196282900004007
1702,sagereg,0.05,0.01,0.5,0.055,0.0,0.25,0.3041647114430691,0.0038856823005951,True,0.2450457060003827
1703,one_hop,0.05,0.01,0.5,0.055,0.0,0.25,0.2593821206125119,0.0031386019703577,True,0.2237325690002762
1703,sagereg,0.05,0.01,0.5,0.055,0.0,0.25,0.2593821041275096,0.0031386020702488,True,0.2468547460011905
1704,one_hop,0.05,0.01,0.5,0.055,0.0,0.25,0.5102334359117873,0.0015686626194239,True,0.2266958210002485
1704,sagereg,0.05,0.01,0.5,0.055,0.0,0.25,0.5102338033774493,0.0015686745622979,True,0.2522072400006436
1705,one_hop,0.05,0.01,0.5,0.055,0.0,0.25,0.3327243464875439,0.0037726972463342,True,0.2221064740006113
1705,sagereg,0.05,0.01,0.5,0.055,0.0,0.25,0.3327243264636028,0.0037726969413563,True,0.2503287799991085
1706,one_hop,0.05,0.01,0.5,0.055,0.0,0.25,0.2050990419348685,0.0040272426715431,True,0.2288583949994063
1706,sagereg,0.05,0.01,0.5,0.055,0.0,0.25,0.2050989892745936,0.004027243259601,True,0.2542337489994679
1707,one_hop,0.05,0.01,0.5,0.055,0.0,0.25,57.017650516363965,1.0141247809664955,False,0.222751141000117
1707,sagereg,0.05,0.01,0.5,0.055,0.0,0.25,0.4385821398192893,0.0045721655391104,True,0.2482150460000411
1708,one_hop,0.05,0.01,0.5,0.055,0.0,0.25,0.1214118938761894,0.0032287400955879,True,0.2219454759997461
1708,sagereg,0.05,0.01,0.5,0.055,0.0,0.25,0.1214039674425333,0.0032286857101656,True,0.2473302430007606
1709,one_hop,0.05,0.01,0.5,0.055,0.0,0.25,90.1296643591565,0.2756701490032317,False,0.2232023000015033
1709,sagereg,0.05,0.01,0.5,0.055,0.0,0.25,89.9744780103141,0.2738756319253104,False,0.2513217380001151
1710,one_hop,0.05,0.01,0.5,0.055,0.0,0.25,0.1368569934552706,0.0033372975114496,True,0.2241941580014099
1710,sagereg,0.05,0.01,0.5,0.055,0.0,0.25,0.1368569723687733,0.0033372972145501,True,0.2488520659990172
1711,one_hop,0.05,0.01,0.5,0.055,0.0,0.25,124.75694021311506,0.3978104800052529,False,0.2196089839999331
1711,sagereg,0.05,0.01,0.5,0.055,0.0,0.25,0.5947372201917647,0.0066747521710231,True,0.2453685210002731
1712,one_hop,0.05,0.01,0.5,0.055,0.0,0.25,0.120500920278655,0.0050857580832062,True,0.2212925610001548
1712,sagereg,0.05,0.01,0.5,0.055,0.0,0.25,0.1204943202832249,0.0050856933796557,True,0.2463422550008545
1713,one_hop,0.05,0.01,0.5,0.055,0.0,0.25,141.2705451528707,0.7911076801935195,False,0.227351887999248
1713,sagereg,0.05,0.01,0.5,0.055,0.0,0.25,142.19049665317038,0.7883203574675829,False,0.2530800599997747
1714,one_hop,0.05,0.01,0.5,0.055,0.0,0.25,0.0764482153345412,0.0029208240218583,True,0.2233469750008225
1714,sagereg,0.05,0.01,0.5,0.055,0.0,0.25,100.26652009133802,0.659119134369309,False,0.2488837250002689
1715,one_hop,0.05,0.01,0.5,0.055,0.0,0.25,0.1971172741167914,0.0032127687469014,True,0.2179761419993156
1715,sagereg,0.05,0.01,0.5,0.055,0.0,0.25,0.1971173198974733,0.0032127688293461,True,0.2434106540003995
1716,one_hop,0.05,0.01,0.5,0.055,0.0,0.25,0.3747032046811942,0.0048418232810938,True,0.2204808280002907
1716,sagereg,0.05,0.01,0.5,0.055,0.0,0.25,0.3747039248275237,0.0048418398832366,True,0.2468299840002146
1717,one_hop,0.05,0.01,0.5,0.055,0.0,0.25,79.97158193010704,0.6848127028964489,False,0.2199702599991724
1717,sagereg,0.05,0.01,0.5,0.055,0.0,0.25,79.53924278260298,0.6867403568000908,False,0.2446558609990461
1718,one_hop,0.05,0.01,0.5,0.055,0.0,0.25,0.2009241905958431,0.0030755723716801,True,0.2224401590010529
1718,sagereg,0.05,0.01,0.5,0.055,0.0,0.25,0.2009241714151859,0.0030755724522918,True,0.2486181360000046
1719,one_hop,0.05,0.01,0.5,0.055,0.0,0.25,0.5604984323382879,0.00265706701723,True,0.2229662019999523
1719,sagereg,0.05,0.01,0.5,0.055,0.0,0.25,0.5604984174785126,0.0026570674877424,True,0.2491748530010227
1720,one_hop,0.05,0.01,0.5,0.055,0.5,0.0,83.0720957340488,0.5630736290051679,False,0.2310032890000002
1720,sagereg,0.05,0.01,0.5,0.055,0.5,0.0,50.41995831209888,1.1621651222783245,False,0.2563882300000841
1721,one_hop,0.05,0.01,0.5,0.055,0.5,0.0,150.50754249915235,1.4264706354671235,False,0.2359729529998731
1721,sagereg,0.05,0.01,0.5,0.055,0.5,0.0,159.03600889720573,1.6847638481270992,False,0.261480956000014
1722,one_hop,0.05,0.01,0.5,0.055,0.5,0.0,0.3272957417011438,0.0025305444183399,True,0.2375530000008439
1722,sagereg,0.05,0.01,0.5,0.055,0.5,0.0,0.3272956455399105,0.0025305453167587,True,0.2617647299994132
1723,one_hop,0.05,0.01,0.5,0.055,0.5,0.0,0.1320994909500289,0.0008590681208693,True,0.2344476609996491
1723,sagereg,0.05,0.01,0.5,0.055,0.5,0.0,0.132099445166855,0.000859068565771,True,0.257863022001402
1724,one_hop,0.05,0.01,0.5,0.055,0.5,0.0,74.38795197472717,1.4126275160412358,False,0.2347967310015519
1724,sagereg,0.05,0.01,0.5,0.055,0.5,0.0,0.7135594289893379,0.0078349435293473,True,0.2583234739995532
1725,one_hop,0.05,0.01,0.5,0.055,0.5,0.0,0.3049234274031367,0.0018668778170974,True,0.2334982250013126
1725,sagereg,0.05,0.01,0.5,0.055,0.5,0.0,0.3049234386339124,0.0018668776591839,True,0.2610608009999851
1726,one_hop,0.05,0.01,0.5,0.055,0.5,0.0,149.50275227919542,0.323538917671295,False,0.2371363049987849
1726,sagereg,0.05,0.01,0.5,0.055,0.5,0.0,0.2765817076086996,0.0039457114997796,True,0.262674892999712
1727,one_hop,0.05,0.01,0.5,0.055,0.5,0.0,125.72595212648436,1.4746050740140078,False,0.2377806169988616
1727,sagereg,0.05,0.01,0.5,0.055,0.5,0.0,123.27696869859489,1.4983896711878837,False,0.2628465529996902
1728,one_hop,0.05,0.01,0.5,0.055,0.5,0.0,0.1856629938018536,0.0008206702254372,True,0.2309055469995655
1728,sagereg,0.05,0.01,0.5,0.055,0.5,0.0,0.1856629681251848,0.0008206710303542,True,0.2555882119995658
1729,one_hop,0.05,0.01,0.5,0.055,0.5,0.0,0.1803700239527677,0.0028567224578434,True,0.2298930739998468
1729,sagereg,0.05,0.01,0.5,0.055,0.5,0.0,0.1803700526945409,0.0028567232257889,True,0.2554945190004218
1730,one_hop,0.05,0.01,0.5,0.055,0.5,0.0,125.64449925676946,0.5787990396774463,False,0.2340432529999816
1730,sagereg,0.05,0.01,0.5,0.055,0.5,0.0,142.7390407160545,0.3609089868396741,False,0.2574944970001525
1731,one_hop,0.05,0.01,0.5,0.055,0.5,0.0,0.2089453204660155,0.0045936191907844,True,0.2333090240008459
1731,sagereg,0.05,0.01,0.5,0.055,0.5,0.0,0.2089453338483656,0.0045936194455652,True,0.2586242130000755
1732,one_hop,0.05,0.01,0.5,0.055,0.5,0.0,87.48003542829251,1.0767784726752776,False,0.2353521799996087
1732,sagereg,0.05,0.01,0.5,0.055,0.5,0.0,86.56505251523173,1.0702735059552078,False,0.2604219109998666
1733,one_hop,0.05,0.01,0.5,0.055,0.5,0.0,164.23431682565814,1.0019041294587845,False,0.2325736500006314
1733,sagereg,0.05,0.01,0.5,0.055,0.5,0.0,95.93145335351376,1.0562338031560494,False,0.2577629949992115
1734,one_hop,0.05,0.01,0.5,0.055,0.5,0.0,130.5338951967215,1.1754259679481236,False,0.2353399189996707
1734,sagereg,0.05,0.01,0.5,0.055,0.5,0.0,130.5338502547838,1.1746030898139723,False,0.2589039960002992
1735,one_hop,0.05,0.01,0.5,0.055,0.5,0.0,0.3734765777185681,0.001907692933092,True,0.2306224269996164
1735,sagereg,0.05,0.01,0.5,0.055,0.5,0.0,0.3734776195187909,0.0019076984114622,True,0.2565671430002112
1736,one_hop,0.05,0.01,0.5,0.055,0.5,0.0,0.2867396749778489,0.0034704681684558,True,0.2381115210009738
1736,sagereg,0.05,0.01,0.5,0.055,0.5,0.0,0.2867396891782442,0.0034704679770744,True,0.2615175999999337
1737,one_hop,0.05,0.01,0.5,0.055,0.5,0.0,83.42969292058667,0.8252945863579996,False,0.2344907160004368
1737,sagereg,0.05,0.01,0.5,0.055,0.5,0.0,88.30486322216518,0.8877325164776135,False,0.2616917180002929
1738,one_hop,0.05,0.01,0.5,0.055,0.5,0.0,154.15608882026578,1.0016230111624669,False,0.2398499690007156
1738,sagereg,0.05,0.01,0.5,0.055,0.5,0.0,154.40973343014502,1.0028045959858731,False,0.2650348739989567
1739,one_hop,0.05,0.01,0.5,0.055,0.5,0.0,0.1861768199532748,0.003123163045429,True,0.2335263759996451
1739,sagereg,0.05,0.01,0.5,0.055,0.5,0.0,0.186176630908748,0.0031231613279622,True,0.2588340649999736
1740,one_hop,0.05,0.01,0.5,0.055,0.5,0.25,0.3875604578154089,0.0034279173727042,True,0.2177314609998575
1740,sagereg,0.05,0.01,0.5,0.055,0.5,0.25,0.3875604698395493,0.0034279174643201,True,0.243268103000446
1741,one_hop,0.05,0.01,0.5,0.055,0.5,0.25,0.5302344888943467,0.0021332841751596,True,0.2227568920006888
1741,sagereg,0.05,0.01,0.5,0.055,0.5,0.25,0.5302343724062706,0.0021332817717277,True,0.2495263860000705
1742,one_hop,0.05,0.01,0.5,0.055,0.5,0.25,136.05407999363453,1.2467669833550772,False,0.2199959979989216
1742,sagereg,0.05,0.01,0.5,0.055,0.5,0.25,135.96678905941303,1.2474306493248288,False,0.2459985810000944
1743,one_hop,0.05,0.01,0.5,0.055,0.5,0.25,0.2000424959954749,0.0045710199506933,True,0.217745186000684
1743,sagereg,0.05,0.01,0.5,0.055,0.5,0.25,0.2000425912574161,0.0045710201894647,True,0.2433581940003932
1744,one_hop,0.05,0.01,0.5,0.055,0.5,0.25,0.3286152997484175,0.0023721394844507,True,0.22040715500043
1744,sagereg,0.05,0.01,0.5,0.055,0.5,0.25,0.328615309963214,0.0023721398322594,True,0.2442674680005438
1745,one_hop,0.05,0.01,0.5,0.055,0.5,0.25,0.379008205795568,0.0023989834241107,True,0.2252264230010041
1745,sagereg,0.05,0.01,0.5,0.055,0.5,0.25,0.3790082968142653,0.0023989848466077,True,0.2509403259991813
1746,one_hop,0.05,0.01,0.5,0.055,0.5,0.25,0.1854483753416713,0.0012494166997665,True,0.2184336570007872
1746,sagereg,0.05,0.01,0.5,0.055,0.5,0.25,0.1854480177789114,0.0012494157799228,True,0.2450502819992834
1747,one_hop,0.05,0.01,0.5,0.055,0.5,0.25,58.3283850795794,0.77167325380898,False,0.2161713050008984
1747,sagereg,0.05,0.01,0.5,0.055,0.5,0.25,0.311627405258138,0.0047911503605373,True,0.2454386800000065
1748,one_hop,0.05,0.01,0.5,0.055,0.5,0.25,0.473916060869297,0.0041026453288717,True,0.2209702839991223
1748,sagereg,0.05,0.01,0.5,0.055,0.5,0.25,0.4739159047289904,0.0041026449831194,True,0.2475340639994101
1749,one_hop,0.05,0.01,0.5,0.055,0.5,0.25,0.4107568199119599,0.0008964419301425,True,0.2223612790003244
1749,sagereg,0.05,0.01,0.5,0.055,0.5,0.25,0.4107567987887034,0.0008964419571063,True,0.2478224059996137
1750,one_hop,0.05,0.01,0.5,0.055,0.5,0.25,0.4588647971594424,0.0037943958847644,True,0.2200008270010585
1750,sagereg,0.05,0.01,0.5,0.055,0.5,0.25,0.4588648834424222,0.0037943969698865,True,0.2463466799999878
1751,one_hop,0.05,0.01,0.5,0.055,0.5,0.25,1.0717879998082924,0.0043203518139652,True,0.2249588590002531
1751,sagereg,0.05,0.01,0.5,0.055,0.5,0.25,1.071788055577514,0.0043203520667653,True,0.2475402050004049
1752,one_hop,0.05,0.01,0.5,0.055,0.5,0.25,0.2606705779478719,0.0020419496610676,True,0.2216075449996424
1752,sagereg,0.05,0.01,0.5,0.055,0.5,0.25,0.2606704155513031,0.0020419480708162,True,0.2471099639988097
1753,one_hop,0.05,0.01,0.5,0.055,0.5,0.25,0.1323114345551057,0.0019463872383748,True,0.219296948000192
1753,sagereg,0.05,0.01,0.5,0.055,0.5,0.25,0.1323113931038823,0.0019463871355257,True,0.2439898259999608
1754,one_hop,0.05,0.01,0.5,0.055,0.5,0.25,0.2806547459971613,0.000687773904663,True,0.2185241790011787
1754,sagereg,0.05,0.01,0.5,0.055,0.5,0.25,0.2806545719965076,0.0006877750413768,True,0.244070835000457
1755,one_hop,0.05,0.01,0.5,0.055,0.5,0.25,0.1307468109902826,0.0017037918143241,True,0.2223082759992394
1755,sagereg,0.05,0.01,0.5,0.055,0.5,0.25,0.1307468020254781,0.0017037917767293,True,0.2465674139984912
1756,one_hop,0.05,0.01,0.5,0.055,0.5,0.25,45.18224722228173,0.9200393078210478,False,0.2157713839987991
1756,sagereg,0.05,0.01,0.5,0.055,0.5,0.25,44.56395026953114,0.9234735048479722,False,0.2406984959998226
1757,one_hop,0.05,0.01,0.5,0.055,0.5,0.25,0.14937833179601,0.0017373815423825,True,0.2228102660010336
1757,sagereg,0.05,0.01,0.5,0.055,0.5,0.25,0.1493783320107194,0.0017373810189849,True,0.248785253999813
1758,one_hop,0.05,0.01,0.5,0.055,0.5,0.25,152.37826898608245,1.9838933528020772,False,0.2171432389986876
1758,sagereg,0.05,0.01,0.5,0.055,0.5,0.25,151.97587135742208,1.9869592705637693,False,0.2426011690004088
1759,one_hop,0.05,0.01,0.5,0.055,0.5,0.25,176.73411764850175,0.4087299692112155,False,0.2233251150009891
1759,sagereg,0.05,0.01,0.5,0.055,0.5,0.25,176.35185411594225,0.4201470179602097,False,0.249062793000121
1760,one_hop,0.05,0.01,0.5,0.055,1.0,0.0,0.202797481821012,0.0021237987184321,True,0.2340113359987299
1760,sagereg,0.05,0.01,0.5,0.055,1.0,0.0,0.2027974701644413,0.0021237987979694,True,0.2600867389992345
1761,one_hop,0.05,0.01,0.5,0.055,1.0,0.0,0.4087600503090275,0.0043077784242275,True,0.2332304009996733
1761,sagereg,0.05,0.01,0.5,0.055,1.0,0.0,0.4087601193167972,0.0043077784270346,True,0.2595406810014538
1762,one_hop,0.05,0.01,0.5,0.055,1.0,0.0,115.17048535095924,1.0452351224463725,False,0.2283991370004514
1762,sagereg,0.05,0.01,0.5,0.055,1.0,0.0,0.1910512793093263,0.0018878818977138,True,0.2512937289993715
1763,one_hop,0.05,0.01,0.5,0.055,1.0,0.0,0.3844854394547092,0.0028983487901344,True,0.2301704809997318
1763,sagereg,0.05,0.01,0.5,0.055,1.0,0.0,0.3844852334189446,0.0028983480113662,True,0.2542311359993618
1764,one_hop,0.05,0.01,0.5,0.055,1.0,0.0,0.0754203178251952,0.0014259837236886,True,0.2323976850002509
1764,sagereg,0.05,0.01,0.5,0.055,1.0,0.0,0.0754202691334253,0.0014259839744038,True,0.2565656500009936
1765,one_hop,0.05,0.01,0.5,0.055,1.0,0.0,0.3581085175288784,0.0024024478176204,True,0.2292499059985857
1765,sagereg,0.05,0.01,0.5,0.055,1.0,0.0,0.3581084725990192,0.0024024469382213,True,0.2544498839997686
1766,one_hop,0.05,0.01,0.5,0.055,1.0,0.0,0.3203291954082383,0.0044078984831568,True,0.2406147679994319
1766,sagereg,0.05,0.01,0.5,0.055,1.0,0.0,0.3203292871321183,0.0044079002593882,True,0.2651564509997115
1767,one_hop,0.05,0.01,0.5,0.055,1.0,0.0,133.68031431138112,0.8064004315391925,False,0.2372899380006856
1767,sagereg,0.05,0.01,0.5,0.055,1.0,0.0,0.1302179019625555,0.0026508908425485,True,0.2632227600006445
1768,one_hop,0.05,0.01,0.5,0.055,1.0,0.0,127.98067928198805,1.084580519129772,False,0.2318188190001819
1768,sagereg,0.05,0.01,0.5,0.055,1.0,0.0,127.84327245174468,1.0813449323805433,False,0.255722379000872
1769,one_hop,0.05,0.01,0.5,0.055,1.0,0.0,0.3822519693518195,0.00527075299419,True,0.2350946139995358
1769,sagereg,0.05,0.01,0.5,0.055,1.0,0.0,0.3822513706305219,0.0052707505018358,True,0.2586172610008361
1770,one_hop,0.05,0.01,0.5,0.055,1.0,0.0,0.1433372134939906,0.000311906591057,True,0.2374862249998841
1770,sagereg,0.05,0.01,0.5,0.055,1.0,0.0,0.143337189582335,0.0003119066850443,True,0.2626810439996916
1771,one_hop,0.05,0.01,0.5,0.055,1.0,0.0,123.48557993358834,0.7759375842093644,False,0.239484439998705
1771,sagereg,0.05,0.01,0.5,0.055,1.0,0.0,123.67173687320192,0.7777893556290808,False,0.2659332109997194
1772,one_hop,0.05,0.01,0.5,0.055,1.0,0.0,0.3577423055072453,0.0036954564656086,True,0.2376129169988416
1772,sagereg,0.05,0.01,0.5,0.055,1.0,0.0,0.3577423011264146,0.0036954564134571,True,0.2625691860012011
1773,one_hop,0.05,0.01,0.5,0.055,1.0,0.0,0.4313465627029392,0.0015829335589731,True,0.2335763000010047
1773,sagereg,0.05,0.01,0.5,0.055,1.0,0.0,0.4313466869669803,0.0015829337372476,True,0.2613674870008253
1774,one_hop,0.05,0.01,0.5,0.055,1.0,0.0,0.3647676684183875,0.0020150965480622,True,0.2356660250006825
1774,sagereg,0.05,0.01,0.5,0.055,1.0,0.0,0.3647673607399248,0.0020150935994328,True,0.2579862729999149
1775,one_hop,0.05,0.01,0.5,0.055,1.0,0.0,0.5433623180141401,0.0020267394525699,True,0.2340086200001678
1775,sagereg,0.05,0.01,0.5,0.055,1.0,0.0,0.5433622504691162,0.0020267394383674,True,0.2605647840009624
1776,one_hop,0.05,0.01,0.5,0.055,1.0,0.0,0.3874859591387214,0.0029679435481023,True,0.2290209820002928
1776,sagereg,0.05,0.01,0.5,0.055,1.0,0.0,0.387485945554643,0.0029679434034526,True,0.2544142439983261
1777,one_hop,0.05,0.01,0.5,0.055,1.0,0.0,0.3363403448231531,0.0031452749997089,True,0.2368188999989797
1777,sagereg,0.05,0.01,0.5,0.055,1.0,0.0,0.3363403572241575,0.0031452762835296,True,0.2646313859986549
1778,one_hop,0.05,0.01,0.5,0.055,1.0,0.0,0.483961772135132,0.0073069899432391,True,0.2401545790016825
1778,sagereg,0.05,0.01,0.5,0.055,1.0,0.0,0.4839620834463133,0.007306988499747,True,0.2646029810002801
1779,one_hop,0.05,0.01,0.5,0.055,1.0,0.0,0.3177751119565246,0.0013802001631412,True,0.2367223660003219
1779,sagereg,0.05,0.01,0.5,0.055,1.0,0.0,0.3177749977816724,0.0013802002412821,True,0.2626704670001345
1780,one_hop,0.05,0.01,0.5,0.055,1.0,0.25,0.1856759831183693,0.0014288128293894,True,0.2206879860004846
1780,sagereg,0.05,0.01,0.5,0.055,1.0,0.25,0.1856760120477436,0.0014288130162634,True,0.2455414470005053
1781,one_hop,0.05,0.01,0.5,0.055,1.0,0.25,0.3190635851358315,0.0079209980091848,True,0.2144513799994456
1781,sagereg,0.05,0.01,0.5,0.055,1.0,0.25,0.3190637197925114,0.0079210001380774,True,0.2424312000002828
1782,one_hop,0.05,0.01,0.5,0.055,1.0,0.25,0.4169772858138956,0.0050327713823002,True,0.2166369709993887
1782,sagereg,0.05,0.01,0.5,0.055,1.0,0.25,0.4169767331958464,0.0050327692318238,True,0.2402082820008217
1783,one_hop,0.05,0.01,0.5,0.055,1.0,0.25,0.487480840244558,0.0064802648703825,True,0.2107459990002098
1783,sagereg,0.05,0.01,0.5,0.055,1.0,0.25,0.4874812314297126,0.0064802692902662,True,0.2368215100013913
1784,one_hop,0.05,0.01,0.5,0.055,1.0,0.25,0.3701605127974339,0.0046444153956111,True,0.2140157320009166
1784,sagereg,0.05,0.01,0.5,0.055,1.0,0.25,0.3701605082937843,0.0046444155395975,True,0.2370257020011195
1785,one_hop,0.05,0.01,0.5,0.055,1.0,0.25,0.4098875471261513,0.0025854734504459,True,0.2177837250001175
1785,sagereg,0.05,0.01,0.5,0.055,1.0,0.25,105.72437214273955,1.038797494251924,False,0.2456264749998808
1786,one_hop,0.05,0.01,0.5,0.055,1.0,0.25,0.1680705257461411,0.0024708999492817,True,0.220548322000468
1786,sagereg,0.05,0.01,0.5,0.055,1.0,0.25,0.1680705431290416,0.0024709000904364,True,0.2456590760011749
1787,one_hop,0.05,0.01,0.5,0.055,1.0,0.25,0.2002759042510846,0.0033734968947497,True,0.2119358179988921
1787,sagereg,0.05,0.01,0.5,0.055,1.0,0.25,0.2002760071216641,0.0033734969293042,True,0.2358956410007522
1788,one_hop,0.05,0.01,0.5,0.055,1.0,0.25,0.5025004525013719,0.0030150196394044,True,0.2189919490010652
1788,sagereg,0.05,0.01,0.5,0.055,1.0,0.25,0.5025004367505056,0.0030150198655686,True,0.2429157990009116
1789,one_hop,0.05,0.01,0.5,0.055,1.0,0.25,0.3649181667472655,0.0024016104139115,True,0.219767573998979
1789,sagereg,0.05,0.01,0.5,0.055,1.0,0.25,0.3649181125862791,0.0024016104929242,True,0.2455156420001003
1790,one_hop,0.05,0.01,0.5,0.055,1.0,0.25,0.1094204043667241,0.0026826780999796,True,0.2163098719993286
1790,sagereg,0.05,0.01,0.5,0.055,1.0,0.25,0.109420477772372,0.0026826781834985,True,0.242025730000023
1791,one_hop,0.05,0.01,0.5,0.055,1.0,0.25,0.4236002933151404,0.0064169132616791,True,0.2218774359989765
1791,sagereg,0.05,0.01,0.5,0.055,1.0,0.25,0.423600318361545,0.0064169151358548,True,0.2492044489990803
1792,one_hop,0.05,0.01,0.5,0.055,1.0,0.25,0.1702834012512863,0.0020180105681048,True,0.2186971409992111
1792,sagereg,0.05,0.01,0.5,0.055,1.0,0.25,0.1702828109088185,0.0020180103138149,True,0.2444939790002536
1793,one_hop,0.05,0.01,0.5,0.055,1.0,0.25,0.4834815553381295,0.0023271397980524,True,0.2217119289998663
1793,sagereg,0.05,0.01,0.5,0.055,1.0,0.25,0.4834815938323519,0.0023271402574556,True,0.2495749030003935
1794,one_hop,0.05,0.01,0.5,0.055,1.0,0.25,143.20324964482174,1.505631642573657,False,0.2105038640002021
1794,sagereg,0.05,0.01,0.5,0.055,1.0,0.25,0.1955138732841227,0.0029028359862637,True,0.2350700010010769
1795,one_hop,0.05,0.01,0.5,0.055,1.0,0.25,0.4062989099642085,0.0014057765249848,True,0.2151906290000624
1795,sagereg,0.05,0.01,0.5,0.055,1.0,0.25,0.4062986858163128,0.0014057754578057,True,0.24344731400015
1796,one_hop,0.05,0.01,0.5,0.055,1.0,0.25,0.2170177688682012,0.0038249230369961,True,0.2131059549992642
1796,sagereg,0.05,0.01,0.5,0.055,1.0,0.25,0.2170177757672889,0.0038249234119978,True,0.2377689559998543
1797,one_hop,0.05,0.01,0.5,0.055,1.0,0.25,0.1752461023937714,0.0020903252245926,True,0.2176005290002649
1797,sagereg,0.05,0.01,0.5,0.055,1.0,0.25,0.1752470486702133,0.0020903149630543,True,0.2446873469998536
1798,one_hop,0.05,0.01,0.5,0.055,1.0,0.25,0.3373097878573279,0.0024486245656331,True,0.2124148670009162
1798,sagereg,0.05,0.01,0.5,0.055,1.0,0.25,0.3373097488379243,0.0024486240267948,True,0.2384021369998663
1799,one_hop,0.05,0.01,0.5,0.055,1.0,0.25,0.2868922609441758,0.0031196635834786,True,0.2228326509994076
1799,sagereg,0.05,0.01,0.5,0.055,1.0,0.25,0.2868915629252753,0.0031196624623839,True,0.248455016000662
1800,one_hop,0.05,0.01,0.5,0.2,0.0,0.0,100.46156555812048,0.6353169136413085,False,0.2487444770013098
1800,sagereg,0.05,0.01,0.5,0.2,0.0,0.0,100.46158279077903,0.6353170580579725,False,0.2750522529986483
1801,one_hop,0.05,0.01,0.5,0.2,0.0,0.0,174.49543705173122,0.4790020652901124,False,0.2545315030001802
1801,sagereg,0.05,0.01,0.5,0.2,0.0,0.0,174.49543783907495,0.4790020639335368,False,0.2835964610003429
1802,one_hop,0.05,0.01,0.5,0.2,0.0,0.0,83.49579536454131,0.7352665631831018,False,0.2646514040006877
1802,sagereg,0.05,0.01,0.5,0.2,0.0,0.0,83.4957974685566,0.7352665812322474,False,0.2893671469992114
1803,one_hop,0.05,0.01,0.5,0.2,0.0,0.0,173.5707393530561,0.8444836645712485,False,0.2521847359985258
1803,sagereg,0.05,0.01,0.5,0.2,0.0,0.0,173.5706873781291,0.8444842115913157,False,0.2751606809997611
1804,one_hop,0.05,0.01,0.5,0.2,0.0,0.0,122.62754887684557,0.5508656445186595,False,0.2511351279990776
1804,sagereg,0.05,0.01,0.5,0.2,0.0,0.0,122.62754857203174,0.5508656854896439,False,0.2768968879991007
1805,one_hop,0.05,0.01,0.5,0.2,0.0,0.0,99.92489367353993,0.9778393866881748,False,0.2556865250007831
1805,sagereg,0.05,0.01,0.5,0.2,0.0,0.0,99.9248741093432,0.9778396732310152,False,0.2846684159994765
1806,one_hop,0.05,0.01,0.5,0.2,0.0,0.0,134.8036771450668,0.4852873346144613,False,0.2470351350002602
1806,sagereg,0.05,0.01,0.5,0.2,0.0,0.0,134.8036916168934,0.4852874074530482,False,0.2742457670010481
1807,one_hop,0.05,0.01,0.5,0.2,0.0,0.0,16.528403766731568,0.7772006781957767,False,0.255012882000301
1807,sagereg,0.05,0.01,0.5,0.2,0.0,0.0,16.528295956400452,0.7771994068813121,False,0.2838933259990881
1808,one_hop,0.05,0.01,0.5,0.2,0.0,0.0,148.88961155900003,0.7410928640167262,False,0.2550436099991202
1808,sagereg,0.05,0.01,0.5,0.2,0.0,0.0,148.88961764834664,0.7410928957551138,False,0.2840250539993576
1809,one_hop,0.05,0.01,0.5,0.2,0.0,0.0,139.46432897709334,1.1470327616233704,False,0.2500502710008732
1809,sagereg,0.05,0.01,0.5,0.2,0.0,0.0,139.4643165572475,1.1470321357658149,False,0.2757527049998316
1810,one_hop,0.05,0.01,0.5,0.2,0.0,0.0,108.95009823931724,0.9874463099814084,False,0.2484041860006982
1810,sagereg,0.05,0.01,0.5,0.2,0.0,0.0,108.95010735229064,0.9874464365339956,False,0.2757079249986418
1811,one_hop,0.05,0.01,0.5,0.2,0.0,0.0,165.36886788263314,0.6369043226677118,False,0.2474145870000939
1811,sagereg,0.05,0.01,0.5,0.2,0.0,0.0,165.36884473561437,0.6369042210908342,False,0.2759189989992592
1812,one_hop,0.05,0.01,0.5,0.2,0.0,0.0,161.00171990991416,0.400839779482087,False,0.2573673959996085
1812,sagereg,0.05,0.01,0.5,0.2,0.0,0.0,161.00172544191824,0.4008397984061954,False,0.2854329090005194
1813,one_hop,0.05,0.01,0.5,0.2,0.0,0.0,51.467684914857095,0.0940159124943147,False,0.2574142909998045
1813,sagereg,0.05,0.01,0.5,0.2,0.0,0.0,51.467705489844434,0.0940158614957801,False,0.2863683850009693
1814,one_hop,0.05,0.01,0.5,0.2,0.0,0.0,155.03791894977363,1.142889915664324,False,0.2557263469989266
1814,sagereg,0.05,0.01,0.5,0.2,0.0,0.0,155.03791536363934,1.1428899944792583,False,0.2838643309987674
1815,one_hop,0.05,0.01,0.5,0.2,0.0,0.0,81.07324463250004,0.517575098208733,False,0.2579512580014125
1815,sagereg,0.05,0.01,0.5,0.2,0.0,0.0,81.07325726743443,0.5175750469371336,False,0.2869968180002615
1816,one_hop,0.05,0.01,0.5,0.2,0.0,0.0,102.07137486694126,0.6625530376610662,False,0.2494858169993676
1816,sagereg,0.05,0.01,0.5,0.2,0.0,0.0,102.07138166538026,0.6625525013703609,False,0.2766392300000007
1817,one_hop,0.05,0.01,0.5,0.2,0.0,0.0,104.07083620061591,0.889629290159101,False,0.2488700719986809
1817,sagereg,0.05,0.01,0.5,0.2,0.0,0.0,104.07079955141532,0.889629186364745,False,0.2760443850002048
1818,one_hop,0.05,0.01,0.5,0.2,0.0,0.0,178.60668945406076,0.7707378106043337,False,0.2563454299997829
1818,sagereg,0.05,0.01,0.5,0.2,0.0,0.0,178.6066841166196,0.7707377130794045,False,0.2847831340004632
1819,one_hop,0.05,0.01,0.5,0.2,0.0,0.0,65.06023059848197,0.8330857073061544,False,0.2592968970002403
1819,sagereg,0.05,0.01,0.5,0.2,0.0,0.0,65.06021702241249,0.8330856406345251,False,0.2885594730014418
1820,one_hop,0.05,0.01,0.5,0.2,0.0,0.25,63.64846200390944,0.5950115398628132,False,0.2358551199995417
1820,sagereg,0.05,0.01,0.5,0.2,0.0,0.25,63.64846480433,0.5950115516847584,False,0.2658670780001557
1821,one_hop,0.05,0.01,0.5,0.2,0.0,0.25,37.55981796793615,0.6879698487188786,False,0.2423308069992344
1821,sagereg,0.05,0.01,0.5,0.2,0.0,0.25,37.55981784722961,0.6879698460527316,False,0.2738904500001808
1822,one_hop,0.05,0.01,0.5,0.2,0.0,0.25,130.436882180796,0.4323546472972417,False,0.2330033010002807
1822,sagereg,0.05,0.01,0.5,0.2,0.0,0.25,130.4368783933098,0.4323546307549498,False,0.2630373350002628
1823,one_hop,0.05,0.01,0.5,0.2,0.0,0.25,147.11428424526233,0.4210388801216327,False,0.2329541649996827
1823,sagereg,0.05,0.01,0.5,0.2,0.0,0.25,147.11429009383767,0.4210388364196011,False,0.2621323420007684
1824,one_hop,0.05,0.01,0.5,0.2,0.0,0.25,73.10400238405579,0.5896378818572027,False,0.2399765899990598
1824,sagereg,0.05,0.01,0.5,0.2,0.0,0.25,73.1039980617818,0.5896379386593438,False,0.2689125230008358
1825,one_hop,0.05,0.01,0.5,0.2,0.0,0.25,138.34560048071344,0.9161621981105404,False,0.2279202730005636
1825,sagereg,0.05,0.01,0.5,0.2,0.0,0.25,138.34560132362043,0.9161622058302362,False,0.2569242560002749
1826,one_hop,0.05,0.01,0.5,0.2,0.0,0.25,124.99070360486436,0.8226389992428361,False,0.2356393270001717
1826,sagereg,0.05,0.01,0.5,0.2,0.0,0.25,124.99070472038235,0.8226390026033151,False,0.2634015010007715
1827,one_hop,0.05,0.01,0.5,0.2,0.0,0.25,69.8065130336029,0.7560182454698713,False,0.2377780400001938
1827,sagereg,0.05,0.01,0.5,0.2,0.0,0.25,69.80651408273242,0.7560182089406101,False,0.2675673049998295
1828,one_hop,0.05,0.01,0.5,0.2,0.0,0.25,49.9803898636003,0.5723097361798133,False,0.2391937030006374
1828,sagereg,0.05,0.01,0.5,0.2,0.0,0.25,49.98039701225416,0.5723097678918366,False,0.2689333649996115
1829,one_hop,0.05,0.01,0.5,0.2,0.0,0.25,133.51051323937682,0.4783986767813807,False,0.2366871049998735
1829,sagereg,0.05,0.01,0.5,0.2,0.0,0.25,133.5105180580766,0.4783986362544314,False,0.2656137939993641
1830,one_hop,0.05,0.01,0.5,0.2,0.0,0.25,118.26418124666294,0.9101380067105213,False,0.2321986810002272
1830,sagereg,0.05,0.01,0.5,0.2,0.0,0.25,118.26416953085106,0.9101378846178784,False,0.2601807589999225
1831,one_hop,0.05,0.01,0.5,0.2,0.0,0.25,59.32852107902218,0.7775528257738461,False,0.2357816549993003
1831,sagereg,0.05,0.01,0.5,0.2,0.0,0.25,59.32852043615725,0.7775527284764745,False,0.2653897170002892
1832,one_hop,0.05,0.01,0.5,0.2,0.0,0.25,154.3591630265644,0.986199378825058,False,0.2327058600003511
1832,sagereg,0.05,0.01,0.5,0.2,0.0,0.25,154.3591620185912,0.9861994196618096,False,0.2601764650007681
1833,one_hop,0.05,0.01,0.5,0.2,0.0,0.25,121.03220853024916,0.0920429343743985,False,0.237753266999789
1833,sagereg,0.05,0.01,0.5,0.2,0.0,0.25,121.03219686064922,0.0920429337752939,False,0.2681002730005275
1834,one_hop,0.05,0.01,0.5,0.2,0.0,0.25,116.1050168401972,0.8742659169343665,False,0.228940479000812
1834,sagereg,0.05,0.01,0.5,0.2,0.0,0.25,116.1050215995954,0.8742659630562603,False,0.2578345540005102
1835,one_hop,0.05,0.01,0.5,0.2,0.0,0.25,152.8865618101188,1.104814535936056,False,0.2299111680003989
1835,sagereg,0.05,0.01,0.5,0.2,0.0,0.25,152.8865619760525,1.1048145046946087,False,0.2577539029989566
1836,one_hop,0.05,0.01,0.5,0.2,0.0,0.25,179.52582996365672,0.8877107254056573,False,0.2392788380002457
1836,sagereg,0.05,0.01,0.5,0.2,0.0,0.25,179.52583007538942,0.8877107848041189,False,0.270084327999939
1837,one_hop,0.05,0.01,0.5,0.2,0.0,0.25,113.98794087892728,0.293717140574922,False,0.2367948650007747
1837,sagereg,0.05,0.01,0.5,0.2,0.0,0.25,113.9879498526671,0.2937170832365449,False,0.2664019080002617
1838,one_hop,0.05,0.01,0.5,0.2,0.0,0.25,21.26718742143956,0.8155666002345873,False,0.2414462889992137
1838,sagereg,0.05,0.01,0.5,0.2,0.0,0.25,21.267185445990112,0.8155666008872062,False,0.2715122810004686
1839,one_hop,0.05,0.01,0.5,0.2,0.0,0.25,39.0776674510612,0.6939064223173015,False,0.2389072280002437
1839,sagereg,0.05,0.01,0.5,0.2,0.0,0.25,39.07763946497752,0.6939061412188919,False,0.267762641000445
1840,one_hop,0.05,0.01,0.5,0.2,0.5,0.0,131.40367702171702,0.6820821907639437,False,0.2488479179992282
1840,sagereg,0.05,0.01,0.5,0.2,0.5,0.0,131.40381375645626,0.682082433986753,False,0.2773197860005894
1841,one_hop,0.05,0.01,0.5,0.2,0.5,0.0,29.642328365836384,0.6938217898726702,False,0.2502257720007037
1841,sagereg,0.05,0.01,0.5,0.2,0.5,0.0,29.642333826354463,0.6938217773188852,False,0.2795223560005979
1842,one_hop,0.05,0.01,0.5,0.2,0.5,0.0,111.084910281217,0.4071395262025136,False,0.2477059909997478
1842,sagereg,0.05,0.01,0.5,0.2,0.5,0.0,111.0849067072488,0.4071395637182475,False,0.2748386029998073
1843,one_hop,0.05,0.01,0.5,0.2,0.5,0.0,34.129175066638155,0.511969968512311,False,0.2528642140005104
1843,sagereg,0.05,0.01,0.5,0.2,0.5,0.0,34.129173334069925,0.51196995760648,False,0.2818526920000295
1844,one_hop,0.05,0.01,0.5,0.2,0.5,0.0,132.451353009443,1.007734581867777,False,0.2466895929992461
1844,sagereg,0.05,0.01,0.5,0.2,0.5,0.0,132.45135062790055,1.007734634505777,False,0.273789218001184
1845,one_hop,0.05,0.01,0.5,0.2,0.5,0.0,168.1051594182008,0.8979779358701115,False,0.2577523599993583
1845,sagereg,0.05,0.01,0.5,0.2,0.5,0.0,168.10517629202673,0.8979778138573976,False,0.2859674810006254
1846,one_hop,0.05,0.01,0.5,0.2,0.5,0.0,141.31348431747094,0.334049452767346,False,0.2524256140004581
1846,sagereg,0.05,0.01,0.5,0.2,0.5,0.0,141.31347201612076,0.3340495357773232,False,0.2791627419992437
1847,one_hop,0.05,0.01,0.5,0.2,0.5,0.0,166.29028456645045,0.8268108097337151,False,0.2517833609999798
1847,sagereg,0.05,0.01,0.5,0.2,0.5,0.0,166.29028616246094,0.826811060273945,False,0.2799435580000136
1848,one_hop,0.05,0.01,0.5,0.2,0.5,0.0,75.7809691383478,0.3681318549977615,False,0.2495745570013241
1848,sagereg,0.05,0.01,0.5,0.2,0.5,0.0,75.7809676479349,0.3681318741586248,False,0.2783132810000097
1849,one_hop,0.05,0.01,0.5,0.2,0.5,0.0,162.96194010106137,0.3897729829810045,False,0.2483984070004226
1849,sagereg,0.05,0.01,0.5,0.2,0.5,0.0,162.9619508887654,0.3897729165792509,False,0.2770854339996731
1850,one_hop,0.05,0.01,0.5,0.2,0.5,0.0,169.99976429154205,0.5045844989070288,False,0.245727519999491
1850,sagereg,0.05,0.01,0.5,0.2,0.5,0.0,169.99977522997156,0.5045842314091973,False,0.269945727999584
1851,one_hop,0.05,0.01,0.5,0.2,0.5,0.0,61.05127075417389,0.7087301001286382,False,0.2539851859983173
1851,sagereg,0.05,0.01,0.5,0.2,0.5,0.0,61.051266763218734,0.7087301173485788,False,0.2821771840008296
1852,one_hop,0.05,0.01,0.5,0.2,0.5,0.0,58.45512595895048,0.2610106467329813,False,0.2483106159997987
1852,sagereg,0.05,0.01,0.5,0.2,0.5,0.0,58.4551136542829,0.2610106373981572,False,0.2758862330010743
1853,one_hop,0.05,0.01,0.5,0.2,0.5,0.0,42.70636019193714,0.2862301953392693,False,0.2451239419988269
1853,sagereg,0.05,0.01,0.5,0.2,0.5,0.0,42.70637494671044,0.286230012856961,False,0.2714352370003325
1854,one_hop,0.05,0.01,0.5,0.2,0.5,0.0,154.9901405797039,0.8524215682906476,False,0.2556301929998881
1854,sagereg,0.05,0.01,0.5,0.2,0.5,0.0,154.99016707792,0.8524214937847239,False,0.2829111440005363
1855,one_hop,0.05,0.01,0.5,0.2,0.5,0.0,147.8886834918851,0.6089226049074253,False,0.2528719250003632
1855,sagereg,0.05,0.01,0.5,0.2,0.5,0.0,147.88869003082027,0.6089226313671574,False,0.2805703980011458
1856,one_hop,0.05,0.01,0.5,0.2,0.5,0.0,35.18790214862131,0.9282787745969416,False,0.2598741639994841
1856,sagereg,0.05,0.01,0.5,0.2,0.5,0.0,35.18788476668688,0.928278731893677,False,0.2870821209999121
1857,one_hop,0.05,0.01,0.5,0.2,0.5,0.0,120.58929367523676,0.4855258906163474,False,0.2507590099994559
1857,sagereg,0.05,0.01,0.5,0.2,0.5,0.0,120.58922357601368,0.4855262044738137,False,0.2783319239988486
1858,one_hop,0.05,0.01,0.5,0.2,0.5,0.0,55.6432874330204,0.860064737522082,False,0.2528611859997909
1858,sagereg,0.05,0.01,0.5,0.2,0.5,0.0,55.6432740378424,0.8600647896128714,False,0.2815099920007924
1859,one_hop,0.05,0.01,0.5,0.2,0.5,0.0,142.8075712525363,0.7934743817867285,False,0.2447045539993269
1859,sagereg,0.05,0.01,0.5,0.2,0.5,0.0,142.80756513537608,0.7934741969135883,False,0.2714705409998714
1860,one_hop,0.05,0.01,0.5,0.2,0.5,0.25,112.67914499714516,0.7162907063045484,False,0.2368090720010514
1860,sagereg,0.05,0.01,0.5,0.2,0.5,0.25,112.6791438266481,0.7162906852574442,False,0.2651418509994983
1861,one_hop,0.05,0.01,0.5,0.2,0.5,0.25,53.9518354430662,0.5490628814075431,False,0.2360477109996281
1861,sagereg,0.05,0.01,0.5,0.2,0.5,0.25,53.95183377405134,0.549063054587631,False,0.2647077259989601
1862,one_hop,0.05,0.01,0.5,0.2,0.5,0.25,122.96441303259108,0.3032451570264952,False,0.2338364910010568
1862,sagereg,0.05,0.01,0.5,0.2,0.5,0.25,122.96444626727148,0.3032448047437605,False,0.2629994540002371
1863,one_hop,0.05,0.01,0.5,0.2,0.5,0.25,176.75938308903855,0.8254962756902832,False,0.2342950070014922
1863,sagereg,0.05,0.01,0.5,0.2,0.5,0.25,176.7593731244699,0.8254961675827881,False,0.2623319680005807
1864,one_hop,0.05,0.01,0.5,0.2,0.5,0.25,165.37599868171142,0.7101660721946815,False,0.2311293359998671
1864,sagereg,0.05,0.01,0.5,0.2,0.5,0.25,165.37600705272862,0.7101663890998079,False,0.2593787320001866
1865,one_hop,0.05,0.01,0.5,0.2,0.5,0.25,176.91854767336895,0.9356151101804164,False,0.2364097059999039
1865,sagereg,0.05,0.01,0.5,0.2,0.5,0.25,176.9185352568615,0.9356149781018208,False,0.2668291360005241
1866,one_hop,0.05,0.01,0.5,0.2,0.5,0.25,175.3061749992702,0.7871876332443011,False,0.2309585940001852
1866,sagereg,0.05,0.01,0.5,0.2,0.5,0.25,175.30616778659638,0.7871876283862606,False,0.2601889540001139
1867,one_hop,0.05,0.01,0.5,0.2,0.5,0.25,146.62255380624654,1.1865032476627049,False,0.2354640069988818
1867,sagereg,0.05,0.01,0.5,0.2,0.5,0.25,146.62254467715348,1.186503412650747,False,0.2631682939991151
1868,one_hop,0.05,0.01,0.5,0.2,0.5,0.25,63.72438086791641,1.1978071315989622,False,0.2310978209989116
1868,sagereg,0.05,0.01,0.5,0.2,0.5,0.25,63.72438000155671,1.197807129750708,False,0.2582602869988477
1869,one_hop,0.05,0.01,0.5,0.2,0.5,0.25,153.09662665440726,0.8265695094990105,False,0.2319159290000243
1869,sagereg,0.05,0.01,0.5,0.2,0.5,0.25,153.09662616976578,0.8265695625737125,False,0.2619478119995619
1870,one_hop,0.05,0.01,0.5,0.2,0.5,0.25,148.71504168024111,0.3460401665374751,False,0.2364335040001606
1870,sagereg,0.05,0.01,0.5,0.2,0.5,0.25,148.71503706688858,0.3460401660499716,False,0.2671085090005363
1871,one_hop,0.05,0.01,0.5,0.2,0.5,0.25,39.07233348281196,0.6393181617415793,False,0.238989566998498
1871,sagereg,0.05,0.01,0.5,0.2,0.5,0.25,39.072333187841,0.6393180946583841,False,0.2679068249999545
1872,one_hop,0.05,0.01,0.5,0.2,0.5,0.25,87.53125127161931,0.7169638081623495,False,0.2252143639998394
1872,sagereg,0.05,0.01,0.5,0.2,0.5,0.25,87.53125574559428,0.7169638406049156,False,0.2551495580009941
1873,one_hop,0.05,0.01,0.5,0.2,0.5,0.25,146.32595224652243,0.5533030202310394,False,0.2362998909993621
1873,sagereg,0.05,0.01,0.5,0.2,0.5,0.25,146.3259634754797,0.5533032392433999,False,0.2675678249997872
1874,one_hop,0.05,0.01,0.5,0.2,0.5,0.25,137.11224538033747,0.9421219520364246,False,0.2343367949997628
1874,sagereg,0.05,0.01,0.5,0.2,0.5,0.25,137.11223340963943,0.9421222120011584,False,0.264910214998963
1875,one_hop,0.05,0.01,0.5,0.2,0.5,0.25,35.380446011412474,0.6775872321780723,False,0.2419796670001233
1875,sagereg,0.05,0.01,0.5,0.2,0.5,0.25,35.38044109103797,0.6775868924082249,False,0.2690380809999624
1876,one_hop,0.05,0.01,0.5,0.2,0.5,0.25,22.46304895223053,0.3840890974623314,False,0.235769368999172
1876,sagereg,0.05,0.01,0.5,0.2,0.5,0.25,22.46304674921728,0.384089111674093,False,0.2643036160006886
1877,one_hop,0.05,0.01,0.5,0.2,0.5,0.25,118.81563876968428,0.7907627023046698,False,0.2351905239993357
1877,sagereg,0.05,0.01,0.5,0.2,0.5,0.25,118.81568746639894,0.7907629305349505,False,0.263530644999264
1878,one_hop,0.05,0.01,0.5,0.2,0.5,0.25,90.73941082132758,0.509891417991762,False,0.2305956849995709
1878,sagereg,0.05,0.01,0.5,0.2,0.5,0.25,90.7394137627702,0.50989138069825,False,0.2583872140003223
1879,one_hop,0.05,0.01,0.5,0.2,0.5,0.25,92.4446470824779,0.6297720128015957,False,0.2359709569991537
1879,sagereg,0.05,0.01,0.5,0.2,0.5,0.25,92.44465226274338,0.6297720034438108,False,0.2636442999992141
1880,one_hop,0.05,0.01,0.5,0.2,1.0,0.0,93.77513989426748,0.6158428136203271,False,0.2539140829994721
1880,sagereg,0.05,0.01,0.5,0.2,1.0,0.0,93.7751412179986,0.6158427825982011,False,0.2807975779996923
1881,one_hop,0.05,0.01,0.5,0.2,1.0,0.0,75.33353700412914,0.936835608290528,False,0.2453786550013319
1881,sagereg,0.05,0.01,0.5,0.2,1.0,0.0,75.33353308331566,0.936835629940095,False,0.2728655060000164
1882,one_hop,0.05,0.01,0.5,0.2,1.0,0.0,176.13183211944053,0.8871346144515244,False,0.2573869290008588
1882,sagereg,0.05,0.01,0.5,0.2,1.0,0.0,176.1318315336265,0.887134556338551,False,0.2833619829998497
1883,one_hop,0.05,0.01,0.5,0.2,1.0,0.0,99.57353587522267,0.4826983297060902,False,0.2499642059992766
1883,sagereg,0.05,0.01,0.5,0.2,1.0,0.0,99.57352872077144,0.4826982819567023,False,0.2755298550000589
1884,one_hop,0.05,0.01,0.5,0.2,1.0,0.0,106.925386110225,0.787002153014272,False,0.2438545269997121
1884,sagereg,0.05,0.01,0.5,0.2,1.0,0.0,106.92531493656352,0.7870033238054798,False,0.2683017130002554
1885,one_hop,0.05,0.01,0.5,0.2,1.0,0.0,99.46229537748512,0.80802056984635,False,0.2431783400006679
1885,sagereg,0.05,0.01,0.5,0.2,1.0,0.0,99.4622606328408,0.8080202656626942,False,0.267731111998728
1886,one_hop,0.05,0.01,0.5,0.2,1.0,0.0,67.73706390627302,0.6309807718024804,False,0.2434020079999754
1886,sagereg,0.05,0.01,0.5,0.2,1.0,0.0,67.73706058758171,0.630980556447225,False,0.2678787239983649
1887,one_hop,0.05,0.01,0.5,0.2,1.0,0.0,156.73395663347242,0.6487060019717331,False,0.2479058030003216
1887,sagereg,0.05,0.01,0.5,0.2,1.0,0.0,156.73395991739778,0.648705892815887,False,0.2764287090012658
1888,one_hop,0.05,0.01,0.5,0.2,1.0,0.0,89.28983267497217,0.8405334934643666,False,0.2469892169992817
1888,sagereg,0.05,0.01,0.5,0.2,1.0,0.0,89.28983140687703,0.8405334890110235,False,0.2738299590000679
1889,one_hop,0.05,0.01,0.5,0.2,1.0,0.0,172.30809653907895,0.644991708858521,False,0.2533681040004012
1889,sagereg,0.05,0.01,0.5,0.2,1.0,0.0,172.30801115432178,0.6449916787670494,False,0.2802508320000925
1890,one_hop,0.05,0.01,0.5,0.2,1.0,0.0,23.964741686668575,0.2913097030315427,False,0.2561056440008542
1890,sagereg,0.05,0.01,0.5,0.2,1.0,0.0,23.96474239620249,0.2913097304515711,False,0.2817237760009448
1891,one_hop,0.05,0.01,0.5,0.2,1.0,0.0,159.64538998450433,1.065015407671695,False,0.2552870480012643
1891,sagereg,0.05,0.01,0.5,0.2,1.0,0.0,159.64538955370128,1.0650153680336432,False,0.2840065029995458
1892,one_hop,0.05,0.01,0.5,0.2,1.0,0.0,178.3358949127127,0.5713347345938249,False,0.2504117039989069
1892,sagereg,0.05,0.01,0.5,0.2,1.0,0.0,178.33589694660887,0.5713346588921786,False,0.2772770560004574
1893,one_hop,0.05,0.01,0.5,0.2,1.0,0.0,111.16846067948664,1.1642589738045663,False,0.2522892799988767
1893,sagereg,0.05,0.01,0.5,0.2,1.0,0.0,111.16844251908044,1.1642589534512455,False,0.2755446800001664
1894,one_hop,0.05,0.01,0.5,0.2,1.0,0.0,170.12486831667442,0.7041233074540331,False,0.2538204140000744
1894,sagereg,0.05,0.01,0.5,0.2,1.0,0.0,170.12486821846343,0.7041234058843567,False,0.2801646309999341
1895,one_hop,0.05,0.01,0.5,0.2,1.0,0.0,133.40594712459708,0.8500377523641561,False,0.245674470999802
1895,sagereg,0.05,0.01,0.5,0.2,1.0,0.0,133.40593736889636,0.8500377783696862,False,0.2750025969999115
1896,one_hop,0.05,0.01,0.5,0.2,1.0,0.0,64.20394106972617,1.1717385302599186,False,0.2471890859997074
1896,sagereg,0.05,0.01,0.5,0.2,1.0,0.0,64.20394639540591,1.1717382770263245,False,0.2750416540002334
1897,one_hop,0.05,0.01,0.5,0.2,1.0,0.0,103.89472835080258,0.7665732534942025,False,0.2432788559999608
1897,sagereg,0.05,0.01,0.5,0.2,1.0,0.0,103.89473005811718,0.7665732257019908,False,0.2679093919996376
1898,one_hop,0.05,0.01,0.5,0.2,1.0,0.0,124.0280463334484,1.048744970725901,False,0.2527012819991796
1898,sagereg,0.05,0.01,0.5,0.2,1.0,0.0,124.02806549407204,1.0487445544939578,False,0.2780833190008707
1899,one_hop,0.05,0.01,0.5,0.2,1.0,0.0,51.02420398136412,0.7529402325143305,False,0.252337867001188
1899,sagereg,0.05,0.01,0.5,0.2,1.0,0.0,51.02418821259361,0.7529393132688861,False,0.2794254199998249
1900,one_hop,0.05,0.01,0.5,0.2,1.0,0.25,142.8280466425277,0.8524072788343603,False,0.2380518279987882
1900,sagereg,0.05,0.01,0.5,0.2,1.0,0.25,142.82806194401212,0.8524074395545352,False,0.2674471010013803
1901,one_hop,0.05,0.01,0.5,0.2,1.0,0.25,128.4996187456634,0.8789430274282116,False,0.2318324190000567
1901,sagereg,0.05,0.01,0.5,0.2,1.0,0.25,128.49963712552648,0.8789430778105342,False,0.260039668999525
1902,one_hop,0.05,0.01,0.5,0.2,1.0,0.25,125.35219596646326,0.4461273080080354,False,0.2332090809995861
1902,sagereg,0.05,0.01,0.5,0.2,1.0,0.25,125.35219182908683,0.4461273488620417,False,0.2613171070006501
1903,one_hop,0.05,0.01,0.5,0.2,1.0,0.25,112.11437016452189,0.3215329730664581,False,0.2335263330005546
1903,sagereg,0.05,0.01,0.5,0.2,1.0,0.25,112.1143844040854,0.3215329945496525,False,0.2626565999999002
1904,one_hop,0.05,0.01,0.5,0.2,1.0,0.25,143.2240381431669,0.7691269845813736,False,0.2341705649996583
1904,sagereg,0.05,0.01,0.5,0.2,1.0,0.25,143.22404089285448,0.7691270020614919,False,0.2657406640009867
1905,one_hop,0.05,0.01,0.5,0.2,1.0,0.25,118.91503254567615,0.7284519093731665,False,0.2303915820011752
1905,sagereg,0.05,0.01,0.5,0.2,1.0,0.25,118.91507968884056,0.728452827010559,False,0.2585125369987509
1906,one_hop,0.05,0.01,0.5,0.2,1.0,0.25,171.9361309877753,0.6783583272796574,False,0.2320174749984289
1906,sagereg,0.05,0.01,0.5,0.2,1.0,0.25,171.93612930191375,0.6783581892392804,False,0.2600667129991052
1907,one_hop,0.05,0.01,0.5,0.2,1.0,0.25,151.9316296036879,0.5176887792651895,False,0.2309720709999965
1907,sagereg,0.05,0.01,0.5,0.2,1.0,0.25,151.93163552293038,0.5176887928157173,False,0.2595590979999542
1908,one_hop,0.05,0.01,0.5,0.2,1.0,0.25,171.68733044209785,0.6573092180938339,False,0.2370584330001293
1908,sagereg,0.05,0.01,0.5,0.2,1.0,0.25,171.6873335792136,0.6573094142276612,False,0.267446926998673
1909,one_hop,0.05,0.01,0.5,0.2,1.0,0.25,120.2520756584105,0.9485454817461776,False,0.2323308889990585
1909,sagereg,0.05,0.01,0.5,0.2,1.0,0.25,120.25208277907645,0.9485455935257946,False,0.2603605460008111
1910,one_hop,0.05,0.01,0.5,0.2,1.0,0.25,118.7458380860453,0.4527164903161574,False,0.2324571139997715
1910,sagereg,0.05,0.01,0.5,0.2,1.0,0.25,118.74584410314525,0.4527164701195738,False,0.2622185149994038
1911,one_hop,0.05,0.01,0.5,0.2,1.0,0.25,19.31010473933457,0.9790521824282636,False,0.2264798619999055
1911,sagereg,0.05,0.01,0.5,0.2,1.0,0.25,19.310104739296897,0.9790521888713548,False,0.256095920000007
1912,one_hop,0.05,0.01,0.5,0.2,1.0,0.25,149.38770271303255,0.7369382446308104,False,0.2379996139989089
1912,sagereg,0.05,0.01,0.5,0.2,1.0,0.25,149.3876511286046,0.73693798954916,False,0.2675870749990281
1913,one_hop,0.05,0.01,0.5,0.2,1.0,0.25,160.99396668991594,0.5783714101636775,False,0.2388271629988594
1913,sagereg,0.05,0.01,0.5,0.2,1.0,0.25,160.99394998272652,0.5783712643331321,False,0.2656694739998784
1914,one_hop,0.05,0.01,0.5,0.2,1.0,0.25,88.5925177899028,0.4024911085752058,False,0.240987604998736
1914,sagereg,0.05,0.01,0.5,0.2,1.0,0.25,88.59249557878516,0.402490980055774,False,0.2700376230004622
1915,one_hop,0.05,0.01,0.5,0.2,1.0,0.25,110.4744675713116,0.8356437561619404,False,0.2341652300001442
1915,sagereg,0.05,0.01,0.5,0.2,1.0,0.25,110.47445727165658,0.83564384521786,False,0.260661397000149
1916,one_hop,0.05,0.01,0.5,0.2,1.0,0.25,51.73739313449664,0.905417508415685,False,0.2350580109996372
1916,sagereg,0.05,0.01,0.5,0.2,1.0,0.25,51.73742015824404,0.905417642863908,False,0.2639379690008354
1917,one_hop,0.05,0.01,0.5,0.2,1.0,0.25,88.23085072528126,0.822030067244961,False,0.2296670759988046
1917,sagereg,0.05,0.01,0.5,0.2,1.0,0.25,88.2308540729799,0.8220300461736753,False,0.2580624660004105
1918,one_hop,0.05,0.01,0.5,0.2,1.0,0.25,142.2815735196174,0.6927455909707171,False,0.2387388660008582
1918,sagereg,0.05,0.01,0.5,0.2,1.0,0.25,142.281576619414,0.6927455800347898,False,0.2685634380013653
1919,one_hop,0.05,0.01,0.5,0.2,1.0,0.25,64.18967731903993,0.6582894758290195,False,0.2352151209997828
1919,sagereg,0.05,0.01,0.5,0.2,1.0,0.25,64.1896819545799,0.6582894402304054,False,0.264645481000116
1920,one_hop,0.05,0.01,0.5,0.8,0.0,0.0,71.08187386976604,0.6273752879894647,False,0.2599836220015277
1920,sagereg,0.05,0.01,0.5,0.8,0.0,0.0,71.08187475628569,0.6273753005762258,False,0.2904104439985531
1921,one_hop,0.05,0.01,0.5,0.8,0.0,0.0,80.57254157803436,0.2445299118895999,False,0.2687689419999515
1921,sagereg,0.05,0.01,0.5,0.8,0.0,0.0,80.57254398170295,0.2445299526492204,False,0.296500525000738
1922,one_hop,0.05,0.01,0.5,0.8,0.0,0.0,138.48440005837742,0.5768024064348813,False,0.2662274680005794
1922,sagereg,0.05,0.01,0.5,0.8,0.0,0.0,138.48439956328332,0.576802454810899,False,0.2975316310003109
1923,one_hop,0.05,0.01,0.5,0.8,0.0,0.0,120.64410660852003,0.7734300303371825,False,0.2638712839998334
1923,sagereg,0.05,0.01,0.5,0.8,0.0,0.0,120.6441070765244,0.7734300188832474,False,0.2988870340013818
1924,one_hop,0.05,0.01,0.5,0.8,0.0,0.0,57.36622819677884,1.203600253861722,False,0.264998683000158
1924,sagereg,0.05,0.01,0.5,0.8,0.0,0.0,57.36622975048711,1.2036002112604631,False,0.2948863140009052
1925,one_hop,0.05,0.01,0.5,0.8,0.0,0.0,117.44658001770416,0.8970046134402396,False,0.262670887999775
1925,sagereg,0.05,0.01,0.5,0.8,0.0,0.0,117.446580028232,0.8970046109938031,False,0.2910292240012495
1926,one_hop,0.05,0.01,0.5,0.8,0.0,0.0,110.87258598912824,0.4184955778634117,False,0.2587476630014862
1926,sagereg,0.05,0.01,0.5,0.8,0.0,0.0,110.87257830856852,0.4184956220095718,False,0.2903175769988593
1927,one_hop,0.05,0.01,0.5,0.8,0.0,0.0,139.07878582046797,0.5646579278865095,False,0.261807154998678
1927,sagereg,0.05,0.01,0.5,0.8,0.0,0.0,139.0787866218699,0.5646579637133279,False,0.2887942040015332
1928,one_hop,0.05,0.01,0.5,0.8,0.0,0.0,112.9867528187184,0.5009271533439438,False,0.2635736339998402
1928,sagereg,0.05,0.01,0.5,0.8,0.0,0.0,112.98675402313408,0.500927171233127,False,0.2936956199991982
1929,one_hop,0.05,0.01,0.5,0.8,0.0,0.0,133.8732211488095,0.8229779788183736,False,0.2675922180005727
1929,sagereg,0.05,0.01,0.5,0.8,0.0,0.0,133.87321915147888,0.8229777487698264,False,0.2962251569988439
1930,one_hop,0.05,0.01,0.5,0.8,0.0,0.0,179.1786412376603,0.7292634098594767,False,0.2693999219991383
1930,sagereg,0.05,0.01,0.5,0.8,0.0,0.0,179.17863057657152,0.7292637744643342,False,0.2980852580003557
1931,one_hop,0.05,0.01,0.5,0.8,0.0,0.0,172.15068743778232,0.3909326391749805,False,0.2598923549994651
1931,sagereg,0.05,0.01,0.5,0.8,0.0,0.0,172.15068675360783,0.3909326029451597,False,0.2868956049987901
1932,one_hop,0.05,0.01,0.5,0.8,0.0,0.0,111.33996732025376,0.5322417327020303,False,0.2662248249998811
1932,sagereg,0.05,0.01,0.5,0.8,0.0,0.0,111.3399670598086,0.5322417367091152,False,0.2911500999998679
1933,one_hop,0.05,0.01,0.5,0.8,0.0,0.0,129.8172267189721,0.8623011193124726,False,0.2598528130001796
1933,sagereg,0.05,0.01,0.5,0.8,0.0,0.0,129.81722661241847,0.8623011329071455,False,0.288554696000574
1934,one_hop,0.05,0.01,0.5,0.8,0.0,0.0,151.39990966787656,0.8685119591800586,False,0.264811725999607
1934,sagereg,0.05,0.01,0.5,0.8,0.0,0.0,151.3999063010949,0.8685119273211548,False,0.2930714079993777
1935,one_hop,0.05,0.01,0.5,0.8,0.0,0.0,82.79842812499469,1.0710637599642872,False,0.2631364410008245
1935,sagereg,0.05,0.01,0.5,0.8,0.0,0.0,82.79842807482316,1.0710637635025422,False,0.297639699998399
1936,one_hop,0.05,0.01,0.5,0.8,0.0,0.0,117.94211456323843,1.1007583883331074,False,0.2632539950009231
1936,sagereg,0.05,0.01,0.5,0.8,0.0,0.0,117.9421148907692,1.1007584217430324,False,0.2948236640004325
1937,one_hop,0.05,0.01,0.5,0.8,0.0,0.0,24.26883909460095,0.5676805616573924,False,0.2638058850006928
1937,sagereg,0.05,0.01,0.5,0.8,0.0,0.0,24.26883830860173,0.5676807107785318,False,0.2912539110002399
1938,one_hop,0.05,0.01,0.5,0.8,0.0,0.0,85.4675468733781,0.507733271411146,False,0.2596886259998427
1938,sagereg,0.05,0.01,0.5,0.8,0.0,0.0,85.46754305064314,0.5077332449926818,False,0.2912038659997051
1939,one_hop,0.05,0.01,0.5,0.8,0.0,0.0,148.4453644623079,0.9419720995902156,False,0.271850342000107
1939,sagereg,0.05,0.01,0.5,0.8,0.0,0.0,148.44536508728126,0.9419721021581,False,0.3018222589998913
1940,one_hop,0.05,0.01,0.5,0.8,0.0,0.25,172.89325069290726,1.1642245676419587,False,0.2455856699998548
1940,sagereg,0.05,0.01,0.5,0.8,0.0,0.25,172.8932515695436,1.1642246259907447,False,0.2771832240014191
1941,one_hop,0.05,0.01,0.5,0.8,0.0,0.25,111.02299003202592,0.3646792526869677,False,0.2531254810000973
1941,sagereg,0.05,0.01,0.5,0.8,0.0,0.25,111.02299043288411,0.3646792308114727,False,0.2848462900001323
1942,one_hop,0.05,0.01,0.5,0.8,0.0,0.25,135.17923962264572,0.8192570045273952,False,0.2468446450002375
1942,sagereg,0.05,0.01,0.5,0.8,0.0,0.25,135.17923973629348,0.8192570160342367,False,0.2786473899996053
1943,one_hop,0.05,0.01,0.5,0.8,0.0,0.25,86.52811449709743,0.5712032331135142,False,0.2399203889999626
1943,sagereg,0.05,0.01,0.5,0.8,0.0,0.25,86.52811524574643,0.5712032321203927,False,0.2715932439987227
1944,one_hop,0.05,0.01,0.5,0.8,0.0,0.25,139.24102260972543,0.7209085957592012,False,0.2540401690002909
1944,sagereg,0.05,0.01,0.5,0.8,0.0,0.25,139.24101715648985,0.7209086981962379,False,0.2839697449999221
1945,one_hop,0.05,0.01,0.5,0.8,0.0,0.25,158.27200899120095,0.4257615852650098,False,0.2508719690013095
1945,sagereg,0.05,0.01,0.5,0.8,0.0,0.25,158.27200746200617,0.4257615399264732,False,0.2829083060005359
1946,one_hop,0.05,0.01,0.5,0.8,0.0,0.25,132.82760409491974,0.5033330001716048,False,0.250362151000445
1946,sagereg,0.05,0.01,0.5,0.8,0.0,0.25,132.8276076867971,0.5033330879214061,False,0.2813167149997753
1947,one_hop,0.05,0.01,0.5,0.8,0.0,0.25,118.38525422933697,0.2675662933082107,False,0.2504405159997986
1947,sagereg,0.05,0.01,0.5,0.8,0.0,0.25,118.38525643937362,0.2675662462587012,False,0.2780316560001665
1948,one_hop,0.05,0.01,0.5,0.8,0.0,0.25,114.07649977070828,0.7046824177329218,False,0.246348343000136
1948,sagereg,0.05,0.01,0.5,0.8,0.0,0.25,114.0765018688739,0.7046824445106373,False,0.2765978320003341
1949,one_hop,0.05,0.01,0.5,0.8,0.0,0.25,152.72153479193128,0.652691787285514,False,0.247782874999757
1949,sagereg,0.05,0.01,0.5,0.8,0.0,0.25,152.72153543524544,0.6526917713248058,False,0.2800104950001696
1950,one_hop,0.05,0.01,0.5,0.8,0.0,0.25,122.98980145651213,0.3425424158103,False,0.2477962909997586
1950,sagereg,0.05,0.01,0.5,0.8,0.0,0.25,122.98979859086664,0.3425423709599711,False,0.278051911998773
1951,one_hop,0.05,0.01,0.5,0.8,0.0,0.25,40.33017240339696,0.6931112800360429,False,0.2458447240005625
1951,sagereg,0.05,0.01,0.5,0.8,0.0,0.25,40.33017196823008,0.6931112955126818,False,0.2773327150007389
1952,one_hop,0.05,0.01,0.5,0.8,0.0,0.25,49.78642813085438,0.6779375256187087,False,0.2398202030017273
1952,sagereg,0.05,0.01,0.5,0.8,0.0,0.25,49.78642773126607,0.6779375131677327,False,0.2699659139998402
1953,one_hop,0.05,0.01,0.5,0.8,0.0,0.25,166.71963288104098,0.9807689874874116,False,0.2467247010008577
1953,sagereg,0.05,0.01,0.5,0.8,0.0,0.25,166.71963353737655,0.9807690084198242,False,0.2787517540000408
1954,one_hop,0.05,0.01,0.5,0.8,0.0,0.25,81.06874168615661,0.6332664733150398,False,0.2500629229998594
1954,sagereg,0.05,0.01,0.5,0.8,0.0,0.25,81.06874775377032,0.6332665462802796,False,0.2798947700011922
1955,one_hop,0.05,0.01,0.5,0.8,0.0,0.25,100.7221428606686,0.4358433524353071,False,0.2413465680001536
1955,sagereg,0.05,0.01,0.5,0.8,0.0,0.25,100.7221419626967,0.435843300282345,False,0.2723674099997879
1956,one_hop,0.05,0.01,0.5,0.8,0.0,0.25,133.9216472257514,0.658457219793371,False,0.2494392970002081
1956,sagereg,0.05,0.01,0.5,0.8,0.0,0.25,133.92164799540544,0.6584572177254947,False,0.2796074310008407
1957,one_hop,0.05,0.01,0.5,0.8,0.0,0.25,177.75778404760212,0.5506167213465015,False,0.2434245370004646
1957,sagereg,0.05,0.01,0.5,0.8,0.0,0.25,177.75778668779117,0.550616691072519,False,0.276669849999962
1958,one_hop,0.05,0.01,0.5,0.8,0.0,0.25,50.85412319969892,0.3725802913329922,False,0.2468074329990486
1958,sagereg,0.05,0.01,0.5,0.8,0.0,0.25,50.85412141554495,0.3725803266387504,False,0.2770581700006005
1959,one_hop,0.05,0.01,0.5,0.8,0.0,0.25,179.52934102599028,0.8607726785891672,False,0.2436792709995643
1959,sagereg,0.05,0.01,0.5,0.8,0.0,0.25,179.52934029781824,0.8607726993399342,False,0.2736915969999245
1960,one_hop,0.05,0.01,0.5,0.8,0.5,0.0,161.8358166478446,0.2780364625986904,False,0.2673332889989979
1960,sagereg,0.05,0.01,0.5,0.8,0.5,0.0,161.83581656686292,0.2780364653678414,False,0.2981564719993912
1961,one_hop,0.05,0.01,0.5,0.8,0.5,0.0,134.32120244289493,0.4973159699079307,False,0.2564854129996092
1961,sagereg,0.05,0.01,0.5,0.8,0.5,0.0,134.32120231540867,0.4973159848013796,False,0.2839402330009761
1962,one_hop,0.05,0.01,0.5,0.8,0.5,0.0,107.54449899646391,0.7228303847841678,False,0.2557661729988467
1962,sagereg,0.05,0.01,0.5,0.8,0.5,0.0,107.54450118633518,0.722830411083881,False,0.2859436689996073
1963,one_hop,0.05,0.01,0.5,0.8,0.5,0.0,99.2883838143936,0.9195641942783724,False,0.2636510070005897
1963,sagereg,0.05,0.01,0.5,0.8,0.5,0.0,99.2883846541851,0.9195642384526173,False,0.2914863869991677
1964,one_hop,0.05,0.01,0.5,0.8,0.5,0.0,64.59412093974868,0.71816424420401,False,0.2601210070006345
1964,sagereg,0.05,0.01,0.5,0.8,0.5,0.0,64.59411900509645,0.7181642218707401,False,0.2885579049998341
1965,one_hop,0.05,0.01,0.5,0.8,0.5,0.0,113.4230211292519,0.7132333909503548,False,0.2680822290003561
1965,sagereg,0.05,0.01,0.5,0.8,0.5,0.0,113.4230194090924,0.7132333974337985,False,0.299334228000589
1966,one_hop,0.05,0.01,0.5,0.8,0.5,0.0,126.82277798999682,0.4788741848801447,False,0.2584099040013825
1966,sagereg,0.05,0.01,0.5,0.8,0.5,0.0,126.82277627078028,0.4788742989685999,False,0.2891817149993585
1967,one_hop,0.05,0.01,0.5,0.8,0.5,0.0,157.29169640260585,0.4731499685990909,False,0.2600613170016004
1967,sagereg,0.05,0.01,0.5,0.8,0.5,0.0,157.29169782620372,0.4731499803250576,False,0.2906730680006149
1968,one_hop,0.05,0.01,0.5,0.8,0.5,0.0,179.88986396832388,0.8254980579976202,False,0.2563296509997599
1968,sagereg,0.05,0.01,0.5,0.8,0.5,0.0,179.88986504631592,0.8254980027159013,False,0.2839185770008043
1969,one_hop,0.05,0.01,0.5,0.8,0.5,0.0,171.58021381585814,1.240637346940737,False,0.2542385119995742
1969,sagereg,0.05,0.01,0.5,0.8,0.5,0.0,171.58021337913894,1.2406373346935218,False,0.2806620250012202
1970,one_hop,0.05,0.01,0.5,0.8,0.5,0.0,170.29168159519332,0.503399115555228,False,0.2638897619999625
1970,sagereg,0.05,0.01,0.5,0.8,0.5,0.0,170.29168019756025,0.503399081627888,False,0.2910730519997742
1971,one_hop,0.05,0.01,0.5,0.8,0.5,0.0,62.38372331041304,0.3000516207402459,False,0.2577428910008166
1971,sagereg,0.05,0.01,0.5,0.8,0.5,0.0,62.38371333438972,0.300051568082691,False,0.2882650249994185
1972,one_hop,0.05,0.01,0.5,0.8,0.5,0.0,165.44358049527258,0.5228117748803616,False,0.2592486829998961
1972,sagereg,0.05,0.01,0.5,0.8,0.5,0.0,165.4435773593694,0.5228117716166872,False,0.2891743149993999
1973,one_hop,0.05,0.01,0.5,0.8,0.5,0.0,129.85709446281035,0.7375641668964402,False,0.2624089990003995
1973,sagereg,0.05,0.01,0.5,0.8,0.5,0.0,129.8570955674027,0.7375642101803307,False,0.2906448350004211
1974,one_hop,0.05,0.01,0.5,0.8,0.5,0.0,140.79330134990292,0.4705571496528301,False,0.2616859970003133
1974,sagereg,0.05,0.01,0.5,0.8,0.5,0.0,140.79330220284857,0.470557181139902,False,0.2900337350001791
1975,one_hop,0.05,0.01,0.5,0.8,0.5,0.0,110.53454868221182,0.7768939914623861,False,0.2595390000005864
1975,sagereg,0.05,0.01,0.5,0.8,0.5,0.0,110.5345490974538,0.7768940133127538,False,0.2875228760003665
1976,one_hop,0.05,0.01,0.5,0.8,0.5,0.0,136.41783333271167,0.2482498997755997,False,0.2578828259993315
1976,sagereg,0.05,0.01,0.5,0.8,0.5,0.0,136.41783334811515,0.2482498978283646,False,0.2880876819999685
1977,one_hop,0.05,0.01,0.5,0.8,0.5,0.0,135.09329167975923,0.4692228142816525,False,0.257842442000765
1977,sagereg,0.05,0.01,0.5,0.8,0.5,0.0,135.09329014337325,0.4692226687569133,False,0.2872233480011346
1978,one_hop,0.05,0.01,0.5,0.8,0.5,0.0,58.217746932771526,0.3398050260287296,False,0.259059089999937
1978,sagereg,0.05,0.01,0.5,0.8,0.5,0.0,58.21775161177419,0.3398049212331551,False,0.2869375219997891
1979,one_hop,0.05,0.01,0.5,0.8,0.5,0.0,120.29232681654533,0.594731745784681,False,0.263991428000736
1979,sagereg,0.05,0.01,0.5,0.8,0.5,0.0,120.29229019436178,0.5947314646894335,False,0.2971389279991854
1980,one_hop,0.05,0.01,0.5,0.8,0.5,0.25,64.34321265089976,0.4522624502200406,False,0.2475755300001765
1980,sagereg,0.05,0.01,0.5,0.8,0.5,0.25,64.34318615273574,0.4522622838610351,False,0.2788422390003688
1981,one_hop,0.05,0.01,0.5,0.8,0.5,0.25,44.01132568524984,0.867930456478268,False,0.250712654000381
1981,sagereg,0.05,0.01,0.5,0.8,0.5,0.25,44.01132718452676,0.8679304688905746,False,0.2815794159996585
1982,one_hop,0.05,0.01,0.5,0.8,0.5,0.25,77.24869285167874,0.869718957892931,False,0.2433898859999317
1982,sagereg,0.05,0.01,0.5,0.8,0.5,0.25,77.2486932668102,0.8697189451617116,False,0.2751459779992729
1983,one_hop,0.05,0.01,0.5,0.8,0.5,0.25,93.42837683584078,0.4240922288816772,False,0.2474684980006714
1983,sagereg,0.05,0.01,0.5,0.8,0.5,0.25,93.42837823301174,0.4240921870188993,False,0.2755502229992999
1984,one_hop,0.05,0.01,0.5,0.8,0.5,0.25,87.32068430041441,0.2539026776078505,False,0.2448669300010806
1984,sagereg,0.05,0.01,0.5,0.8,0.5,0.25,87.32068671562936,0.2539025962927851,False,0.2769378810007765
1985,one_hop,0.05,0.01,0.5,0.8,0.5,0.25,47.61373863307164,0.4888599459815503,False,0.2493743930008349
1985,sagereg,0.05,0.01,0.5,0.8,0.5,0.25,47.61372861833241,0.4888599960934431,False,0.2809383559997513
1986,one_hop,0.05,0.01,0.5,0.8,0.5,0.25,159.72536230658497,0.5991914362390016,False,0.2464589880000858
1986,sagereg,0.05,0.01,0.5,0.8,0.5,0.25,159.72535492724737,0.5991909953438755,False,0.2767702889996144
1987,one_hop,0.05,0.01,0.5,0.8,0.5,0.25,143.04232531669155,0.6849672325280383,False,0.2435640900002909
1987,sagereg,0.05,0.01,0.5,0.8,0.5,0.25,143.04232827341758,0.6849672356987447,False,0.2743287779994716
1988,one_hop,0.05,0.01,0.5,0.8,0.5,0.25,102.4878538489546,0.8738084348452606,False,0.2491888539989304
1988,sagereg,0.05,0.01,0.5,0.8,0.5,0.25,102.48785252783328,0.873808415787108,False,0.2807131760000629
1989,one_hop,0.05,0.01,0.5,0.8,0.5,0.25,51.04866568806055,0.7141167776329695,False,0.2465980520009907
1989,sagereg,0.05,0.01,0.5,0.8,0.5,0.25,51.048666661190666,0.7141168093619417,False,0.2780513969992171
1990,one_hop,0.05,0.01,0.5,0.8,0.5,0.25,140.9309111988603,0.6374808470910285,False,0.2418045280010119
1990,sagereg,0.05,0.01,0.5,0.8,0.5,0.25,140.930911559901,0.6374808386743585,False,0.2733284900004946
1991,one_hop,0.05,0.01,0.5,0.8,0.5,0.25,70.54472429003162,0.8125192872454574,False,0.2453404540010524
1991,sagereg,0.05,0.01,0.5,0.8,0.5,0.25,70.54472093329895,0.8125194153259302,False,0.2765920869987894
1992,one_hop,0.05,0.01,0.5,0.8,0.5,0.25,74.68762875947026,0.5315785658513591,False,0.2456871410013263
1992,sagereg,0.05,0.01,0.5,0.8,0.5,0.25,74.68762992227674,0.5315785322222507,False,0.2767433579992939
1993,one_hop,0.05,0.01,0.5,0.8,0.5,0.25,151.48869354490432,0.4844843513468212,False,0.2470635970003059
1993,sagereg,0.05,0.01,0.5,0.8,0.5,0.25,151.48869303371183,0.4844843136696353,False,0.2776041300003271
1994,one_hop,0.05,0.01,0.5,0.8,0.5,0.25,70.79327495001557,0.515167808420724,False,0.2440787720006483
1994,sagereg,0.05,0.01,0.5,0.8,0.5,0.25,70.79333294589752,0.5151683945502401,False,0.273770155999955
1995,one_hop,0.05,0.01,0.5,0.8,0.5,0.25,149.41352210952203,1.0880183146785627,False,0.2486312900000484
1995,sagereg,0.05,0.01,0.5,0.8,0.5,0.25,149.41352036888506,1.088018324190155,False,0.2794020590008585
1996,one_hop,0.05,0.01,0.5,0.8,0.5,0.25,113.19309431516064,0.8150463774977907,False,0.2445630430011078
1996,sagereg,0.05,0.01,0.5,0.8,0.5,0.25,113.19309744397086,0.8150465240277908,False,0.2739435900002718
1997,one_hop,0.05,0.01,0.5,0.8,0.5,0.25,135.48829842425266,1.140597258137609,False,0.2409960010008944
1997,sagereg,0.05,0.01,0.5,0.8,0.5,0.25,135.48830397311818,1.1405972695925062,False,0.2754480460007471
1998,one_hop,0.05,0.01,0.5,0.8,0.5,0.25,83.1311784561749,0.8396030624388853,False,0.2413063089989009
1998,sagereg,0.05,0.01,0.5,0.8,0.5,0.25,83.13117862988565,0.8396030705031009,False,0.2727416240013554
1999,one_hop,0.05,0.01,0.5,0.8,0.5,0.25,82.58362185069275,0.4323180017033274,False,0.2442249089999677
1999,sagereg,0.05,0.01,0.5,0.8,0.5,0.25,82.5836192740416,0.4323178218390492,False,0.2739629879997665
2000,one_hop,0.05,0.01,0.5,0.8,1.0,0.0,12.199050174940504,0.6119249457893104,False,0.2578707459997531
2000,sagereg,0.05,0.01,0.5,0.8,1.0,0.0,12.199050388162297,0.6119249237237918,False,0.2849245459983649
2001,one_hop,0.05,0.01,0.5,0.8,1.0,0.0,123.0418519246718,1.1097885426970775,False,0.2557363510004506
2001,sagereg,0.05,0.01,0.5,0.8,1.0,0.0,123.0418580443941,1.1097890334192624,False,0.2849697959991317
2002,one_hop,0.05,0.01,0.5,0.8,1.0,0.0,111.27415985244328,0.7818896587096883,False,0.2556731849999778
2002,sagereg,0.05,0.01,0.5,0.8,1.0,0.0,111.27415820102786,0.7818895839822259,False,0.2825028789993666
2003,one_hop,0.05,0.01,0.5,0.8,1.0,0.0,88.20754750467867,1.0379693137883186,False,0.2588247789990419
2003,sagereg,0.05,0.01,0.5,0.8,1.0,0.0,88.20754982175852,1.0379693597273234,False,0.2863246209999488
2004,one_hop,0.05,0.01,0.5,0.8,1.0,0.0,123.85631779619315,0.9498801131099922,False,0.2612750109983608
2004,sagereg,0.05,0.01,0.5,0.8,1.0,0.0,123.8563201591828,0.9498800260797609,False,0.2888922530000855
2005,one_hop,0.05,0.01,0.5,0.8,1.0,0.0,93.22799303043077,0.5112604157008909,False,0.2557454080015304
2005,sagereg,0.05,0.01,0.5,0.8,1.0,0.0,93.22799703320231,0.5112605663932585,False,0.2842476340010762
2006,one_hop,0.05,0.01,0.5,0.8,1.0,0.0,90.35586744704618,0.2198033250574427,False,0.2670123299994884
2006,sagereg,0.05,0.01,0.5,0.8,1.0,0.0,90.35587655937783,0.2198021593305882,False,0.2931759700004477
2007,one_hop,0.05,0.01,0.5,0.8,1.0,0.0,161.1373440257272,0.4703668892418211,False,0.256901654000103
2007,sagereg,0.05,0.01,0.5,0.8,1.0,0.0,161.13734339593836,0.47036689624628,False,0.2842141750006703
2008,one_hop,0.05,0.01,0.5,0.8,1.0,0.0,75.65174933583113,0.2242922610294063,False,0.2662419940006657
2008,sagereg,0.05,0.01,0.5,0.8,1.0,0.0,75.65174398735569,0.2242923457085632,False,0.2937117799992847
2009,one_hop,0.05,0.01,0.5,0.8,1.0,0.0,175.85021941840458,0.5995258332482929,False,0.2601689509992866
2009,sagereg,0.05,0.01,0.5,0.8,1.0,0.0,175.8502202636743,0.5995258533541619,False,0.2907100590000482
2010,one_hop,0.05,0.01,0.5,0.8,1.0,0.0,97.73229603767231,0.2012786875801742,False,0.2550275890007469
2010,sagereg,0.05,0.01,0.5,0.8,1.0,0.0,97.73229872892196,0.2012787013799202,False,0.2826118550001411
2011,one_hop,0.05,0.01,0.5,0.8,1.0,0.0,24.52742636385969,0.7002322488963326,False,0.2638372349993005
2011,sagereg,0.05,0.01,0.5,0.8,1.0,0.0,24.527428797643317,0.7002322777856638,False,0.2914138950000051
2012,one_hop,0.05,0.01,0.5,0.8,1.0,0.0,80.99849572576967,0.990424106047188,False,0.262382262999381
2012,sagereg,0.05,0.01,0.5,0.8,1.0,0.0,80.9984964921174,0.990424103191869,False,0.2915693750001082
2013,one_hop,0.05,0.01,0.5,0.8,1.0,0.0,161.5360631841566,0.8737387353091752,False,0.2574970109999412
2013,sagereg,0.05,0.01,0.5,0.8,1.0,0.0,161.5360620803693,0.8737386705387721,False,0.2882972529987455
2014,one_hop,0.05,0.01,0.5,0.8,1.0,0.0,128.73133012233097,0.3770054898296472,False,0.2592405039995356
2014,sagereg,0.05,0.01,0.5,0.8,1.0,0.0,128.731331151073,0.3770054277824827,False,0.2875436970007285
2015,one_hop,0.05,0.01,0.5,0.8,1.0,0.0,42.74629681785168,0.6112506843936004,False,0.2551072919995931
2015,sagereg,0.05,0.01,0.5,0.8,1.0,0.0,42.74629846488088,0.611250791997552,False,0.2814799779989698
2016,one_hop,0.05,0.01,0.5,0.8,1.0,0.0,118.01562074473397,0.8332103336603607,False,0.2575363839987403
2016,sagereg,0.05,0.01,0.5,0.8,1.0,0.0,118.01562092502368,0.8332102729008911,False,0.2870441220002249
2017,one_hop,0.05,0.01,0.5,0.8,1.0,0.0,169.27783703461188,0.6246089469492354,False,0.2605257229988638
2017,sagereg,0.05,0.01,0.5,0.8,1.0,0.0,169.27784061659716,0.6246089420462853,False,0.2898481829997763
2018,one_hop,0.05,0.01,0.5,0.8,1.0,0.0,66.40552905840728,0.5811626550132184,False,0.2584133360014675
2018,sagereg,0.05,0.01,0.5,0.8,1.0,0.0,66.40553295837745,0.5811626767818214,False,0.2885982669995428
2019,one_hop,0.05,0.01,0.5,0.8,1.0,0.0,77.13281674365129,0.90867753279547,False,0.2621825129990611
2019,sagereg,0.05,0.01,0.5,0.8,1.0,0.0,77.13281375151846,0.908677599674758,False,0.2904752409995126
2020,one_hop,0.05,0.01,0.5,0.8,1.0,0.25,64.9548351920005,0.997779009783469,False,0.2488674209998862
2020,sagereg,0.05,0.01,0.5,0.8,1.0,0.25,64.95483368482645,0.9977789433800802,False,0.2790611170003103
2021,one_hop,0.05,0.01,0.5,0.8,1.0,0.25,16.825572632965688,0.922131831572133,False,0.2475719169997319
2021,sagereg,0.05,0.01,0.5,0.8,1.0,0.25,16.825567876064433,0.9221318288897764,False,0.2799149040001794
2022,one_hop,0.05,0.01,0.5,0.8,1.0,0.25,141.35352817447006,0.411790256138217,False,0.2485821589998522
2022,sagereg,0.05,0.01,0.5,0.8,1.0,0.25,141.35354841421426,0.4117899888222207,False,0.2802839089999906
2023,one_hop,0.05,0.01,0.5,0.8,1.0,0.25,34.47741988299626,0.6452621087927295,False,0.2389450529990426
2023,sagereg,0.05,0.01,0.5,0.8,1.0,0.25,34.47742224736076,0.6452620726330655,False,0.2709795600003417
2024,one_hop,0.05,0.01,0.5,0.8,1.0,0.25,160.40001782938975,0.1883239504391533,False,0.244365739999921
2024,sagereg,0.05,0.01,0.5,0.8,1.0,0.25,160.40001586838113,0.1883238474503328,False,0.2745259780003835
2025,one_hop,0.05,0.01,0.5,0.8,1.0,0.25,77.526853384866,0.2830269356236485,False,0.2447425080008543
2025,sagereg,0.05,0.01,0.5,0.8,1.0,0.25,77.52685383572013,0.2830269080687728,False,0.276017166001111
2026,one_hop,0.05,0.01,0.5,0.8,1.0,0.25,135.809073482523,0.2880404752324168,False,0.2371602389994223
2026,sagereg,0.05,0.01,0.5,0.8,1.0,0.25,135.80907492305667,0.2880404452796336,False,0.2663235410000197
2027,one_hop,0.05,0.01,0.5,0.8,1.0,0.25,134.26156259528878,0.7121206604580179,False,0.2375465080003778
2027,sagereg,0.05,0.01,0.5,0.8,1.0,0.25,134.26156059592455,0.7121205811464868,False,0.2707350089985993
2028,one_hop,0.05,0.01,0.5,0.8,1.0,0.25,160.63567428943608,0.9383245256264512,False,0.2375046380002459
2028,sagereg,0.05,0.01,0.5,0.8,1.0,0.25,160.63567488935192,0.9383244875061186,False,0.267356385000312
2029,one_hop,0.05,0.01,0.5,0.8,1.0,0.25,81.31892641735251,0.5473165385308801,False,0.2430070509999495
2029,sagereg,0.05,0.01,0.5,0.8,1.0,0.25,81.31892503646519,0.5473165408003253,False,0.2746170860009442
2030,one_hop,0.05,0.01,0.5,0.8,1.0,0.25,151.28265211598816,0.5529187758933705,False,0.2390570949992252
2030,sagereg,0.05,0.01,0.5,0.8,1.0,0.25,151.2826564244073,0.5529188554899801,False,0.270886469999823
2031,one_hop,0.05,0.01,0.5,0.8,1.0,0.25,42.38822451105381,0.1119157829887907,False,0.2437306840001838
2031,sagereg,0.05,0.01,0.5,0.8,1.0,0.25,42.38822044222939,0.1119158854515351,False,0.2756960560000152
2032,one_hop,0.05,0.01,0.5,0.8,1.0,0.25,45.19867045459322,0.1448340587824016,False,0.2382953260002978
2032,sagereg,0.05,0.01,0.5,0.8,1.0,0.25,45.19866729518351,0.1448339395187817,False,0.2696229759985726
2033,one_hop,0.05,0.01,0.5,0.8,1.0,0.25,50.70326127795847,0.3781056901322386,False,0.2462428800008638
2033,sagereg,0.05,0.01,0.5,0.8,1.0,0.25,50.703259933357934,0.3781058085410918,False,0.2771876030001294
2034,one_hop,0.05,0.01,0.5,0.8,1.0,0.25,159.45139886671922,0.4250110444160882,False,0.2421849350012053
2034,sagereg,0.05,0.01,0.5,0.8,1.0,0.25,159.4514003789785,0.425011005945661,False,0.2711315789983928
2035,one_hop,0.05,0.01,0.5,0.8,1.0,0.25,76.32692117803276,0.6601772758042621,False,0.2358825219998834
2035,sagereg,0.05,0.01,0.5,0.8,1.0,0.25,76.3269179174394,0.6601772415611915,False,0.2669240279992664
2036,one_hop,0.05,0.01,0.5,0.8,1.0,0.25,72.98747977576353,0.3828547318023151,False,0.2374772309995023
2036,sagereg,0.05,0.01,0.5,0.8,1.0,0.25,72.98747795869933,0.3828547177136056,False,0.2662956900003337
2037,one_hop,0.05,0.01,0.5,0.8,1.0,0.25,109.27972583379528,0.9401858342044284,False,0.2411628169993491
2037,sagereg,0.05,0.01,0.5,0.8,1.0,0.25,109.27972487289487,0.9401858418171228,False,0.2735369669990177
2038,one_hop,0.05,0.01,0.5,0.8,1.0,0.25,72.68600776093894,0.6087892001002789,False,0.2451443240006483
2038,sagereg,0.05,0.01,0.5,0.8,1.0,0.25,72.68600799306856,0.6087891808431004,False,0.2751271569995879
2039,one_hop,0.05,0.01,0.5,0.8,1.0,0.25,143.98975003727918,0.422393213141734,False,0.2431674529998417
2039,sagereg,0.05,0.01,0.5,0.8,1.0,0.25,143.98974968652146,0.4223932642303809,False,0.2731836839993775
2040,one_hop,0.05,0.01,0.75,0.055,0.0,0.0,164.99962971159957,0.7553388929472522,False,0.2358671679994586
2040,sagereg,0.05,0.01,0.75,0.055,0.0,0.0,110.34142579818553,0.8712316501142718,False,0.2602563559994451
2041,one_hop,0.05,0.01,0.75,0.055,0.0,0.0,133.25092491901347,1.630855375602372,False,0.233565611000813
2041,sagereg,0.05,0.01,0.75,0.055,0.0,0.0,0.3506500744822928,0.0050402054646691,True,0.2569470439993893
2042,one_hop,0.05,0.01,0.75,0.055,0.0,0.0,0.1900933301283249,0.0031477385168642,True,0.2394198059992049
2042,sagereg,0.05,0.01,0.75,0.055,0.0,0.0,0.1900935313753899,0.0031477441858382,True,0.26520279900069
2043,one_hop,0.05,0.01,0.75,0.055,0.0,0.0,0.3343182667409944,0.003340444588276,True,0.23460217200045
2043,sagereg,0.05,0.01,0.75,0.055,0.0,0.0,0.3343182039619347,0.0033404427864438,True,0.2602319849993364
2044,one_hop,0.05,0.01,0.75,0.055,0.0,0.0,112.96126717988486,0.8391265891438839,False,0.2320656110005075
2044,sagereg,0.05,0.01,0.75,0.055,0.0,0.0,113.22310589260498,0.8551812204862167,False,0.2558759460007422
2045,one_hop,0.05,0.01,0.75,0.055,0.0,0.0,0.4249946704178712,0.0061803965866256,True,0.2349131749997468
2045,sagereg,0.05,0.01,0.75,0.055,0.0,0.0,0.4249944017354224,0.0061803965103396,True,0.2594538439989264
2046,one_hop,0.05,0.01,0.75,0.055,0.0,0.0,0.3243553513990123,0.0029940812820269,True,0.2404935649992694
2046,sagereg,0.05,0.01,0.75,0.055,0.0,0.0,0.3243553454975251,0.0029940813644015,True,0.2594176289985626
2047,one_hop,0.05,0.01,0.75,0.055,0.0,0.0,98.62021111017856,1.343906554171045,False,0.2308693850009149
2047,sagereg,0.05,0.01,0.75,0.055,0.0,0.0,0.5396981406057912,0.0036464736491339,True,0.2548470580004505
2048,one_hop,0.05,0.01,0.75,0.055,0.0,0.0,0.0724263587654648,0.0016139753789825,True,0.234505041000375
2048,sagereg,0.05,0.01,0.75,0.055,0.0,0.0,0.072426632205303,0.0016139743646008,True,0.2565969209990726
2049,one_hop,0.05,0.01,0.75,0.055,0.0,0.0,44.97200690205705,0.3516792610773118,False,0.2365894350004964
2049,sagereg,0.05,0.01,0.75,0.055,0.0,0.0,45.230969688966574,0.3275612034486886,False,0.2618221330012602
2050,one_hop,0.05,0.01,0.75,0.055,0.0,0.0,0.3336292240400021,0.0038684412461794,True,0.2361832180013152
2050,sagereg,0.05,0.01,0.75,0.055,0.0,0.0,104.1344148674834,1.1203909544809405,False,0.2605557100014266
2051,one_hop,0.05,0.01,0.75,0.055,0.0,0.0,0.1446501230945677,0.0015750224406469,True,0.2319787429987627
2051,sagereg,0.05,0.01,0.75,0.055,0.0,0.0,0.1446503230725973,0.0015750236221625,True,0.2567691360000026
2052,one_hop,0.05,0.01,0.75,0.055,0.0,0.0,133.83720963083948,0.4405204613878951,False,0.2319765930005815
2052,sagereg,0.05,0.01,0.75,0.055,0.0,0.0,133.1936926771773,0.4447978523996443,False,0.2548037830001703
2053,one_hop,0.05,0.01,0.75,0.055,0.0,0.0,0.2586538027004556,0.0042734947624979,True,0.2361762800010183
2053,sagereg,0.05,0.01,0.75,0.055,0.0,0.0,0.2586538101291672,0.0042734948422603,True,0.2610883039997134
2054,one_hop,0.05,0.01,0.75,0.055,0.0,0.0,0.1542640673653695,0.0035804018708648,True,0.23149005400046
2054,sagereg,0.05,0.01,0.75,0.055,0.0,0.0,0.1542640774489702,0.003580402563829,True,0.2539039820003381
2055,one_hop,0.05,0.01,0.75,0.055,0.0,0.0,130.70737324549754,1.6396906324598464,False,0.2324989750013628
2055,sagereg,0.05,0.01,0.75,0.055,0.0,0.0,115.5251750410512,1.7163261977391393,False,0.2572441690008418
2056,one_hop,0.05,0.01,0.75,0.055,0.0,0.0,74.50642469065968,0.5241588822177993,False,0.2408155949997308
2056,sagereg,0.05,0.01,0.75,0.055,0.0,0.0,74.33405497141376,0.5194567417680502,False,0.262207103000037
2057,one_hop,0.05,0.01,0.75,0.055,0.0,0.0,0.1567353320974212,0.0036050435557941,True,0.2371242669996718
2057,sagereg,0.05,0.01,0.75,0.055,0.0,0.0,0.1567353277955158,0.0036050434525971,True,0.260517732000153
2058,one_hop,0.05,0.01,0.75,0.055,0.0,0.0,0.8593017073396697,0.0123747431463295,True,0.2316197609998198
2058,sagereg,0.05,0.01,0.75,0.055,0.0,0.0,0.8593018309693969,0.0123747447957338,True,0.2540703469985601
2059,one_hop,0.05,0.01,0.75,0.055,0.0,0.0,0.2303474205337622,0.006876076903789,True,0.2344809330006683
2059,sagereg,0.05,0.01,0.75,0.055,0.0,0.0,0.2303473778733099,0.0068760761192989,True,0.2585598979985661
2060,one_hop,0.05,0.01,0.75,0.055,0.0,0.25,0.3174050896351486,0.0014381522656618,True,0.2327709969995339
2060,sagereg,0.05,0.01,0.75,0.055,0.0,0.25,0.3174051123249531,0.0014381522993207,True,0.2579868970005918
2061,one_hop,0.05,0.01,0.75,0.055,0.0,0.25,0.6152800618923155,0.0058910420810367,True,0.2299036240001442
2061,sagereg,0.05,0.01,0.75,0.055,0.0,0.25,0.6152798760122005,0.0058910459647176,True,0.2558959779998986
2062,one_hop,0.05,0.01,0.75,0.055,0.0,0.25,0.1183388636676515,0.0034645950521066,True,0.2303708730014477
2062,sagereg,0.05,0.01,0.75,0.055,0.0,0.25,0.1183388610189875,0.0034645949917046,True,0.2578185710008256
2063,one_hop,0.05,0.01,0.75,0.055,0.0,0.25,0.248510277580427,0.0026050823189397,True,0.2272324599998683
2063,sagereg,0.05,0.01,0.75,0.055,0.0,0.25,0.2485103351064476,0.002605081226872,True,0.2537252540005283
2064,one_hop,0.05,0.01,0.75,0.055,0.0,0.25,0.493647140731873,0.0030739015538627,True,0.2346627840015571
2064,sagereg,0.05,0.01,0.75,0.055,0.0,0.25,0.4936471174718601,0.0030739015393825,True,0.2580835320004553
2065,one_hop,0.05,0.01,0.75,0.055,0.0,0.25,0.4042496349374273,0.0038755842037909,True,0.2248647940014052
2065,sagereg,0.05,0.01,0.75,0.055,0.0,0.25,0.4042499370531718,0.0038755831529696,True,0.2523132440001063
2066,one_hop,0.05,0.01,0.75,0.055,0.0,0.25,146.62317949752352,0.4976966590503463,False,0.2406943950009008
2066,sagereg,0.05,0.01,0.75,0.055,0.0,0.25,146.58045009650584,0.497656255147968,False,0.2664853019996371
2067,one_hop,0.05,0.01,0.75,0.055,0.0,0.25,0.4740684634636573,0.0051558214455609,True,0.227923610000289
2067,sagereg,0.05,0.01,0.75,0.055,0.0,0.25,0.4740684439589309,0.005155821359083,True,0.2542546399999992
2068,one_hop,0.05,0.01,0.75,0.055,0.0,0.25,0.3399731965656368,0.0038648934504563,True,0.2311086899990186
2068,sagereg,0.05,0.01,0.75,0.055,0.0,0.25,0.339973198906985,0.0038648934827118,True,0.2560072050000599
2069,one_hop,0.05,0.01,0.75,0.055,0.0,0.25,0.194740358385143,0.0024406295440101,True,0.2370848989994556
2069,sagereg,0.05,0.01,0.75,0.055,0.0,0.25,0.1947402783503592,0.0024406295930205,True,0.2640556749993266
2070,one_hop,0.05,0.01,0.75,0.055,0.0,0.25,0.1025442891340977,0.0025369413138865,True,0.2304113500013045
2070,sagereg,0.05,0.01,0.75,0.055,0.0,0.25,0.1025443120659195,0.0025369413233455,True,0.2572692239991738
2071,one_hop,0.05,0.01,0.75,0.055,0.0,0.25,0.2297323687542317,0.001921812219418,True,0.2298540009996941
2071,sagereg,0.05,0.01,0.75,0.055,0.0,0.25,0.2297323117615347,0.0019218114130734,True,0.2575270649995218
2072,one_hop,0.05,0.01,0.75,0.055,0.0,0.25,0.1388389380619486,0.0028384153531486,True,0.2346805920005863
2072,sagereg,0.05,0.01,0.75,0.055,0.0,0.25,0.1388394199231197,0.0028384101104767,True,0.2617749420005566
2073,one_hop,0.05,0.01,0.75,0.055,0.0,0.25,0.1276009907374428,0.0015577412077101,True,0.2302757279994693
2073,sagereg,0.05,0.01,0.75,0.055,0.0,0.25,0.1276007372531659,0.0015577396594226,True,0.2573852030000125
2074,one_hop,0.05,0.01,0.75,0.055,0.0,0.25,150.3046980242942,1.4729549134274256,False,0.2220043849993089
2074,sagereg,0.05,0.01,0.75,0.055,0.0,0.25,150.18776846427812,1.4706131240861935,False,0.2499240979996102
2075,one_hop,0.05,0.01,0.75,0.055,0.0,0.25,18.116747201052995,0.7370156178991698,False,0.2281927630010614
2075,sagereg,0.05,0.01,0.75,0.055,0.0,0.25,18.116800785583383,0.7370120250769934,False,0.2544888409993291
2076,one_hop,0.05,0.01,0.75,0.055,0.0,0.25,0.2900582994093551,0.0007239920387128,True,0.236202983000112
2076,sagereg,0.05,0.01,0.75,0.055,0.0,0.25,0.290058289100802,0.000723992020246,True,0.2620242299999518
2077,one_hop,0.05,0.01,0.75,0.055,0.0,0.25,150.54226390162987,1.7072436406844864,False,0.2242097919988737
2077,sagereg,0.05,0.01,0.75,0.055,0.0,0.25,152.69200450481333,1.7757313830899353,False,0.2523832309998397
2078,one_hop,0.05,0.01,0.75,0.055,0.0,0.25,0.205218984234595,0.0010970569240873,True,0.2303971889996319
2078,sagereg,0.05,0.01,0.75,0.055,0.0,0.25,0.2052189868666024,0.0010970568667995,True,0.2575271969999448
2079,one_hop,0.05,0.01,0.75,0.055,0.0,0.25,173.81618823017504,0.9546844096688518,False,0.2281682030006777
2079,sagereg,0.05,0.01,0.75,0.055,0.0,0.25,173.20498919227344,0.9439279154008468,False,0.2569442109997908
2080,one_hop,0.05,0.01,0.75,0.055,0.5,0.0,0.2201721305516701,0.002470162776648,True,0.2341220849993988
2080,sagereg,0.05,0.01,0.75,0.055,0.5,0.0,0.2201721547034691,0.0024701623820259,True,0.258716362000996
2081,one_hop,0.05,0.01,0.75,0.055,0.5,0.0,0.4442697668241603,0.0036477800242938,True,0.2332704580003337
2081,sagereg,0.05,0.01,0.75,0.055,0.5,0.0,0.4442694251110627,0.0036477790998339,True,0.2573780170005193
2082,one_hop,0.05,0.01,0.75,0.055,0.5,0.0,0.096208627797575,0.0015513346824277,True,0.2229539569998451
2082,sagereg,0.05,0.01,0.75,0.055,0.5,0.0,0.0962086112655346,0.0015513346453964,True,0.2473648190007225
2083,one_hop,0.05,0.01,0.75,0.055,0.5,0.0,0.2259218045341079,0.0026699180891895,True,0.226644700000179
2083,sagereg,0.05,0.01,0.75,0.055,0.5,0.0,0.2259221047252552,0.0026699136783442,True,0.2516887880010472
2084,one_hop,0.05,0.01,0.75,0.055,0.5,0.0,0.3791972662144989,0.0055827051854753,True,0.226004471998749
2084,sagereg,0.05,0.01,0.75,0.055,0.5,0.0,0.3791975122797321,0.0055827077231765,True,0.2475605669987999
2085,one_hop,0.05,0.01,0.75,0.055,0.5,0.0,0.347190327546187,0.0035572134429454,True,0.2271611920004943
2085,sagereg,0.05,0.01,0.75,0.055,0.5,0.0,100.1943881252172,0.9427126239673452,False,0.2530041399986658
2086,one_hop,0.05,0.01,0.75,0.055,0.5,0.0,0.2837441758954563,0.0021792592400355,True,0.2289355660013825
2086,sagereg,0.05,0.01,0.75,0.055,0.5,0.0,50.32622928131466,1.0502961548911955,False,0.2500576470010855
2087,one_hop,0.05,0.01,0.75,0.055,0.5,0.0,158.07292083222407,0.7377387836625355,False,0.2328577159987617
2087,sagereg,0.05,0.01,0.75,0.055,0.5,0.0,158.0622945307277,0.7377748129032976,False,0.2562612549991172
2088,one_hop,0.05,0.01,0.75,0.055,0.5,0.0,0.3402475314366067,0.00215695919934,True,0.2310282420003204
2088,sagereg,0.05,0.01,0.75,0.055,0.5,0.0,0.3402475936165448,0.0021569597448034,True,0.254569779999656
2089,one_hop,0.05,0.01,0.75,0.055,0.5,0.0,117.2242425492322,1.7360566221119926,False,0.2290368699996179
2089,sagereg,0.05,0.01,0.75,0.055,0.5,0.0,119.6529166060156,1.7240850667414744,False,0.2511918130003323
2090,one_hop,0.05,0.01,0.75,0.055,0.5,0.0,51.395310190212754,1.563657741348632,False,0.2293990260004648
2090,sagereg,0.05,0.01,0.75,0.055,0.5,0.0,53.471388359457,1.5421537100449814,False,0.25381260299946
2091,one_hop,0.05,0.01,0.75,0.055,0.5,0.0,116.27105740335844,0.8507367543534824,False,0.2264765049985726
2091,sagereg,0.05,0.01,0.75,0.055,0.5,0.0,116.2726435696689,0.8507383378159213,False,0.2528696990011667
2092,one_hop,0.05,0.01,0.75,0.055,0.5,0.0,138.22966309508897,0.3451843019759416,False,0.2264983629993366
2092,sagereg,0.05,0.01,0.75,0.055,0.5,0.0,0.2358498694144399,0.0016351368086898,True,0.2512794189988199
2093,one_hop,0.05,0.01,0.75,0.055,0.5,0.0,172.66451533935324,0.6091736923315886,False,0.2289726260005409
2093,sagereg,0.05,0.01,0.75,0.055,0.5,0.0,160.35452982919924,0.6976869362423289,False,0.2535707340011868
2094,one_hop,0.05,0.01,0.75,0.055,0.5,0.0,0.0991055775660203,0.0045771015211312,True,0.2301641180001752
2094,sagereg,0.05,0.01,0.75,0.055,0.5,0.0,0.0991055856124813,0.0045771020829913,True,0.2526688339985412
2095,one_hop,0.05,0.01,0.75,0.055,0.5,0.0,142.85837383235958,2.064767097683938,False,0.2288393329999962
2095,sagereg,0.05,0.01,0.75,0.055,0.5,0.0,147.51157309306774,1.9129028684113705,False,0.2515763760002301
2096,one_hop,0.05,0.01,0.75,0.055,0.5,0.0,0.2812177583595354,0.0014748648455612,True,0.2258417119992373
2096,sagereg,0.05,0.01,0.75,0.055,0.5,0.0,0.2812177460394898,0.0014748620174093,True,0.2497394310012168
2097,one_hop,0.05,0.01,0.75,0.055,0.5,0.0,0.1620787005352134,0.0021285526939523,True,0.2321927419998246
2097,sagereg,0.05,0.01,0.75,0.055,0.5,0.0,0.1620786745358252,0.0021285529892634,True,0.2567165359996579
2098,one_hop,0.05,0.01,0.75,0.055,0.5,0.0,0.0435034693356681,0.0035892548465862,True,0.2335557309997966
2098,sagereg,0.05,0.01,0.75,0.055,0.5,0.0,0.0435037600622204,0.0035892513285825,True,0.2593209850001585
2099,one_hop,0.05,0.01,0.75,0.055,0.5,0.0,0.3008397474555782,0.0027664133933025,True,0.2255428279986517
2099,sagereg,0.05,0.01,0.75,0.055,0.5,0.0,0.3008397401090614,0.0027664135471016,True,0.2500423050005338
2100,one_hop,0.05,0.01,0.75,0.055,0.5,0.25,0.2961662671868463,0.0029955816363122,True,0.2320349060009903
2100,sagereg,0.05,0.01,0.75,0.055,0.5,0.25,0.296166288638908,0.0029955795639836,True,0.2566218900010426
2101,one_hop,0.05,0.01,0.75,0.055,0.5,0.25,0.2221406158145205,0.0034933536165055,True,0.2355912160001025
2101,sagereg,0.05,0.01,0.75,0.055,0.5,0.25,0.222140622528256,0.0034933539085078,True,0.2629716270002973
2102,one_hop,0.05,0.01,0.75,0.055,0.5,0.25,0.2064467322342075,0.0014401379479844,True,0.2322235700012243
2102,sagereg,0.05,0.01,0.75,0.055,0.5,0.25,0.2064471194190351,0.001440135944596,True,0.2593934929991519
2103,one_hop,0.05,0.01,0.75,0.055,0.5,0.25,0.1603339444096126,0.0058943551840857,True,0.2296653520006657
2103,sagereg,0.05,0.01,0.75,0.055,0.5,0.25,0.1603339851946985,0.005894353619587,True,0.2557456150007056
2104,one_hop,0.05,0.01,0.75,0.055,0.5,0.25,0.5019942675832791,0.0025541309906042,True,0.2323539089993573
2104,sagereg,0.05,0.01,0.75,0.055,0.5,0.25,0.5019942725436043,0.0025541310721755,True,0.2537320409992389
2105,one_hop,0.05,0.01,0.75,0.055,0.5,0.25,147.50043529572352,0.9758714313157896,False,0.2387940019998495
2105,sagereg,0.05,0.01,0.75,0.055,0.5,0.25,0.4009290114939448,0.0020712887295112,True,0.2666497370009892
2106,one_hop,0.05,0.01,0.75,0.055,0.5,0.25,0.46579799964261,0.0066634718891056,True,0.2292520299997704
2106,sagereg,0.05,0.01,0.75,0.055,0.5,0.25,0.465797380944085,0.0066634673765689,True,0.2517277789993386
2107,one_hop,0.05,0.01,0.75,0.055,0.5,0.25,0.3591572463697001,0.0060182086006049,True,0.2280488440010231
2107,sagereg,0.05,0.01,0.75,0.055,0.5,0.25,0.3591573908505893,0.0060182090251917,True,0.2550680700005614
2108,one_hop,0.05,0.01,0.75,0.055,0.5,0.25,0.251561457239113,0.0016060800225841,True,0.2268950409998069
2108,sagereg,0.05,0.01,0.75,0.055,0.5,0.25,0.2515612824164001,0.0016060790169571,True,0.2522628509996139
2109,one_hop,0.05,0.01,0.75,0.055,0.5,0.25,0.4419771223149274,0.0044377001687496,True,0.2342911539999477
2109,sagereg,0.05,0.01,0.75,0.055,0.5,0.25,0.4419771267333038,0.0044377000245159,True,0.260662440001397
2110,one_hop,0.05,0.01,0.75,0.055,0.5,0.25,0.3275697259059403,0.0034308978725415,True,0.2247600059999968
2110,sagereg,0.05,0.01,0.75,0.055,0.5,0.25,0.3275697287476192,0.0034308979577137,True,0.2514942170000722
2111,one_hop,0.05,0.01,0.75,0.055,0.5,0.25,0.1355443561503605,0.0045381871701726,True,0.2304220129990426
2111,sagereg,0.05,0.01,0.75,0.055,0.5,0.25,0.1355445598665599,0.0045381867978534,True,0.2586493919989152
2112,one_hop,0.05,0.01,0.75,0.055,0.5,0.25,120.57228016499867,0.6396068505237922,False,0.2285337279990926
2112,sagereg,0.05,0.01,0.75,0.055,0.5,0.25,0.4043319267918809,0.0031596665644261,True,0.2545122070005163
2113,one_hop,0.05,0.01,0.75,0.055,0.5,0.25,0.3321146059515456,0.006566190520274,True,0.2244507289997273
2113,sagereg,0.05,0.01,0.75,0.055,0.5,0.25,0.3321145743702037,0.006566190323785,True,0.2523888520008768
2114,one_hop,0.05,0.01,0.75,0.055,0.5,0.25,167.89581241434772,0.7128761446674483,False,0.2388824049994582
2114,sagereg,0.05,0.01,0.75,0.055,0.5,0.25,167.89579758022194,0.7128763407567985,False,0.2644793809995462
2115,one_hop,0.05,0.01,0.75,0.055,0.5,0.25,174.6614247652078,0.4344467636299597,False,0.2404908320004324
2115,sagereg,0.05,0.01,0.75,0.055,0.5,0.25,174.66147063605996,0.4344469906504964,False,0.2677626889999374
2116,one_hop,0.05,0.01,0.75,0.055,0.5,0.25,0.1187980204995512,0.0008354594422065,True,0.2358493730007467
2116,sagereg,0.05,0.01,0.75,0.055,0.5,0.25,0.1187971679348844,0.0008354601661557,True,0.2631177219991514
2117,one_hop,0.05,0.01,0.75,0.055,0.5,0.25,0.7663878648234673,0.0084429509852794,True,0.2275834590000158
2117,sagereg,0.05,0.01,0.75,0.055,0.5,0.25,0.7663867286214223,0.0084429380547746,True,0.2539542690010421
2118,one_hop,0.05,0.01,0.75,0.055,0.5,0.25,0.3097281178604896,0.0043356247485531,True,0.2282625690004351
2118,sagereg,0.05,0.01,0.75,0.055,0.5,0.25,0.3097280849591056,0.0043356266657406,True,0.2539450860003853
2119,one_hop,0.05,0.01,0.75,0.055,0.5,0.25,0.3392690376585499,0.0024099224591828,True,0.2201233089999732
2119,sagereg,0.05,0.01,0.75,0.055,0.5,0.25,0.3392690377015207,0.0024099224659071,True,0.2476609479999751
2120,one_hop,0.05,0.01,0.75,0.055,1.0,0.0,0.166536703495799,0.0043371243374208,True,0.2300122640008339
2120,sagereg,0.05,0.01,0.75,0.055,1.0,0.0,0.1665366249462124,0.0043371243768215,True,0.2530874910007696
2121,one_hop,0.05,0.01,0.75,0.055,1.0,0.0,0.272169774586408,0.0057627866445346,True,0.224878744000307
2121,sagereg,0.05,0.01,0.75,0.055,1.0,0.0,0.2721699044240978,0.005762790199417,True,0.250016603999029
2122,one_hop,0.05,0.01,0.75,0.055,1.0,0.0,0.0612492738580386,0.0012577431653563,True,0.2231210930003726
2122,sagereg,0.05,0.01,0.75,0.055,1.0,0.0,0.0612492715016342,0.0012577430935291,True,0.2466897310005151
2123,one_hop,0.05,0.01,0.75,0.055,1.0,0.0,172.78667507018253,1.4993326913578957,False,0.2211926520012639
2123,sagereg,0.05,0.01,0.75,0.055,1.0,0.0,172.74493860347718,1.502949732941523,False,0.2448828479991789
2124,one_hop,0.05,0.01,0.75,0.055,1.0,0.0,0.079123161677059,0.0015118111163913,True,0.2321072199993068
2124,sagereg,0.05,0.01,0.75,0.055,1.0,0.0,0.0791232001119974,0.0015118113744743,True,0.2538008840001566
2125,one_hop,0.05,0.01,0.75,0.055,1.0,0.0,0.1710933483783251,0.0052284248833812,True,0.2275073660002817
2125,sagereg,0.05,0.01,0.75,0.055,1.0,0.0,0.1710934629752209,0.0052284261238468,True,0.2507516460009356
2126,one_hop,0.05,0.01,0.75,0.055,1.0,0.0,0.7040170448887603,0.0029845480445476,True,0.2238394180003524
2126,sagereg,0.05,0.01,0.75,0.055,1.0,0.0,0.7040170017814461,0.0029845481337192,True,0.2484307309987343
2127,one_hop,0.05,0.01,0.75,0.055,1.0,0.0,0.2527891832203384,0.0026206640402713,True,0.2313663350014394
2127,sagereg,0.05,0.01,0.75,0.055,1.0,0.0,0.2527891748724432,0.0026206654335775,True,0.255662924999342
2128,one_hop,0.05,0.01,0.75,0.055,1.0,0.0,0.2323306872626309,0.0035793177258879,True,0.2271574939986749
2128,sagereg,0.05,0.01,0.75,0.055,1.0,0.0,0.2323307868428895,0.0035793177669572,True,0.2499943359998724
2129,one_hop,0.05,0.01,0.75,0.055,1.0,0.0,0.4766384937549804,0.0040619946154718,True,0.2280838290007523
2129,sagereg,0.05,0.01,0.75,0.055,1.0,0.0,0.476638497532427,0.0040619946798313,True,0.2538121479992696
2130,one_hop,0.05,0.01,0.75,0.055,1.0,0.0,149.6398802455036,0.2682372284134961,False,0.2357601060011802
2130,sagereg,0.05,0.01,0.75,0.055,1.0,0.0,149.64036307411396,0.2682423478303307,False,0.2622911760008719
2131,one_hop,0.05,0.01,0.75,0.055,1.0,0.0,124.1776400245124,0.7890241988461734,False,0.2323028920000069
2131,sagereg,0.05,0.01,0.75,0.055,1.0,0.0,0.1875466772757754,0.005399383493094,True,0.2568328249999467
2132,one_hop,0.05,0.01,0.75,0.055,1.0,0.0,0.0985455098082672,0.003669313567777,True,0.22317261399985
2132,sagereg,0.05,0.01,0.75,0.055,1.0,0.0,0.0985454909757963,0.00366931307483,True,0.2444924199990055
2133,one_hop,0.05,0.01,0.75,0.055,1.0,0.0,0.3779657340418074,0.0024959208081428,True,0.2295669889990677
2133,sagereg,0.05,0.01,0.75,0.055,1.0,0.0,0.3779657194617909,0.0024959208105077,True,0.2548482679994777
2134,one_hop,0.05,0.01,0.75,0.055,1.0,0.0,0.2343669637117953,0.0008558321475825,True,0.2352706769997894
2134,sagereg,0.05,0.01,0.75,0.055,1.0,0.0,164.82245400364832,0.4052798831214225,False,0.2584505380000337
2135,one_hop,0.05,0.01,0.75,0.055,1.0,0.0,0.2844792879614738,0.0031731170921531,True,0.2283034330012014
2135,sagereg,0.05,0.01,0.75,0.055,1.0,0.0,0.284479088232187,0.0031731151389136,True,0.2530793410005572
2136,one_hop,0.05,0.01,0.75,0.055,1.0,0.0,0.2342179215541943,0.0026233586774276,True,0.2287658829991414
2136,sagereg,0.05,0.01,0.75,0.055,1.0,0.0,0.2342179250398509,0.0026233586763639,True,0.2507467169998563
2137,one_hop,0.05,0.01,0.75,0.055,1.0,0.0,0.8556929811187831,0.0043736778044428,True,0.2326910829997359
2137,sagereg,0.05,0.01,0.75,0.055,1.0,0.0,77.81249982386537,1.0403722613486197,False,0.2567049999997834
2138,one_hop,0.05,0.01,0.75,0.055,1.0,0.0,0.2379103400127982,0.0025618789665812,True,0.2278442179995181
2138,sagereg,0.05,0.01,0.75,0.055,1.0,0.0,0.2379103215497856,0.0025618794226093,True,0.2512428120007826
2139,one_hop,0.05,0.01,0.75,0.055,1.0,0.0,90.77618721453425,1.1934789509769943,False,0.2276011509984528
2139,sagereg,0.05,0.01,0.75,0.055,1.0,0.0,88.31636056697378,1.207755709499501,False,0.2517531529992993
2140,one_hop,0.05,0.01,0.75,0.055,1.0,0.25,0.2862737023573132,0.0037379306016275,True,0.2297494249996816
2140,sagereg,0.05,0.01,0.75,0.055,1.0,0.25,0.2862739648326367,0.0037379313285524,True,0.254788792999534
2141,one_hop,0.05,0.01,0.75,0.055,1.0,0.25,0.3157739386280552,0.0009067654303762,True,0.2260718850011471
2141,sagereg,0.05,0.01,0.75,0.055,1.0,0.25,0.3157713807584521,0.0009067451472038,True,0.2529285540003911
2142,one_hop,0.05,0.01,0.75,0.055,1.0,0.25,0.5161925619130051,0.0048830737729139,True,0.2265623319999576
2142,sagereg,0.05,0.01,0.75,0.055,1.0,0.25,0.5161924379152676,0.0048830739328111,True,0.2525260689999413
2143,one_hop,0.05,0.01,0.75,0.055,1.0,0.25,0.3507332544414662,0.0040011762918089,True,0.2320620829996187
2143,sagereg,0.05,0.01,0.75,0.055,1.0,0.25,0.3507332855538322,0.00400117610204,True,0.2578532560000894
2144,one_hop,0.05,0.01,0.75,0.055,1.0,0.25,0.1403540675955338,0.0032428401669273,True,0.2223440910001954
2144,sagereg,0.05,0.01,0.75,0.055,1.0,0.25,0.1403541235088447,0.0032428423304997,True,0.2481727550002688
2145,one_hop,0.05,0.01,0.75,0.055,1.0,0.25,0.3665428308459205,0.0020028156772633,True,0.2270831649984757
2145,sagereg,0.05,0.01,0.75,0.055,1.0,0.25,0.3665407857409688,0.0020028092586642,True,0.2543709129986382
2146,one_hop,0.05,0.01,0.75,0.055,1.0,0.25,0.0682874545762985,0.0020307909819655,True,0.2238155630002438
2146,sagereg,0.05,0.01,0.75,0.055,1.0,0.25,0.0682873492195992,0.0020307898514581,True,0.2501937649994943
2147,one_hop,0.05,0.01,0.75,0.055,1.0,0.25,0.3817339249649571,0.0031928642864279,True,0.23323596299997
2147,sagereg,0.05,0.01,0.75,0.055,1.0,0.25,0.381733936851821,0.0031928644916598,True,0.2614370299997972
2148,one_hop,0.05,0.01,0.75,0.055,1.0,0.25,0.3017448616359137,0.005621223703069,True,0.2226059889999305
2148,sagereg,0.05,0.01,0.75,0.055,1.0,0.25,0.3017446370651402,0.0056212224446396,True,0.2473146109987283
2149,one_hop,0.05,0.01,0.75,0.055,1.0,0.25,173.624901588567,0.6093846542349376,False,0.2340728509989276
2149,sagereg,0.05,0.01,0.75,0.055,1.0,0.25,173.62490445699473,0.6093846200909557,False,0.2618712860003143
2150,one_hop,0.05,0.01,0.75,0.055,1.0,0.25,0.2308676690201501,0.0023342167854994,True,0.2224222839995491
2150,sagereg,0.05,0.01,0.75,0.055,1.0,0.25,0.2308676745202641,0.0023342171752688,True,0.2491266480010381
2151,one_hop,0.05,0.01,0.75,0.055,1.0,0.25,0.3981086573336522,0.0019045562656592,True,0.2264932459984265
2151,sagereg,0.05,0.01,0.75,0.055,1.0,0.25,0.3981087052892619,0.0019045564500274,True,0.2544960729992453
2152,one_hop,0.05,0.01,0.75,0.055,1.0,0.25,131.94825451360546,0.6179520263794145,False,0.2373133250002865
2152,sagereg,0.05,0.01,0.75,0.055,1.0,0.25,131.94829462073432,0.6179522505067004,False,0.2622465490003378
2153,one_hop,0.05,0.01,0.75,0.055,1.0,0.25,0.2129227456923083,0.0032919414715976,True,0.2261350200005836
2153,sagereg,0.05,0.01,0.75,0.055,1.0,0.25,0.2129226531803045,0.0032919410976227,True,0.2541266110001743
2154,one_hop,0.05,0.01,0.75,0.055,1.0,0.25,0.1385827149177566,0.003355421288574,True,0.2258957510002801
2154,sagereg,0.05,0.01,0.75,0.055,1.0,0.25,0.1385826231220864,0.0033554220064472,True,0.2534064940009557
2155,one_hop,0.05,0.01,0.75,0.055,1.0,0.25,0.5482689213019205,0.0063724408257883,True,0.2339907989990024
2155,sagereg,0.05,0.01,0.75,0.055,1.0,0.25,0.5482689343525974,0.0063724409934716,True,0.2611606860009487
2156,one_hop,0.05,0.01,0.75,0.055,1.0,0.25,0.3924413135459367,0.0033929793776211,True,0.2270447769988095
2156,sagereg,0.05,0.01,0.75,0.055,1.0,0.25,0.3924411339539969,0.0033929862020224,True,0.2527350319996913
2157,one_hop,0.05,0.01,0.75,0.055,1.0,0.25,0.1919020995205454,0.0032817649579454,True,0.2313536319998093
2157,sagereg,0.05,0.01,0.75,0.055,1.0,0.25,0.1919020738696013,0.0032817649600086,True,0.2590929170000891
2158,one_hop,0.05,0.01,0.75,0.055,1.0,0.25,0.2473682865125418,0.0005326662955829,True,0.2211942019985144
2158,sagereg,0.05,0.01,0.75,0.055,1.0,0.25,0.2473683579151529,0.0005326659094208,True,0.2464295359986863
2159,one_hop,0.05,0.01,0.75,0.055,1.0,0.25,0.5212799615053652,0.0027631917091928,True,0.2258563350005715
2159,sagereg,0.05,0.01,0.75,0.055,1.0,0.25,0.5212795466565405,0.0027631899612113,True,0.2529411949999485
2160,one_hop,0.05,0.01,0.75,0.2,0.0,0.0,126.67069609263824,0.9151636248364682,False,0.254027558999951
2160,sagereg,0.05,0.01,0.75,0.2,0.0,0.0,126.67069555112668,0.9151636261857584,False,0.2820534200000111
2161,one_hop,0.05,0.01,0.75,0.2,0.0,0.0,78.02624760932737,0.6195723896409775,False,0.2535589649996836
2161,sagereg,0.05,0.01,0.75,0.2,0.0,0.0,78.02624332497074,0.6195723908545694,False,0.2830707850007457
2162,one_hop,0.05,0.01,0.75,0.2,0.0,0.0,85.84819539336917,0.8265786085316532,False,0.2575770740004373
2162,sagereg,0.05,0.01,0.75,0.2,0.0,0.0,85.84820560933768,0.8265785953934779,False,0.2848634219990344
2163,one_hop,0.05,0.01,0.75,0.2,0.0,0.0,130.1197937446121,0.4206716504401179,False,0.2559719130003941
2163,sagereg,0.05,0.01,0.75,0.2,0.0,0.0,130.11980243650697,0.4206715548777935,False,0.2837369440003385
2164,one_hop,0.05,0.01,0.75,0.2,0.0,0.0,121.2080443222964,0.7011422447545582,False,0.2508767029994487
2164,sagereg,0.05,0.01,0.75,0.2,0.0,0.0,121.20801067653404,0.7011426454432949,False,0.2766476500000863
2165,one_hop,0.05,0.01,0.75,0.2,0.0,0.0,151.01081146424443,0.6851343556657559,False,0.2525476589999016
2165,sagereg,0.05,0.01,0.75,0.2,0.0,0.0,151.0108169393801,0.6851345002440012,False,0.2802418609990127
2166,one_hop,0.05,0.01,0.75,0.2,0.0,0.0,178.04891105451,0.5697488077105411,False,0.2463284030000068
2166,sagereg,0.05,0.01,0.75,0.2,0.0,0.0,178.04891044367884,0.5697488168018313,False,0.2746231339988298
2167,one_hop,0.05,0.01,0.75,0.2,0.0,0.0,134.93176747927214,0.5670085972077605,False,0.2417499860002863
2167,sagereg,0.05,0.01,0.75,0.2,0.0,0.0,134.93174605684368,0.567008825073497,False,0.2699658219989942
2168,one_hop,0.05,0.01,0.75,0.2,0.0,0.0,52.0581356498499,0.6256599081906654,False,0.251311584999712
2168,sagereg,0.05,0.01,0.75,0.2,0.0,0.0,52.05812351331064,0.6256598502506215,False,0.2786028009995789
2169,one_hop,0.05,0.01,0.75,0.2,0.0,0.0,177.62833046430544,0.7117158322381283,False,0.2505583969996223
2169,sagereg,0.05,0.01,0.75,0.2,0.0,0.0,177.62833311408775,0.711715785307424,False,0.2797102750009799
2170,one_hop,0.05,0.01,0.75,0.2,0.0,0.0,145.35785214834632,0.8111587551448238,False,0.2592526079988602
2170,sagereg,0.05,0.01,0.75,0.2,0.0,0.0,145.3578476032621,0.8111588535765398,False,0.2891089439999632
2171,one_hop,0.05,0.01,0.75,0.2,0.0,0.0,115.17868227314769,0.7142227545473742,False,0.2455025740000564
2171,sagereg,0.05,0.01,0.75,0.2,0.0,0.0,115.178666830874,0.7142226485404533,False,0.272427730000345
2172,one_hop,0.05,0.01,0.75,0.2,0.0,0.0,129.40351813896226,0.7463406630507372,False,0.2507294970000657
2172,sagereg,0.05,0.01,0.75,0.2,0.0,0.0,129.40352098920647,0.7463405966570765,False,0.2797741209997184
2173,one_hop,0.05,0.01,0.75,0.2,0.0,0.0,104.57903151822116,0.7548478372447873,False,0.260862981000173
2173,sagereg,0.05,0.01,0.75,0.2,0.0,0.0,104.5790821335738,0.7548473889231132,False,0.290188594999563
2174,one_hop,0.05,0.01,0.75,0.2,0.0,0.0,162.8235096558435,0.7178054354566414,False,0.2554504800009454
2174,sagereg,0.05,0.01,0.75,0.2,0.0,0.0,162.8235151139993,0.7178053997351,False,0.2808257209999283
2175,one_hop,0.05,0.01,0.75,0.2,0.0,0.0,175.437521616252,0.3685457278877699,False,0.2548547120004514
2175,sagereg,0.05,0.01,0.75,0.2,0.0,0.0,175.4375205505767,0.3685456932093851,False,0.2833788140014803
2176,one_hop,0.05,0.01,0.75,0.2,0.0,0.0,165.42133805813828,0.3911208071100591,False,0.2507311080007639
2176,sagereg,0.05,0.01,0.75,0.2,0.0,0.0,165.42133676122572,0.3911206277144192,False,0.2783970440013945
2177,one_hop,0.05,0.01,0.75,0.2,0.0,0.0,93.66792192409572,0.7588910201955842,False,0.2522711209985573
2177,sagereg,0.05,0.01,0.75,0.2,0.0,0.0,93.66794658653814,0.7588910328768134,False,0.2790825650008628
2178,one_hop,0.05,0.01,0.75,0.2,0.0,0.0,107.5602990325433,0.914407730949219,False,0.2476912199999787
2178,sagereg,0.05,0.01,0.75,0.2,0.0,0.0,107.560297157628,0.9144077031962816,False,0.2754335640001955
2179,one_hop,0.05,0.01,0.75,0.2,0.0,0.0,108.05117274410114,0.9571486881232192,False,0.2525963340012822
2179,sagereg,0.05,0.01,0.75,0.2,0.0,0.0,108.05121162580552,0.9571486887991988,False,0.2806410989996948
2180,one_hop,0.05,0.01,0.75,0.2,0.0,0.25,122.42191819285308,0.3414949550517776,False,0.2360015270005533
2180,sagereg,0.05,0.01,0.75,0.2,0.0,0.25,122.42191781553944,0.3414949703533353,False,0.2651522899996053
2181,one_hop,0.05,0.01,0.75,0.2,0.0,0.25,175.1286464584129,0.455869386733549,False,0.2408013479998771
2181,sagereg,0.05,0.01,0.75,0.2,0.0,0.25,175.12865239696464,0.455868999264798,False,0.2732446489990252
2182,one_hop,0.05,0.01,0.75,0.2,0.0,0.25,146.6460212528937,0.4151282163358908,False,0.2476779789994907
2182,sagereg,0.05,0.01,0.75,0.2,0.0,0.25,146.646020613375,0.4151281852498801,False,0.2730447399990225
2183,one_hop,0.05,0.01,0.75,0.2,0.0,0.25,122.01559973916952,0.8079398954265474,False,0.2474401920007949
2183,sagereg,0.05,0.01,0.75,0.2,0.0,0.25,122.01560056419898,0.8079398606854427,False,0.2776666150002711
2184,one_hop,0.05,0.01,0.75,0.2,0.0,0.25,6.458366966839322,0.817899301258809,False,0.2436836430006224
2184,sagereg,0.05,0.01,0.75,0.2,0.0,0.25,6.458366615380074,0.8178991971041555,False,0.2717909170005441
2185,one_hop,0.05,0.01,0.75,0.2,0.0,0.25,159.59870098370007,0.1997972770174131,False,0.2447376219988655
2185,sagereg,0.05,0.01,0.75,0.2,0.0,0.25,159.59869910122904,0.1997972884980685,False,0.2742975500004831
2186,one_hop,0.05,0.01,0.75,0.2,0.0,0.25,136.55615891691292,0.840750478076202,False,0.2463136240003223
2186,sagereg,0.05,0.01,0.75,0.2,0.0,0.25,136.5561664175525,0.8407504024281836,False,0.2761759889999666
2187,one_hop,0.05,0.01,0.75,0.2,0.0,0.25,51.19566598744596,0.6576858917904798,False,0.238302454999939
2187,sagereg,0.05,0.01,0.75,0.2,0.0,0.25,51.195662192311225,0.6576858802329141,False,0.2698906830009946
2188,one_hop,0.05,0.01,0.75,0.2,0.0,0.25,142.41811155647144,0.3653452105313868,False,0.2412788270012242
2188,sagereg,0.05,0.01,0.75,0.2,0.0,0.25,142.4181044827338,0.3653452447976451,False,0.2724295110001549
2189,one_hop,0.05,0.01,0.75,0.2,0.0,0.25,103.36524110859332,0.1707946137338407,False,0.2531062269990798
2189,sagereg,0.05,0.01,0.75,0.2,0.0,0.25,103.36524161422048,0.170794625536038,False,0.2827015790007863
2190,one_hop,0.05,0.01,0.75,0.2,0.0,0.25,40.7458720091886,0.4818912314233214,False,0.2419429839992517
2190,sagereg,0.05,0.01,0.75,0.2,0.0,0.25,40.74587140591521,0.4818912062284,False,0.2719515839999076
2191,one_hop,0.05,0.01,0.75,0.2,0.0,0.25,165.7931734788302,0.8447889322479483,False,0.2409678249987337
2191,sagereg,0.05,0.01,0.75,0.2,0.0,0.25,165.79316905239375,0.8447888208605071,False,0.2699714040008985
2192,one_hop,0.05,0.01,0.75,0.2,0.0,0.25,145.78760080831017,0.6972721153144423,False,0.2458916519990452
2192,sagereg,0.05,0.01,0.75,0.2,0.0,0.25,145.78759481407508,0.6972721765672233,False,0.2778117569996539
2193,one_hop,0.05,0.01,0.75,0.2,0.0,0.25,161.14661540131002,1.041455001287218,False,0.2481818579999526
2193,sagereg,0.05,0.01,0.75,0.2,0.0,0.25,161.14663402719765,1.0414548245704536,False,0.278824816999986
2194,one_hop,0.05,0.01,0.75,0.2,0.0,0.25,114.291595727249,0.7620842550542254,False,0.2531877060009719
2194,sagereg,0.05,0.01,0.75,0.2,0.0,0.25,114.29160098323275,0.7620842431658282,False,0.2798149480004213
2195,one_hop,0.05,0.01,0.75,0.2,0.0,0.25,160.4788401057611,0.7050255637574118,False,0.2456096579990117
2195,sagereg,0.05,0.01,0.75,0.2,0.0,0.25,160.4788434216141,0.7050255900420239,False,0.2730007080008363
2196,one_hop,0.05,0.01,0.75,0.2,0.0,0.25,150.9817043470418,1.17129489323988,False,0.2524625540008856
2196,sagereg,0.05,0.01,0.75,0.2,0.0,0.25,150.98169838834863,1.1712948843770945,False,0.2828104660002282
2197,one_hop,0.05,0.01,0.75,0.2,0.0,0.25,34.30092218271718,0.983328519291361,False,0.2466323400003602
2197,sagereg,0.05,0.01,0.75,0.2,0.0,0.25,34.30091955563834,0.9833286617463032,False,0.2783289340004558
2198,one_hop,0.05,0.01,0.75,0.2,0.0,0.25,142.85884101239907,0.6702996491234636,False,0.2484791110000515
2198,sagereg,0.05,0.01,0.75,0.2,0.0,0.25,142.85883937592862,0.6702996584800953,False,0.2783654850009043
2199,one_hop,0.05,0.01,0.75,0.2,0.0,0.25,105.8124606363455,0.7859606510358187,False,0.2401920730007987
2199,sagereg,0.05,0.01,0.75,0.2,0.0,0.25,105.81246747791812,0.7859606707345056,False,0.2699219789992639
2200,one_hop,0.05,0.01,0.75,0.2,0.5,0.0,73.47801990032822,0.827053889187153,False,0.2409514850005507
2200,sagereg,0.05,0.01,0.75,0.2,0.5,0.0,73.47802245968126,0.8270538620370459,False,0.2674712820007698
2201,one_hop,0.05,0.01,0.75,0.2,0.5,0.0,80.22479468957997,0.6232788327331735,False,0.2443060839996178
2201,sagereg,0.05,0.01,0.75,0.2,0.5,0.0,80.22479670957568,0.6232788632643925,False,0.2721362159991258
2202,one_hop,0.05,0.01,0.75,0.2,0.5,0.0,36.287365886290885,0.5041809291047359,False,0.2503989460001321
2202,sagereg,0.05,0.01,0.75,0.2,0.5,0.0,36.287384404587705,0.5041810757582531,False,0.2792223840006045
2203,one_hop,0.05,0.01,0.75,0.2,0.5,0.0,109.3821345964388,0.7717724354875254,False,0.2517111899996962
2203,sagereg,0.05,0.01,0.75,0.2,0.5,0.0,109.38214583015984,0.7717723205636603,False,0.2762823470002331
2204,one_hop,0.05,0.01,0.75,0.2,0.5,0.0,175.0073212257858,0.5984382413720069,False,0.2504481089999899
2204,sagereg,0.05,0.01,0.75,0.2,0.5,0.0,175.0073251815229,0.5984381708395344,False,0.2778279639987886
2205,one_hop,0.05,0.01,0.75,0.2,0.5,0.0,103.89263199805131,0.3768787424199368,False,0.24888423000084
2205,sagereg,0.05,0.01,0.75,0.2,0.5,0.0,103.89263246178128,0.3768786923657285,False,0.2768130730000848
2206,one_hop,0.05,0.01,0.75,0.2,0.5,0.0,164.23508221296223,0.8023942986717282,False,0.2477899200002866
2206,sagereg,0.05,0.01,0.75,0.2,0.5,0.0,164.23507356052212,0.802394264936084,False,0.2748672300003818
2207,one_hop,0.05,0.01,0.75,0.2,0.5,0.0,5.337721372753701,0.3104457112585337,False,0.261948235998716
2207,sagereg,0.05,0.01,0.75,0.2,0.5,0.0,5.337698628506724,0.3104457979465164,False,0.2902591170004598
2208,one_hop,0.05,0.01,0.75,0.2,0.5,0.0,165.69247347713758,0.9121691410830748,False,0.2404005249991314
2208,sagereg,0.05,0.01,0.75,0.2,0.5,0.0,165.69248260959017,0.9121692023074492,False,0.2674319369998557
2209,one_hop,0.05,0.01,0.75,0.2,0.5,0.0,93.9380226865981,0.8469616181195253,False,0.2427052610000828
2209,sagereg,0.05,0.01,0.75,0.2,0.5,0.0,93.93803457270636,0.8469615180198439,False,0.2683849530003499
2210,one_hop,0.05,0.01,0.75,0.2,0.5,0.0,63.66402366453414,0.3400702128544872,False,0.2436378110014629
2210,sagereg,0.05,0.01,0.75,0.2,0.5,0.0,63.664030956277024,0.3400702691413712,False,0.2716578639992804
2211,one_hop,0.05,0.01,0.75,0.2,0.5,0.0,114.75561262587512,0.8023156515589898,False,0.2517360170004394
2211,sagereg,0.05,0.01,0.75,0.2,0.5,0.0,114.75562036281497,0.802315657305423,False,0.2791260930007411
2212,one_hop,0.05,0.01,0.75,0.2,0.5,0.0,119.21159533399062,0.9660492070410724,False,0.2513350539993553
2212,sagereg,0.05,0.01,0.75,0.2,0.5,0.0,119.21160115560446,0.9660490791133144,False,0.2781807709998247
2213,one_hop,0.05,0.01,0.75,0.2,0.5,0.0,39.408433581245134,0.9248095926661049,False,0.2498838779993093
2213,sagereg,0.05,0.01,0.75,0.2,0.5,0.0,39.40843316486031,0.9248095774418386,False,0.2796045260001847
2214,one_hop,0.05,0.01,0.75,0.2,0.5,0.0,42.43909764741947,0.9326221731634258,False,0.2552604860011342
2214,sagereg,0.05,0.01,0.75,0.2,0.5,0.0,42.439125839163054,0.9326222781552632,False,0.2807667130000482
2215,one_hop,0.05,0.01,0.75,0.2,0.5,0.0,142.3524955435172,0.8358032180306929,False,0.2562798360013403
2215,sagereg,0.05,0.01,0.75,0.2,0.5,0.0,142.3524928409437,0.8358032269126969,False,0.279697952000788
2216,one_hop,0.05,0.01,0.75,0.2,0.5,0.0,94.66942636258408,1.0447333343189635,False,0.2532301119990734
2216,sagereg,0.05,0.01,0.75,0.2,0.5,0.0,94.66943905550424,1.0447333014435054,False,0.2803054510004585
2217,one_hop,0.05,0.01,0.75,0.2,0.5,0.0,90.54811818061332,0.6915371327634596,False,0.2555614590000914
2217,sagereg,0.05,0.01,0.75,0.2,0.5,0.0,90.5481116560907,0.6915370722867668,False,0.2819774070012499
2218,one_hop,0.05,0.01,0.75,0.2,0.5,0.0,102.56161751249547,0.6766782435090001,False,0.2516151449999597
2218,sagereg,0.05,0.01,0.75,0.2,0.5,0.0,102.56163118468392,0.6766783453702722,False,0.2788465940011519
2219,one_hop,0.05,0.01,0.75,0.2,0.5,0.0,112.77533261546704,0.3926253171558185,False,0.2417550859991024
2219,sagereg,0.05,0.01,0.75,0.2,0.5,0.0,112.7753291878222,0.3926253235548547,False,0.2700662989991542
2220,one_hop,0.05,0.01,0.75,0.2,0.5,0.25,129.2106490478632,0.8100388860973745,False,0.2548284829990734
2220,sagereg,0.05,0.01,0.75,0.2,0.5,0.25,129.2106512745081,0.8100390027173602,False,0.2837529669996002
2221,one_hop,0.05,0.01,0.75,0.2,0.5,0.25,43.10561664305394,0.688964725111368,False,0.2455683600001066
2221,sagereg,0.05,0.01,0.75,0.2,0.5,0.25,43.10561247321708,0.6889646569370664,False,0.2737894990004861
2222,one_hop,0.05,0.01,0.75,0.2,0.5,0.25,121.71717607801396,0.7358715201160222,False,0.2439216380007565
2222,sagereg,0.05,0.01,0.75,0.2,0.5,0.25,121.71715515488712,0.7358714486272808,False,0.2749971539997204
2223,one_hop,0.05,0.01,0.75,0.2,0.5,0.25,12.844536383927714,0.8199351207141059,False,0.2531811099997867
2223,sagereg,0.05,0.01,0.75,0.2,0.5,0.25,12.844525760605173,0.8199351329382264,False,0.279282625999258
2224,one_hop,0.05,0.01,0.75,0.2,0.5,0.25,72.03756971278051,1.0237136157355626,False,0.2420186240015027
2224,sagereg,0.05,0.01,0.75,0.2,0.5,0.25,72.03756786420675,1.023713636937491,False,0.2704727620002813
2225,one_hop,0.05,0.01,0.75,0.2,0.5,0.25,100.6774486851196,0.6255138716874542,False,0.2453008379998209
2225,sagereg,0.05,0.01,0.75,0.2,0.5,0.25,100.67744601412387,0.6255138665087895,False,0.2745489720000478
2226,one_hop,0.05,0.01,0.75,0.2,0.5,0.25,22.78110692672026,0.9587810546771413,False,0.2460518070001853
2226,sagereg,0.05,0.01,0.75,0.2,0.5,0.25,22.78111024682118,0.9587811111613112,False,0.2736956410008133
2227,one_hop,0.05,0.01,0.75,0.2,0.5,0.25,100.0710115652472,1.1903369810366111,False,0.2452008679993014
2227,sagereg,0.05,0.01,0.75,0.2,0.5,0.25,100.07102159610471,1.1903373645470403,False,0.2687137389984855
2228,one_hop,0.05,0.01,0.75,0.2,0.5,0.25,84.85411300666806,0.8499313440819701,False,0.2415855140006897
2228,sagereg,0.05,0.01,0.75,0.2,0.5,0.25,84.8541148818281,0.8499314544952422,False,0.271216261000518
2229,one_hop,0.05,0.01,0.75,0.2,0.5,0.25,105.9552891275539,0.6422969309075814,False,0.2484820600002422
2229,sagereg,0.05,0.01,0.75,0.2,0.5,0.25,105.95528589184882,0.6422968574562287,False,0.2776768269995955
2230,one_hop,0.05,0.01,0.75,0.2,0.5,0.25,28.9397254341996,0.9009767205869036,False,0.2495775539991882
2230,sagereg,0.05,0.01,0.75,0.2,0.5,0.25,28.939726600540425,0.900976672677837,False,0.2759134539992374
2231,one_hop,0.05,0.01,0.75,0.2,0.5,0.25,99.81861749458729,0.1332453717323163,False,0.2414937089997693
2231,sagereg,0.05,0.01,0.75,0.2,0.5,0.25,99.81862368944104,0.1332454209376579,False,0.2706836269990162
2232,one_hop,0.05,0.01,0.75,0.2,0.5,0.25,166.91158071627402,0.5051814016488759,False,0.2487917480011674
2232,sagereg,0.05,0.01,0.75,0.2,0.5,0.25,166.911579623434,0.5051812833960073,False,0.2782606399996439
2233,one_hop,0.05,0.01,0.75,0.2,0.5,0.25,35.60150487282876,0.777484592727628,False,0.2414139840002462
2233,sagereg,0.05,0.01,0.75,0.2,0.5,0.25,35.60150588930049,0.7774846059573697,False,0.2711894549993303
2234,one_hop,0.05,0.01,0.75,0.2,0.5,0.25,155.39148572591202,0.6544678428398484,False,0.237567117999788
2234,sagereg,0.05,0.01,0.75,0.2,0.5,0.25,155.39147642055582,0.6544679404047179,False,0.2653526320009405
2235,one_hop,0.05,0.01,0.75,0.2,0.5,0.25,51.60714999350432,0.6083887321595115,False,0.2450586809991364
2235,sagereg,0.05,0.01,0.75,0.2,0.5,0.25,51.6071476919812,0.6083887021074815,False,0.2741334020010981
2236,one_hop,0.05,0.01,0.75,0.2,0.5,0.25,112.86140075405834,1.1613855805227706,False,0.252252240999951
2236,sagereg,0.05,0.01,0.75,0.2,0.5,0.25,112.86139275229075,1.1613855706096912,False,0.2813962079999328
2237,one_hop,0.05,0.01,0.75,0.2,0.5,0.25,164.20502952492535,0.1017311583206463,False,0.245690679999825
2237,sagereg,0.05,0.01,0.75,0.2,0.5,0.25,164.20502265763236,0.1017314280233548,False,0.2768133299996407
2238,one_hop,0.05,0.01,0.75,0.2,0.5,0.25,132.27439528495066,0.3900302469613521,False,0.2472225840010651
2238,sagereg,0.05,0.01,0.75,0.2,0.5,0.25,132.27440084267505,0.3900301237700671,False,0.2751828460004617
2239,one_hop,0.05,0.01,0.75,0.2,0.5,0.25,161.18783160401594,0.5436112821464989,False,0.2511977780013694
2239,sagereg,0.05,0.01,0.75,0.2,0.5,0.25,161.18783180521675,0.5436112262637603,False,0.2810071879994211
2240,one_hop,0.05,0.01,0.75,0.2,1.0,0.0,155.3562974188379,0.505608697017792,False,0.2437919120002334
2240,sagereg,0.05,0.01,0.75,0.2,1.0,0.0,155.35630177507534,0.5056087016300373,False,0.2711943620015518
2241,one_hop,0.05,0.01,0.75,0.2,1.0,0.0,61.01485997165725,0.8640203884106227,False,0.2580140190002566
2241,sagereg,0.05,0.01,0.75,0.2,1.0,0.0,61.01485690121684,0.8640204773375438,False,0.2846376580000651
2242,one_hop,0.05,0.01,0.75,0.2,1.0,0.0,175.53956065632477,0.8247607092016261,False,0.251128312000219
2242,sagereg,0.05,0.01,0.75,0.2,1.0,0.0,175.53954177588167,0.8247607474285367,False,0.2784668880012759
2243,one_hop,0.05,0.01,0.75,0.2,1.0,0.0,48.73382477693358,0.9991791590589172,False,0.2380067949998192
2243,sagereg,0.05,0.01,0.75,0.2,1.0,0.0,48.73386127567768,0.9991788075015978,False,0.2645758069993462
2244,one_hop,0.05,0.01,0.75,0.2,1.0,0.0,105.59603722115284,0.3013491968581365,False,0.2496194949999335
2244,sagereg,0.05,0.01,0.75,0.2,1.0,0.0,105.5960139694107,0.3013494560648042,False,0.2763940749991889
2245,one_hop,0.05,0.01,0.75,0.2,1.0,0.0,156.0011814634349,0.706330350080193,False,0.2496194640007161
2245,sagereg,0.05,0.01,0.75,0.2,1.0,0.0,156.00117741821518,0.7063303724283636,False,0.278477103998739
2246,one_hop,0.05,0.01,0.75,0.2,1.0,0.0,11.855746533307808,0.5523297366173944,False,0.242626838000433
2246,sagereg,0.05,0.01,0.75,0.2,1.0,0.0,11.855770478926376,0.5523297453332237,False,0.2684369180005888
2247,one_hop,0.05,0.01,0.75,0.2,1.0,0.0,169.28798037173175,0.9504204390211703,False,0.2455204879988741
2247,sagereg,0.05,0.01,0.75,0.2,1.0,0.0,169.28798404950842,0.9504203676818648,False,0.2718001430002914
2248,one_hop,0.05,0.01,0.75,0.2,1.0,0.0,129.09598906830666,0.6326249491758151,False,0.2476744850009709
2248,sagereg,0.05,0.01,0.75,0.2,1.0,0.0,129.0959124331824,0.6326230054027747,False,0.2749163480002607
2249,one_hop,0.05,0.01,0.75,0.2,1.0,0.0,89.43449319416376,0.9691364634951394,False,0.2539936070006661
2249,sagereg,0.05,0.01,0.75,0.2,1.0,0.0,89.43449768442652,0.9691365653611772,False,0.2806489770009648
2250,one_hop,0.05,0.01,0.75,0.2,1.0,0.0,151.53866852786447,0.3354114040400626,False,0.244349216000046
2250,sagereg,0.05,0.01,0.75,0.2,1.0,0.0,151.53867061903463,0.3354113499744532,False,0.2717246930005785
2251,one_hop,0.05,0.01,0.75,0.2,1.0,0.0,53.13983130731574,1.0841968826391115,False,0.2453266959983011
2251,sagereg,0.05,0.01,0.75,0.2,1.0,0.0,53.13983205153591,1.084196874077629,False,0.271945479000351
2252,one_hop,0.05,0.01,0.75,0.2,1.0,0.0,28.82621011802401,0.5188572055371837,False,0.2418435469990072
2252,sagereg,0.05,0.01,0.75,0.2,1.0,0.0,28.82620783468635,0.5188571867632239,False,0.2690386529993702
2253,one_hop,0.05,0.01,0.75,0.2,1.0,0.0,117.17977111228964,0.958508858557556,False,0.2446395930001017
2253,sagereg,0.05,0.01,0.75,0.2,1.0,0.0,117.17975667552756,0.958509091209624,False,0.2709144700002071
2254,one_hop,0.05,0.01,0.75,0.2,1.0,0.0,86.77163504485782,0.9869962969293952,False,0.2414547800017317
2254,sagereg,0.05,0.01,0.75,0.2,1.0,0.0,86.77163203059725,0.9869961669049232,False,0.2674766119998821
2255,one_hop,0.05,0.01,0.75,0.2,1.0,0.0,24.019989177749856,0.6371994503597871,False,0.2425597790006577
2255,sagereg,0.05,0.01,0.75,0.2,1.0,0.0,24.019995745476795,0.6371996819929151,False,0.2686664489992836
2256,one_hop,0.05,0.01,0.75,0.2,1.0,0.0,68.83297887997537,1.0620548557886136,False,0.251828177999414
2256,sagereg,0.05,0.01,0.75,0.2,1.0,0.0,68.83285403831516,1.0620540041944495,False,0.2802642370006651
2257,one_hop,0.05,0.01,0.75,0.2,1.0,0.0,123.35750682700838,0.9553169892887288,False,0.2482704880003439
2257,sagereg,0.05,0.01,0.75,0.2,1.0,0.0,123.3575029563098,0.9553170281808936,False,0.2764809619984589
2258,one_hop,0.05,0.01,0.75,0.2,1.0,0.0,146.97903497493965,0.6853420554036448,False,0.2434664009997504
2258,sagereg,0.05,0.01,0.75,0.2,1.0,0.0,146.97904249429985,0.685342035869691,False,0.2714430359992548
2259,one_hop,0.05,0.01,0.75,0.2,1.0,0.0,138.6881904542536,0.7379828554483255,False,0.2456007230011891
2259,sagereg,0.05,0.01,0.75,0.2,1.0,0.0,138.68819036106265,0.7379828215157291,False,0.2732874720004474
2260,one_hop,0.05,0.01,0.75,0.2,1.0,0.25,57.08466876920795,0.8704329954796602,False,0.2453734019982221
2260,sagereg,0.05,0.01,0.75,0.2,1.0,0.25,57.08467413096477,0.8704330002297066,False,0.274452043000565
2261,one_hop,0.05,0.01,0.75,0.2,1.0,0.25,68.16221877315652,0.8415978653432289,False,0.2464338419995329
2261,sagereg,0.05,0.01,0.75,0.2,1.0,0.25,68.16223759316391,0.8415988241478435,False,0.2750644370007649
2262,one_hop,0.05,0.01,0.75,0.2,1.0,0.25,27.343600811198343,0.6121078207081383,False,0.2430147819995909
2262,sagereg,0.05,0.01,0.75,0.2,1.0,0.25,27.343626069226588,0.612107778558265,False,0.2710128629987594
2263,one_hop,0.05,0.01,0.75,0.2,1.0,0.25,153.3141946701863,0.4113024166894568,False,0.2461359600001742
2263,sagereg,0.05,0.01,0.75,0.2,1.0,0.25,153.31420642923152,0.4113022055481889,False,0.2747655289986142
2264,one_hop,0.05,0.01,0.75,0.2,1.0,0.25,126.52597172117136,0.9049515352429104,False,0.2427885580000293
2264,sagereg,0.05,0.01,0.75,0.2,1.0,0.25,126.52596194401929,0.9049516939129444,False,0.2717289760003041
2265,one_hop,0.05,0.01,0.75,0.2,1.0,0.25,126.45070883497311,0.7653974516892865,False,0.2448348679990886
2265,sagereg,0.05,0.01,0.75,0.2,1.0,0.25,126.45070881029191,0.7653974617564744,False,0.2766261359993223
2266,one_hop,0.05,0.01,0.75,0.2,1.0,0.25,17.570419050935996,0.5821195856317128,False,0.2464520470002753
2266,sagereg,0.05,0.01,0.75,0.2,1.0,0.25,17.570417116232512,0.582119619603874,False,0.2756922010012204
2267,one_hop,0.05,0.01,0.75,0.2,1.0,0.25,155.66316677946156,0.5625586902693758,False,0.2497916780012019
2267,sagereg,0.05,0.01,0.75,0.2,1.0,0.25,155.66316147160848,0.5625587072779924,False,0.2747868239985109
2268,one_hop,0.05,0.01,0.75,0.2,1.0,0.25,143.8285589980703,0.8936311819259624,False,0.2406233140009135
2268,sagereg,0.05,0.01,0.75,0.2,1.0,0.25,143.82857478892703,0.8936318726707632,False,0.2704294930008473
2269,one_hop,0.05,0.01,0.75,0.2,1.0,0.25,161.7093664600191,1.1819456415257608,False,0.2462597949997871
2269,sagereg,0.05,0.01,0.75,0.2,1.0,0.25,161.7093678595197,1.1819455993855186,False,0.2748081409990845
2270,one_hop,0.05,0.01,0.75,0.2,1.0,0.25,77.01712533518527,0.4292443745822489,False,0.2519971229994553
2270,sagereg,0.05,0.01,0.75,0.2,1.0,0.25,77.0171311517511,0.4292442859582672,False,0.2820682500005205
2271,one_hop,0.05,0.01,0.75,0.2,1.0,0.25,115.52989443110286,0.115085753330285,False,0.2476610209996579
2271,sagereg,0.05,0.01,0.75,0.2,1.0,0.25,115.5299009478376,0.115085808214871,False,0.2769813510003587
2272,one_hop,0.05,0.01,0.75,0.2,1.0,0.25,122.80155318390864,0.5035167093993713,False,0.2453000410005188
2272,sagereg,0.05,0.01,0.75,0.2,1.0,0.25,122.80156006917846,0.5035167601634465,False,0.274593845999334
2273,one_hop,0.05,0.01,0.75,0.2,1.0,0.25,83.19834248830615,0.6532240234818677,False,0.2447131909993913
2273,sagereg,0.05,0.01,0.75,0.2,1.0,0.25,83.19834043386412,0.6532239965051705,False,0.2735926510013087
2274,one_hop,0.05,0.01,0.75,0.2,1.0,0.25,62.27431450361541,0.7458874882408644,False,0.2360285599988856
2274,sagereg,0.05,0.01,0.75,0.2,1.0,0.25,62.27431794321712,0.745887555910335,False,0.2630698350003513
2275,one_hop,0.05,0.01,0.75,0.2,1.0,0.25,135.24535201350997,0.233466464351454,False,0.2444924440005706
2275,sagereg,0.05,0.01,0.75,0.2,1.0,0.25,135.24535263225812,0.2334664623308469,False,0.2733725769994635
2276,one_hop,0.05,0.01,0.75,0.2,1.0,0.25,102.12040501816972,1.0211791619825732,False,0.240073773999029
2276,sagereg,0.05,0.01,0.75,0.2,1.0,0.25,102.12041107661187,1.021179244407767,False,0.2678696299990406
2277,one_hop,0.05,0.01,0.75,0.2,1.0,0.25,150.0357398656944,0.6389418975781335,False,0.2408663770002022
2277,sagereg,0.05,0.01,0.75,0.2,1.0,0.25,150.03572601607868,0.63894210889216,False,0.2697349110003415
2278,one_hop,0.05,0.01,0.75,0.2,1.0,0.25,57.57201133996279,0.8540680130110153,False,0.252589829999124
2278,sagereg,0.05,0.01,0.75,0.2,1.0,0.25,57.57201302219161,0.8540680667982444,False,0.2819494949999352
2279,one_hop,0.05,0.01,0.75,0.2,1.0,0.25,144.94862952837462,0.5673179063953832,False,0.2439103899996553
2279,sagereg,0.05,0.01,0.75,0.2,1.0,0.25,144.94862265696284,0.5673178811356087,False,0.2726990540013503
2280,one_hop,0.05,0.01,0.75,0.8,0.0,0.0,23.4350725389054,0.4940937851063388,False,0.2615659969997068
2280,sagereg,0.05,0.01,0.75,0.8,0.0,0.0,23.435069878959364,0.4940937411797587,False,0.2904932040000858
2281,one_hop,0.05,0.01,0.75,0.8,0.0,0.0,30.49229808389012,0.5214875641484593,False,0.2683764430003066
2281,sagereg,0.05,0.01,0.75,0.8,0.0,0.0,30.492296274764342,0.5214876506269407,False,0.2966016179998405
2282,one_hop,0.05,0.01,0.75,0.8,0.0,0.0,147.4047305607603,0.0960037476467164,False,0.2654258269994898
2282,sagereg,0.05,0.01,0.75,0.8,0.0,0.0,147.4047324807656,0.0960037823744562,False,0.2955775629998243
2283,one_hop,0.05,0.01,0.75,0.8,0.0,0.0,142.13725317552434,0.8705013108811415,False,0.2642621699997107
2283,sagereg,0.05,0.01,0.75,0.8,0.0,0.0,142.1372543917893,0.8705013028578117,False,0.2934634499997628
2284,one_hop,0.05,0.01,0.75,0.8,0.0,0.0,56.33512736846271,0.9770996264113636,False,0.2637385609996272
2284,sagereg,0.05,0.01,0.75,0.8,0.0,0.0,56.335120954870334,0.9770996018326746,False,0.2942656840004929
2285,one_hop,0.05,0.01,0.75,0.8,0.0,0.0,37.84093277920506,0.3853041698388195,False,0.2706925029997364
2285,sagereg,0.05,0.01,0.75,0.8,0.0,0.0,37.84093331046449,0.3853041005081572,False,0.3017975779985136
2286,one_hop,0.05,0.01,0.75,0.8,0.0,0.0,79.37521938139443,0.3765887843606494,False,0.2668266669988952
2286,sagereg,0.05,0.01,0.75,0.8,0.0,0.0,79.37521923175267,0.3765886879687115,False,0.2951425520004704
2287,one_hop,0.05,0.01,0.75,0.8,0.0,0.0,179.2234399734126,0.7719045400747478,False,0.2635338319996663
2287,sagereg,0.05,0.01,0.75,0.8,0.0,0.0,179.22343855008535,0.7719045908445479,False,0.2927038640009414
2288,one_hop,0.05,0.01,0.75,0.8,0.0,0.0,93.01285448724214,0.958872271091642,False,0.2637302370003453
2288,sagereg,0.05,0.01,0.75,0.8,0.0,0.0,93.01285517565128,0.9588722705083984,False,0.2951878780004335
2289,one_hop,0.05,0.01,0.75,0.8,0.0,0.0,44.81934079153216,0.7226026896606466,False,0.2735583529993164
2289,sagereg,0.05,0.01,0.75,0.8,0.0,0.0,44.81934297624298,0.7226026091936459,False,0.3041421389989409
2290,one_hop,0.05,0.01,0.75,0.8,0.0,0.0,31.532039121629843,0.4084664449225225,False,0.2676043589999608
2290,sagereg,0.05,0.01,0.75,0.8,0.0,0.0,31.53204841463516,0.4084668925243207,False,0.2970751100001507
2291,one_hop,0.05,0.01,0.75,0.8,0.0,0.0,165.62742451426888,0.7874981191911878,False,0.2631543280003825
2291,sagereg,0.05,0.01,0.75,0.8,0.0,0.0,165.62742482951205,0.7874981272893461,False,0.2949824480001553
2292,one_hop,0.05,0.01,0.75,0.8,0.0,0.0,150.14687901793275,0.5788836590535896,False,0.267297538001003
2292,sagereg,0.05,0.01,0.75,0.8,0.0,0.0,150.1468796475652,0.5788836230354935,False,0.2972039050000603
2293,one_hop,0.05,0.01,0.75,0.8,0.0,0.0,137.71611754042274,0.4266270473141826,False,0.2637932829984493
2293,sagereg,0.05,0.01,0.75,0.8,0.0,0.0,137.71611681257596,0.4266270494241044,False,0.29314617899945
2294,one_hop,0.05,0.01,0.75,0.8,0.0,0.0,30.0290926608532,0.8364492445440384,False,0.2642148449995147
2294,sagereg,0.05,0.01,0.75,0.8,0.0,0.0,30.029092040380085,0.8364492678437876,False,0.2930744090008375
2295,one_hop,0.05,0.01,0.75,0.8,0.0,0.0,93.07237990939194,0.5157615797473919,False,0.263291813998876
2295,sagereg,0.05,0.01,0.75,0.8,0.0,0.0,93.07238142816104,0.5157616778099771,False,0.293226878000496
2296,one_hop,0.05,0.01,0.75,0.8,0.0,0.0,156.93133129137496,0.7826462285080545,False,0.2674404989993491
2296,sagereg,0.05,0.01,0.75,0.8,0.0,0.0,156.9313314167187,0.7826462432838773,False,0.297704350999993
2297,one_hop,0.05,0.01,0.75,0.8,0.0,0.0,72.68797934389677,0.6214523877190711,False,0.2675391699995089
2297,sagereg,0.05,0.01,0.75,0.8,0.0,0.0,72.68797725093712,0.6214523848520872,False,0.3002843699996447
2298,one_hop,0.05,0.01,0.75,0.8,0.0,0.0,61.45886027206125,0.801191566690239,False,0.2678531749988906
2298,sagereg,0.05,0.01,0.75,0.8,0.0,0.0,61.458864091625856,0.8011915814355112,False,0.2961957289990096
2299,one_hop,0.05,0.01,0.75,0.8,0.0,0.0,136.5105430029641,0.6024405408800695,False,0.2619943099998636
2299,sagereg,0.05,0.01,0.75,0.8,0.0,0.0,136.5105431772817,0.6024405595289719,False,0.2908265519999986
2300,one_hop,0.05,0.01,0.75,0.8,0.0,0.25,122.23739139346988,0.784512239008451,False,0.2551185470001655
2300,sagereg,0.05,0.01,0.75,0.8,0.0,0.25,122.23739156264708,0.7845122210848652,False,0.2862780840005143
2301,one_hop,0.05,0.01,0.75,0.8,0.0,0.25,123.75962239967316,0.649910408886945,False,0.2610367630004475
2301,sagereg,0.05,0.01,0.75,0.8,0.0,0.25,123.75962693566412,0.6499107973412029,False,0.2910840300010022
2302,one_hop,0.05,0.01,0.75,0.8,0.0,0.25,178.89129048496824,1.0231888785129448,False,0.2517017520003719
2302,sagereg,0.05,0.01,0.75,0.8,0.0,0.25,178.89130139131473,1.0231895165985223,False,0.283489326999188
2303,one_hop,0.05,0.01,0.75,0.8,0.0,0.25,170.45749023695242,0.8179327487764496,False,0.2500637689990981
2303,sagereg,0.05,0.01,0.75,0.8,0.0,0.25,170.45749174010967,0.8179327084586758,False,0.2825462670007255
2304,one_hop,0.05,0.01,0.75,0.8,0.0,0.25,118.1521695429648,0.9154712137563248,False,0.2563692349995108
2304,sagereg,0.05,0.01,0.75,0.8,0.0,0.25,118.15216879477774,0.9154712291253382,False,0.2862313940004242
2305,one_hop,0.05,0.01,0.75,0.8,0.0,0.25,150.00024699102724,0.7841775896928213,False,0.2558807329987758
2305,sagereg,0.05,0.01,0.75,0.8,0.0,0.25,150.00027899729156,0.7841747759306311,False,0.2865357600003335
2306,one_hop,0.05,0.01,0.75,0.8,0.0,0.25,176.04368776670856,0.5169938565963764,False,0.2549805260005087
2306,sagereg,0.05,0.01,0.75,0.8,0.0,0.25,176.04368704499294,0.5169938626422607,False,0.2849626719998923
2307,one_hop,0.05,0.01,0.75,0.8,0.0,0.25,103.54273477515852,0.7641278342390967,False,0.2583176239986642
2307,sagereg,0.05,0.01,0.75,0.8,0.0,0.25,103.54273476115344,0.7641278289870623,False,0.2892697980005323
2308,one_hop,0.05,0.01,0.75,0.8,0.0,0.25,144.48480922052312,0.6229861917515082,False,0.2572621819999767
2308,sagereg,0.05,0.01,0.75,0.8,0.0,0.25,144.48480645068489,0.6229861610240349,False,0.2871803240013832
2309,one_hop,0.05,0.01,0.75,0.8,0.0,0.25,107.0459115914902,0.7572733993146122,False,0.2544289209999988
2309,sagereg,0.05,0.01,0.75,0.8,0.0,0.25,107.04591119697952,0.7572733792791007,False,0.2855424730005325
2310,one_hop,0.05,0.01,0.75,0.8,0.0,0.25,145.65108325689454,1.0677714058201653,False,0.2562419410005532
2310,sagereg,0.05,0.01,0.75,0.8,0.0,0.25,145.65108336080766,1.0677714057709309,False,0.2864292890008073
2311,one_hop,0.05,0.01,0.75,0.8,0.0,0.25,167.97545681676166,0.321212180467736,False,0.2523664999989705
2311,sagereg,0.05,0.01,0.75,0.8,0.0,0.25,167.9754574319041,0.3212121903818633,False,0.2830973870004527
2312,one_hop,0.05,0.01,0.75,0.8,0.0,0.25,68.55773162000227,0.5948677882649334,False,0.2583379879997665
2312,sagereg,0.05,0.01,0.75,0.8,0.0,0.25,68.55773278514211,0.5948677657240979,False,0.2898174020010629
2313,one_hop,0.05,0.01,0.75,0.8,0.0,0.25,81.220041385303,0.4624306499629184,False,0.2580552310009807
2313,sagereg,0.05,0.01,0.75,0.8,0.0,0.25,81.22004181009723,0.4624306486529613,False,0.288145362999785
2314,one_hop,0.05,0.01,0.75,0.8,0.0,0.25,104.92787842673924,0.1297463918850448,False,0.2599619619995792
2314,sagereg,0.05,0.01,0.75,0.8,0.0,0.25,104.9278784776316,0.1297463804633459,False,0.2915165579997847
2315,one_hop,0.05,0.01,0.75,0.8,0.0,0.25,165.70608284462713,0.5499872503925701,False,0.2557238049994339
2315,sagereg,0.05,0.01,0.75,0.8,0.0,0.25,165.7060814059083,0.5499872314335719,False,0.2868428389992914
2316,one_hop,0.05,0.01,0.75,0.8,0.0,0.25,101.28022246707422,0.6935733559981708,False,0.2565528390005056
2316,sagereg,0.05,0.01,0.75,0.8,0.0,0.25,101.28022591412136,0.6935733225302608,False,0.2869478470001922
2317,one_hop,0.05,0.01,0.75,0.8,0.0,0.25,61.914154237414365,0.8340191314309023,False,0.2593770929997845
2317,sagereg,0.05,0.01,0.75,0.8,0.0,0.25,61.914153796805685,0.8340191612730691,False,0.2899342230011825
2318,one_hop,0.05,0.01,0.75,0.8,0.0,0.25,112.85504234717658,0.4227476124656081,False,0.2548373179997725
2318,sagereg,0.05,0.01,0.75,0.8,0.0,0.25,112.8550399113048,0.4227476480270913,False,0.2848076869995566
2319,one_hop,0.05,0.01,0.75,0.8,0.0,0.25,145.41131936623768,0.6892570567702581,False,0.2579780199994275
2319,sagereg,0.05,0.01,0.75,0.8,0.0,0.25,145.41131983558273,0.6892570159731624,False,0.2870944619990041
2320,one_hop,0.05,0.01,0.75,0.8,0.5,0.0,128.53559885280544,0.2970474586666913,False,0.2639203799990355
2320,sagereg,0.05,0.01,0.75,0.8,0.5,0.0,128.53559848512035,0.2970474912429242,False,0.2962936120002268
2321,one_hop,0.05,0.01,0.75,0.8,0.5,0.0,103.40260598934115,0.3903225905228599,False,0.2613884290003625
2321,sagereg,0.05,0.01,0.75,0.8,0.5,0.0,103.40260731913666,0.3903225679197442,False,0.2921918310003093
2322,one_hop,0.05,0.01,0.75,0.8,0.5,0.0,127.38761364108684,0.4721555943703839,False,0.2589430160005577
2322,sagereg,0.05,0.01,0.75,0.8,0.5,0.0,127.38761467117146,0.4721555896321167,False,0.287738540000646
2323,one_hop,0.05,0.01,0.75,0.8,0.5,0.0,164.55740962120623,0.7589055591944447,False,0.2610243670005729
2323,sagereg,0.05,0.01,0.75,0.8,0.5,0.0,164.5574092007176,0.7589055923904213,False,0.2912432529992657
2324,one_hop,0.05,0.01,0.75,0.8,0.5,0.0,116.6541764672721,0.562726894488201,False,0.2551632670001709
2324,sagereg,0.05,0.01,0.75,0.8,0.5,0.0,116.65417724559666,0.5627268880535303,False,0.2839278360006574
2325,one_hop,0.05,0.01,0.75,0.8,0.5,0.0,53.8784833289203,0.2855290251819315,False,0.2636174830004165
2325,sagereg,0.05,0.01,0.75,0.8,0.5,0.0,53.8785505387954,0.2855245001407475,False,0.293087836000268
2326,one_hop,0.05,0.01,0.75,0.8,0.5,0.0,96.6540520695466,0.1082375242744397,False,0.260147295999559
2326,sagereg,0.05,0.01,0.75,0.8,0.5,0.0,96.65405351726476,0.1082375188836049,False,0.2889091150009335
2327,one_hop,0.05,0.01,0.75,0.8,0.5,0.0,125.87180368564256,0.431940318920587,False,0.2631474889985838
2327,sagereg,0.05,0.01,0.75,0.8,0.5,0.0,125.87180343863552,0.4319403084677088,False,0.2938202460009051
2328,one_hop,0.05,0.01,0.75,0.8,0.5,0.0,54.45254212715609,0.8291320223665956,False,0.2607410730015544
2328,sagereg,0.05,0.01,0.75,0.8,0.5,0.0,54.45254218534184,0.8291320294751116,False,0.2899956019991805
2329,one_hop,0.05,0.01,0.75,0.8,0.5,0.0,178.84165995882634,0.9454176668397044,False,0.2584621610003523
2329,sagereg,0.05,0.01,0.75,0.8,0.5,0.0,178.8416558741999,0.9454176760089352,False,0.2878100930010987
2330,one_hop,0.05,0.01,0.75,0.8,0.5,0.0,91.80364486536833,0.6766457913264953,False,0.2636970410003414
2330,sagereg,0.05,0.01,0.75,0.8,0.5,0.0,91.8036454079138,0.6766457897483267,False,0.2921608510005171
2331,one_hop,0.05,0.01,0.75,0.8,0.5,0.0,106.74158551070148,0.772377591263606,False,0.2660116999995807
2331,sagereg,0.05,0.01,0.75,0.8,0.5,0.0,106.74158566406904,0.7723776029273434,False,0.295080940999469
2332,one_hop,0.05,0.01,0.75,0.8,0.5,0.0,76.48506238797181,0.5218820756339292,False,0.2609184499997354
2332,sagereg,0.05,0.01,0.75,0.8,0.5,0.0,76.48505943469542,0.5218821529257487,False,0.2876385290001053
2333,one_hop,0.05,0.01,0.75,0.8,0.5,0.0,70.31584246393687,1.2151697441142753,False,0.2638566340010584
2333,sagereg,0.05,0.01,0.75,0.8,0.5,0.0,70.31584222301316,1.2151697372058403,False,0.2943927950000216
2334,one_hop,0.05,0.01,0.75,0.8,0.5,0.0,18.44505544184521,0.6580721808680406,False,0.264516982000714
2334,sagereg,0.05,0.01,0.75,0.8,0.5,0.0,18.44505630698537,0.6580721416504817,False,0.2920520549996581
2335,one_hop,0.05,0.01,0.75,0.8,0.5,0.0,114.26582479385462,0.6388044556712357,False,0.2628029780007637
2335,sagereg,0.05,0.01,0.75,0.8,0.5,0.0,114.2658249577565,0.6388044343824846,False,0.292052851000335
2336,one_hop,0.05,0.01,0.75,0.8,0.5,0.0,115.52929005155396,0.8708367546571859,False,0.2609928510009922
2336,sagereg,0.05,0.01,0.75,0.8,0.5,0.0,115.52928962004012,0.870836784561294,False,0.2904440780002915
2337,one_hop,0.05,0.01,0.75,0.8,0.5,0.0,95.66207458983752,0.5905204099293768,False,0.2645652730006986
2337,sagereg,0.05,0.01,0.75,0.8,0.5,0.0,95.66207515260528,0.5905203498350332,False,0.2934838119999767
2338,one_hop,0.05,0.01,0.75,0.8,0.5,0.0,79.26796749006719,0.5208182534834618,False,0.2631774810015486
2338,sagereg,0.05,0.01,0.75,0.8,0.5,0.0,79.26797235418424,0.5208180262627454,False,0.2941751719990861
2339,one_hop,0.05,0.01,0.75,0.8,0.5,0.0,120.16051622536172,0.7193625719105563,False,0.2569857710004726
2339,sagereg,0.05,0.01,0.75,0.8,0.5,0.0,120.16051597558042,0.7193626286043562,False,0.2880989530003717
2340,one_hop,0.05,0.01,0.75,0.8,0.5,0.25,74.17276688257189,1.1665319765515556,False,0.2532312999992427
2340,sagereg,0.05,0.01,0.75,0.8,0.5,0.25,74.17276537841003,1.1665319938493874,False,0.2837425479992816
2341,one_hop,0.05,0.01,0.75,0.8,0.5,0.25,91.08731817268809,0.5293084505853657,False,0.2575749260013253
2341,sagereg,0.05,0.01,0.75,0.8,0.5,0.25,91.0873192643722,0.5293084584166154,False,0.2877042660002189
2342,one_hop,0.05,0.01,0.75,0.8,0.5,0.25,153.3096338590839,0.5012014003852638,False,0.2594035970014374
2342,sagereg,0.05,0.01,0.75,0.8,0.5,0.25,153.3096337484761,0.5012014063361744,False,0.2899222380001447
2343,one_hop,0.05,0.01,0.75,0.8,0.5,0.25,115.77505389470812,0.7088088519462229,False,0.2555768799993529
2343,sagereg,0.05,0.01,0.75,0.8,0.5,0.25,115.77505261048589,0.7088088554768626,False,0.2845435090002866
2344,one_hop,0.05,0.01,0.75,0.8,0.5,0.25,95.28175775959396,0.5832692628724081,False,0.2590392889997019
2344,sagereg,0.05,0.01,0.75,0.8,0.5,0.25,95.28176011077475,0.5832692450413961,False,0.288223879000725
2345,one_hop,0.05,0.01,0.75,0.8,0.5,0.25,80.54200552809834,0.2193709138652494,False,0.2575769670002046
2345,sagereg,0.05,0.01,0.75,0.8,0.5,0.25,80.54200544744778,0.2193709091837902,False,0.2893411589993775
2346,one_hop,0.05,0.01,0.75,0.8,0.5,0.25,86.9549179160183,0.8826735597555889,False,0.2595341770011146
2346,sagereg,0.05,0.01,0.75,0.8,0.5,0.25,86.95491743238152,0.8826734876445949,False,0.2894317809987115
2347,one_hop,0.05,0.01,0.75,0.8,0.5,0.25,143.58166901967323,0.6132759858475021,False,0.2541917729995475
2347,sagereg,0.05,0.01,0.75,0.8,0.5,0.25,143.58166763822115,0.6132759507323785,False,0.2854468400000769
2348,one_hop,0.05,0.01,0.75,0.8,0.5,0.25,91.9703456409192,0.5796970964653357,False,0.2532037529999797
2348,sagereg,0.05,0.01,0.75,0.8,0.5,0.25,91.97034213289062,0.5796971636135372,False,0.2828178590007155
2349,one_hop,0.05,0.01,0.75,0.8,0.5,0.25,90.38639417990468,0.4466463801958831,False,0.2589207199998782
2349,sagereg,0.05,0.01,0.75,0.8,0.5,0.25,90.38639207244276,0.4466464024297469,False,0.2893022730004304
2350,one_hop,0.05,0.01,0.75,0.8,0.5,0.25,87.03354251475402,0.7919290169182329,False,0.2608732429998781
2350,sagereg,0.05,0.01,0.75,0.8,0.5,0.25,87.03354079088584,0.791929011333092,False,0.2919426479984395
2351,one_hop,0.05,0.01,0.75,0.8,0.5,0.25,121.9739464259893,0.5035202306142628,False,0.2530192740014172
2351,sagereg,0.05,0.01,0.75,0.8,0.5,0.25,121.9739452747234,0.503520150558204,False,0.2855346649994317
2352,one_hop,0.05,0.01,0.75,0.8,0.5,0.25,120.29867111330326,0.1182981309983017,False,0.2520660859991039
2352,sagereg,0.05,0.01,0.75,0.8,0.5,0.25,120.29867027999256,0.1182980509640155,False,0.2816533830009575
2353,one_hop,0.05,0.01,0.75,0.8,0.5,0.25,142.97737015119182,0.7246836115693528,False,0.2610000020013103
2353,sagereg,0.05,0.01,0.75,0.8,0.5,0.25,142.97737080697797,0.7246835483567958,False,0.2905179340014001
2354,one_hop,0.05,0.01,0.75,0.8,0.5,0.25,151.18498259865575,0.7926855226403464,False,0.2580458219999855
2354,sagereg,0.05,0.01,0.75,0.8,0.5,0.25,151.184980724581,0.7926855703483017,False,0.2881373599993821
2355,one_hop,0.05,0.01,0.75,0.8,0.5,0.25,73.0191114547744,0.6563979446723455,False,0.252860442000383
2355,sagereg,0.05,0.01,0.75,0.8,0.5,0.25,73.01911569880254,0.6563980010589507,False,0.2824560009994457
2356,one_hop,0.05,0.01,0.75,0.8,0.5,0.25,152.44721005553447,0.8361496934560884,False,0.2559893180005019
2356,sagereg,0.05,0.01,0.75,0.8,0.5,0.25,152.44721316896053,0.8361495912862831,False,0.2871163159998104
2357,one_hop,0.05,0.01,0.75,0.8,0.5,0.25,122.10251580310316,0.4741428157463206,False,0.2595330069998454
2357,sagereg,0.05,0.01,0.75,0.8,0.5,0.25,122.10251794647282,0.4741428375734722,False,0.2901649860014004
2358,one_hop,0.05,0.01,0.75,0.8,0.5,0.25,34.98258860249792,0.6772637047188,False,0.2545846060002077
2358,sagereg,0.05,0.01,0.75,0.8,0.5,0.25,34.982586648100735,0.6772637274237825,False,0.2854925259998708
2359,one_hop,0.05,0.01,0.75,0.8,0.5,0.25,101.88575173537774,0.319711106870456,False,0.2606978910007456
2359,sagereg,0.05,0.01,0.75,0.8,0.5,0.25,101.88575102361104,0.3197111079597914,False,0.2918508610000572
2360,one_hop,0.05,0.01,0.75,0.8,1.0,0.0,172.03604288084634,0.8482488498245285,False,0.258705688000191
2360,sagereg,0.05,0.01,0.75,0.8,1.0,0.0,172.03604767497666,0.8482486596332108,False,0.28656325799966
2361,one_hop,0.05,0.01,0.75,0.8,1.0,0.0,150.27372321567526,0.451801716319403,False,0.2630246669996268
2361,sagereg,0.05,0.01,0.75,0.8,1.0,0.0,150.27372399472918,0.4518016766797125,False,0.2914256420008314
2362,one_hop,0.05,0.01,0.75,0.8,1.0,0.0,49.25716173838396,0.6575020355260173,False,0.2532209279997914
2362,sagereg,0.05,0.01,0.75,0.8,1.0,0.0,49.25715934040603,0.6575020464813603,False,0.2839858019997336
2363,one_hop,0.05,0.01,0.75,0.8,1.0,0.0,66.37666230067447,0.8058251442359611,False,0.2544959040005778
2363,sagereg,0.05,0.01,0.75,0.8,1.0,0.0,66.37666062119801,0.8058251665049324,False,0.2830843529991398
2364,one_hop,0.05,0.01,0.75,0.8,1.0,0.0,158.84309045328715,0.4781205871860321,False,0.2573441339991404
2364,sagereg,0.05,0.01,0.75,0.8,1.0,0.0,158.84309179563303,0.4781215620301859,False,0.2865517520003777
2365,one_hop,0.05,0.01,0.75,0.8,1.0,0.0,121.50063591879132,1.0223209409232008,False,0.2584123209999234
2365,sagereg,0.05,0.01,0.75,0.8,1.0,0.0,121.50067527678613,1.022321342339536,False,0.2881607059989619
2366,one_hop,0.05,0.01,0.75,0.8,1.0,0.0,68.0865534320196,0.4896344932922757,False,0.2595811589999357
2366,sagereg,0.05,0.01,0.75,0.8,1.0,0.0,68.08655826642611,0.489634649221665,False,0.2884192919991619
2367,one_hop,0.05,0.01,0.75,0.8,1.0,0.0,174.81547215989124,0.7891476505480881,False,0.2582414980006433
2367,sagereg,0.05,0.01,0.75,0.8,1.0,0.0,174.81547519046114,0.7891477187454509,False,0.2873165519995382
2368,one_hop,0.05,0.01,0.75,0.8,1.0,0.0,35.480223102599446,0.5293769138708563,False,0.2516688179985067
2368,sagereg,0.05,0.01,0.75,0.8,1.0,0.0,35.480223705733046,0.5293768774374179,False,0.281519770000159
2369,one_hop,0.05,0.01,0.75,0.8,1.0,0.0,168.6381778878146,1.017277916765368,False,0.2643028319998848
2369,sagereg,0.05,0.01,0.75,0.8,1.0,0.0,168.63817791062252,1.017277879086122,False,0.2912256899999192
2370,one_hop,0.05,0.01,0.75,0.8,1.0,0.0,105.32596716736371,0.5810822524878677,False,0.259850723999989
2370,sagereg,0.05,0.01,0.75,0.8,1.0,0.0,105.32596488322234,0.5810823118753643,False,0.2884145160005573
2371,one_hop,0.05,0.01,0.75,0.8,1.0,0.0,122.03721630151732,0.576586955786398,False,0.2564306820004276
2371,sagereg,0.05,0.01,0.75,0.8,1.0,0.0,122.0372227053148,0.576587292156359,False,0.2860539619996416
2372,one_hop,0.05,0.01,0.75,0.8,1.0,0.0,172.93528331335293,0.4325169944274105,False,0.254050688999996
2372,sagereg,0.05,0.01,0.75,0.8,1.0,0.0,172.93528391088202,0.4325170013659187,False,0.2836671059994842
2373,one_hop,0.05,0.01,0.75,0.8,1.0,0.0,142.2454962412641,0.2308706680244393,False,0.259853823999947
2373,sagereg,0.05,0.01,0.75,0.8,1.0,0.0,142.2454951698175,0.2308706648749299,False,0.2887294120009755
2374,one_hop,0.05,0.01,0.75,0.8,1.0,0.0,160.78840141418058,0.716785968526692,False,0.2599441740003385
2374,sagereg,0.05,0.01,0.75,0.8,1.0,0.0,160.7884011880047,0.7167859660280821,False,0.2879211269992083
2375,one_hop,0.05,0.01,0.75,0.8,1.0,0.0,159.9597163846333,0.9616409895877482,False,0.2593038539998815
2375,sagereg,0.05,0.01,0.75,0.8,1.0,0.0,159.95971668205956,0.9616409750209204,False,0.289276235998841
2376,one_hop,0.05,0.01,0.75,0.8,1.0,0.0,120.0528109361524,0.2581140062495599,False,0.2609093220016802
2376,sagereg,0.05,0.01,0.75,0.8,1.0,0.0,120.05281001048888,0.2581139542823725,False,0.288675661000525
2377,one_hop,0.05,0.01,0.75,0.8,1.0,0.0,66.06918918874275,0.2167279265508807,False,0.2646330839997972
2377,sagereg,0.05,0.01,0.75,0.8,1.0,0.0,66.06918224124203,0.2167281107525446,False,0.2947390560002532
2378,one_hop,0.05,0.01,0.75,0.8,1.0,0.0,123.95483789455182,0.8570242853995889,False,0.2598588069995458
2378,sagereg,0.05,0.01,0.75,0.8,1.0,0.0,123.95484093927428,0.8570242432331744,False,0.2869525679998332
2379,one_hop,0.05,0.01,0.75,0.8,1.0,0.0,137.16902513715604,1.0166296809997162,False,0.2546533849999832
2379,sagereg,0.05,0.01,0.75,0.8,1.0,0.0,137.16902660602918,1.0166297520794887,False,0.2856242550005845
2380,one_hop,0.05,0.01,0.75,0.8,1.0,0.25,64.39056356067934,1.0211075143048938,False,0.2575362319985288
2380,sagereg,0.05,0.01,0.75,0.8,1.0,0.25,64.39056357156359,1.0211075143299413,False,0.2886796379989391
2381,one_hop,0.05,0.01,0.75,0.8,1.0,0.25,51.47668221805403,0.8663593811892896,False,0.2556138799991458
2381,sagereg,0.05,0.01,0.75,0.8,1.0,0.25,51.47668238133485,0.8663593890485668,False,0.2876276030001463
2382,one_hop,0.05,0.01,0.75,0.8,1.0,0.25,76.54827878259135,0.305046426521631,False,0.2529859699989174
2382,sagereg,0.05,0.01,0.75,0.8,1.0,0.25,76.54827794490615,0.3050463345704251,False,0.2838894790002086
2383,one_hop,0.05,0.01,0.75,0.8,1.0,0.25,102.01511741051584,0.6815965962089243,False,0.252789185000438
2383,sagereg,0.05,0.01,0.75,0.8,1.0,0.25,102.01511210721192,0.6815965548196797,False,0.2824339170001622
2384,one_hop,0.05,0.01,0.75,0.8,1.0,0.25,83.2302534498353,0.8557409778645323,False,0.2582447040003899
2384,sagereg,0.05,0.01,0.75,0.8,1.0,0.25,83.23024969423084,0.8557410584108726,False,0.2889810500000749
2385,one_hop,0.05,0.01,0.75,0.8,1.0,0.25,93.94803040616772,0.2508587756889184,False,0.2566716719993565
2385,sagereg,0.05,0.01,0.75,0.8,1.0,0.25,93.94803081847492,0.2508587341368006,False,0.2846765440008312
2386,one_hop,0.05,0.01,0.75,0.8,1.0,0.25,168.82539823899023,0.3836714795346992,False,0.2514070320012251
2386,sagereg,0.05,0.01,0.75,0.8,1.0,0.25,168.82539752206242,0.3836713989238332,False,0.2810321369997837
2387,one_hop,0.05,0.01,0.75,0.8,1.0,0.25,14.203532429650432,0.523591635946374,False,0.2606576980015234
2387,sagereg,0.05,0.01,0.75,0.8,1.0,0.25,14.20353170801008,0.5235916568630592,False,0.2914884239999082
2388,one_hop,0.05,0.01,0.75,0.8,1.0,0.25,28.88568512494346,0.6327431814609599,False,0.2538068119993113
2388,sagereg,0.05,0.01,0.75,0.8,1.0,0.25,28.88568920854858,0.632743203177607,False,0.2840169060000335
2389,one_hop,0.05,0.01,0.75,0.8,1.0,0.25,149.74945995709194,0.982793346902621,False,0.2521532419996219
2389,sagereg,0.05,0.01,0.75,0.8,1.0,0.25,149.74946077419838,0.9827933103604471,False,0.2849433230003342
2390,one_hop,0.05,0.01,0.75,0.8,1.0,0.25,66.9311633491029,0.9379419589804724,False,0.2548697019992687
2390,sagereg,0.05,0.01,0.75,0.8,1.0,0.25,66.93116268014872,0.9379419758053328,False,0.2853326129989
2391,one_hop,0.05,0.01,0.75,0.8,1.0,0.25,136.11607942100375,0.2701912230979696,False,0.2578254510008264
2391,sagereg,0.05,0.01,0.75,0.8,1.0,0.25,136.11608230078053,0.270191247778842,False,0.2855656180017831
2392,one_hop,0.05,0.01,0.75,0.8,1.0,0.25,102.50116247319848,0.6768285413019528,False,0.2460781619993213
2392,sagereg,0.05,0.01,0.75,0.8,1.0,0.25,102.50117101688303,0.6768285677331024,False,0.2773373720010568
2393,one_hop,0.05,0.01,0.75,0.8,1.0,0.25,167.3030536022509,0.2113750671120032,False,0.262471291998736
2393,sagereg,0.05,0.01,0.75,0.8,1.0,0.25,167.30305431988987,0.2113750227755785,False,0.2940679700004693
2394,one_hop,0.05,0.01,0.75,0.8,1.0,0.25,30.391370607101933,0.8525109083586765,False,0.2521792090010422
2394,sagereg,0.05,0.01,0.75,0.8,1.0,0.25,30.39137049192501,0.8525108833150831,False,0.2819108870007767
2395,one_hop,0.05,0.01,0.75,0.8,1.0,0.25,72.29748252200889,0.4444578926087272,False,0.254788644000655
2395,sagereg,0.05,0.01,0.75,0.8,1.0,0.25,72.29746810900501,0.4444578764678242,False,0.2858892989988817
2396,one_hop,0.05,0.01,0.75,0.8,1.0,0.25,146.6565159696654,0.5710476097923871,False,0.2548881450002227
2396,sagereg,0.05,0.01,0.75,0.8,1.0,0.25,146.65651312626983,0.5710474967250477,False,0.284308690999751
2397,one_hop,0.05,0.01,0.75,0.8,1.0,0.25,137.27382773018647,0.8191575623528683,False,0.2568345180006872
2397,sagereg,0.05,0.01,0.75,0.8,1.0,0.25,137.2738289591246,0.8191575646557776,False,0.2874996119990101
2398,one_hop,0.05,0.01,0.75,0.8,1.0,0.25,95.1761632508941,0.3106494464110212,False,0.2527114349995827
2398,sagereg,0.05,0.01,0.75,0.8,1.0,0.25,95.1761614833718,0.3106494548029779,False,0.2825635709996277
2399,one_hop,0.05,0.01,0.75,0.8,1.0,0.25,177.41300290169198,0.5137579979946446,False,0.2592000989989174
2399,sagereg,0.05,0.01,0.75,0.8,1.0,0.25,177.41300273707336,0.5137580195252306,False,0.2887318829998548
2400,one_hop,0.1,0.01,0.0,0.055,0.0,0.0,0.1262895460177093,0.0011399192562558,True,0.2445953770002233
2400,sagereg,0.1,0.01,0.0,0.055,0.0,0.0,0.1262896002331096,0.0011399184047771,True,0.2724384640005155
2401,one_hop,0.1,0.01,0.0,0.055,0.0,0.0,0.2430109916203867,0.0021414220216098,True,0.247339692999958
2401,sagereg,0.1,0.01,0.0,0.055,0.0,0.0,0.2430113119066431,0.0021414260587606,True,0.2757372169999144
2402,one_hop,0.1,0.01,0.0,0.055,0.0,0.0,0.1480493999464371,0.0007209781636081,True,0.2464365139985602
2402,sagereg,0.1,0.01,0.0,0.055,0.0,0.0,0.1480486093238258,0.0007209803422086,True,0.2756552419996296
2403,one_hop,0.1,0.01,0.0,0.055,0.0,0.0,0.1147169979124139,0.0016839176112796,True,0.2363758989995403
2403,sagereg,0.1,0.01,0.0,0.055,0.0,0.0,0.1147169716506761,0.0016839180272465,True,0.264784436998525
2404,one_hop,0.1,0.01,0.0,0.055,0.0,0.0,0.0720295245633729,0.0019398427426873,True,0.2462188809986401
2404,sagereg,0.1,0.01,0.0,0.055,0.0,0.0,0.0720294452336458,0.0019398412564934,True,0.2741787360009766
2405,one_hop,0.1,0.01,0.0,0.055,0.0,0.0,0.0428810151246355,0.0024457501956269,True,0.2448484750002535
2405,sagereg,0.1,0.01,0.0,0.055,0.0,0.0,0.0428810793803782,0.0024457498015618,True,0.2729059370012692
2406,one_hop,0.1,0.01,0.0,0.055,0.0,0.0,0.0447603532969383,0.0009039023530508,True,0.2441701160005323
2406,sagereg,0.1,0.01,0.0,0.055,0.0,0.0,0.0447604018918292,0.0009039034274554,True,0.2722272099999827
2407,one_hop,0.1,0.01,0.0,0.055,0.0,0.0,0.1173790618396717,0.0013840885208384,True,0.2467958630004432
2407,sagereg,0.1,0.01,0.0,0.055,0.0,0.0,0.1173790522948231,0.00138408857293,True,0.274833438999849
2408,one_hop,0.1,0.01,0.0,0.055,0.0,0.0,0.3117887600853294,0.0032422859081247,True,0.2439972030006174
2408,sagereg,0.1,0.01,0.0,0.055,0.0,0.0,0.3117887062176162,0.0032422847926195,True,0.2739098879992525
2409,one_hop,0.1,0.01,0.0,0.055,0.0,0.0,0.321857207356212,0.0020520970617165,True,0.2472636230013449
2409,sagereg,0.1,0.01,0.0,0.055,0.0,0.0,0.321857127903462,0.0020520969555834,True,0.276700799999162
2410,one_hop,0.1,0.01,0.0,0.055,0.0,0.0,0.2066637876017806,0.0034496853392984,True,0.243225922999045
2410,sagereg,0.1,0.01,0.0,0.055,0.0,0.0,0.2066636787720103,0.0034496845320268,True,0.2722450649998791
2411,one_hop,0.1,0.01,0.0,0.055,0.0,0.0,0.1306409449170928,0.0007590786823595,True,0.2378958629997214
2411,sagereg,0.1,0.01,0.0,0.055,0.0,0.0,0.130640979120311,0.0007590789768615,True,0.2664205150013004
2412,one_hop,0.1,0.01,0.0,0.055,0.0,0.0,0.2060306322142468,0.0028834482961331,True,0.2458648510000785
2412,sagereg,0.1,0.01,0.0,0.055,0.0,0.0,0.2060306272221654,0.0028834482685335,True,0.2739908620005735
2413,one_hop,0.1,0.01,0.0,0.055,0.0,0.0,0.1667917466863403,0.0032142366103044,True,0.2481260300010035
2413,sagereg,0.1,0.01,0.0,0.055,0.0,0.0,0.1667917087302545,0.0032142367588416,True,0.2754916949998005
2414,one_hop,0.1,0.01,0.0,0.055,0.0,0.0,0.2712166058957341,0.0019468370461634,True,0.238829320998775
2414,sagereg,0.1,0.01,0.0,0.055,0.0,0.0,0.2712168138597375,0.0019468376212253,True,0.2673731510003563
2415,one_hop,0.1,0.01,0.0,0.055,0.0,0.0,0.3184175907724551,0.0020061553032141,True,0.2438962530013668
2415,sagereg,0.1,0.01,0.0,0.055,0.0,0.0,0.3184175442551648,0.002006155129969,True,0.2722702360006224
2416,one_hop,0.1,0.01,0.0,0.055,0.0,0.0,0.3597921307678193,0.0035814800547316,True,0.2424099229992862
2416,sagereg,0.1,0.01,0.0,0.055,0.0,0.0,0.3597921162820109,0.0035814803723208,True,0.2723729330009519
2417,one_hop,0.1,0.01,0.0,0.055,0.0,0.0,0.1553881972961368,0.0017630453756385,True,0.2444694680016255
2417,sagereg,0.1,0.01,0.0,0.055,0.0,0.0,0.1553881931398862,0.0017630452396546,True,0.2738089080012287
2418,one_hop,0.1,0.01,0.0,0.055,0.0,0.0,0.3718195102881292,0.0025903218456446,True,0.2480671929988602
2418,sagereg,0.1,0.01,0.0,0.055,0.0,0.0,0.3718195053360257,0.0025903232842799,True,0.2772679399986373
2419,one_hop,0.1,0.01,0.0,0.055,0.0,0.0,0.1109878763780997,0.0003611263238846,True,0.2426400610002019
2419,sagereg,0.1,0.01,0.0,0.055,0.0,0.0,0.1109877411434678,0.0003611260654295,True,0.2710717320005642
2420,one_hop,0.1,0.01,0.0,0.055,0.0,0.25,0.2621282593090815,0.0030043928143151,True,0.2424812690005637
2420,sagereg,0.1,0.01,0.0,0.055,0.0,0.25,0.2621282460250954,0.0030043913036586,True,0.2689998589994502
2421,one_hop,0.1,0.01,0.0,0.055,0.0,0.25,0.3468554864433443,0.0031679558825806,True,0.239265294998404
2421,sagereg,0.1,0.01,0.0,0.055,0.0,0.25,0.3468555527493187,0.0031679563370851,True,0.2662417339997773
2422,one_hop,0.1,0.01,0.0,0.055,0.0,0.25,0.1419092214573888,0.0018161950800732,True,0.2420705549993727
2422,sagereg,0.1,0.01,0.0,0.055,0.0,0.25,0.1419092587952923,0.0018161960085973,True,0.2699527099994157
2423,one_hop,0.1,0.01,0.0,0.055,0.0,0.25,0.1408224408741809,0.0007923218629682,True,0.2429846499999257
2423,sagereg,0.1,0.01,0.0,0.055,0.0,0.25,0.1408224138852844,0.0007923212107451,True,0.2708399809998809
2424,one_hop,0.1,0.01,0.0,0.055,0.0,0.25,0.2835770727698992,0.0031547032800528,True,0.2433044789995619
2424,sagereg,0.1,0.01,0.0,0.055,0.0,0.25,0.2835770088880407,0.0031547021904007,True,0.2715796730008151
2425,one_hop,0.1,0.01,0.0,0.055,0.0,0.25,0.2896027700421056,0.0016571919963498,True,0.2435056140002416
2425,sagereg,0.1,0.01,0.0,0.055,0.0,0.25,0.2896027885068771,0.0016571921584328,True,0.2728363660007744
2426,one_hop,0.1,0.01,0.0,0.055,0.0,0.25,0.4241050867944426,0.0037564907819638,True,0.2439388069997221
2426,sagereg,0.1,0.01,0.0,0.055,0.0,0.25,0.424104848432897,0.0037564886843089,True,0.2725608439995994
2427,one_hop,0.1,0.01,0.0,0.055,0.0,0.25,0.0510002730853515,0.001340965200108,True,0.2443428229998971
2427,sagereg,0.1,0.01,0.0,0.055,0.0,0.25,0.0510002237756525,0.001340964876102,True,0.2734297780007182
2428,one_hop,0.1,0.01,0.0,0.055,0.0,0.25,0.0544413682686471,0.0024867613987259,True,0.2422922310015565
2428,sagereg,0.1,0.01,0.0,0.055,0.0,0.25,0.0544413577580783,0.0024867613236676,True,0.2704531599993061
2429,one_hop,0.1,0.01,0.0,0.055,0.0,0.25,0.1881127014883331,0.001957559581178,True,0.250924103998841
2429,sagereg,0.1,0.01,0.0,0.055,0.0,0.25,0.1881127356035506,0.0019575596491847,True,0.2779142390008928
2430,one_hop,0.1,0.01,0.0,0.055,0.0,0.25,0.1120556311833369,0.0019261277429024,True,0.2471363580007164
2430,sagereg,0.1,0.01,0.0,0.055,0.0,0.25,0.1120556777531348,0.0019261278301092,True,0.2739083400010713
2431,one_hop,0.1,0.01,0.0,0.055,0.0,0.25,0.1324113423412416,0.001633088256651,True,0.2459175940002751
2431,sagereg,0.1,0.01,0.0,0.055,0.0,0.25,0.1324113584710156,0.0016330884540641,True,0.2727641919991583
2432,one_hop,0.1,0.01,0.0,0.055,0.0,0.25,0.1480981364930289,0.0023636667581261,True,0.244461128999319
2432,sagereg,0.1,0.01,0.0,0.055,0.0,0.25,0.1480982025602246,0.0023636684630544,True,0.2728285919984046
2433,one_hop,0.1,0.01,0.0,0.055,0.0,0.25,0.1682792492648731,0.0008993922694787,True,0.2430758800001058
2433,sagereg,0.1,0.01,0.0,0.055,0.0,0.25,0.1682792277667843,0.0008993923826816,True,0.2721735260001878
2434,one_hop,0.1,0.01,0.0,0.055,0.0,0.25,0.1541093124295548,0.001492016615354,True,0.2416932569994969
2434,sagereg,0.1,0.01,0.0,0.055,0.0,0.25,0.1541093349110356,0.0014920173877497,True,0.2696726260001014
2435,one_hop,0.1,0.01,0.0,0.055,0.0,0.25,0.1861955108673374,0.0029147552717977,True,0.2446602300005906
2435,sagereg,0.1,0.01,0.0,0.055,0.0,0.25,0.1861954843088756,0.0029147551138362,True,0.2738771890017233
2436,one_hop,0.1,0.01,0.0,0.055,0.0,0.25,0.244520740691179,0.0017735576008516,True,0.2400600609998946
2436,sagereg,0.1,0.01,0.0,0.055,0.0,0.25,0.244520716484949,0.0017735574432657,True,0.2685026670005754
2437,one_hop,0.1,0.01,0.0,0.055,0.0,0.25,0.2930911113060786,0.0021712504562933,True,0.2448103160004393
2437,sagereg,0.1,0.01,0.0,0.055,0.0,0.25,0.2930910320760759,0.0021712497494516,True,0.2724277259985683
2438,one_hop,0.1,0.01,0.0,0.055,0.0,0.25,0.1774091689090604,0.0020684352742862,True,0.2399116489996231
2438,sagereg,0.1,0.01,0.0,0.055,0.0,0.25,0.1774089777532938,0.0020684366831398,True,0.2688038769993
2439,one_hop,0.1,0.01,0.0,0.055,0.0,0.25,0.0628278187346676,0.0019198910203429,True,0.2437061310010904
2439,sagereg,0.1,0.01,0.0,0.055,0.0,0.25,0.062827789787622,0.0019198914637332,True,0.2708243430006405
2440,one_hop,0.1,0.01,0.0,0.055,0.5,0.0,0.1124288977983939,0.0020008523293961,True,0.2408934659997612
2440,sagereg,0.1,0.01,0.0,0.055,0.5,0.0,0.1124289273824848,0.0020008514116823,True,0.26806605999991
2441,one_hop,0.1,0.01,0.0,0.055,0.5,0.0,0.1803883343107413,0.0025287176144558,True,0.2347694780000893
2441,sagereg,0.1,0.01,0.0,0.055,0.5,0.0,0.1803883901599673,0.0025287182512067,True,0.2615056659997208
2442,one_hop,0.1,0.01,0.0,0.055,0.5,0.0,0.0987811838941775,0.0014962797514883,True,0.2304809359993669
2442,sagereg,0.1,0.01,0.0,0.055,0.5,0.0,0.0987811966971535,0.001496280003031,True,0.259111858000324
2443,one_hop,0.1,0.01,0.0,0.055,0.5,0.0,0.1712404085922098,0.0013505258638102,True,0.2348653909994027
2443,sagereg,0.1,0.01,0.0,0.055,0.5,0.0,0.1712404320469945,0.0013505259256473,True,0.2619735640000726
2444,one_hop,0.1,0.01,0.0,0.055,0.5,0.0,0.3593382399914165,0.0024952517029552,True,0.2388129770006344
2444,sagereg,0.1,0.01,0.0,0.055,0.5,0.0,0.359338268695344,0.0024952522505644,True,0.2669790849995479
2445,one_hop,0.1,0.01,0.0,0.055,0.5,0.0,0.2152633018654641,0.003530900631126,True,0.2350634920003358
2445,sagereg,0.1,0.01,0.0,0.055,0.5,0.0,0.2152631910070222,0.003530899970505,True,0.2635881019996304
2446,one_hop,0.1,0.01,0.0,0.055,0.5,0.0,0.219947548812245,0.0045366265741509,True,0.2348431669997808
2446,sagereg,0.1,0.01,0.0,0.055,0.5,0.0,0.2199475733234301,0.0045366272203407,True,0.2639469879995886
2447,one_hop,0.1,0.01,0.0,0.055,0.5,0.0,0.1603350460170041,0.0009685879667803,True,0.2312201139993703
2447,sagereg,0.1,0.01,0.0,0.055,0.5,0.0,0.1603349833144935,0.0009685881735353,True,0.2589593030006654
2448,one_hop,0.1,0.01,0.0,0.055,0.5,0.0,0.5109782794988027,0.0052979677475819,True,0.2412345880002249
2448,sagereg,0.1,0.01,0.0,0.055,0.5,0.0,0.5109782807798499,0.0052979677014131,True,0.268119091000699
2449,one_hop,0.1,0.01,0.0,0.055,0.5,0.0,0.1304681939452178,0.0018536521911073,True,0.2395184769993648
2449,sagereg,0.1,0.01,0.0,0.055,0.5,0.0,0.1304681906879777,0.0018536514977059,True,0.2659989570001926
2450,one_hop,0.1,0.01,0.0,0.055,0.5,0.0,0.203963133459703,0.0022463851643887,True,0.233331855999495
2450,sagereg,0.1,0.01,0.0,0.055,0.5,0.0,0.2039631648451365,0.0022463853278183,True,0.260632405999786
2451,one_hop,0.1,0.01,0.0,0.055,0.5,0.0,0.2699851918167942,0.0024604177486661,True,0.2328734150014497
2451,sagereg,0.1,0.01,0.0,0.055,0.5,0.0,0.2699849357665666,0.0024604192203791,True,0.2607359699995868
2452,one_hop,0.1,0.01,0.0,0.055,0.5,0.0,0.1772683343161714,0.0016469271350864,True,0.2361872900000889
2452,sagereg,0.1,0.01,0.0,0.055,0.5,0.0,0.1772682999068004,0.0016469260971656,True,0.2637340429992036
2453,one_hop,0.1,0.01,0.0,0.055,0.5,0.0,0.1045389007095906,0.0009638204309294,True,0.2398835990006773
2453,sagereg,0.1,0.01,0.0,0.055,0.5,0.0,0.1045384918999411,0.0009638159602242,True,0.2693515369992383
2454,one_hop,0.1,0.01,0.0,0.055,0.5,0.0,0.1649802018067461,0.0006157286454824,True,0.2336395000002085
2454,sagereg,0.1,0.01,0.0,0.055,0.5,0.0,0.1649802225241087,0.0006157282232926,True,0.2607445719986572
2455,one_hop,0.1,0.01,0.0,0.055,0.5,0.0,0.6479344810818952,0.0015375851064094,True,0.234440882999479
2455,sagereg,0.1,0.01,0.0,0.055,0.5,0.0,0.647934367462973,0.0015375860695403,True,0.2617029640005057
2456,one_hop,0.1,0.01,0.0,0.055,0.5,0.0,0.3251280718468736,0.0025313164396052,True,0.2415485889996489
2456,sagereg,0.1,0.01,0.0,0.055,0.5,0.0,0.3251282719420307,0.0025313174125963,True,0.2690664350011502
2457,one_hop,0.1,0.01,0.0,0.055,0.5,0.0,0.1935721228132122,0.0021726230877717,True,0.2380237720008153
2457,sagereg,0.1,0.01,0.0,0.055,0.5,0.0,0.1935721281642445,0.0021726229890779,True,0.26553978100128
2458,one_hop,0.1,0.01,0.0,0.055,0.5,0.0,0.1868319112930786,0.0014022945744307,True,0.2376500669997767
2458,sagereg,0.1,0.01,0.0,0.055,0.5,0.0,0.1868317756172447,0.0014022923799112,True,0.2650156810013868
2459,one_hop,0.1,0.01,0.0,0.055,0.5,0.0,0.4227351200769137,0.0027923795507364,True,0.2351650580003479
2459,sagereg,0.1,0.01,0.0,0.055,0.5,0.0,0.4227350643257804,0.0027923802086444,True,0.2615075360008632
2460,one_hop,0.1,0.01,0.0,0.055,0.5,0.25,0.0808893613013405,0.0017567460793403,True,0.2322050729999318
2460,sagereg,0.1,0.01,0.0,0.055,0.5,0.25,0.0808892377724173,0.0017567455969889,True,0.2611334970006282
2461,one_hop,0.1,0.01,0.0,0.055,0.5,0.25,0.246162020178312,0.0025869313191958,True,0.2318042980004975
2461,sagereg,0.1,0.01,0.0,0.055,0.5,0.25,0.2461618478135007,0.0025869279398061,True,0.2594509850005124
2462,one_hop,0.1,0.01,0.0,0.055,0.5,0.25,0.1053340095627486,0.0028780287126408,True,0.237008723001054
2462,sagereg,0.1,0.01,0.0,0.055,0.5,0.25,0.1053345560683636,0.0028780261075146,True,0.2643180489994847
2463,one_hop,0.1,0.01,0.0,0.055,0.5,0.25,0.1102394995537982,0.0006203443046496,True,0.2375784750001912
2463,sagereg,0.1,0.01,0.0,0.055,0.5,0.25,0.1102395085795037,0.0006203444360143,True,0.2657860319995961
2464,one_hop,0.1,0.01,0.0,0.055,0.5,0.25,0.1449736349387843,0.0013028087735389,True,0.2337204020004719
2464,sagereg,0.1,0.01,0.0,0.055,0.5,0.25,0.1449737663208659,0.0013028073136879,True,0.2616238609989523
2465,one_hop,0.1,0.01,0.0,0.055,0.5,0.25,0.1082359661165848,0.0019784055904831,True,0.2375621920000412
2465,sagereg,0.1,0.01,0.0,0.055,0.5,0.25,0.1082359597860264,0.0019784056351628,True,0.2654843729997083
2466,one_hop,0.1,0.01,0.0,0.055,0.5,0.25,0.3100486760316396,0.0018110656332416,True,0.2351082549994316
2466,sagereg,0.1,0.01,0.0,0.055,0.5,0.25,0.3100486565604283,0.0018110653323877,True,0.2638917259992013
2467,one_hop,0.1,0.01,0.0,0.055,0.5,0.25,0.2070177789218892,0.0033709996560503,True,0.2397764199995435
2467,sagereg,0.1,0.01,0.0,0.055,0.5,0.25,0.2070177296933354,0.0033709999656578,True,0.2674444369986304
2468,one_hop,0.1,0.01,0.0,0.055,0.5,0.25,0.1826283552892517,0.0015219691936695,True,0.2373311409992311
2468,sagereg,0.1,0.01,0.0,0.055,0.5,0.25,0.1826284311804512,0.0015219672086147,True,0.2671610549987235
2469,one_hop,0.1,0.01,0.0,0.055,0.5,0.25,0.4150083546840243,0.0039245798464039,True,0.235407458998452
2469,sagereg,0.1,0.01,0.0,0.055,0.5,0.25,0.415008456848896,0.0039245806533559,True,0.2651730130000942
2470,one_hop,0.1,0.01,0.0,0.055,0.5,0.25,0.3969457073966286,0.0018504137951676,True,0.2368105869991268
2470,sagereg,0.1,0.01,0.0,0.055,0.5,0.25,0.3969457846376008,0.0018504139158772,True,0.2664673569997831
2471,one_hop,0.1,0.01,0.0,0.055,0.5,0.25,0.1202671292553105,0.0028913459023015,True,0.2375664369992591
2471,sagereg,0.1,0.01,0.0,0.055,0.5,0.25,0.1202671640874378,0.002891345566352,True,0.2641957310006546
2472,one_hop,0.1,0.01,0.0,0.055,0.5,0.25,0.1663805119168772,0.001530945840705,True,0.2374509229994146
2472,sagereg,0.1,0.01,0.0,0.055,0.5,0.25,0.1663805349833924,0.0015309459036798,True,0.2649609799991594
2473,one_hop,0.1,0.01,0.0,0.055,0.5,0.25,0.7638736204899297,0.0043008808943277,True,0.2355801859994244
2473,sagereg,0.1,0.01,0.0,0.055,0.5,0.25,0.7638736231399714,0.0043008816911756,True,0.2643146610007534
2474,one_hop,0.1,0.01,0.0,0.055,0.5,0.25,0.1166516616218829,0.0020610693254495,True,0.2366041360000963
2474,sagereg,0.1,0.01,0.0,0.055,0.5,0.25,0.1166516299280937,0.002061068828765,True,0.2640739670005132
2475,one_hop,0.1,0.01,0.0,0.055,0.5,0.25,0.2180920961048764,0.0004420096880466,True,0.2312990610007546
2475,sagereg,0.1,0.01,0.0,0.055,0.5,0.25,0.2180920467790731,0.0004420095724927,True,0.2585836950001976
2476,one_hop,0.1,0.01,0.0,0.055,0.5,0.25,0.1703899058514571,0.0034832189739381,True,0.2380507649995706
2476,sagereg,0.1,0.01,0.0,0.055,0.5,0.25,0.17038988207425,0.0034832185768576,True,0.2673281250008585
2477,one_hop,0.1,0.01,0.0,0.055,0.5,0.25,0.4285815905382089,0.0014475322970722,True,0.2383995779982797
2477,sagereg,0.1,0.01,0.0,0.055,0.5,0.25,0.4285816169058793,0.0014475332127757,True,0.2676687250004761
2478,one_hop,0.1,0.01,0.0,0.055,0.5,0.25,0.1395745206443768,0.0011779169160396,True,0.233666648999133
2478,sagereg,0.1,0.01,0.0,0.055,0.5,0.25,0.1395745588261857,0.0011779167622099,True,0.2636150069993164
2479,one_hop,0.1,0.01,0.0,0.055,0.5,0.25,0.2516938109224372,0.0012905467991541,True,0.2356598610003857
2479,sagereg,0.1,0.01,0.0,0.055,0.5,0.25,0.2516938079626176,0.001290546018108,True,0.2643350300004385
2480,one_hop,0.1,0.01,0.0,0.055,1.0,0.0,0.2322411359214235,0.0024754067645149,True,0.2294768969986762
2480,sagereg,0.1,0.01,0.0,0.055,1.0,0.0,0.2322412633644957,0.0024754070487719,True,0.2588475889988331
2481,one_hop,0.1,0.01,0.0,0.055,1.0,0.0,0.1723504045124023,0.0005480107167368,True,0.2368186660005449
2481,sagereg,0.1,0.01,0.0,0.055,1.0,0.0,0.1723504180801631,0.0005480113491751,True,0.2641108080006233
2482,one_hop,0.1,0.01,0.0,0.055,1.0,0.0,0.2488426193609825,0.0028531853599983,True,0.2302003980003064
2482,sagereg,0.1,0.01,0.0,0.055,1.0,0.0,0.2488423647998554,0.0028531837802338,True,0.2576728529984393
2483,one_hop,0.1,0.01,0.0,0.055,1.0,0.0,0.3690584614671445,0.0008059033123208,True,0.2323544320006476
2483,sagereg,0.1,0.01,0.0,0.055,1.0,0.0,0.3690583820673412,0.000805904999956,True,0.2610652089988434
2484,one_hop,0.1,0.01,0.0,0.055,1.0,0.0,0.0927275179415656,0.0022228644936355,True,0.2347367480015236
2484,sagereg,0.1,0.01,0.0,0.055,1.0,0.0,0.0927274918273651,0.0022228646033375,True,0.2646128890010004
2485,one_hop,0.1,0.01,0.0,0.055,1.0,0.0,0.2939865812852939,0.0008989900219209,True,0.2335030060003191
2485,sagereg,0.1,0.01,0.0,0.055,1.0,0.0,0.2939865971217059,0.0008989900626141,True,0.2622705630001292
2486,one_hop,0.1,0.01,0.0,0.055,1.0,0.0,0.0979818942083429,0.0012699091691579,True,0.2312950020004791
2486,sagereg,0.1,0.01,0.0,0.055,1.0,0.0,0.0979819058659347,0.0012699093713755,True,0.2611212550000346
2487,one_hop,0.1,0.01,0.0,0.055,1.0,0.0,0.3676896875188881,0.0012986460253787,True,0.2305917020003107
2487,sagereg,0.1,0.01,0.0,0.055,1.0,0.0,0.3676897216233492,0.0012986462044062,True,0.2603951239998423
2488,one_hop,0.1,0.01,0.0,0.055,1.0,0.0,0.2189786453304577,0.0015330959312299,True,0.227757921000375
2488,sagereg,0.1,0.01,0.0,0.055,1.0,0.0,0.2189785101554144,0.0015330973482268,True,0.2546675279991177
2489,one_hop,0.1,0.01,0.0,0.055,1.0,0.0,0.4514352327151942,0.0033360223124887,True,0.2354974129993934
2489,sagereg,0.1,0.01,0.0,0.055,1.0,0.0,0.451435218751182,0.0033360229285403,True,0.2644694320006238
2490,one_hop,0.1,0.01,0.0,0.055,1.0,0.0,0.2070393275242034,0.0016008442912055,True,0.2290211689996795
2490,sagereg,0.1,0.01,0.0,0.055,1.0,0.0,0.2070391049642136,0.0016008430247181,True,0.2586112629996933
2491,one_hop,0.1,0.01,0.0,0.055,1.0,0.0,0.3158650314601494,0.000638031892644,True,0.2323266299990791
2491,sagereg,0.1,0.01,0.0,0.055,1.0,0.0,0.3158650048011809,0.0006380309401166,True,0.2590917540001101
2492,one_hop,0.1,0.01,0.0,0.055,1.0,0.0,0.182911993307004,0.0020735570640763,True,0.2339250170007289
2492,sagereg,0.1,0.01,0.0,0.055,1.0,0.0,0.1829120553397487,0.0020735567546191,True,0.2618840790000831
2493,one_hop,0.1,0.01,0.0,0.055,1.0,0.0,0.1341932693428916,0.0025435471076694,True,0.2341802509999979
2493,sagereg,0.1,0.01,0.0,0.055,1.0,0.0,0.1341933620335241,0.0025435488442343,True,0.2635515219990338
2494,one_hop,0.1,0.01,0.0,0.055,1.0,0.0,0.1097542291099043,0.0019078665003339,True,0.2287873140012379
2494,sagereg,0.1,0.01,0.0,0.055,1.0,0.0,0.1097542099558909,0.0019078662380808,True,0.256630767000388
2495,one_hop,0.1,0.01,0.0,0.055,1.0,0.0,0.2793724371561521,0.0022209054282022,True,0.229546331000165
2495,sagereg,0.1,0.01,0.0,0.055,1.0,0.0,0.2793724233927395,0.002220905621137,True,0.2572861139997258
2496,one_hop,0.1,0.01,0.0,0.055,1.0,0.0,0.2040472376471849,0.0022554374835611,True,0.2251226699991093
2496,sagereg,0.1,0.01,0.0,0.055,1.0,0.0,0.2040473135670478,0.0022554376325169,True,0.2536314600001788
2497,one_hop,0.1,0.01,0.0,0.055,1.0,0.0,0.1739023020992684,0.0018829970874112,True,0.2336471430007805
2497,sagereg,0.1,0.01,0.0,0.055,1.0,0.0,0.1739022112670647,0.0018829962207693,True,0.2619584830008534
2498,one_hop,0.1,0.01,0.0,0.055,1.0,0.0,0.2201089138375129,0.0026806973796553,True,0.2312741709993133
2498,sagereg,0.1,0.01,0.0,0.055,1.0,0.0,0.2201089235341243,0.0026806971811718,True,0.2586867019999772
2499,one_hop,0.1,0.01,0.0,0.055,1.0,0.0,0.2151104543159375,0.0017019834647867,True,0.2262370320004265
2499,sagereg,0.1,0.01,0.0,0.055,1.0,0.0,0.2151105253214164,0.0017019828641482,True,0.2548467760007042
2500,one_hop,0.1,0.01,0.0,0.055,1.0,0.25,0.1307592651471446,0.0012266046074862,True,0.2298056969993922
2500,sagereg,0.1,0.01,0.0,0.055,1.0,0.25,0.1307592799532706,0.001226604862874,True,0.2578536940000049
2501,one_hop,0.1,0.01,0.0,0.055,1.0,0.25,0.3139668446803492,0.0014468257488613,True,0.2306887900012952
2501,sagereg,0.1,0.01,0.0,0.055,1.0,0.25,0.3139668534609734,0.0014468252107585,True,0.2604407830003765
2502,one_hop,0.1,0.01,0.0,0.055,1.0,0.25,0.1669260309847687,0.0018508236949297,True,0.2290308809988346
2502,sagereg,0.1,0.01,0.0,0.055,1.0,0.25,0.1669260469715761,0.0018508233627645,True,0.2574414539994905
2503,one_hop,0.1,0.01,0.0,0.055,1.0,0.25,0.2683979296011737,0.0024435317696032,True,0.2334500880006089
2503,sagereg,0.1,0.01,0.0,0.055,1.0,0.25,0.2683979326782469,0.0024435316589038,True,0.2607450689993129
2504,one_hop,0.1,0.01,0.0,0.055,1.0,0.25,0.1120028875996926,0.002135355701416,True,0.2315608070002781
2504,sagereg,0.1,0.01,0.0,0.055,1.0,0.25,0.1120030915254063,0.0021353557101733,True,0.2588930450001498
2505,one_hop,0.1,0.01,0.0,0.055,1.0,0.25,0.178142803979829,0.0029704744246909,True,0.2287300190000678
2505,sagereg,0.1,0.01,0.0,0.055,1.0,0.25,0.1781428305521908,0.0029704740805797,True,0.2582640190012171
2506,one_hop,0.1,0.01,0.0,0.055,1.0,0.25,0.398153014551287,0.0031358991456439,True,0.2281956450005964
2506,sagereg,0.1,0.01,0.0,0.055,1.0,0.25,0.3981530102727263,0.003135899105296,True,0.2557287290001113
2507,one_hop,0.1,0.01,0.0,0.055,1.0,0.25,0.095502275042858,0.0015404591346133,True,0.2319038730001921
2507,sagereg,0.1,0.01,0.0,0.055,1.0,0.25,0.0955022462679867,0.0015404590229732,True,0.2587509799996041
2508,one_hop,0.1,0.01,0.0,0.055,1.0,0.25,0.4161132539708194,0.0043570134256326,True,0.2305429250009183
2508,sagereg,0.1,0.01,0.0,0.055,1.0,0.25,0.4161131795502523,0.004357015224367,True,0.2592259049997665
2509,one_hop,0.1,0.01,0.0,0.055,1.0,0.25,0.5264509532826527,0.0050768080415788,True,0.2269435519992839
2509,sagereg,0.1,0.01,0.0,0.055,1.0,0.25,0.5264508041136903,0.0050768063611925,True,0.2543345159992896
2510,one_hop,0.1,0.01,0.0,0.055,1.0,0.25,0.2666506630694843,0.000666071696022,True,0.2371726910005236
2510,sagereg,0.1,0.01,0.0,0.055,1.0,0.25,0.2666507851464806,0.000666072036007,True,0.2651448309989064
2511,one_hop,0.1,0.01,0.0,0.055,1.0,0.25,0.2481491871625021,0.0022360026900433,True,0.2278396790006809
2511,sagereg,0.1,0.01,0.0,0.055,1.0,0.25,0.248149194039128,0.0022360026231268,True,0.2563360559997818
2512,one_hop,0.1,0.01,0.0,0.055,1.0,0.25,0.1308792932495605,0.0016683900859577,True,0.2281491909998294
2512,sagereg,0.1,0.01,0.0,0.055,1.0,0.25,0.1308794527817505,0.0016683866870395,True,0.2551535879993025
2513,one_hop,0.1,0.01,0.0,0.055,1.0,0.25,0.0820676532964135,0.0018878160464305,True,0.2310172340003191
2513,sagereg,0.1,0.01,0.0,0.055,1.0,0.25,0.0820676111243895,0.0018878159859749,True,0.2586813340003573
2514,one_hop,0.1,0.01,0.0,0.055,1.0,0.25,0.1136841346176383,0.0024929765998728,True,0.2341904069999145
2514,sagereg,0.1,0.01,0.0,0.055,1.0,0.25,0.1136842097264673,0.0024929774414991,True,0.2600372159995459
2515,one_hop,0.1,0.01,0.0,0.055,1.0,0.25,0.2927650075501271,0.0020911110062388,True,0.2216612659995007
2515,sagereg,0.1,0.01,0.0,0.055,1.0,0.25,0.2927647933133575,0.0020911106645082,True,0.2489668570015055
2516,one_hop,0.1,0.01,0.0,0.055,1.0,0.25,0.2692621816696826,0.0021052336953284,True,0.2312741199984884
2516,sagereg,0.1,0.01,0.0,0.055,1.0,0.25,0.2692621658030976,0.0021052317198122,True,0.2593495180008176
2517,one_hop,0.1,0.01,0.0,0.055,1.0,0.25,0.3100180145459026,0.0046034504606447,True,0.2338801549994968
2517,sagereg,0.1,0.01,0.0,0.055,1.0,0.25,0.3100180207696881,0.0046034509005465,True,0.2635688529990148
2518,one_hop,0.1,0.01,0.0,0.055,1.0,0.25,0.2983082435123459,0.004614485720596,True,0.2322433989993442
2518,sagereg,0.1,0.01,0.0,0.055,1.0,0.25,0.2983082702326236,0.0046144861994519,True,0.2611671530012245
2519,one_hop,0.1,0.01,0.0,0.055,1.0,0.25,0.406625560976823,0.0022125405107734,True,0.2311794300003384
2519,sagereg,0.1,0.01,0.0,0.055,1.0,0.25,0.4066251482880647,0.0022125388851564,True,0.2592537309992622
2520,one_hop,0.1,0.01,0.25,0.055,0.0,0.0,0.1095860402741852,0.0024657827927887,True,0.2550047210006596
2520,sagereg,0.1,0.01,0.25,0.055,0.0,0.0,0.1095862929640839,0.0024657818144389,True,0.2815405490000557
2521,one_hop,0.1,0.01,0.25,0.055,0.0,0.0,0.0451420844188567,0.0016649957323266,True,0.2579459709995717
2521,sagereg,0.1,0.01,0.25,0.055,0.0,0.0,0.045142090086611,0.0016649956095627,True,0.2854758749999746
2522,one_hop,0.1,0.01,0.25,0.055,0.0,0.0,0.1055830657166504,0.002694938858475,True,0.255580787999861
2522,sagereg,0.1,0.01,0.25,0.055,0.0,0.0,0.1055830304379612,0.0026949383477924,True,0.282952932999251
2523,one_hop,0.1,0.01,0.25,0.055,0.0,0.0,0.2338808096263409,0.0023012004982537,True,0.2533277749989793
2523,sagereg,0.1,0.01,0.25,0.055,0.0,0.0,0.2338810238418402,0.0023011982680451,True,0.2811911949993373
2524,one_hop,0.1,0.01,0.25,0.055,0.0,0.0,0.1002474290512843,0.0010594680959311,True,0.2539836599989939
2524,sagereg,0.1,0.01,0.25,0.055,0.0,0.0,0.1002475346960449,0.0010594701654001,True,0.2817674990001251
2525,one_hop,0.1,0.01,0.25,0.055,0.0,0.0,0.2278699226615991,0.002597842382476,True,0.2593151199998829
2525,sagereg,0.1,0.01,0.25,0.055,0.0,0.0,0.2278698782033883,0.0025978406219807,True,0.2861680810001417
2526,one_hop,0.1,0.01,0.25,0.055,0.0,0.0,0.2036391113295428,0.0013255409249935,True,0.2497569600000133
2526,sagereg,0.1,0.01,0.25,0.055,0.0,0.0,0.203639153560756,0.0013255403428445,True,0.276436313000886
2527,one_hop,0.1,0.01,0.25,0.055,0.0,0.0,0.1408817756266878,0.0032346588799522,True,0.2473074760000599
2527,sagereg,0.1,0.01,0.25,0.055,0.0,0.0,0.1408817926234602,0.0032346582832477,True,0.2753818770015641
2528,one_hop,0.1,0.01,0.25,0.055,0.0,0.0,0.2919614388246297,0.002465900364793,True,0.2595449969994661
2528,sagereg,0.1,0.01,0.25,0.055,0.0,0.0,0.2919615938680568,0.0024659009473147,True,0.2854835859998275
2529,one_hop,0.1,0.01,0.25,0.055,0.0,0.0,0.1458046224967252,0.0010203243934162,True,0.2569598859990947
2529,sagereg,0.1,0.01,0.25,0.055,0.0,0.0,0.1458046091184294,0.0010203244384258,True,0.2826480259991513
2530,one_hop,0.1,0.01,0.25,0.055,0.0,0.0,0.1486218190799118,0.0011269119160018,True,0.2524158800006262
2530,sagereg,0.1,0.01,0.25,0.055,0.0,0.0,0.1486218357947804,0.0011269126020501,True,0.2792248890000337
2531,one_hop,0.1,0.01,0.25,0.055,0.0,0.0,0.2026078330425118,0.0016433603134135,True,0.260868596000364
2531,sagereg,0.1,0.01,0.25,0.055,0.0,0.0,0.2026078542044363,0.0016433606150132,True,0.287433878000229
2532,one_hop,0.1,0.01,0.25,0.055,0.0,0.0,0.1246285712974597,0.0013429976369255,True,0.2603258239996648
2532,sagereg,0.1,0.01,0.25,0.055,0.0,0.0,0.1246286837409632,0.0013429983008571,True,0.2838397569994413
2533,one_hop,0.1,0.01,0.25,0.055,0.0,0.0,0.2279475678271765,0.0019798167111818,True,0.2527823959990201
2533,sagereg,0.1,0.01,0.25,0.055,0.0,0.0,0.2279476647525576,0.0019798130925519,True,0.2801578050002717
2534,one_hop,0.1,0.01,0.25,0.055,0.0,0.0,0.1062138367079695,0.0033919624367232,True,0.2488401379996503
2534,sagereg,0.1,0.01,0.25,0.055,0.0,0.0,0.1062140681848571,0.0033919603664609,True,0.2755916850001085
2535,one_hop,0.1,0.01,0.25,0.055,0.0,0.0,0.228858082365257,0.002897725625306,True,0.2508209110001189
2535,sagereg,0.1,0.01,0.25,0.055,0.0,0.0,0.2288580443927261,0.0028977255383751,True,0.2787791230002767
2536,one_hop,0.1,0.01,0.25,0.055,0.0,0.0,0.3888888876298456,0.0021680894723576,True,0.2529382399989117
2536,sagereg,0.1,0.01,0.25,0.055,0.0,0.0,0.3888886320359798,0.0021680876360825,True,0.2791915050001989
2537,one_hop,0.1,0.01,0.25,0.055,0.0,0.0,0.2451895254945916,0.0023477245797559,True,0.2531839550010772
2537,sagereg,0.1,0.01,0.25,0.055,0.0,0.0,0.2451893530377475,0.0023477231881043,True,0.2833652419994905
2538,one_hop,0.1,0.01,0.25,0.055,0.0,0.0,0.1105369665054599,0.0032712770030533,True,0.253655909000372
2538,sagereg,0.1,0.01,0.25,0.055,0.0,0.0,0.1105370535982541,0.0032712782293438,True,0.2800373259997286
2539,one_hop,0.1,0.01,0.25,0.055,0.0,0.0,0.1263041547977436,0.0026919779647877,True,0.2467295770002238
2539,sagereg,0.1,0.01,0.25,0.055,0.0,0.0,0.126304115339854,0.0026919787110746,True,0.2749217569999018
2540,one_hop,0.1,0.01,0.25,0.055,0.0,0.25,0.4513796454106916,0.0081534431837129,True,0.2348243029991863
2540,sagereg,0.1,0.01,0.25,0.055,0.0,0.25,0.4513796532526887,0.0081534433024895,True,0.2620955710008275
2541,one_hop,0.1,0.01,0.25,0.055,0.0,0.25,0.481889937053498,0.0027856937405047,True,0.2409687740000663
2541,sagereg,0.1,0.01,0.25,0.055,0.0,0.25,0.4818900097309942,0.002785693794649,True,0.2686510439998528
2542,one_hop,0.1,0.01,0.25,0.055,0.0,0.25,0.1505005375920569,0.0032594104472558,True,0.2337337259996275
2542,sagereg,0.1,0.01,0.25,0.055,0.0,0.25,0.1505005433556709,0.0032594104925492,True,0.2603469330006192
2543,one_hop,0.1,0.01,0.25,0.055,0.0,0.25,0.4139834787048614,0.0002182513918616,True,0.23513864600136
2543,sagereg,0.1,0.01,0.25,0.055,0.0,0.25,0.413983490982813,0.0002182512463768,True,0.2625084840001364
2544,one_hop,0.1,0.01,0.25,0.055,0.0,0.25,0.1084425784046661,0.000894816769652,True,0.240559239000504
2544,sagereg,0.1,0.01,0.25,0.055,0.0,0.25,0.1084425755613425,0.0008948166267534,True,0.267273376999583
2545,one_hop,0.1,0.01,0.25,0.055,0.0,0.25,0.0470759583059165,0.0022230541346679,True,0.2363543820010818
2545,sagereg,0.1,0.01,0.25,0.055,0.0,0.25,0.0470759264705667,0.0022230538287292,True,0.265380410999569
2546,one_hop,0.1,0.01,0.25,0.055,0.0,0.25,0.0304173428525802,0.0012019944284003,True,0.2421244159995694
2546,sagereg,0.1,0.01,0.25,0.055,0.0,0.25,0.0304172738353989,0.0012019945317687,True,0.2697612029987795
2547,one_hop,0.1,0.01,0.25,0.055,0.0,0.25,0.0656645765838057,0.0022437396007526,True,0.2319151989995589
2547,sagereg,0.1,0.01,0.25,0.055,0.0,0.25,0.0656645791924946,0.0022437391349619,True,0.261102722999567
2548,one_hop,0.1,0.01,0.25,0.055,0.0,0.25,0.0809134688277756,0.0011340359797765,True,0.2400336470000184
2548,sagereg,0.1,0.01,0.25,0.055,0.0,0.25,0.0809134914757845,0.001134036665799,True,0.2660126249993482
2549,one_hop,0.1,0.01,0.25,0.055,0.0,0.25,0.3992166322794829,0.0033212819037984,True,0.2434819130012329
2549,sagereg,0.1,0.01,0.25,0.055,0.0,0.25,0.3992165513220888,0.0033212821951221,True,0.2710051939993718
2550,one_hop,0.1,0.01,0.25,0.055,0.0,0.25,0.1660618854661953,0.0013555309958695,True,0.2370983260007051
2550,sagereg,0.1,0.01,0.25,0.055,0.0,0.25,0.1660620030874883,0.0013555320152881,True,0.2637380210016999
2551,one_hop,0.1,0.01,0.25,0.055,0.0,0.25,0.2821031192676344,0.0022033466623087,True,0.2404920910012151
2551,sagereg,0.1,0.01,0.25,0.055,0.0,0.25,0.2821031304844384,0.0022033463369059,True,0.2674358969998138
2552,one_hop,0.1,0.01,0.25,0.055,0.0,0.25,0.3744520563071624,0.0014705922352781,True,0.2393763820000458
2552,sagereg,0.1,0.01,0.25,0.055,0.0,0.25,0.3744519387710957,0.0014705920708514,True,0.2672093140008655
2553,one_hop,0.1,0.01,0.25,0.055,0.0,0.25,0.2902724912906624,0.003005944694652,True,0.2448150959990016
2553,sagereg,0.1,0.01,0.25,0.055,0.0,0.25,0.2902724424251989,0.0030059446470764,True,0.2716266440002073
2554,one_hop,0.1,0.01,0.25,0.055,0.0,0.25,0.2784408220763004,0.0015460141690234,True,0.2370783939986722
2554,sagereg,0.1,0.01,0.25,0.055,0.0,0.25,0.278440832492954,0.0015460151551424,True,0.2638350329998502
2555,one_hop,0.1,0.01,0.25,0.055,0.0,0.25,0.2124775778135613,0.0013700488952089,True,0.2370118270009698
2555,sagereg,0.1,0.01,0.25,0.055,0.0,0.25,0.2124776601725845,0.0013700487538986,True,0.2643331230010517
2556,one_hop,0.1,0.01,0.25,0.055,0.0,0.25,0.2448450336719775,0.0028348590968765,True,0.2318861690000631
2556,sagereg,0.1,0.01,0.25,0.055,0.0,0.25,0.2448450284620273,0.00283485906464,True,0.2596232180003426
2557,one_hop,0.1,0.01,0.25,0.055,0.0,0.25,0.4870740474212669,0.0029823285348324,True,0.2347491439995792
2557,sagereg,0.1,0.01,0.25,0.055,0.0,0.25,0.487073946115744,0.002982327675232,True,0.2630327389997546
2558,one_hop,0.1,0.01,0.25,0.055,0.0,0.25,0.1278825492981719,0.0014544521591491,True,0.2352639950004231
2558,sagereg,0.1,0.01,0.25,0.055,0.0,0.25,0.1278825890271392,0.0014544514694407,True,0.2613281020003342
2559,one_hop,0.1,0.01,0.25,0.055,0.0,0.25,0.1534183820154094,0.0031272733060845,True,0.2373241730001609
2559,sagereg,0.1,0.01,0.25,0.055,0.0,0.25,0.153418007463784,0.0031272698190325,True,0.2635132759987755
2560,one_hop,0.1,0.01,0.25,0.055,0.5,0.0,0.0716846389062333,0.0016603983744878,True,0.2371503880003729
2560,sagereg,0.1,0.01,0.25,0.055,0.5,0.0,0.0716846975076268,0.0016603998973216,True,0.2632359619983617
2561,one_hop,0.1,0.01,0.25,0.055,0.5,0.0,0.3543971627828071,0.0007802916889995,True,0.2475337150008272
2561,sagereg,0.1,0.01,0.25,0.055,0.5,0.0,0.3543972511009432,0.0007802929026815,True,0.2755409040000813
2562,one_hop,0.1,0.01,0.25,0.055,0.5,0.0,0.3138111800878242,0.0040771149453327,True,0.2427414470002986
2562,sagereg,0.1,0.01,0.25,0.055,0.5,0.0,0.3138111704875274,0.0040771177240634,True,0.2697059199999785
2563,one_hop,0.1,0.01,0.25,0.055,0.5,0.0,0.0844290136265896,0.0010853176564816,True,0.2431034580004052
2563,sagereg,0.1,0.01,0.25,0.055,0.5,0.0,0.0844289532687913,0.0010853170759885,True,0.2686339960000623
2564,one_hop,0.1,0.01,0.25,0.055,0.5,0.0,0.2183221991390232,0.0017639960422215,True,0.2424743860010494
2564,sagereg,0.1,0.01,0.25,0.055,0.5,0.0,0.218322381389945,0.0017639967796362,True,0.2694536559993139
2565,one_hop,0.1,0.01,0.25,0.055,0.5,0.0,0.1319116588408836,0.0014995212785438,True,0.2441869930007669
2565,sagereg,0.1,0.01,0.25,0.055,0.5,0.0,0.1319116409148764,0.0014995209048714,True,0.2732251950001227
2566,one_hop,0.1,0.01,0.25,0.055,0.5,0.0,0.3438954502695088,0.0031309327235233,True,0.2476525810016028
2566,sagereg,0.1,0.01,0.25,0.055,0.5,0.0,0.343895424802059,0.0031309318618586,True,0.2790120409990777
2567,one_hop,0.1,0.01,0.25,0.055,0.5,0.0,0.1862712061298081,0.0006934409643121,True,0.2475641060009366
2567,sagereg,0.1,0.01,0.25,0.055,0.5,0.0,0.1862711709259699,0.0006934406165493,True,0.2743348350013548
2568,one_hop,0.1,0.01,0.25,0.055,0.5,0.0,0.414641415612312,0.0049154556094126,True,0.2472966029999952
2568,sagereg,0.1,0.01,0.25,0.055,0.5,0.0,0.4146414453223557,0.0049154560813908,True,0.2735318470004131
2569,one_hop,0.1,0.01,0.25,0.055,0.5,0.0,0.1278967137908724,0.0001987086693368,True,0.2484449330004281
2569,sagereg,0.1,0.01,0.25,0.055,0.5,0.0,0.1278965743444348,0.0001987095461096,True,0.2763623659993754
2570,one_hop,0.1,0.01,0.25,0.055,0.5,0.0,0.2359948528463858,0.0008474231621149,True,0.2493636239996703
2570,sagereg,0.1,0.01,0.25,0.055,0.5,0.0,0.2359948517714973,0.0008474231795795,True,0.2765869440008828
2571,one_hop,0.1,0.01,0.25,0.055,0.5,0.0,0.2668113782028318,0.0042373021839682,True,0.2442422380008793
2571,sagereg,0.1,0.01,0.25,0.055,0.5,0.0,0.2668114178224769,0.0042373026059244,True,0.2713744529992254
2572,one_hop,0.1,0.01,0.25,0.055,0.5,0.0,0.1270197182012594,0.0024244634686932,True,0.2446961919995374
2572,sagereg,0.1,0.01,0.25,0.055,0.5,0.0,0.1270197155384953,0.0024244635249493,True,0.2707048169995687
2573,one_hop,0.1,0.01,0.25,0.055,0.5,0.0,0.096222730850954,0.0010193940801823,True,0.2419759160002286
2573,sagereg,0.1,0.01,0.25,0.055,0.5,0.0,0.0962227196317228,0.0010193942092789,True,0.2693154950011376
2574,one_hop,0.1,0.01,0.25,0.055,0.5,0.0,0.3258247431741146,0.0026810406455543,True,0.246105013999113
2574,sagereg,0.1,0.01,0.25,0.055,0.5,0.0,0.325824747350957,0.002681040664259,True,0.2723700700007612
2575,one_hop,0.1,0.01,0.25,0.055,0.5,0.0,0.1094865695585015,0.0018296347558325,True,0.2383501029999024
2575,sagereg,0.1,0.01,0.25,0.055,0.5,0.0,0.1094865712429023,0.0018296360720866,True,0.2657219450011325
2576,one_hop,0.1,0.01,0.25,0.055,0.5,0.0,0.2444061015694494,0.0009398840902907,True,0.2413397939999413
2576,sagereg,0.1,0.01,0.25,0.055,0.5,0.0,0.2444061371472233,0.0009398841125928,True,0.2690996019991871
2577,one_hop,0.1,0.01,0.25,0.055,0.5,0.0,0.1608302313771668,0.0018272201549919,True,0.2465539709992299
2577,sagereg,0.1,0.01,0.25,0.055,0.5,0.0,0.1608301335475034,0.0018272213285265,True,0.2763450759994157
2578,one_hop,0.1,0.01,0.25,0.055,0.5,0.0,0.2860186604130443,0.0021354799874792,True,0.2448957679989689
2578,sagereg,0.1,0.01,0.25,0.055,0.5,0.0,0.2860187188538071,0.0021354804172546,True,0.2733401149998826
2579,one_hop,0.1,0.01,0.25,0.055,0.5,0.0,0.1436796892759895,0.0010215442909529,True,0.2470163829984812
2579,sagereg,0.1,0.01,0.25,0.055,0.5,0.0,0.1436798166360624,0.0010215449206333,True,0.2725766799994744
2580,one_hop,0.1,0.01,0.25,0.055,0.5,0.25,0.2110427605860443,0.0027263939465724,True,0.2247584600008849
2580,sagereg,0.1,0.01,0.25,0.055,0.5,0.25,0.2110428067411696,0.002726393918931,True,0.2498934200011717
2581,one_hop,0.1,0.01,0.25,0.055,0.5,0.25,0.1290472773969326,0.0015186550399988,True,0.2323787180012004
2581,sagereg,0.1,0.01,0.25,0.055,0.5,0.25,0.1290472303896873,0.0015186550467857,True,0.2588823980004235
2582,one_hop,0.1,0.01,0.25,0.055,0.5,0.25,0.2164359945989907,0.0017601371762239,True,0.2257434429993736
2582,sagereg,0.1,0.01,0.25,0.055,0.5,0.25,0.2164351780743507,0.001760135407913,True,0.2514698989998578
2583,one_hop,0.1,0.01,0.25,0.055,0.5,0.25,0.1251411506576081,0.0006875050966273,True,0.2240330940003332
2583,sagereg,0.1,0.01,0.25,0.055,0.5,0.25,0.1251411576474431,0.0006875049685556,True,0.2521387430006143
2584,one_hop,0.1,0.01,0.25,0.055,0.5,0.25,0.1480519296406145,0.001968056770538,True,0.2293504610006493
2584,sagereg,0.1,0.01,0.25,0.055,0.5,0.25,0.1480518835814813,0.001968056785969,True,0.2578538110010413
2585,one_hop,0.1,0.01,0.25,0.055,0.5,0.25,0.2692018941058499,0.0031444796795285,True,0.2355755709995719
2585,sagereg,0.1,0.01,0.25,0.055,0.5,0.25,0.2692018643259855,0.0031444801512998,True,0.2643327849982597
2586,one_hop,0.1,0.01,0.25,0.055,0.5,0.25,0.3522048058275724,0.001943851118613,True,0.2276467610008694
2586,sagereg,0.1,0.01,0.25,0.055,0.5,0.25,0.3522047910586843,0.0019438512439259,True,0.2560763660003431
2587,one_hop,0.1,0.01,0.25,0.055,0.5,0.25,0.1078279328427355,0.0037814014802253,True,0.2270649149995733
2587,sagereg,0.1,0.01,0.25,0.055,0.5,0.25,0.1078279476000786,0.0037814012649595,True,0.2554253840007732
2588,one_hop,0.1,0.01,0.25,0.055,0.5,0.25,0.1969486423917866,0.0010101113963495,True,0.226476191999609
2588,sagereg,0.1,0.01,0.25,0.055,0.5,0.25,0.1969486275317828,0.0010101113281917,True,0.2527928790004807
2589,one_hop,0.1,0.01,0.25,0.055,0.5,0.25,0.4193558243473484,0.0007859033953149,True,0.2274908420004067
2589,sagereg,0.1,0.01,0.25,0.055,0.5,0.25,0.4193558054510737,0.0007859028433271,True,0.2553798389999429
2590,one_hop,0.1,0.01,0.25,0.055,0.5,0.25,0.1507192036651539,0.0027655029119755,True,0.2268798200002493
2590,sagereg,0.1,0.01,0.25,0.055,0.5,0.25,0.1507191436557556,0.0027655014431298,True,0.2536407900006452
2591,one_hop,0.1,0.01,0.25,0.055,0.5,0.25,0.2019834231704945,0.002768028878371,True,0.2302172050003719
2591,sagereg,0.1,0.01,0.25,0.055,0.5,0.25,0.2019833736099425,0.0027680285124751,True,0.2568457559991657
2592,one_hop,0.1,0.01,0.25,0.055,0.5,0.25,0.0921761270159548,0.0022028678468147,True,0.2230802699996275
2592,sagereg,0.1,0.01,0.25,0.055,0.5,0.25,0.0921761937595368,0.0022028676742294,True,0.2516817050000099
2593,one_hop,0.1,0.01,0.25,0.055,0.5,0.25,0.0935267704064063,0.0023571880694234,True,0.2357348139994428
2593,sagereg,0.1,0.01,0.25,0.055,0.5,0.25,0.093526779080915,0.0023571881572082,True,0.263239263998912
2594,one_hop,0.1,0.01,0.25,0.055,0.5,0.25,0.0753518183897868,0.001764361067831,True,0.2266490020010678
2594,sagereg,0.1,0.01,0.25,0.055,0.5,0.25,0.0753516358374826,0.0017643614423758,True,0.2542996209995181
2595,one_hop,0.1,0.01,0.25,0.055,0.5,0.25,0.2966888252870416,0.0031291053034114,True,0.223671767000269
2595,sagereg,0.1,0.01,0.25,0.055,0.5,0.25,0.2966888404657261,0.0031291054387265,True,0.250813601000118
2596,one_hop,0.1,0.01,0.25,0.055,0.5,0.25,0.5759692927629823,0.0025690543980474,True,0.2280961210017267
2596,sagereg,0.1,0.01,0.25,0.055,0.5,0.25,0.5759693492880831,0.0025690549840661,True,0.2552893859992764
2597,one_hop,0.1,0.01,0.25,0.055,0.5,0.25,0.3518459849370867,0.003601714619503,True,0.2317127329988579
2597,sagereg,0.1,0.01,0.25,0.055,0.5,0.25,0.351845964215525,0.003601714500289,True,0.2601088739993429
2598,one_hop,0.1,0.01,0.25,0.055,0.5,0.25,0.4233591192646855,0.0054536880208705,True,0.2266280969997751
2598,sagereg,0.1,0.01,0.25,0.055,0.5,0.25,0.4233590896705346,0.0054536870195087,True,0.2551064130002487
2599,one_hop,0.1,0.01,0.25,0.055,0.5,0.25,0.1404131396901271,0.0030650497128326,True,0.2303303209992009
2599,sagereg,0.1,0.01,0.25,0.055,0.5,0.25,0.1404131188365751,0.0030650494412972,True,0.2576851940011693
2600,one_hop,0.1,0.01,0.25,0.055,1.0,0.0,0.0563874528482171,0.001824081621421,True,0.2391722060001484
2600,sagereg,0.1,0.01,0.25,0.055,1.0,0.0,0.0563874675076132,0.0018240819694822,True,0.2666059270013647
2601,one_hop,0.1,0.01,0.25,0.055,1.0,0.0,0.1267481457737803,0.0012891634140391,True,0.243674559998908
2601,sagereg,0.1,0.01,0.25,0.055,1.0,0.0,0.1267481538827062,0.0012891633004496,True,0.2709861340008501
2602,one_hop,0.1,0.01,0.25,0.055,1.0,0.0,0.1553141780015077,0.0022890599384018,True,0.2387328510012594
2602,sagereg,0.1,0.01,0.25,0.055,1.0,0.0,0.1553140735951372,0.0022890602588473,True,0.2664027219998388
2603,one_hop,0.1,0.01,0.25,0.055,1.0,0.0,0.0995143567423313,0.0018399679152805,True,0.2430046690005838
2603,sagereg,0.1,0.01,0.25,0.055,1.0,0.0,0.0995144085731036,0.0018399690565377,True,0.2713173640004243
2604,one_hop,0.1,0.01,0.25,0.055,1.0,0.0,0.1706679891777047,0.0007403684167719,True,0.2441772169986507
2604,sagereg,0.1,0.01,0.25,0.055,1.0,0.0,0.1706679744724991,0.000740368645528,True,0.2697946469997987
2605,one_hop,0.1,0.01,0.25,0.055,1.0,0.0,0.6615930320548022,0.0027671471493329,True,0.243741427999339
2605,sagereg,0.1,0.01,0.25,0.055,1.0,0.0,0.661593052875586,0.0027671471023782,True,0.2715011420004884
2606,one_hop,0.1,0.01,0.25,0.055,1.0,0.0,0.3414625381640776,0.0052886964212824,True,0.2427583210010198
2606,sagereg,0.1,0.01,0.25,0.055,1.0,0.0,0.3414624362793242,0.0052886954144736,True,0.2699424439997528
2607,one_hop,0.1,0.01,0.25,0.055,1.0,0.0,0.2490592832644438,0.0020481243402012,True,0.2437074159988697
2607,sagereg,0.1,0.01,0.25,0.055,1.0,0.0,0.2490596955685819,0.0020481259322054,True,0.2664988500000618
2608,one_hop,0.1,0.01,0.25,0.055,1.0,0.0,0.1411670555327855,0.0003470987955772,True,0.2416881899989675
2608,sagereg,0.1,0.01,0.25,0.055,1.0,0.0,0.1411670565655054,0.0003470987055235,True,0.2681246120009746
2609,one_hop,0.1,0.01,0.25,0.055,1.0,0.0,0.0887866825215646,0.0015922233766198,True,0.2427609940004913
2609,sagereg,0.1,0.01,0.25,0.055,1.0,0.0,0.088786673392156,0.0015922233442475,True,0.270390542998939
2610,one_hop,0.1,0.01,0.25,0.055,1.0,0.0,0.3894911344283341,0.0011607018212897,True,0.2411095949992159
2610,sagereg,0.1,0.01,0.25,0.055,1.0,0.0,0.3894911463180125,0.0011607016554938,True,0.2687846940007148
2611,one_hop,0.1,0.01,0.25,0.055,1.0,0.0,0.3058101554160332,0.0022665658199665,True,0.2426994570014358
2611,sagereg,0.1,0.01,0.25,0.055,1.0,0.0,0.3058092624515242,0.0022665666854916,True,0.2706776920003904
2612,one_hop,0.1,0.01,0.25,0.055,1.0,0.0,0.2093118610681267,0.0007692696057893,True,0.2404104719989845
2612,sagereg,0.1,0.01,0.25,0.055,1.0,0.0,0.2093119370112513,0.0007692702147565,True,0.2673919859989837
2613,one_hop,0.1,0.01,0.25,0.055,1.0,0.0,0.2966181234080561,0.004924279386911,True,0.2365879629996925
2613,sagereg,0.1,0.01,0.25,0.055,1.0,0.0,0.2966182080681823,0.0049242806562017,True,0.2649020440003369
2614,one_hop,0.1,0.01,0.25,0.055,1.0,0.0,0.1942457226906286,0.0030167287000782,True,0.2364421129987022
2614,sagereg,0.1,0.01,0.25,0.055,1.0,0.0,0.1942457480358381,0.0030167294354927,True,0.2637965280009666
2615,one_hop,0.1,0.01,0.25,0.055,1.0,0.0,0.2231255469503183,0.0017210840714499,True,0.2361972809994768
2615,sagereg,0.1,0.01,0.25,0.055,1.0,0.0,0.2231256577508409,0.0017210858343962,True,0.2633649469989905
2616,one_hop,0.1,0.01,0.25,0.055,1.0,0.0,0.154598369675333,0.0043029701071138,True,0.2421513169992977
2616,sagereg,0.1,0.01,0.25,0.055,1.0,0.0,0.1545984553703179,0.00430297081635,True,0.2687124669992045
2617,one_hop,0.1,0.01,0.25,0.055,1.0,0.0,0.1220200494582034,0.0020483193753979,True,0.2365854039999249
2617,sagereg,0.1,0.01,0.25,0.055,1.0,0.0,0.1220200089853342,0.0020483193594571,True,0.2651452979989699
2618,one_hop,0.1,0.01,0.25,0.055,1.0,0.0,0.2988561350765403,0.0019303356575611,True,0.2390205330011667
2618,sagereg,0.1,0.01,0.25,0.055,1.0,0.0,0.2988560700654089,0.0019303349975591,True,0.2649981800004752
2619,one_hop,0.1,0.01,0.25,0.055,1.0,0.0,0.7062057170744622,0.0019676103179723,True,0.2431585259982966
2619,sagereg,0.1,0.01,0.25,0.055,1.0,0.0,0.706205783467842,0.0019676106418622,True,0.271042511001724
2620,one_hop,0.1,0.01,0.25,0.055,1.0,0.25,0.1627922043496768,0.0015905847374304,True,0.21660121000059
2620,sagereg,0.1,0.01,0.25,0.055,1.0,0.25,0.1627921311262576,0.0015905838382968,True,0.2426984580015414
2621,one_hop,0.1,0.01,0.25,0.055,1.0,0.25,0.2296296789647445,0.0034183729774318,True,0.2254766959995322
2621,sagereg,0.1,0.01,0.25,0.055,1.0,0.25,0.229629695569915,0.0034183731340132,True,0.2545293900002434
2622,one_hop,0.1,0.01,0.25,0.055,1.0,0.25,0.1119294974869983,0.001607469450309,True,0.2216896449990599
2622,sagereg,0.1,0.01,0.25,0.055,1.0,0.25,0.1119295128106795,0.0016074694103711,True,0.2505170130007172
2623,one_hop,0.1,0.01,0.25,0.055,1.0,0.25,0.331512578158296,0.001521341277797,True,0.21539473699886
2623,sagereg,0.1,0.01,0.25,0.055,1.0,0.25,0.3315126166682698,0.0015213417378056,True,0.2411991440003476
2624,one_hop,0.1,0.01,0.25,0.055,1.0,0.25,0.268202268987659,0.0009332295093124,True,0.2198049580001679
2624,sagereg,0.1,0.01,0.25,0.055,1.0,0.25,0.2682020579632462,0.0009332315273514,True,0.2469022570003289
2625,one_hop,0.1,0.01,0.25,0.055,1.0,0.25,0.1147855135710515,0.002844418038239,True,0.2205757680003444
2625,sagereg,0.1,0.01,0.25,0.055,1.0,0.25,0.1147856055814555,0.0028444180245072,True,0.2485217350003949
2626,one_hop,0.1,0.01,0.25,0.055,1.0,0.25,0.1675126268337333,0.0011159029512791,True,0.2202640100003918
2626,sagereg,0.1,0.01,0.25,0.055,1.0,0.25,0.1675126038578344,0.0011159029245353,True,0.2471324329999333
2627,one_hop,0.1,0.01,0.25,0.055,1.0,0.25,0.2247603256145306,0.0042585420145749,True,0.2175242749999597
2627,sagereg,0.1,0.01,0.25,0.055,1.0,0.25,0.2247603294122585,0.0042585422933236,True,0.2439484460010135
2628,one_hop,0.1,0.01,0.25,0.055,1.0,0.25,0.2961524985190871,0.0050930707918272,True,0.2112327969989564
2628,sagereg,0.1,0.01,0.25,0.055,1.0,0.25,0.296152488690947,0.0050930714983229,True,0.2391316380017087
2629,one_hop,0.1,0.01,0.25,0.055,1.0,0.25,0.2067284776350625,0.002208821720138,True,0.2215847280003799
2629,sagereg,0.1,0.01,0.25,0.055,1.0,0.25,0.2067285623479399,0.0022088218838762,True,0.2499476110006071
2630,one_hop,0.1,0.01,0.25,0.055,1.0,0.25,0.096709001621993,0.0011519300595369,True,0.21761351799978
2630,sagereg,0.1,0.01,0.25,0.055,1.0,0.25,0.0967091032932805,0.0011519281459912,True,0.2451439470005425
2631,one_hop,0.1,0.01,0.25,0.055,1.0,0.25,0.2901764665451783,0.0022694673224965,True,0.2136875840005814
2631,sagereg,0.1,0.01,0.25,0.055,1.0,0.25,0.2901762929586946,0.0022694669100373,True,0.2413949509991653
2632,one_hop,0.1,0.01,0.25,0.055,1.0,0.25,0.2569189246595077,0.0049424247435175,True,0.2272837159998744
2632,sagereg,0.1,0.01,0.25,0.055,1.0,0.25,0.2569189585811388,0.0049424243527904,True,0.2538255309991655
2633,one_hop,0.1,0.01,0.25,0.055,1.0,0.25,0.1970025561275395,0.0016707796322122,True,0.2263913850001699
2633,sagereg,0.1,0.01,0.25,0.055,1.0,0.25,0.197002512677158,0.0016707791525705,True,0.2541568840006221
2634,one_hop,0.1,0.01,0.25,0.055,1.0,0.25,0.3869149925970286,0.003896048082457,True,0.2199994219990912
2634,sagereg,0.1,0.01,0.25,0.055,1.0,0.25,0.3869147695013903,0.0038960460091289,True,0.2479840680007328
2635,one_hop,0.1,0.01,0.25,0.055,1.0,0.25,0.0539273193118931,0.0017099147031785,True,0.2218186009995406
2635,sagereg,0.1,0.01,0.25,0.055,1.0,0.25,0.0539273012262937,0.0017099148197003,True,0.2455138979985349
2636,one_hop,0.1,0.01,0.25,0.055,1.0,0.25,0.3110142694537052,0.0024359243322504,True,0.2220747820010729
2636,sagereg,0.1,0.01,0.25,0.055,1.0,0.25,0.311014309268963,0.0024359236183526,True,0.2519827310006803
2637,one_hop,0.1,0.01,0.25,0.055,1.0,0.25,0.5162843351823397,0.0026691952370944,True,0.2282872320010938
2637,sagereg,0.1,0.01,0.25,0.055,1.0,0.25,0.5162846170205194,0.0026691964287742,True,0.2551347899989196
2638,one_hop,0.1,0.01,0.25,0.055,1.0,0.25,0.1637290870218586,0.0013014811094536,True,0.21857181499945
2638,sagereg,0.1,0.01,0.25,0.055,1.0,0.25,0.1637291984166172,0.0013014829041499,True,0.2483884170014789
2639,one_hop,0.1,0.01,0.25,0.055,1.0,0.25,0.2338911423273556,0.0027298462379066,True,0.2206787239992991
2639,sagereg,0.1,0.01,0.25,0.055,1.0,0.25,0.2338912421875587,0.0027298455501349,True,0.2481596540001192
2640,one_hop,0.1,0.01,0.25,0.2,0.0,0.0,95.79955691078646,0.6595401591071907,False,0.2562805460001982
2640,sagereg,0.1,0.01,0.25,0.2,0.0,0.0,95.79955153813584,0.6595401950179631,False,0.2846452350004256
2641,one_hop,0.1,0.01,0.25,0.2,0.0,0.0,110.23041576706903,0.465891016978502,False,0.2628791799997998
2641,sagereg,0.1,0.01,0.25,0.2,0.0,0.0,110.23041785355862,0.4658911052984026,False,0.2920989089998329
2642,one_hop,0.1,0.01,0.25,0.2,0.0,0.0,138.9543468792504,0.5545761466961014,False,0.2627207099994848
2642,sagereg,0.1,0.01,0.25,0.2,0.0,0.0,138.95435092668686,0.5545763290691975,False,0.2903709460006212
2643,one_hop,0.1,0.01,0.25,0.2,0.0,0.0,101.87248601898072,1.1142301193910984,False,0.2639700509989779
2643,sagereg,0.1,0.01,0.25,0.2,0.0,0.0,101.87248456059248,1.1142301195946205,False,0.2909587369995279
2644,one_hop,0.1,0.01,0.25,0.2,0.0,0.0,173.00629704218247,0.7749568772541157,False,0.2618238270006259
2644,sagereg,0.1,0.01,0.25,0.2,0.0,0.0,173.00629586360802,0.7749570262196908,False,0.2917589110002154
2645,one_hop,0.1,0.01,0.25,0.2,0.0,0.0,120.5940307791319,1.0796977947166575,False,0.2655312460010464
2645,sagereg,0.1,0.01,0.25,0.2,0.0,0.0,120.5940306191304,1.0796978066558156,False,0.2941224759997567
2646,one_hop,0.1,0.01,0.25,0.2,0.0,0.0,110.23497688988772,1.1874515994740853,False,0.263441815999613
2646,sagereg,0.1,0.01,0.25,0.2,0.0,0.0,110.23499477833803,1.1874514658227335,False,0.2910044119998929
2647,one_hop,0.1,0.01,0.25,0.2,0.0,0.0,100.94375823172643,0.4867283168249479,False,0.2583731669983535
2647,sagereg,0.1,0.01,0.25,0.2,0.0,0.0,100.94376917608876,0.4867283331492681,False,0.2878931610011932
2648,one_hop,0.1,0.01,0.25,0.2,0.0,0.0,108.86375476905492,0.7151819815687419,False,0.2611427699994237
2648,sagereg,0.1,0.01,0.25,0.2,0.0,0.0,108.86375873160404,0.7151820017905766,False,0.2895787729994481
2649,one_hop,0.1,0.01,0.25,0.2,0.0,0.0,69.26795176661776,0.8454437598473838,False,0.2652620360004221
2649,sagereg,0.1,0.01,0.25,0.2,0.0,0.0,69.26794983876756,0.8454436417989717,False,0.2959513629994035
2650,one_hop,0.1,0.01,0.25,0.2,0.0,0.0,143.30237443280467,0.7797915895306495,False,0.2521092400002089
2650,sagereg,0.1,0.01,0.25,0.2,0.0,0.0,143.30236727295153,0.7797916063798872,False,0.2799128030001157
2651,one_hop,0.1,0.01,0.25,0.2,0.0,0.0,107.2029928491077,0.4081959679552779,False,0.2564373120003438
2651,sagereg,0.1,0.01,0.25,0.2,0.0,0.0,107.20299943790744,0.4081963270024657,False,0.2836775830000988
2652,one_hop,0.1,0.01,0.25,0.2,0.0,0.0,136.54928101421424,0.9977929076848,False,0.2697765449993312
2652,sagereg,0.1,0.01,0.25,0.2,0.0,0.0,136.54925908431883,0.9977930137222564,False,0.2955342320001364
2653,one_hop,0.1,0.01,0.25,0.2,0.0,0.0,116.29017487929208,1.086200159338428,False,0.2571458379989053
2653,sagereg,0.1,0.01,0.25,0.2,0.0,0.0,116.29018448611362,1.086200213855515,False,0.2853407530001277
2654,one_hop,0.1,0.01,0.25,0.2,0.0,0.0,6.805019117840025,0.943165962296574,False,0.2622312589992361
2654,sagereg,0.1,0.01,0.25,0.2,0.0,0.0,6.805022821771534,0.9431658858370436,False,0.2902849109996168
2655,one_hop,0.1,0.01,0.25,0.2,0.0,0.0,129.8411232394964,0.8706531452467823,False,0.267463737000071
2655,sagereg,0.1,0.01,0.25,0.2,0.0,0.0,129.8411277670369,0.8706532743268184,False,0.2955433860006451
2656,one_hop,0.1,0.01,0.25,0.2,0.0,0.0,161.80117672963624,0.4921204073055949,False,0.2621727850000752
2656,sagereg,0.1,0.01,0.25,0.2,0.0,0.0,161.80117128251965,0.4921204708425065,False,0.2914376810003887
2657,one_hop,0.1,0.01,0.25,0.2,0.0,0.0,148.976272505809,0.8224423679195232,False,0.2680660339992755
2657,sagereg,0.1,0.01,0.25,0.2,0.0,0.0,148.97627560616405,0.8224424025422795,False,0.2947109200013074
2658,one_hop,0.1,0.01,0.25,0.2,0.0,0.0,179.43411626403906,0.6916475470207593,False,0.2598179390006407
2658,sagereg,0.1,0.01,0.25,0.2,0.0,0.0,179.43411183745863,0.6916476570613778,False,0.2902663650002068
2659,one_hop,0.1,0.01,0.25,0.2,0.0,0.0,134.1394889899768,0.926736535064685,False,0.256261569000344
2659,sagereg,0.1,0.01,0.25,0.2,0.0,0.0,134.13948779903924,0.9267365261945728,False,0.2848958669983403
2660,one_hop,0.1,0.01,0.25,0.2,0.0,0.25,82.71301143874426,0.6837622486207748,False,0.2421362770000996
2660,sagereg,0.1,0.01,0.25,0.2,0.0,0.25,82.7130686841596,0.6837628820141551,False,0.2709335190011188
2661,one_hop,0.1,0.01,0.25,0.2,0.0,0.25,84.49356737658219,0.8571051181399308,False,0.2439718130008259
2661,sagereg,0.1,0.01,0.25,0.2,0.0,0.25,84.49356457278917,0.8571052064907505,False,0.2733046959983767
2662,one_hop,0.1,0.01,0.25,0.2,0.0,0.25,128.86760153380123,0.7220647900721808,False,0.2410221710015321
2662,sagereg,0.1,0.01,0.25,0.2,0.0,0.25,128.86759183069216,0.7220647989429714,False,0.2726948790004826
2663,one_hop,0.1,0.01,0.25,0.2,0.0,0.25,160.4230532793247,0.8482657444184345,False,0.2395915750003041
2663,sagereg,0.1,0.01,0.25,0.2,0.0,0.25,160.42306566087214,0.8482657388849171,False,0.2671174359984434
2664,one_hop,0.1,0.01,0.25,0.2,0.0,0.25,86.48264185774235,0.8644461897210611,False,0.2400978019995818
2664,sagereg,0.1,0.01,0.25,0.2,0.0,0.25,86.48265220436174,0.8644460857424459,False,0.2672039360004419
2665,one_hop,0.1,0.01,0.25,0.2,0.0,0.25,125.42403402458368,0.8788864508633386,False,0.2499348500004998
2665,sagereg,0.1,0.01,0.25,0.2,0.0,0.25,125.42399566891136,0.8788869009818363,False,0.2788450080006441
2666,one_hop,0.1,0.01,0.25,0.2,0.0,0.25,135.82873263819383,0.6396633640800473,False,0.2444209719997161
2666,sagereg,0.1,0.01,0.25,0.2,0.0,0.25,135.82873267066748,0.6396633722324804,False,0.2736862550009391
2667,one_hop,0.1,0.01,0.25,0.2,0.0,0.25,117.59936814552864,0.4158951287296842,False,0.2356857700015098
2667,sagereg,0.1,0.01,0.25,0.2,0.0,0.25,117.59935294848307,0.4158952801491817,False,0.2652220549989579
2668,one_hop,0.1,0.01,0.25,0.2,0.0,0.25,97.7281792689446,0.711373580436888,False,0.2440827569989778
2668,sagereg,0.1,0.01,0.25,0.2,0.0,0.25,97.72818050634494,0.7113735782727467,False,0.2736655289991176
2669,one_hop,0.1,0.01,0.25,0.2,0.0,0.25,86.55464700230613,0.7397223659614522,False,0.2421957259994087
2669,sagereg,0.1,0.01,0.25,0.2,0.0,0.25,86.5546086460909,0.7397224111841229,False,0.2724173070000688
2670,one_hop,0.1,0.01,0.25,0.2,0.0,0.25,155.56041155104418,0.3499014462901147,False,0.2423840760002349
2670,sagereg,0.1,0.01,0.25,0.2,0.0,0.25,155.56040359808642,0.3499010892973972,False,0.2701674700001604
2671,one_hop,0.1,0.01,0.25,0.2,0.0,0.25,148.37368852505998,0.4516456741660694,False,0.2450876880011492
2671,sagereg,0.1,0.01,0.25,0.2,0.0,0.25,148.37368724946512,0.4516457725001015,False,0.2733538360007514
2672,one_hop,0.1,0.01,0.25,0.2,0.0,0.25,74.9585755550413,0.581352146107526,False,0.2464753969998128
2672,sagereg,0.1,0.01,0.25,0.2,0.0,0.25,74.95858911071032,0.5813523379240692,False,0.2743369199997687
2673,one_hop,0.1,0.01,0.25,0.2,0.0,0.25,117.22063504349724,0.4087220226357206,False,0.2404811510004947
2673,sagereg,0.1,0.01,0.25,0.2,0.0,0.25,117.22067478886432,0.4087220807463757,False,0.2693411689997447
2674,one_hop,0.1,0.01,0.25,0.2,0.0,0.25,91.07386855427492,0.5685244580794507,False,0.249097117999554
2674,sagereg,0.1,0.01,0.25,0.2,0.0,0.25,91.07388941320563,0.5685247514653443,False,0.2762460550002288
2675,one_hop,0.1,0.01,0.25,0.2,0.0,0.25,137.58631261974003,0.2984058776484851,False,0.2425541739994514
2675,sagereg,0.1,0.01,0.25,0.2,0.0,0.25,137.58631772173587,0.298405659970652,False,0.2713490259993705
2676,one_hop,0.1,0.01,0.25,0.2,0.0,0.25,126.87147937266032,0.5802895419524691,False,0.2472951140007353
2676,sagereg,0.1,0.01,0.25,0.2,0.0,0.25,126.87148021748747,0.5802895334287029,False,0.2702883209985884
2677,one_hop,0.1,0.01,0.25,0.2,0.0,0.25,150.17215459398147,0.7598432376025515,False,0.2468318930004898
2677,sagereg,0.1,0.01,0.25,0.2,0.0,0.25,150.17215348581766,0.7598432227768559,False,0.2761105929985206
2678,one_hop,0.1,0.01,0.25,0.2,0.0,0.25,106.6499776778472,0.9792985967032548,False,0.240063924999049
2678,sagereg,0.1,0.01,0.25,0.2,0.0,0.25,106.64997507051388,0.979298609799053,False,0.2697264300004462
2679,one_hop,0.1,0.01,0.25,0.2,0.0,0.25,142.15903358936202,0.7230158117679746,False,0.243430286000148
2679,sagereg,0.1,0.01,0.25,0.2,0.0,0.25,142.15903349300055,0.7230157941573094,False,0.2726182459991833
2680,one_hop,0.1,0.01,0.25,0.2,0.5,0.0,104.2125834775552,0.7343452680728277,False,0.2483355840013246
2680,sagereg,0.1,0.01,0.25,0.2,0.5,0.0,104.21258219947296,0.7343453441338588,False,0.2756292950016359
2681,one_hop,0.1,0.01,0.25,0.2,0.5,0.0,111.41669484429828,0.818535120501901,False,0.2530936379989725
2681,sagereg,0.1,0.01,0.25,0.2,0.5,0.0,111.41676465137188,0.8185345023922,False,0.2803836519997276
2682,one_hop,0.1,0.01,0.25,0.2,0.5,0.0,125.64776013725576,0.5155886872842282,False,0.2542674200012698
2682,sagereg,0.1,0.01,0.25,0.2,0.5,0.0,125.6477527932973,0.5155886658421689,False,0.281141753999691
2683,one_hop,0.1,0.01,0.25,0.2,0.5,0.0,102.6647876255861,0.7000401864177745,False,0.2502199369992013
2683,sagereg,0.1,0.01,0.25,0.2,0.5,0.0,102.66478620566036,0.7000401573593734,False,0.2782381850011006
2684,one_hop,0.1,0.01,0.25,0.2,0.5,0.0,166.2882303344224,1.041837856736889,False,0.2482823979989916
2684,sagereg,0.1,0.01,0.25,0.2,0.5,0.0,166.28823364891406,1.0418381523712053,False,0.2764041119989997
2685,one_hop,0.1,0.01,0.25,0.2,0.5,0.0,125.02819067336397,0.9728810480103524,False,0.2547952650002116
2685,sagereg,0.1,0.01,0.25,0.2,0.5,0.0,125.0281899392772,0.9728810545237532,False,0.2811437289983587
2686,one_hop,0.1,0.01,0.25,0.2,0.5,0.0,169.68319236479326,0.8762872446779463,False,0.2506892679994053
2686,sagereg,0.1,0.01,0.25,0.2,0.5,0.0,169.68319588248434,0.8762872610638959,False,0.2791022149995115
2687,one_hop,0.1,0.01,0.25,0.2,0.5,0.0,147.81691442216749,0.5345356225663163,False,0.2520768529993802
2687,sagereg,0.1,0.01,0.25,0.2,0.5,0.0,147.81690283612207,0.5345354862364006,False,0.280387034999876
2688,one_hop,0.1,0.01,0.25,0.2,0.5,0.0,71.32841696661605,0.5137897510754699,False,0.2489995300002192
2688,sagereg,0.1,0.01,0.25,0.2,0.5,0.0,71.32841302556702,0.5137898128855468,False,0.2766188459991099
2689,one_hop,0.1,0.01,0.25,0.2,0.5,0.0,105.96472973218142,1.0279290984924832,False,0.2571517609994771
2689,sagereg,0.1,0.01,0.25,0.2,0.5,0.0,105.96470954220057,1.027929305619729,False,0.2844412140002532
2690,one_hop,0.1,0.01,0.25,0.2,0.5,0.0,171.34604130444572,0.4984821375207374,False,0.2518689380012802
2690,sagereg,0.1,0.01,0.25,0.2,0.5,0.0,171.34604179728413,0.49848209196709,False,0.280163277999236
2691,one_hop,0.1,0.01,0.25,0.2,0.5,0.0,80.483008531999,0.4790322035910483,False,0.2539651420011068
2691,sagereg,0.1,0.01,0.25,0.2,0.5,0.0,80.48300724924026,0.4790321684907197,False,0.2818134589997498
2692,one_hop,0.1,0.01,0.25,0.2,0.5,0.0,74.13122190167643,0.59203489185749,False,0.2531644480004615
2692,sagereg,0.1,0.01,0.25,0.2,0.5,0.0,74.1312284336473,0.5920348718244633,False,0.2816186210002342
2693,one_hop,0.1,0.01,0.25,0.2,0.5,0.0,144.7104530817196,0.8176358405768107,False,0.2563404020002053
2693,sagereg,0.1,0.01,0.25,0.2,0.5,0.0,144.71046555473674,0.8176359316232505,False,0.2851660729993455
2694,one_hop,0.1,0.01,0.25,0.2,0.5,0.0,38.64663592362852,0.7313338777822893,False,0.2520040179988427
2694,sagereg,0.1,0.01,0.25,0.2,0.5,0.0,38.64656715775747,0.7313324273835862,False,0.2800090000000637
2695,one_hop,0.1,0.01,0.25,0.2,0.5,0.0,85.0153162099969,0.2749513016414204,False,0.2463477399996918
2695,sagereg,0.1,0.01,0.25,0.2,0.5,0.0,85.01531211831359,0.2749513218693404,False,0.2758114169992041
2696,one_hop,0.1,0.01,0.25,0.2,0.5,0.0,148.9195416060983,0.6273078847161467,False,0.2529053879989078
2696,sagereg,0.1,0.01,0.25,0.2,0.5,0.0,148.91953948152076,0.6273078500616261,False,0.2802736949997779
2697,one_hop,0.1,0.01,0.25,0.2,0.5,0.0,63.09084529377108,0.1361990056142087,False,0.2493287409997719
2697,sagereg,0.1,0.01,0.25,0.2,0.5,0.0,63.090859618678536,0.1361991840295619,False,0.2783895390002726
2698,one_hop,0.1,0.01,0.25,0.2,0.5,0.0,47.03679677771277,0.948509424723161,False,0.2539708820004307
2698,sagereg,0.1,0.01,0.25,0.2,0.5,0.0,47.03679198316184,0.9485093638796434,False,0.2821834970000054
2699,one_hop,0.1,0.01,0.25,0.2,0.5,0.0,143.79951182248678,0.3807807329669708,False,0.2451845010000397
2699,sagereg,0.1,0.01,0.25,0.2,0.5,0.0,143.7995226906821,0.3807808228437831,False,0.2732819960001507
2700,one_hop,0.1,0.01,0.25,0.2,0.5,0.25,138.9318234945042,0.6129245827155786,False,0.2300652609992539
2700,sagereg,0.1,0.01,0.25,0.2,0.5,0.25,138.9318249255284,0.61292458029604,False,0.2580969729988283
2701,one_hop,0.1,0.01,0.25,0.2,0.5,0.25,117.54202145915268,0.2590470414143604,False,0.2344015630005742
2701,sagereg,0.1,0.01,0.25,0.2,0.5,0.25,117.54202432245609,0.2590470637262791,False,0.261701687999448
2702,one_hop,0.1,0.01,0.25,0.2,0.5,0.25,62.90639065401829,0.7272024427868,False,0.2300328339988482
2702,sagereg,0.1,0.01,0.25,0.2,0.5,0.25,62.90640013798564,0.7272024849770052,False,0.2578762989996903
2703,one_hop,0.1,0.01,0.25,0.2,0.5,0.25,22.90653885465703,0.282415415237049,False,0.2275878060008835
2703,sagereg,0.1,0.01,0.25,0.2,0.5,0.25,22.90654243536857,0.2824154332940838,False,0.2558793860007426
2704,one_hop,0.1,0.01,0.25,0.2,0.5,0.25,152.55850049958727,0.9415018787025198,False,0.2299124220007797
2704,sagereg,0.1,0.01,0.25,0.2,0.5,0.25,152.5585010940221,0.941501927338514,False,0.2583299190009711
2705,one_hop,0.1,0.01,0.25,0.2,0.5,0.25,175.4600021393342,0.6812399801371004,False,0.2346557290002238
2705,sagereg,0.1,0.01,0.25,0.2,0.5,0.25,175.45999439024243,0.6812400112284007,False,0.262046857000314
2706,one_hop,0.1,0.01,0.25,0.2,0.5,0.25,141.93928322776142,0.7789819280377052,False,0.2284137830010877
2706,sagereg,0.1,0.01,0.25,0.2,0.5,0.25,141.9392714168523,0.7789818093891837,False,0.2583115969991922
2707,one_hop,0.1,0.01,0.25,0.2,0.5,0.25,151.05394118521266,0.3743074745349469,False,0.2316650659995502
2707,sagereg,0.1,0.01,0.25,0.2,0.5,0.25,151.05397941695188,0.3743079812620952,False,0.2594672949999221
2708,one_hop,0.1,0.01,0.25,0.2,0.5,0.25,133.85774597677698,0.4865507881266449,False,0.2287095339997904
2708,sagereg,0.1,0.01,0.25,0.2,0.5,0.25,133.85774341888853,0.4865504195379945,False,0.2570076250012789
2709,one_hop,0.1,0.01,0.25,0.2,0.5,0.25,61.99546274763001,0.5355461063237464,False,0.2324472139989666
2709,sagereg,0.1,0.01,0.25,0.2,0.5,0.25,61.995459714240326,0.5355461832087974,False,0.2609804910007369
2710,one_hop,0.1,0.01,0.25,0.2,0.5,0.25,158.7714348281384,0.6366944609312067,False,0.2275658079997811
2710,sagereg,0.1,0.01,0.25,0.2,0.5,0.25,158.7714270245448,0.6366944032798221,False,0.2556564879996585
2711,one_hop,0.1,0.01,0.25,0.2,0.5,0.25,155.0353799963284,0.5913237282201875,False,0.2287906880010268
2711,sagereg,0.1,0.01,0.25,0.2,0.5,0.25,155.03543658565587,0.5913235363008112,False,0.2578718139993725
2712,one_hop,0.1,0.01,0.25,0.2,0.5,0.25,155.9661146081515,0.45971321196345,False,0.2280958859992097
2712,sagereg,0.1,0.01,0.25,0.2,0.5,0.25,155.96612585390534,0.4597133434423862,False,0.256488390999948
2713,one_hop,0.1,0.01,0.25,0.2,0.5,0.25,106.04901630447164,0.8497000741577019,False,0.2335734650005179
2713,sagereg,0.1,0.01,0.25,0.2,0.5,0.25,106.04901453081236,0.8497001412611833,False,0.262488561000282
2714,one_hop,0.1,0.01,0.25,0.2,0.5,0.25,95.88435096894504,0.4446300927194352,False,0.2294354290006595
2714,sagereg,0.1,0.01,0.25,0.2,0.5,0.25,95.88435098672475,0.444630077610586,False,0.2595565640003769
2715,one_hop,0.1,0.01,0.25,0.2,0.5,0.25,77.17830776103085,0.5235287507631232,False,0.230638009001268
2715,sagereg,0.1,0.01,0.25,0.2,0.5,0.25,77.17830699496784,0.5235287013165286,False,0.2559772869990411
2716,one_hop,0.1,0.01,0.25,0.2,0.5,0.25,116.21217785674948,0.4465869583051097,False,0.2334981630010588
2716,sagereg,0.1,0.01,0.25,0.2,0.5,0.25,116.21217907194846,0.4465869701176247,False,0.2603514830007043
2717,one_hop,0.1,0.01,0.25,0.2,0.5,0.25,30.672356543925297,0.5845253261599166,False,0.2305888179998874
2717,sagereg,0.1,0.01,0.25,0.2,0.5,0.25,30.672354512688248,0.5845252995611822,False,0.2592862719993718
2718,one_hop,0.1,0.01,0.25,0.2,0.5,0.25,120.28024520227422,0.4089476403908222,False,0.2344336559999646
2718,sagereg,0.1,0.01,0.25,0.2,0.5,0.25,120.28024223219668,0.408947626963366,False,0.2629509239995968
2719,one_hop,0.1,0.01,0.25,0.2,0.5,0.25,87.8092916695604,0.9346827332532688,False,0.2312714750005398
2719,sagereg,0.1,0.01,0.25,0.2,0.5,0.25,87.80929140676977,0.9346827495708095,False,0.2576665339984174
2720,one_hop,0.1,0.01,0.25,0.2,1.0,0.0,36.54900127919455,0.8707456860722413,False,0.2450053529992146
2720,sagereg,0.1,0.01,0.25,0.2,1.0,0.0,36.54900654437781,0.8707458708585326,False,0.2736198340007831
2721,one_hop,0.1,0.01,0.25,0.2,1.0,0.0,147.53243179190204,0.3184144737006789,False,0.2511218809995625
2721,sagereg,0.1,0.01,0.25,0.2,1.0,0.0,147.53242907417527,0.3184143964092653,False,0.2792919579987938
2722,one_hop,0.1,0.01,0.25,0.2,1.0,0.0,133.22217807705383,0.6201052533741136,False,0.2473430190002545
2722,sagereg,0.1,0.01,0.25,0.2,1.0,0.0,133.22219532570853,0.6201050433746478,False,0.2778319210010522
2723,one_hop,0.1,0.01,0.25,0.2,1.0,0.0,127.89029034939406,0.9993495727754838,False,0.2430109739998442
2723,sagereg,0.1,0.01,0.25,0.2,1.0,0.0,127.89040642298492,0.9993491676903892,False,0.2703060620005999
2724,one_hop,0.1,0.01,0.25,0.2,1.0,0.0,87.14146680951353,0.6083570597187007,False,0.2498254390011425
2724,sagereg,0.1,0.01,0.25,0.2,1.0,0.0,87.14183011275298,0.6083618919971939,False,0.2770645199998398
2725,one_hop,0.1,0.01,0.25,0.2,1.0,0.0,168.9442494750958,0.8882218807413435,False,0.2481217290005588
2725,sagereg,0.1,0.01,0.25,0.2,1.0,0.0,168.9442556042657,0.8882215314790282,False,0.2763115630004904
2726,one_hop,0.1,0.01,0.25,0.2,1.0,0.0,102.34094859777812,0.9305478377284128,False,0.2426336909993551
2726,sagereg,0.1,0.01,0.25,0.2,1.0,0.0,102.34093797761342,0.9305479961471692,False,0.2718120989993622
2727,one_hop,0.1,0.01,0.25,0.2,1.0,0.0,50.03667299409439,0.7516451525507143,False,0.2465281980003055
2727,sagereg,0.1,0.01,0.25,0.2,1.0,0.0,50.03668067087481,0.7516451185528665,False,0.2749727469999925
2728,one_hop,0.1,0.01,0.25,0.2,1.0,0.0,80.50512052773587,0.8017828429170932,False,0.2538132000008772
2728,sagereg,0.1,0.01,0.25,0.2,1.0,0.0,80.50511176982306,0.8017827524747249,False,0.2806000170003244
2729,one_hop,0.1,0.01,0.25,0.2,1.0,0.0,75.2642623947894,0.3164776371384389,False,0.2500831100005598
2729,sagereg,0.1,0.01,0.25,0.2,1.0,0.0,75.26426433040619,0.3164776449385015,False,0.2782273900011205
2730,one_hop,0.1,0.01,0.25,0.2,1.0,0.0,174.04854535093435,0.4645925826339582,False,0.2410025190001761
2730,sagereg,0.1,0.01,0.25,0.2,1.0,0.0,174.04853809837732,0.4645924714733874,False,0.2691362320001644
2731,one_hop,0.1,0.01,0.25,0.2,1.0,0.0,169.9226133491419,0.804628789064213,False,0.2470779760005825
2731,sagereg,0.1,0.01,0.25,0.2,1.0,0.0,169.92262423399274,0.804628971563516,False,0.2765766270003951
2732,one_hop,0.1,0.01,0.25,0.2,1.0,0.0,156.454725047526,0.5792635003508366,False,0.2553834650007047
2732,sagereg,0.1,0.01,0.25,0.2,1.0,0.0,156.45472030870025,0.5792634562313291,False,0.282736223000029
2733,one_hop,0.1,0.01,0.25,0.2,1.0,0.0,148.49567134165994,0.916098289205067,False,0.2440645970000332
2733,sagereg,0.1,0.01,0.25,0.2,1.0,0.0,148.49562342158023,0.9160979649721848,False,0.2706453660011902
2734,one_hop,0.1,0.01,0.25,0.2,1.0,0.0,179.48988798791342,1.2390414818716884,False,0.2448915639997722
2734,sagereg,0.1,0.01,0.25,0.2,1.0,0.0,179.48990229176377,1.2390421665940672,False,0.2733007679998991
2735,one_hop,0.1,0.01,0.25,0.2,1.0,0.0,75.20894260457821,0.9982322041031024,False,0.2413928490004764
2735,sagereg,0.1,0.01,0.25,0.2,1.0,0.0,75.20895603178754,0.9982322088087416,False,0.2680600980002054
2736,one_hop,0.1,0.01,0.25,0.2,1.0,0.0,90.5249633835149,0.7461167131591242,False,0.2476355700000567
2736,sagereg,0.1,0.01,0.25,0.2,1.0,0.0,90.52496706002172,0.7461166845874909,False,0.2748390169999766
2737,one_hop,0.1,0.01,0.25,0.2,1.0,0.0,155.32981066908388,0.8631790549012701,False,0.2485604189987498
2737,sagereg,0.1,0.01,0.25,0.2,1.0,0.0,155.3298164362792,0.8631792202416,False,0.2757213280001451
2738,one_hop,0.1,0.01,0.25,0.2,1.0,0.0,102.72091097041547,0.3675516181873743,False,0.2438419959999009
2738,sagereg,0.1,0.01,0.25,0.2,1.0,0.0,102.7209160898962,0.3675516203522626,False,0.2735012699995423
2739,one_hop,0.1,0.01,0.25,0.2,1.0,0.0,139.0393932225006,0.934278531905116,False,0.2496528649990068
2739,sagereg,0.1,0.01,0.25,0.2,1.0,0.0,139.03938962120785,0.9342785901826488,False,0.2772886870006914
2740,one_hop,0.1,0.01,0.25,0.2,1.0,0.25,153.43967737589966,0.2069576733555402,False,0.2296117010009766
2740,sagereg,0.1,0.01,0.25,0.2,1.0,0.25,153.43970172684328,0.2069573946958208,False,0.2600092600005155
2741,one_hop,0.1,0.01,0.25,0.2,1.0,0.25,137.63672730245517,0.603182093611496,False,0.2249260299995512
2741,sagereg,0.1,0.01,0.25,0.2,1.0,0.25,137.6367350147538,0.6031820982162345,False,0.2533298750004178
2742,one_hop,0.1,0.01,0.25,0.2,1.0,0.25,116.88768354562,0.8286466407849667,False,0.2246528839987149
2742,sagereg,0.1,0.01,0.25,0.2,1.0,0.25,116.88757055082846,0.8286458754126413,False,0.2537189489994489
2743,one_hop,0.1,0.01,0.25,0.2,1.0,0.25,169.83191708973183,1.0414656391541155,False,0.2235230549995321
2743,sagereg,0.1,0.01,0.25,0.2,1.0,0.25,169.83191156191987,1.0414656103568336,False,0.2516712990000087
2744,one_hop,0.1,0.01,0.25,0.2,1.0,0.25,67.25193880210746,0.2644087092348248,False,0.2268987290008226
2744,sagereg,0.1,0.01,0.25,0.2,1.0,0.25,67.25193563146794,0.2644087533633978,False,0.2573485530010657
2745,one_hop,0.1,0.01,0.25,0.2,1.0,0.25,102.53015079453952,0.4991067334769821,False,0.2238188840001385
2745,sagereg,0.1,0.01,0.25,0.2,1.0,0.25,102.5301557088666,0.4991062332743587,False,0.2537238779987092
2746,one_hop,0.1,0.01,0.25,0.2,1.0,0.25,88.34611977688647,0.4117176689362234,False,0.2225779789987427
2746,sagereg,0.1,0.01,0.25,0.2,1.0,0.25,88.34616355426662,0.411718230343598,False,0.2511716429999069
2747,one_hop,0.1,0.01,0.25,0.2,1.0,0.25,164.01064851944977,1.130319128103774,False,0.2271027939987107
2747,sagereg,0.1,0.01,0.25,0.2,1.0,0.25,164.01064883151474,1.1303191485688926,False,0.2555026879999786
2748,one_hop,0.1,0.01,0.25,0.2,1.0,0.25,64.71865673750499,0.9559381852947124,False,0.224418093001077
2748,sagereg,0.1,0.01,0.25,0.2,1.0,0.25,64.71865846982763,0.9559381699773574,False,0.2547738310004206
2749,one_hop,0.1,0.01,0.25,0.2,1.0,0.25,162.792787424766,0.4723821158851768,False,0.2249917560002359
2749,sagereg,0.1,0.01,0.25,0.2,1.0,0.25,162.79277531154895,0.4723822575976634,False,0.2524206469988712
2750,one_hop,0.1,0.01,0.25,0.2,1.0,0.25,120.67007460998433,0.752189832855239,False,0.2235676139989664
2750,sagereg,0.1,0.01,0.25,0.2,1.0,0.25,120.670050131448,0.7521900355077198,False,0.2541081759991357
2751,one_hop,0.1,0.01,0.25,0.2,1.0,0.25,109.9966680376441,0.9432113399256477,False,0.2280946640003094
2751,sagereg,0.1,0.01,0.25,0.2,1.0,0.25,109.996666087551,0.9432113175722114,False,0.2554443789995275
2752,one_hop,0.1,0.01,0.25,0.2,1.0,0.25,71.03558750260997,0.5106003382167147,False,0.2225911820005421
2752,sagereg,0.1,0.01,0.25,0.2,1.0,0.25,71.035553199983,0.5106004227054994,False,0.2511170929992659
2753,one_hop,0.1,0.01,0.25,0.2,1.0,0.25,82.98925243640602,0.4124994360475284,False,0.2306911180003226
2753,sagereg,0.1,0.01,0.25,0.2,1.0,0.25,82.98924476672298,0.4124995398714007,False,0.2590028520007763
2754,one_hop,0.1,0.01,0.25,0.2,1.0,0.25,62.54431725722043,1.0314049847127529,False,0.2210295400000177
2754,sagereg,0.1,0.01,0.25,0.2,1.0,0.25,62.54432786622558,1.0314048879715716,False,0.2502356259992666
2755,one_hop,0.1,0.01,0.25,0.2,1.0,0.25,157.68358999942723,0.4702466624036799,False,0.2210506579995126
2755,sagereg,0.1,0.01,0.25,0.2,1.0,0.25,157.68358929238238,0.4702467169001029,False,0.2477780179997353
2756,one_hop,0.1,0.01,0.25,0.2,1.0,0.25,81.27033450743194,1.397620273728856,False,0.2230548619991168
2756,sagereg,0.1,0.01,0.25,0.2,1.0,0.25,81.27034458911541,1.3976202962381006,False,0.2523859799985075
2757,one_hop,0.1,0.01,0.25,0.2,1.0,0.25,92.62756838509284,0.3163322656797311,False,0.2282289600007061
2757,sagereg,0.1,0.01,0.25,0.2,1.0,0.25,92.62757597364232,0.3163322650190528,False,0.2554317949998221
2758,one_hop,0.1,0.01,0.25,0.2,1.0,0.25,152.57186401334403,0.8101922299746304,False,0.2247857509992172
2758,sagereg,0.1,0.01,0.25,0.2,1.0,0.25,152.57185314628765,0.8101921004688379,False,0.2553628530004062
2759,one_hop,0.1,0.01,0.25,0.2,1.0,0.25,67.1465658669072,0.6861685727943843,False,0.2167865579995123
2759,sagereg,0.1,0.01,0.25,0.2,1.0,0.25,67.14655798779508,0.6861680736929036,False,0.2453887930005294
2760,one_hop,0.1,0.01,0.25,0.8,0.0,0.0,55.80972144123464,0.7372179476294013,False,0.2607825069990213
2760,sagereg,0.1,0.01,0.25,0.8,0.0,0.0,55.80971491987677,0.7372180209690934,False,0.2891956589992333
2761,one_hop,0.1,0.01,0.25,0.8,0.0,0.0,105.72636228131994,1.2063876702421636,False,0.263892451999709
2761,sagereg,0.1,0.01,0.25,0.8,0.0,0.0,105.72638057355486,1.206387723532162,False,0.294566713999302
2762,one_hop,0.1,0.01,0.25,0.8,0.0,0.0,10.860877881308744,0.2313029522263208,False,0.2587064670005929
2762,sagereg,0.1,0.01,0.25,0.8,0.0,0.0,10.860877885625827,0.231302978717151,False,0.2877929730002506
2763,one_hop,0.1,0.01,0.25,0.8,0.0,0.0,83.28730532443194,0.9729040909335228,False,0.2585800280012336
2763,sagereg,0.1,0.01,0.25,0.8,0.0,0.0,83.28730640414452,0.9729040965558016,False,0.2861870910001016
2764,one_hop,0.1,0.01,0.25,0.8,0.0,0.0,98.86294847589204,0.9207324494921204,False,0.2617295340005512
2764,sagereg,0.1,0.01,0.25,0.8,0.0,0.0,98.86294820678926,0.9207323987988536,False,0.2907360869994591
2765,one_hop,0.1,0.01,0.25,0.8,0.0,0.0,146.2071355593366,0.8584186981292155,False,0.2587002529999154
2765,sagereg,0.1,0.01,0.25,0.8,0.0,0.0,146.20713460295582,0.8584187273872449,False,0.2884651339991251
2766,one_hop,0.1,0.01,0.25,0.8,0.0,0.0,157.22415186398177,0.4708655162978972,False,0.2594918399991002
2766,sagereg,0.1,0.01,0.25,0.8,0.0,0.0,157.2241501440234,0.470865498551033,False,0.2890731140014395
2767,one_hop,0.1,0.01,0.25,0.8,0.0,0.0,92.92950182317831,0.7385366622251246,False,0.2577853010006947
2767,sagereg,0.1,0.01,0.25,0.8,0.0,0.0,92.9295017772985,0.7385366482865977,False,0.2866223370001535
2768,one_hop,0.1,0.01,0.25,0.8,0.0,0.0,132.89095384548577,1.0356697760336908,False,0.2604875529996207
2768,sagereg,0.1,0.01,0.25,0.8,0.0,0.0,132.89095477282532,1.0356697388024036,False,0.2886049909993744
2769,one_hop,0.1,0.01,0.25,0.8,0.0,0.0,96.646324736915,1.0034415816325497,False,0.2551054449995718
2769,sagereg,0.1,0.01,0.25,0.8,0.0,0.0,96.64633178948186,1.0034415360330449,False,0.2845642419997602
2770,one_hop,0.1,0.01,0.25,0.8,0.0,0.0,105.66218834349132,0.724361941901635,False,0.2574897470003634
2770,sagereg,0.1,0.01,0.25,0.8,0.0,0.0,105.6621869050303,0.7243619858790126,False,0.2868445029998838
2771,one_hop,0.1,0.01,0.25,0.8,0.0,0.0,99.93403868927123,0.4877840635723828,False,0.2578387940011453
2771,sagereg,0.1,0.01,0.25,0.8,0.0,0.0,99.93403765413156,0.4877840562138832,False,0.2868745859996124
2772,one_hop,0.1,0.01,0.25,0.8,0.0,0.0,169.90641100884378,0.8533944945095528,False,0.2607374690014694
2772,sagereg,0.1,0.01,0.25,0.8,0.0,0.0,169.9064117004759,0.8533944949751567,False,0.2893089709996275
2773,one_hop,0.1,0.01,0.25,0.8,0.0,0.0,75.11585731521652,0.6822073598809337,False,0.2565291029986838
2773,sagereg,0.1,0.01,0.25,0.8,0.0,0.0,75.11585679480862,0.6822073254071086,False,0.285935125000833
2774,one_hop,0.1,0.01,0.25,0.8,0.0,0.0,102.4044595433428,0.7679620171874503,False,0.2603626609998173
2774,sagereg,0.1,0.01,0.25,0.8,0.0,0.0,102.40443376127422,0.767960261732425,False,0.290019451000262
2775,one_hop,0.1,0.01,0.25,0.8,0.0,0.0,84.8581868043896,0.1484222676265709,False,0.2572981689991138
2775,sagereg,0.1,0.01,0.25,0.8,0.0,0.0,84.85819108265574,0.1484222030381229,False,0.2880666750006639
2776,one_hop,0.1,0.01,0.25,0.8,0.0,0.0,177.92488446817103,0.9511948900703376,False,0.2636923419995582
2776,sagereg,0.1,0.01,0.25,0.8,0.0,0.0,177.92488432804885,0.9511948938457316,False,0.2927466659984929
2777,one_hop,0.1,0.01,0.25,0.8,0.0,0.0,162.54759310653716,1.0132974168560052,False,0.259353295999972
2777,sagereg,0.1,0.01,0.25,0.8,0.0,0.0,162.54758999415213,1.0132973837621433,False,0.2882534669988672
2778,one_hop,0.1,0.01,0.25,0.8,0.0,0.0,97.4387490857763,0.5088916940638667,False,0.2592618359994958
2778,sagereg,0.1,0.01,0.25,0.8,0.0,0.0,97.4387513475748,0.5088916641347395,False,0.2872475909989589
2779,one_hop,0.1,0.01,0.25,0.8,0.0,0.0,156.1256844676201,0.1255480368824646,False,0.2576447339997685
2779,sagereg,0.1,0.01,0.25,0.8,0.0,0.0,156.1256804129337,0.1255481382539358,False,0.2861144310008967
2780,one_hop,0.1,0.01,0.25,0.8,0.0,0.25,176.3399105101295,0.0611282355622894,False,0.2418944119999651
2780,sagereg,0.1,0.01,0.25,0.8,0.0,0.25,176.3399210691183,0.0611284784538785,False,0.2727263159995345
2781,one_hop,0.1,0.01,0.25,0.8,0.0,0.25,118.99020775081198,0.7240334108365131,False,0.2404206280007201
2781,sagereg,0.1,0.01,0.25,0.8,0.0,0.25,118.99020928313108,0.7240333783346826,False,0.269310914000016
2782,one_hop,0.1,0.01,0.25,0.8,0.0,0.25,163.84461470152567,0.8899317826101062,False,0.2462354770013917
2782,sagereg,0.1,0.01,0.25,0.8,0.0,0.25,163.84461615128066,0.8899317369005354,False,0.2766657219999615
2783,one_hop,0.1,0.01,0.25,0.8,0.0,0.25,167.3746294792263,0.9766548887059796,False,0.2408439859991631
2783,sagereg,0.1,0.01,0.25,0.8,0.0,0.25,167.3746385911127,0.9766551066485224,False,0.2697693890004302
2784,one_hop,0.1,0.01,0.25,0.8,0.0,0.25,80.21168047456304,0.7206059331791878,False,0.2404566009990958
2784,sagereg,0.1,0.01,0.25,0.8,0.0,0.25,80.21168015018006,0.7206059420836767,False,0.268789548001223
2785,one_hop,0.1,0.01,0.25,0.8,0.0,0.25,115.69903015768254,0.4059241599792814,False,0.2473093680000602
2785,sagereg,0.1,0.01,0.25,0.8,0.0,0.25,115.69903014288482,0.4059241938963733,False,0.2767748520000168
2786,one_hop,0.1,0.01,0.25,0.8,0.0,0.25,100.92420409918856,0.6779338332375121,False,0.2439308039993193
2786,sagereg,0.1,0.01,0.25,0.8,0.0,0.25,100.92420433660418,0.6779338791541342,False,0.274067645001196
2787,one_hop,0.1,0.01,0.25,0.8,0.0,0.25,94.45622951847692,0.5649961227627331,False,0.2438459299992246
2787,sagereg,0.1,0.01,0.25,0.8,0.0,0.25,94.4562282202832,0.5649961346687047,False,0.2724279400008527
2788,one_hop,0.1,0.01,0.25,0.8,0.0,0.25,55.24452674132569,0.9578953668862964,False,0.2445978910000121
2788,sagereg,0.1,0.01,0.25,0.8,0.0,0.25,55.24452656429409,0.9578953493189634,False,0.2739229620001424
2789,one_hop,0.1,0.01,0.25,0.8,0.0,0.25,119.71640252999,0.591361197062104,False,0.2446559870004421
2789,sagereg,0.1,0.01,0.25,0.8,0.0,0.25,119.71639830367414,0.591361124973009,False,0.2739476210008433
2790,one_hop,0.1,0.01,0.25,0.8,0.0,0.25,164.8756592604005,0.720182455857621,False,0.2444564910001645
2790,sagereg,0.1,0.01,0.25,0.8,0.0,0.25,164.87565977721863,0.7201824565247722,False,0.2749255760008964
2791,one_hop,0.1,0.01,0.25,0.8,0.0,0.25,177.1314382673155,0.1952991405238842,False,0.2443004050001036
2791,sagereg,0.1,0.01,0.25,0.8,0.0,0.25,177.13143846925587,0.1952991068018646,False,0.2732858590006799
2792,one_hop,0.1,0.01,0.25,0.8,0.0,0.25,177.51354760735026,0.6640174303885132,False,0.2460936730003595
2792,sagereg,0.1,0.01,0.25,0.8,0.0,0.25,177.51354731702594,0.6640174145368791,False,0.2749941029996989
2793,one_hop,0.1,0.01,0.25,0.8,0.0,0.25,171.1025786563231,0.9275277166596184,False,0.2467570600001636
2793,sagereg,0.1,0.01,0.25,0.8,0.0,0.25,171.10257654635768,0.9275277296681996,False,0.2771187339985772
2794,one_hop,0.1,0.01,0.25,0.8,0.0,0.25,125.8001850499962,0.6247834964266599,False,0.2479410260002623
2794,sagereg,0.1,0.01,0.25,0.8,0.0,0.25,125.80013196286764,0.6247826821172994,False,0.2769906279991119
2795,one_hop,0.1,0.01,0.25,0.8,0.0,0.25,108.45892862975889,0.3960960231354975,False,0.2442307740002434
2795,sagereg,0.1,0.01,0.25,0.8,0.0,0.25,108.4589296732774,0.396095997238781,False,0.2728730630005884
2796,one_hop,0.1,0.01,0.25,0.8,0.0,0.25,122.86345514856664,0.5782136078770885,False,0.2450534990002779
2796,sagereg,0.1,0.01,0.25,0.8,0.0,0.25,122.86345788701573,0.5782134418597575,False,0.2760376130008808
2797,one_hop,0.1,0.01,0.25,0.8,0.0,0.25,111.40434540922094,0.6324912817669344,False,0.2443787640004302
2797,sagereg,0.1,0.01,0.25,0.8,0.0,0.25,111.40434497019146,0.6324912558724788,False,0.2733263849986542
2798,one_hop,0.1,0.01,0.25,0.8,0.0,0.25,98.13816482114596,0.8653628870860516,False,0.2392867479993583
2798,sagereg,0.1,0.01,0.25,0.8,0.0,0.25,98.1381645332347,0.8653628881719257,False,0.2680008429997542
2799,one_hop,0.1,0.01,0.25,0.8,0.0,0.25,32.5753044562804,1.008553876822086,False,0.2426982980014145
2799,sagereg,0.1,0.01,0.25,0.8,0.0,0.25,32.575306042859744,1.0085535500120777,False,0.2721045369999046
2800,one_hop,0.1,0.01,0.25,0.8,0.5,0.0,80.06617136263583,0.4459589012908043,False,0.2471264849991712
2800,sagereg,0.1,0.01,0.25,0.8,0.5,0.0,80.06617219537759,0.4459588067828851,False,0.2773027409984934
2801,one_hop,0.1,0.01,0.25,0.8,0.5,0.0,163.307998500949,0.4565169182402222,False,0.2528265269993426
2801,sagereg,0.1,0.01,0.25,0.8,0.5,0.0,163.3080000589071,0.45651691856827,False,0.2824446319991693
2802,one_hop,0.1,0.01,0.25,0.8,0.5,0.0,113.39043272865209,0.5213735792832508,False,0.2533717059995979
2802,sagereg,0.1,0.01,0.25,0.8,0.5,0.0,113.39043288193471,0.521373554051318,False,0.282455171998663
2803,one_hop,0.1,0.01,0.25,0.8,0.5,0.0,90.15858066608534,0.3881571737183147,False,0.25119715099936
2803,sagereg,0.1,0.01,0.25,0.8,0.5,0.0,90.15857992122434,0.388157184880022,False,0.2798362899993662
2804,one_hop,0.1,0.01,0.25,0.8,0.5,0.0,103.41720362721996,0.6979427632902199,False,0.2518708499992499
2804,sagereg,0.1,0.01,0.25,0.8,0.5,0.0,103.417201624819,0.6979428130446808,False,0.2817799740005284
2805,one_hop,0.1,0.01,0.25,0.8,0.5,0.0,130.03286500997817,0.7487805710442883,False,0.2549627309999778
2805,sagereg,0.1,0.01,0.25,0.8,0.5,0.0,130.0328637884234,0.7487805870902763,False,0.2853854969998792
2806,one_hop,0.1,0.01,0.25,0.8,0.5,0.0,169.83373105283528,0.6786362227648277,False,0.254006223000033
2806,sagereg,0.1,0.01,0.25,0.8,0.5,0.0,169.8337300171341,0.6786362660335115,False,0.2833285030010302
2807,one_hop,0.1,0.01,0.25,0.8,0.5,0.0,112.75592079196748,0.8781755725480115,False,0.2503545979998307
2807,sagereg,0.1,0.01,0.25,0.8,0.5,0.0,112.75592166153892,0.8781755798942332,False,0.2784344360006798
2808,one_hop,0.1,0.01,0.25,0.8,0.5,0.0,51.81745853903805,0.1457076614923816,False,0.2581306479987688
2808,sagereg,0.1,0.01,0.25,0.8,0.5,0.0,51.81745886359232,0.1457076592461345,False,0.2876128059997427
2809,one_hop,0.1,0.01,0.25,0.8,0.5,0.0,50.93227894951972,0.2206653804478256,False,0.258141472000716
2809,sagereg,0.1,0.01,0.25,0.8,0.5,0.0,50.93228442636391,0.2206660485749054,False,0.2874561159987934
2810,one_hop,0.1,0.01,0.25,0.8,0.5,0.0,108.54089342042816,0.8899272984059579,False,0.2505433810001705
2810,sagereg,0.1,0.01,0.25,0.8,0.5,0.0,108.54089402173948,0.8899272839271772,False,0.2807893780009181
2811,one_hop,0.1,0.01,0.25,0.8,0.5,0.0,139.6867187219936,0.7484756211932893,False,0.2564930339995044
2811,sagereg,0.1,0.01,0.25,0.8,0.5,0.0,139.6867196064372,0.7484756202638796,False,0.2853567900001508
2812,one_hop,0.1,0.01,0.25,0.8,0.5,0.0,62.47164970810116,0.8010481789357363,False,0.254474895000385
2812,sagereg,0.1,0.01,0.25,0.8,0.5,0.0,62.47165380763349,0.8010481421157152,False,0.283660555998722
2813,one_hop,0.1,0.01,0.25,0.8,0.5,0.0,174.20424915063597,0.8488437018847784,False,0.2561583700007759
2813,sagereg,0.1,0.01,0.25,0.8,0.5,0.0,174.2042491748906,0.8488437046171913,False,0.2856131419994199
2814,one_hop,0.1,0.01,0.25,0.8,0.5,0.0,154.6386798259941,0.9074126830935432,False,0.2510085890007758
2814,sagereg,0.1,0.01,0.25,0.8,0.5,0.0,154.63868052658327,0.9074126799840904,False,0.2818074089991569
2815,one_hop,0.1,0.01,0.25,0.8,0.5,0.0,177.3727135434648,1.089174431202697,False,0.2500018130012904
2815,sagereg,0.1,0.01,0.25,0.8,0.5,0.0,177.37271623618014,1.08917423407079,False,0.2796442120015854
2816,one_hop,0.1,0.01,0.25,0.8,0.5,0.0,108.24329785607635,0.3896372856982115,False,0.248002620999614
2816,sagereg,0.1,0.01,0.25,0.8,0.5,0.0,108.24330520934345,0.3896370985654642,False,0.2784673030000704
2817,one_hop,0.1,0.01,0.25,0.8,0.5,0.0,138.86389831638485,0.942889345200739,False,0.2521405369989224
2817,sagereg,0.1,0.01,0.25,0.8,0.5,0.0,138.8638981168264,0.9428893458727846,False,0.2813559160003933
2818,one_hop,0.1,0.01,0.25,0.8,0.5,0.0,82.60383507154425,0.7174417797960218,False,0.2528266970002732
2818,sagereg,0.1,0.01,0.25,0.8,0.5,0.0,82.60383554194124,0.7174417896641545,False,0.2838125960006437
2819,one_hop,0.1,0.01,0.25,0.8,0.5,0.0,100.84251772601944,0.7077061104383542,False,0.2533880720002344
2819,sagereg,0.1,0.01,0.25,0.8,0.5,0.0,100.84251459039102,0.7077061610494261,False,0.2833608349992573
2820,one_hop,0.1,0.01,0.25,0.8,0.5,0.25,156.36416184952654,0.2156470829613243,False,0.2356040730010136
2820,sagereg,0.1,0.01,0.25,0.8,0.5,0.25,156.36416085144702,0.2156471289494552,False,0.265627480999683
2821,one_hop,0.1,0.01,0.25,0.8,0.5,0.25,165.33177036469172,0.506474821742448,False,0.2325949720016069
2821,sagereg,0.1,0.01,0.25,0.8,0.5,0.25,165.33177021873354,0.5064748159839919,False,0.2623935629999323
2822,one_hop,0.1,0.01,0.25,0.8,0.5,0.25,25.39598139023764,0.4908580232804722,False,0.2310952759999054
2822,sagereg,0.1,0.01,0.25,0.8,0.5,0.25,25.39598168444186,0.4908580127449903,False,0.260279341999194
2823,one_hop,0.1,0.01,0.25,0.8,0.5,0.25,102.48059693480856,0.6834412237226428,False,0.230589664000945
2823,sagereg,0.1,0.01,0.25,0.8,0.5,0.25,102.4805853801128,0.6834414486767445,False,0.2591794039999513
2824,one_hop,0.1,0.01,0.25,0.8,0.5,0.25,115.0191314566764,0.7259101538631596,False,0.2341257869993569
2824,sagereg,0.1,0.01,0.25,0.8,0.5,0.25,115.01913017924252,0.7259101509903925,False,0.2647151210003358
2825,one_hop,0.1,0.01,0.25,0.8,0.5,0.25,63.541328368706985,0.1803223742336736,False,0.2377457229995343
2825,sagereg,0.1,0.01,0.25,0.8,0.5,0.25,63.541328948602406,0.1803223296806619,False,0.2656246730002749
2826,one_hop,0.1,0.01,0.25,0.8,0.5,0.25,138.51493979523883,0.1998472696630069,False,0.2297894369985442
2826,sagereg,0.1,0.01,0.25,0.8,0.5,0.25,138.51494345961711,0.1998473926680109,False,0.261550569000974
2827,one_hop,0.1,0.01,0.25,0.8,0.5,0.25,103.02191666627596,0.3901943515972186,False,0.2352345319995947
2827,sagereg,0.1,0.01,0.25,0.8,0.5,0.25,103.02191882564536,0.3901943484691345,False,0.2640337440006988
2828,one_hop,0.1,0.01,0.25,0.8,0.5,0.25,97.4873002274964,0.6008000817251878,False,0.2346072520012967
2828,sagereg,0.1,0.01,0.25,0.8,0.5,0.25,97.48730263458508,0.6008000798027795,False,0.2650871859987092
2829,one_hop,0.1,0.01,0.25,0.8,0.5,0.25,86.967651430501,0.2817366130737062,False,0.233372581000367
2829,sagereg,0.1,0.01,0.25,0.8,0.5,0.25,86.96765370488279,0.2817366829070228,False,0.2630134409992024
2830,one_hop,0.1,0.01,0.25,0.8,0.5,0.25,103.89657957220244,0.6849471484490965,False,0.2315661530010402
2830,sagereg,0.1,0.01,0.25,0.8,0.5,0.25,103.8965794152523,0.6849471476379155,False,0.2624913639992883
2831,one_hop,0.1,0.01,0.25,0.8,0.5,0.25,22.03324356493868,0.3368961610186306,False,0.2345369070008018
2831,sagereg,0.1,0.01,0.25,0.8,0.5,0.25,22.03324313546889,0.3368961517972184,False,0.2646515759988688
2832,one_hop,0.1,0.01,0.25,0.8,0.5,0.25,54.8950321277865,0.1775639084940286,False,0.2325095479991432
2832,sagereg,0.1,0.01,0.25,0.8,0.5,0.25,54.89503331304807,0.1775639488281106,False,0.2634433249986614
2833,one_hop,0.1,0.01,0.25,0.8,0.5,0.25,123.84027316765732,0.5780338245954809,False,0.2378961049998906
2833,sagereg,0.1,0.01,0.25,0.8,0.5,0.25,123.84027373849986,0.5780338099686223,False,0.2692648620013642
2834,one_hop,0.1,0.01,0.25,0.8,0.5,0.25,132.28416946515708,0.7999679292679166,False,0.2307113980004942
2834,sagereg,0.1,0.01,0.25,0.8,0.5,0.25,132.284174952562,0.799967863021804,False,0.2610593530007463
2835,one_hop,0.1,0.01,0.25,0.8,0.5,0.25,143.92570443521967,0.5099029561682794,False,0.2332745029998477
2835,sagereg,0.1,0.01,0.25,0.8,0.5,0.25,143.92570358537247,0.5099029759014932,False,0.2617750459994568
2836,one_hop,0.1,0.01,0.25,0.8,0.5,0.25,87.00103561041726,0.5696550093546382,False,0.2330357690007076
2836,sagereg,0.1,0.01,0.25,0.8,0.5,0.25,87.00103261953244,0.5696550432857681,False,0.2639661390003311
2837,one_hop,0.1,0.01,0.25,0.8,0.5,0.25,116.58174908662173,0.2273310005947349,False,0.2333473490016331
2837,sagereg,0.1,0.01,0.25,0.8,0.5,0.25,116.5817479447787,0.227330981809252,False,0.2622575280001911
2838,one_hop,0.1,0.01,0.25,0.8,0.5,0.25,153.35633069464498,0.4802876487132356,False,0.2274672169987752
2838,sagereg,0.1,0.01,0.25,0.8,0.5,0.25,153.3563306950872,0.4802876072044301,False,0.2577783350006939
2839,one_hop,0.1,0.01,0.25,0.8,0.5,0.25,70.03186514607717,0.6647148552689727,False,0.2314296379990992
2839,sagereg,0.1,0.01,0.25,0.8,0.5,0.25,70.03186671640964,0.6647148029653431,False,0.2590477979993011
2840,one_hop,0.1,0.01,0.25,0.8,1.0,0.0,73.66979944086096,0.269862822847833,False,0.2485008029998425
2840,sagereg,0.1,0.01,0.25,0.8,1.0,0.0,73.66980030642422,0.2698627854091072,False,0.277407151999796
2841,one_hop,0.1,0.01,0.25,0.8,1.0,0.0,57.70325275316898,1.0165961241013424,False,0.2489913900008105
2841,sagereg,0.1,0.01,0.25,0.8,1.0,0.0,57.70325279237906,1.016596426018031,False,0.2783637860011367
2842,one_hop,0.1,0.01,0.25,0.8,1.0,0.0,149.42995067973246,0.621168271407633,False,0.2440694209999492
2842,sagereg,0.1,0.01,0.25,0.8,1.0,0.0,149.42995033072918,0.62116828938038,False,0.2726507639999909
2843,one_hop,0.1,0.01,0.25,0.8,1.0,0.0,155.68244096722506,0.7524979829167232,False,0.247491109999828
2843,sagereg,0.1,0.01,0.25,0.8,1.0,0.0,155.68245083262482,0.752497801003258,False,0.2753241190002882
2844,one_hop,0.1,0.01,0.25,0.8,1.0,0.0,74.0972053707814,0.5521218031940212,False,0.2489590539989876
2844,sagereg,0.1,0.01,0.25,0.8,1.0,0.0,74.09720666341448,0.5521218063120812,False,0.2785272490000352
2845,one_hop,0.1,0.01,0.25,0.8,1.0,0.0,23.68795344524127,0.7871088690835735,False,0.2520920550014125
2845,sagereg,0.1,0.01,0.25,0.8,1.0,0.0,23.687954151235093,0.787108930151463,False,0.2830190360000415
2846,one_hop,0.1,0.01,0.25,0.8,1.0,0.0,167.452416731947,0.6734091276854449,False,0.2490082990007067
2846,sagereg,0.1,0.01,0.25,0.8,1.0,0.0,167.45242215458956,0.673409375162104,False,0.2787813059985637
2847,one_hop,0.1,0.01,0.25,0.8,1.0,0.0,166.29664053421104,0.9370628296084992,False,0.2505804619995615
2847,sagereg,0.1,0.01,0.25,0.8,1.0,0.0,166.29664014186912,0.937062803371151,False,0.2787406850002298
2848,one_hop,0.1,0.01,0.25,0.8,1.0,0.0,89.78491069935858,0.7896390144659178,False,0.2477414870008942
2848,sagereg,0.1,0.01,0.25,0.8,1.0,0.0,89.78491318300807,0.7896389768056211,False,0.2771478640006535
2849,one_hop,0.1,0.01,0.25,0.8,1.0,0.0,145.94976030834363,0.6803976480438407,False,0.2455096060002688
2849,sagereg,0.1,0.01,0.25,0.8,1.0,0.0,145.94975988329094,0.6803976816666257,False,0.2750111379991722
2850,one_hop,0.1,0.01,0.25,0.8,1.0,0.0,137.4448638559849,0.3242324665257501,False,0.249013399999967
2850,sagereg,0.1,0.01,0.25,0.8,1.0,0.0,137.4448639236496,0.324232432828046,False,0.2759983209998609
2851,one_hop,0.1,0.01,0.25,0.8,1.0,0.0,111.11964480795812,0.6247634888013196,False,0.2488557560009212
2851,sagereg,0.1,0.01,0.25,0.8,1.0,0.0,111.11964519177528,0.6247635127276983,False,0.2777045120001276
2852,one_hop,0.1,0.01,0.25,0.8,1.0,0.0,112.27351935906655,0.2381462303855284,False,0.2435735970011592
2852,sagereg,0.1,0.01,0.25,0.8,1.0,0.0,112.27351407865608,0.238146276694746,False,0.2737610180010961
2853,one_hop,0.1,0.01,0.25,0.8,1.0,0.0,122.4449249045452,0.4966791268165832,False,0.252074834999803
2853,sagereg,0.1,0.01,0.25,0.8,1.0,0.0,122.4449392965098,0.4966789817287629,False,0.281513857000391
2854,one_hop,0.1,0.01,0.25,0.8,1.0,0.0,73.85881142194297,0.5929949280678439,False,0.2492658339997433
2854,sagereg,0.1,0.01,0.25,0.8,1.0,0.0,73.85879615355232,0.5929953466480372,False,0.2787641430004441
2855,one_hop,0.1,0.01,0.25,0.8,1.0,0.0,65.87514273688146,0.8527774601501243,False,0.2527766220009653
2855,sagereg,0.1,0.01,0.25,0.8,1.0,0.0,65.87514278410124,0.8527774482987779,False,0.2785513670005457
2856,one_hop,0.1,0.01,0.25,0.8,1.0,0.0,139.62069226964775,0.5502490883599279,False,0.2473382610005501
2856,sagereg,0.1,0.01,0.25,0.8,1.0,0.0,139.62069251366006,0.55024903036056,False,0.2745688499999232
2857,one_hop,0.1,0.01,0.25,0.8,1.0,0.0,118.43049741935988,0.9045922875851572,False,0.2503367570006958
2857,sagereg,0.1,0.01,0.25,0.8,1.0,0.0,118.43049903781926,0.904592305016224,False,0.2789137130002928
2858,one_hop,0.1,0.01,0.25,0.8,1.0,0.0,155.7293026625264,0.879903296668024,False,0.2493188139997073
2858,sagereg,0.1,0.01,0.25,0.8,1.0,0.0,155.72930436540517,0.8799032188619649,False,0.2784080180008459
2859,one_hop,0.1,0.01,0.25,0.8,1.0,0.0,155.9711160556866,0.8854533958463936,False,0.2453670069990039
2859,sagereg,0.1,0.01,0.25,0.8,1.0,0.0,155.97111557754994,0.8854533999156745,False,0.2758727260006708
2860,one_hop,0.1,0.01,0.25,0.8,1.0,0.25,116.60502911266904,1.0281750624639066,False,0.2245769630007998
2860,sagereg,0.1,0.01,0.25,0.8,1.0,0.25,116.60502900429458,1.0281750585917182,False,0.2556545520001236
2861,one_hop,0.1,0.01,0.25,0.8,1.0,0.25,120.24379079615014,0.2691233789340989,False,0.2281026149994431
2861,sagereg,0.1,0.01,0.25,0.8,1.0,0.25,120.24379363699836,0.269123309813725,False,0.2575084410000272
2862,one_hop,0.1,0.01,0.25,0.8,1.0,0.25,96.98950046620148,0.5755126931098731,False,0.2257920450010715
2862,sagereg,0.1,0.01,0.25,0.8,1.0,0.25,96.9895141320714,0.5755127168794791,False,0.2567066470001009
2863,one_hop,0.1,0.01,0.25,0.8,1.0,0.25,81.24489605865386,0.7128015806091533,False,0.2250050060010835
2863,sagereg,0.1,0.01,0.25,0.8,1.0,0.25,81.24489717312645,0.7128015785387555,False,0.2536072179991606
2864,one_hop,0.1,0.01,0.25,0.8,1.0,0.25,57.43802685702433,0.8281143151477349,False,0.2243596539992722
2864,sagereg,0.1,0.01,0.25,0.8,1.0,0.25,57.43804124814284,0.8281144501189824,False,0.2538136080002005
2865,one_hop,0.1,0.01,0.25,0.8,1.0,0.25,124.55024663248535,0.9251626793153428,False,0.2295976360001077
2865,sagereg,0.1,0.01,0.25,0.8,1.0,0.25,124.55024856237756,0.9251627280134016,False,0.2599218189989187
2866,one_hop,0.1,0.01,0.25,0.8,1.0,0.25,103.72363573653264,0.6002009564769727,False,0.2281121559990424
2866,sagereg,0.1,0.01,0.25,0.8,1.0,0.25,103.72363471557884,0.6002009442293904,False,0.2565776749997894
2867,one_hop,0.1,0.01,0.25,0.8,1.0,0.25,55.20943858353127,0.5176994712230863,False,0.221033140000145
2867,sagereg,0.1,0.01,0.25,0.8,1.0,0.25,55.20943825352431,0.5176994569969429,False,0.2514853550001135
2868,one_hop,0.1,0.01,0.25,0.8,1.0,0.25,26.075964883492567,0.5920138997847596,False,0.2224654679994273
2868,sagereg,0.1,0.01,0.25,0.8,1.0,0.25,26.075964607078035,0.5920139126511822,False,0.2524726080009714
2869,one_hop,0.1,0.01,0.25,0.8,1.0,0.25,80.1764937027705,0.8723312638602789,False,0.2325635140005033
2869,sagereg,0.1,0.01,0.25,0.8,1.0,0.25,80.17649307317835,0.8723312590940164,False,0.2623063190003449
2870,one_hop,0.1,0.01,0.25,0.8,1.0,0.25,52.37793634721446,0.4318710787877743,False,0.2271374009997089
2870,sagereg,0.1,0.01,0.25,0.8,1.0,0.25,52.37793510688726,0.4318710761038621,False,0.2586671770004614
2871,one_hop,0.1,0.01,0.25,0.8,1.0,0.25,172.3950538707141,0.580251190499862,False,0.2270027350004966
2871,sagereg,0.1,0.01,0.25,0.8,1.0,0.25,172.39505521459105,0.5802511461655249,False,0.2552309009988676
2872,one_hop,0.1,0.01,0.25,0.8,1.0,0.25,71.61344971756677,1.28666318404165,False,0.2237537839992001
2872,sagereg,0.1,0.01,0.25,0.8,1.0,0.25,71.61345138271174,1.2866632101205149,False,0.2536756949994014
2873,one_hop,0.1,0.01,0.25,0.8,1.0,0.25,176.8231140295252,0.7796797096672846,False,0.2293595470000582
2873,sagereg,0.1,0.01,0.25,0.8,1.0,0.25,176.82311257574025,0.7796797055178611,False,0.2599749119999615
2874,one_hop,0.1,0.01,0.25,0.8,1.0,0.25,12.521491035666305,0.2364578820851328,False,0.2291528540008585
2874,sagereg,0.1,0.01,0.25,0.8,1.0,0.25,12.521490853484249,0.2364578800820058,False,0.2603962779994617
2875,one_hop,0.1,0.01,0.25,0.8,1.0,0.25,111.50751636964264,0.8819362195258112,False,0.2225341869998374
2875,sagereg,0.1,0.01,0.25,0.8,1.0,0.25,111.50751523497982,0.8819362571003513,False,0.2500298729992209
2876,one_hop,0.1,0.01,0.25,0.8,1.0,0.25,62.44108091312779,0.8961106718092864,False,0.226376419999724
2876,sagereg,0.1,0.01,0.25,0.8,1.0,0.25,62.44108163888533,0.8961106683709698,False,0.2557852829995681
2877,one_hop,0.1,0.01,0.25,0.8,1.0,0.25,161.86276845027066,0.7426134285940938,False,0.2253881329997966
2877,sagereg,0.1,0.01,0.25,0.8,1.0,0.25,161.86277560790109,0.7426134132226142,False,0.2556131090004783
2878,one_hop,0.1,0.01,0.25,0.8,1.0,0.25,156.6404753957703,0.1903995634694681,False,0.2276798760012752
2878,sagereg,0.1,0.01,0.25,0.8,1.0,0.25,156.64047689334478,0.1903996441815731,False,0.2578051399996184
2879,one_hop,0.1,0.01,0.25,0.8,1.0,0.25,143.27146540481493,1.0343450136531998,False,0.2282443780004541
2879,sagereg,0.1,0.01,0.25,0.8,1.0,0.25,143.2714648349736,1.0343450910446552,False,0.2573277230003441
2880,one_hop,0.1,0.01,0.5,0.055,0.0,0.0,0.2220749795126732,0.0044595222665023,True,0.2477719739999884
2880,sagereg,0.1,0.01,0.5,0.055,0.0,0.0,0.2220749303329846,0.0044595197876993,True,0.2735068330002832
2881,one_hop,0.1,0.01,0.5,0.055,0.0,0.0,3.520537453343771,0.05693417518244,True,0.2527907179992326
2881,sagereg,0.1,0.01,0.5,0.055,0.0,0.0,0.1262863333861326,0.0050326843325865,True,0.2792634239995095
2882,one_hop,0.1,0.01,0.5,0.055,0.0,0.0,0.0714591032099484,0.0017464745490746,True,0.2399290920002386
2882,sagereg,0.1,0.01,0.5,0.055,0.0,0.0,0.0714592369506054,0.0017465009316414,True,0.2665664319993084
2883,one_hop,0.1,0.01,0.5,0.055,0.0,0.0,0.1230093500961566,0.0021958624742439,True,0.247076425999694
2883,sagereg,0.1,0.01,0.5,0.055,0.0,0.0,0.1230093369882648,0.0021958624053551,True,0.2743209330001264
2884,one_hop,0.1,0.01,0.5,0.055,0.0,0.0,0.1392937789485216,0.0022502433490876,True,0.2474434320010914
2884,sagereg,0.1,0.01,0.5,0.055,0.0,0.0,0.1392937831087897,0.002250243131767,True,0.2744764439994469
2885,one_hop,0.1,0.01,0.5,0.055,0.0,0.0,0.2160638893347485,0.0019126504741952,True,0.2477583449999656
2885,sagereg,0.1,0.01,0.5,0.055,0.0,0.0,0.2160636873555998,0.0019126481041924,True,0.2711160039998503
2886,one_hop,0.1,0.01,0.5,0.055,0.0,0.0,0.1657775748386821,0.0018999204246637,True,0.2459463809991575
2886,sagereg,0.1,0.01,0.5,0.055,0.0,0.0,0.1657775722752084,0.0018999204652516,True,0.2726285210010246
2887,one_hop,0.1,0.01,0.5,0.055,0.0,0.0,0.1674856249842557,0.0015075903663626,True,0.2428884999990259
2887,sagereg,0.1,0.01,0.5,0.055,0.0,0.0,0.1674855793384047,0.0015075907637189,True,0.2694620019992726
2888,one_hop,0.1,0.01,0.5,0.055,0.0,0.0,0.1513321200131588,0.0006713342848457,True,0.2453061980013444
2888,sagereg,0.1,0.01,0.5,0.055,0.0,0.0,0.1513323247300765,0.0006713340825202,True,0.2735837710006308
2889,one_hop,0.1,0.01,0.5,0.055,0.0,0.0,0.1342799110227114,0.0010708216320064,True,0.2429257950007013
2889,sagereg,0.1,0.01,0.5,0.055,0.0,0.0,0.134279906576821,0.0010708216702157,True,0.2681089520010573
2890,one_hop,0.1,0.01,0.5,0.055,0.0,0.0,0.2018004393802393,0.002519992635819,True,0.2376972269994439
2890,sagereg,0.1,0.01,0.5,0.055,0.0,0.0,0.2018006950074402,0.0025199938510957,True,0.2636396590005461
2891,one_hop,0.1,0.01,0.5,0.055,0.0,0.0,0.2645298122815321,0.0020084599023424,True,0.2483472099993378
2891,sagereg,0.1,0.01,0.5,0.055,0.0,0.0,0.2645296836456973,0.002008459512594,True,0.2726583379990188
2892,one_hop,0.1,0.01,0.5,0.055,0.0,0.0,0.2707391821057253,0.003535991086252,True,0.2464661960002558
2892,sagereg,0.1,0.01,0.5,0.055,0.0,0.0,0.2707391967899532,0.0035359911787172,True,0.2719641599996976
2893,one_hop,0.1,0.01,0.5,0.055,0.0,0.0,0.2640738961503275,0.0037868676312142,True,0.2457299790003162
2893,sagereg,0.1,0.01,0.5,0.055,0.0,0.0,0.2640737565574656,0.003786866571904,True,0.2710751769991475
2894,one_hop,0.1,0.01,0.5,0.055,0.0,0.0,0.3408409270448884,0.002200371930943,True,0.2474920530003146
2894,sagereg,0.1,0.01,0.5,0.055,0.0,0.0,0.3408408683094598,0.0022003714768895,True,0.2724657700000534
2895,one_hop,0.1,0.01,0.5,0.055,0.0,0.0,0.1278910887131583,0.0017280925605519,True,0.2485770100010995
2895,sagereg,0.1,0.01,0.5,0.055,0.0,0.0,0.1278911070659192,0.0017280942296987,True,0.2719745779995719
2896,one_hop,0.1,0.01,0.5,0.055,0.0,0.0,0.137114546700423,0.001400205474398,True,0.2433186889993521
2896,sagereg,0.1,0.01,0.5,0.055,0.0,0.0,0.1371145483537652,0.0014002062683103,True,0.2684546220007178
2897,one_hop,0.1,0.01,0.5,0.055,0.0,0.0,0.1656230481501961,0.0022613351135999,True,0.2445719700008339
2897,sagereg,0.1,0.01,0.5,0.055,0.0,0.0,0.1656233556224512,0.0022613365653024,True,0.2703911110002082
2898,one_hop,0.1,0.01,0.5,0.055,0.0,0.0,0.3512113762703616,0.0027155256155915,True,0.2396018420004111
2898,sagereg,0.1,0.01,0.5,0.055,0.0,0.0,0.3512113311845943,0.0027155247874529,True,0.2663393200000428
2899,one_hop,0.1,0.01,0.5,0.055,0.0,0.0,0.1517505706165408,0.0033908013452816,True,0.2418685609991371
2899,sagereg,0.1,0.01,0.5,0.055,0.0,0.0,0.1517506285560626,0.0033908014507325,True,0.2685883619997185
2900,one_hop,0.1,0.01,0.5,0.055,0.0,0.25,0.1748628131174716,0.0035554212554297,True,0.2353178600005776
2900,sagereg,0.1,0.01,0.5,0.055,0.0,0.25,0.1748628452030705,0.0035554213122952,True,0.2604989240007853
2901,one_hop,0.1,0.01,0.5,0.055,0.0,0.25,0.1142634092924971,0.0013522036592407,True,0.2310595610015298
2901,sagereg,0.1,0.01,0.5,0.055,0.0,0.25,0.1142635683239972,0.0013522030752804,True,0.2564097110007424
2902,one_hop,0.1,0.01,0.5,0.055,0.0,0.25,0.1166248920866948,0.0025839299368483,True,0.2338599150007212
2902,sagereg,0.1,0.01,0.5,0.055,0.0,0.25,0.1166247656824008,0.0025839290627536,True,0.2604634050003369
2903,one_hop,0.1,0.01,0.5,0.055,0.0,0.25,0.2179412890322853,0.0012428658501891,True,0.2328723069986153
2903,sagereg,0.1,0.01,0.5,0.055,0.0,0.25,0.2179414058732736,0.0012428662642821,True,0.2615653939992626
2904,one_hop,0.1,0.01,0.5,0.055,0.0,0.25,0.3567866732210947,0.0025891011259328,True,0.2353730239992728
2904,sagereg,0.1,0.01,0.5,0.055,0.0,0.25,0.3567866766881559,0.0025891010909531,True,0.2610968720000528
2905,one_hop,0.1,0.01,0.5,0.055,0.0,0.25,0.208176027115081,0.0017923949009641,True,0.2326716539992048
2905,sagereg,0.1,0.01,0.5,0.055,0.0,0.25,0.2081759866585971,0.0017923944735076,True,0.2576509089994943
2906,one_hop,0.1,0.01,0.5,0.055,0.0,0.25,0.294546229051147,0.0020408141485953,True,0.2337312899999233
2906,sagereg,0.1,0.01,0.5,0.055,0.0,0.25,0.29454623322855,0.002040813431032,True,0.2622335659998498
2907,one_hop,0.1,0.01,0.5,0.055,0.0,0.25,0.1909383753904237,0.0006645678572891,True,0.2377813599996443
2907,sagereg,0.1,0.01,0.5,0.055,0.0,0.25,0.1909383777458973,0.0006645676837455,True,0.2644271279987151
2908,one_hop,0.1,0.01,0.5,0.055,0.0,0.25,0.152579724515093,0.0012792839829725,True,0.2354907930002809
2908,sagereg,0.1,0.01,0.5,0.055,0.0,0.25,0.1525799353834269,0.0012792844050091,True,0.260046997000245
2909,one_hop,0.1,0.01,0.5,0.055,0.0,0.25,0.2657003649057034,0.0018616710932929,True,0.2309103239986143
2909,sagereg,0.1,0.01,0.5,0.055,0.0,0.25,0.2657002846738939,0.0018616714178401,True,0.256335804999253
2910,one_hop,0.1,0.01,0.5,0.055,0.0,0.25,0.2823861736586778,0.0024228902720447,True,0.2306805289990734
2910,sagereg,0.1,0.01,0.5,0.055,0.0,0.25,0.2823861743143361,0.0024228904680869,True,0.257426950000081
2911,one_hop,0.1,0.01,0.5,0.055,0.0,0.25,0.3053099261237697,0.0040978839343308,True,0.2324264310009312
2911,sagereg,0.1,0.01,0.5,0.055,0.0,0.25,0.3053099331096467,0.004097884703707,True,0.2572303559991269
2912,one_hop,0.1,0.01,0.5,0.055,0.0,0.25,0.1450639820024793,0.0021872204106274,True,0.2371294670010684
2912,sagereg,0.1,0.01,0.5,0.055,0.0,0.25,0.1450639955043519,0.0021872219375414,True,0.2618760909990669
2913,one_hop,0.1,0.01,0.5,0.055,0.0,0.25,0.4345042046620324,0.0025551487179843,True,0.2342748649989516
2913,sagereg,0.1,0.01,0.5,0.055,0.0,0.25,0.4345044852167075,0.0025551483377672,True,0.2612308610005129
2914,one_hop,0.1,0.01,0.5,0.055,0.0,0.25,0.4512184979594187,0.003411573806215,True,0.2267193819989188
2914,sagereg,0.1,0.01,0.5,0.055,0.0,0.25,0.4512184274563918,0.0034115729672435,True,0.2528315729996393
2915,one_hop,0.1,0.01,0.5,0.055,0.0,0.25,0.2446929904463497,0.0030084839830221,True,0.231582607000746
2915,sagereg,0.1,0.01,0.5,0.055,0.0,0.25,0.2446925510457589,0.0030084825582393,True,0.2590268719995947
2916,one_hop,0.1,0.01,0.5,0.055,0.0,0.25,0.1979223238654123,0.0007224817839627,True,0.2401956810008414
2916,sagereg,0.1,0.01,0.5,0.055,0.0,0.25,0.1979220497017417,0.0007224828601466,True,0.265069337998284
2917,one_hop,0.1,0.01,0.5,0.055,0.0,0.25,0.3233145741377473,0.0016251175672409,True,0.232804692001082
2917,sagereg,0.1,0.01,0.5,0.055,0.0,0.25,0.3233144394613557,0.0016251196945126,True,0.2597124730000359
2918,one_hop,0.1,0.01,0.5,0.055,0.0,0.25,0.3530988228145682,0.003987483181855,True,0.2288991050008917
2918,sagereg,0.1,0.01,0.5,0.055,0.0,0.25,0.3530991115174756,0.0039874821540166,True,0.2542110819995287
2919,one_hop,0.1,0.01,0.5,0.055,0.0,0.25,0.1733061531884215,0.0026046128699317,True,0.2291913730005035
2919,sagereg,0.1,0.01,0.5,0.055,0.0,0.25,0.1733059273245653,0.0026046121597996,True,0.2568311069990159
2920,one_hop,0.1,0.01,0.5,0.055,0.5,0.0,0.1206774867398012,0.0021026790991882,True,0.2441127469992352
2920,sagereg,0.1,0.01,0.5,0.055,0.5,0.0,0.1206774318695715,0.0021026789758917,True,0.2693866600002366
2921,one_hop,0.1,0.01,0.5,0.055,0.5,0.0,0.2232730604209989,0.0019543248808082,True,0.2351936039995052
2921,sagereg,0.1,0.01,0.5,0.055,0.5,0.0,0.2232730116815034,0.0019543254792781,True,0.2617663259989058
2922,one_hop,0.1,0.01,0.5,0.055,0.5,0.0,0.1972545997313636,0.0014393952460515,True,0.2431590019987197
2922,sagereg,0.1,0.01,0.5,0.055,0.5,0.0,0.1972545869859945,0.0014393950568798,True,0.2700153249988943
2923,one_hop,0.1,0.01,0.5,0.055,0.5,0.0,0.2372621369660379,0.0009336747151025,True,0.2334058010001172
2923,sagereg,0.1,0.01,0.5,0.055,0.5,0.0,0.2372621244189183,0.000933675018631,True,0.2600396710004133
2924,one_hop,0.1,0.01,0.5,0.055,0.5,0.0,0.184338059406724,0.0037698488903401,True,0.2322120789995096
2924,sagereg,0.1,0.01,0.5,0.055,0.5,0.0,0.1843381371208542,0.0037698493950173,True,0.2583538420003606
2925,one_hop,0.1,0.01,0.5,0.055,0.5,0.0,0.1249177932380262,0.0006701361372545,True,0.2344158330015489
2925,sagereg,0.1,0.01,0.5,0.055,0.5,0.0,0.1249176983797155,0.0006701313278607,True,0.2593888150004204
2926,one_hop,0.1,0.01,0.5,0.055,0.5,0.0,0.1895067495161955,0.0022762102470154,True,0.236714718001167
2926,sagereg,0.1,0.01,0.5,0.055,0.5,0.0,0.1895069180181409,0.0022762095104679,True,0.2630034989997512
2927,one_hop,0.1,0.01,0.5,0.055,0.5,0.0,0.1633578518022398,0.002214087371502,True,0.2407342339993192
2927,sagereg,0.1,0.01,0.5,0.055,0.5,0.0,0.1633577922768876,0.0022140883644985,True,0.2668362399999751
2928,one_hop,0.1,0.01,0.5,0.055,0.5,0.0,0.1108481851759486,0.0019921499223566,True,0.2316048020002199
2928,sagereg,0.1,0.01,0.5,0.055,0.5,0.0,0.1108481863859197,0.0019921507210822,True,0.2564953849996527
2929,one_hop,0.1,0.01,0.5,0.055,0.5,0.0,0.0800506522476653,0.0022197037060736,True,0.2305472810003266
2929,sagereg,0.1,0.01,0.5,0.055,0.5,0.0,0.0800506528122283,0.0022197036285419,True,0.2578435399991576
2930,one_hop,0.1,0.01,0.5,0.055,0.5,0.0,0.3157726339812965,0.0008264933561476,True,0.240731023999615
2930,sagereg,0.1,0.01,0.5,0.055,0.5,0.0,0.3157726560104651,0.0008264934668198,True,0.2672988260001148
2931,one_hop,0.1,0.01,0.5,0.055,0.5,0.0,0.3376573979998966,0.0028852775785162,True,0.232061545999386
2931,sagereg,0.1,0.01,0.5,0.055,0.5,0.0,0.3376568431304151,0.0028852731003238,True,0.2581396400000812
2932,one_hop,0.1,0.01,0.5,0.055,0.5,0.0,0.3168873492634207,0.0020932477627041,True,0.2295199990003311
2932,sagereg,0.1,0.01,0.5,0.055,0.5,0.0,0.3168871608741228,0.0020932469460938,True,0.2539543120001326
2933,one_hop,0.1,0.01,0.5,0.055,0.5,0.0,0.2402159837840448,0.002274594536315,True,0.2406498740001552
2933,sagereg,0.1,0.01,0.5,0.055,0.5,0.0,0.240216022922817,0.0022745944299066,True,0.2678104070000699
2934,one_hop,0.1,0.01,0.5,0.055,0.5,0.0,0.1875310190251281,0.0006734191585493,True,0.2363014179991296
2934,sagereg,0.1,0.01,0.5,0.055,0.5,0.0,0.1875310012421591,0.0006734192235504,True,0.2613073299999087
2935,one_hop,0.1,0.01,0.5,0.055,0.5,0.0,0.145955518246156,0.001998837880687,True,0.2386376869999367
2935,sagereg,0.1,0.01,0.5,0.055,0.5,0.0,0.1459556611249928,0.0019988387820475,True,0.2666323630000988
2936,one_hop,0.1,0.01,0.5,0.055,0.5,0.0,0.0489944263479241,0.0011774115208912,True,0.2376954859992111
2936,sagereg,0.1,0.01,0.5,0.055,0.5,0.0,0.0489947016311791,0.0011774115318406,True,0.2623298489997978
2937,one_hop,0.1,0.01,0.5,0.055,0.5,0.0,0.1121368498660195,0.0011437848914074,True,0.2429609470000286
2937,sagereg,0.1,0.01,0.5,0.055,0.5,0.0,0.1121368482084276,0.0011437845315758,True,0.2691257980004593
2938,one_hop,0.1,0.01,0.5,0.055,0.5,0.0,0.1720784758409744,0.0027997835253986,True,0.2354564240013132
2938,sagereg,0.1,0.01,0.5,0.055,0.5,0.0,0.1720784306170533,0.0027997840803992,True,0.2599025990002701
2939,one_hop,0.1,0.01,0.5,0.055,0.5,0.0,0.2012431616538381,0.0031691329287314,True,0.2294931050000741
2939,sagereg,0.1,0.01,0.5,0.055,0.5,0.0,0.2012431517943724,0.0031691318820292,True,0.2565410459992563
2940,one_hop,0.1,0.01,0.5,0.055,0.5,0.25,0.0684494239813023,0.0014424885533232,True,0.2285696540002391
2940,sagereg,0.1,0.01,0.5,0.055,0.5,0.25,0.068449272390187,0.0014424919386699,True,0.2540596179987915
2941,one_hop,0.1,0.01,0.5,0.055,0.5,0.25,0.2972895117469883,0.003916645058607,True,0.2291028640011063
2941,sagereg,0.1,0.01,0.5,0.055,0.5,0.25,0.2972894948458427,0.0039166447326127,True,0.2565729620000638
2942,one_hop,0.1,0.01,0.5,0.055,0.5,0.25,0.2116679613587612,0.0020565645255614,True,0.2273351690000709
2942,sagereg,0.1,0.01,0.5,0.055,0.5,0.25,0.2116679810638858,0.0020565644118529,True,0.2548673759993107
2943,one_hop,0.1,0.01,0.5,0.055,0.5,0.25,0.2655173809515422,0.0023890093263301,True,0.2272046140005841
2943,sagereg,0.1,0.01,0.5,0.055,0.5,0.25,0.2655173849157944,0.0023890091938109,True,0.2529823650002072
2944,one_hop,0.1,0.01,0.5,0.055,0.5,0.25,0.1654531434450785,0.0010079009029778,True,0.2311466339997423
2944,sagereg,0.1,0.01,0.5,0.055,0.5,0.25,0.1654531587018816,0.0010079007969014,True,0.2592553409995162
2945,one_hop,0.1,0.01,0.5,0.055,0.5,0.25,0.2978767595268724,0.0038589988500539,True,0.2263703709995752
2945,sagereg,0.1,0.01,0.5,0.055,0.5,0.25,0.2978766950043121,0.003858998205772,True,0.2552412040004128
2946,one_hop,0.1,0.01,0.5,0.055,0.5,0.25,0.2483692384232186,0.0024960451751496,True,0.2272639519997028
2946,sagereg,0.1,0.01,0.5,0.055,0.5,0.25,0.2483692401254439,0.0024960451577687,True,0.2537075149994052
2947,one_hop,0.1,0.01,0.5,0.055,0.5,0.25,0.1539374573770709,0.0013847672888735,True,0.2251695869999821
2947,sagereg,0.1,0.01,0.5,0.055,0.5,0.25,0.1539375625419095,0.0013847656684536,True,0.252218740999524
2948,one_hop,0.1,0.01,0.5,0.055,0.5,0.25,0.1858242771580766,0.0028948762733937,True,0.2273375070017209
2948,sagereg,0.1,0.01,0.5,0.055,0.5,0.25,0.1858243198290749,0.0028948770568751,True,0.2528390469997248
2949,one_hop,0.1,0.01,0.5,0.055,0.5,0.25,0.1657615299441872,0.0018355813719264,True,0.227700919000199
2949,sagereg,0.1,0.01,0.5,0.055,0.5,0.25,0.1657616418992,0.0018355819878488,True,0.2569177370005491
2950,one_hop,0.1,0.01,0.5,0.055,0.5,0.25,0.2523301173902135,0.0020726780458439,True,0.2333101569984137
2950,sagereg,0.1,0.01,0.5,0.055,0.5,0.25,0.2523304480942937,0.0020726828320263,True,0.2587386770010198
2951,one_hop,0.1,0.01,0.5,0.055,0.5,0.25,0.1033578358320276,0.0013272831317183,True,0.2237386929991771
2951,sagereg,0.1,0.01,0.5,0.055,0.5,0.25,0.1033578804883681,0.0013272827004401,True,0.2495794660007959
2952,one_hop,0.1,0.01,0.5,0.055,0.5,0.25,0.046379478173466,0.0031911467248827,True,0.2292949060010869
2952,sagereg,0.1,0.01,0.5,0.055,0.5,0.25,0.0463794315578911,0.0031911461011413,True,0.2561388419999275
2953,one_hop,0.1,0.01,0.5,0.055,0.5,0.25,0.3513079639724707,0.001487451857633,True,0.2274043229990638
2953,sagereg,0.1,0.01,0.5,0.055,0.5,0.25,0.3513078924584585,0.0014874519696496,True,0.2545812469998054
2954,one_hop,0.1,0.01,0.5,0.055,0.5,0.25,0.0313311840721145,0.0038427343096851,True,0.2252113650010869
2954,sagereg,0.1,0.01,0.5,0.055,0.5,0.25,0.0313310780984823,0.0038427327415937,True,0.2511611910013016
2955,one_hop,0.1,0.01,0.5,0.055,0.5,0.25,0.1033568232732425,0.0024239642521036,True,0.2273006510004052
2955,sagereg,0.1,0.01,0.5,0.055,0.5,0.25,0.1033568045628085,0.0024239638209516,True,0.2554881710002519
2956,one_hop,0.1,0.01,0.5,0.055,0.5,0.25,0.1863777471079814,0.000243887170338,True,0.2257693379997363
2956,sagereg,0.1,0.01,0.5,0.055,0.5,0.25,0.1863776305511468,0.0002438877996114,True,0.2527887979995284
2957,one_hop,0.1,0.01,0.5,0.055,0.5,0.25,0.2757771249120888,0.0018163329830268,True,0.2334659339994687
2957,sagereg,0.1,0.01,0.5,0.055,0.5,0.25,0.2757771637934598,0.0018163333193731,True,0.2614327960000082
2958,one_hop,0.1,0.01,0.5,0.055,0.5,0.25,0.0798254207039276,0.0021439978256123,True,0.2282293410007696
2958,sagereg,0.1,0.01,0.5,0.055,0.5,0.25,0.0798254516963961,0.0021439975517124,True,0.2526022889996966
2959,one_hop,0.1,0.01,0.5,0.055,0.5,0.25,0.155899520902346,0.0013039865375978,True,0.225792197001283
2959,sagereg,0.1,0.01,0.5,0.055,0.5,0.25,0.1558995443039322,0.0013039867980771,True,0.2512150089987699
2960,one_hop,0.1,0.01,0.5,0.055,1.0,0.0,0.1967027561518125,0.0030529031855512,True,0.2357171849998849
2960,sagereg,0.1,0.01,0.5,0.055,1.0,0.0,0.1967027669725967,0.0030529030338043,True,0.2623861309984931
2961,one_hop,0.1,0.01,0.5,0.055,1.0,0.0,0.3137065193407037,0.001784790854567,True,0.2366118650006683
2961,sagereg,0.1,0.01,0.5,0.055,1.0,0.0,0.3137065130808857,0.0017847908667895,True,0.262864491000073
2962,one_hop,0.1,0.01,0.5,0.055,1.0,0.0,0.2864172266412481,0.0020581395514951,True,0.2339266220005811
2962,sagereg,0.1,0.01,0.5,0.055,1.0,0.0,0.2864171884433074,0.0020581390940416,True,0.2596366180005134
2963,one_hop,0.1,0.01,0.5,0.055,1.0,0.0,0.1637916130770584,0.0023197846836753,True,0.2333118290007405
2963,sagereg,0.1,0.01,0.5,0.055,1.0,0.0,0.1637916117820057,0.0023197847910956,True,0.2604034840005624
2964,one_hop,0.1,0.01,0.5,0.055,1.0,0.0,0.1740195150210682,0.0024426494966609,True,0.2343339649996778
2964,sagereg,0.1,0.01,0.5,0.055,1.0,0.0,0.1740195013488692,0.0024426497307816,True,0.2617735599997104
2965,one_hop,0.1,0.01,0.5,0.055,1.0,0.0,0.2545866350060677,0.0025135495423481,True,0.2380246189986792
2965,sagereg,0.1,0.01,0.5,0.055,1.0,0.0,0.2545866988467762,0.0025135496297415,True,0.265520524000749
2966,one_hop,0.1,0.01,0.5,0.055,1.0,0.0,0.2231087272332426,0.0005241056696002,True,0.2344943850002891
2966,sagereg,0.1,0.01,0.5,0.055,1.0,0.0,0.2231087529196309,0.0005241055105197,True,0.2605336850010644
2967,one_hop,0.1,0.01,0.5,0.055,1.0,0.0,0.2062350526499452,0.0021333315958745,True,0.2272348849983245
2967,sagereg,0.1,0.01,0.5,0.055,1.0,0.0,0.206235132493542,0.0021333323472333,True,0.2506861220008431
2968,one_hop,0.1,0.01,0.5,0.055,1.0,0.0,0.2311257028175025,0.002705726295729,True,0.2345787649992416
2968,sagereg,0.1,0.01,0.5,0.055,1.0,0.0,0.2311256938511607,0.0027057263192076,True,0.259488572999544
2969,one_hop,0.1,0.01,0.5,0.055,1.0,0.0,0.2509439400765815,0.0029067945903555,True,0.2386939809985051
2969,sagereg,0.1,0.01,0.5,0.055,1.0,0.0,0.250944010891701,0.0029067951481035,True,0.2648392739993142
2970,one_hop,0.1,0.01,0.5,0.055,1.0,0.0,0.4572856131114479,0.0023886685600229,True,0.2328198670002166
2970,sagereg,0.1,0.01,0.5,0.055,1.0,0.0,0.4572856400748415,0.0023886690735203,True,0.2584114229994156
2971,one_hop,0.1,0.01,0.5,0.055,1.0,0.0,0.1821219232481762,0.0030786745215224,True,0.2294766459999664
2971,sagereg,0.1,0.01,0.5,0.055,1.0,0.0,0.1821218009177946,0.0030786743458549,True,0.2569484499999817
2972,one_hop,0.1,0.01,0.5,0.055,1.0,0.0,0.142180220379751,0.0028726454085296,True,0.2342730189993744
2972,sagereg,0.1,0.01,0.5,0.055,1.0,0.0,0.1421801459846721,0.0028726443130488,True,0.2599518759998318
2973,one_hop,0.1,0.01,0.5,0.055,1.0,0.0,0.2753669243087346,0.0010459204920304,True,0.2392329619997326
2973,sagereg,0.1,0.01,0.5,0.055,1.0,0.0,0.2753669246316846,0.0010459203563055,True,0.2670298379998712
2974,one_hop,0.1,0.01,0.5,0.055,1.0,0.0,0.2180182840588419,0.0020989777143291,True,0.2267040560000168
2974,sagereg,0.1,0.01,0.5,0.055,1.0,0.0,0.2180182007536582,0.0020989768929414,True,0.2533427600010327
2975,one_hop,0.1,0.01,0.5,0.055,1.0,0.0,0.2417056981852493,0.0034120475874135,True,0.230125690000932
2975,sagereg,0.1,0.01,0.5,0.055,1.0,0.0,0.2417057049104422,0.0034120481489148,True,0.2557568669999455
2976,one_hop,0.1,0.01,0.5,0.055,1.0,0.0,0.0750687242252025,0.0025264442730965,True,0.2356851679996907
2976,sagereg,0.1,0.01,0.5,0.055,1.0,0.0,0.0750687212344719,0.0025264441180211,True,0.2597445040009916
2977,one_hop,0.1,0.01,0.5,0.055,1.0,0.0,0.2738701736276082,0.0017415749199229,True,0.2388475109983119
2977,sagereg,0.1,0.01,0.5,0.055,1.0,0.0,0.2738716549144901,0.0017415796899863,True,0.2643581350002932
2978,one_hop,0.1,0.01,0.5,0.055,1.0,0.0,0.2189549469629218,0.002506240952321,True,0.232531760000711
2978,sagereg,0.1,0.01,0.5,0.055,1.0,0.0,0.2189548496921489,0.0025062398399822,True,0.2571015339999576
2979,one_hop,0.1,0.01,0.5,0.055,1.0,0.0,0.1507256907056098,0.0018344828952252,True,0.2271957809989544
2979,sagereg,0.1,0.01,0.5,0.055,1.0,0.0,0.150725648007339,0.0018344827372924,True,0.2531354879993159
2980,one_hop,0.1,0.01,0.5,0.055,1.0,0.25,0.1916267463014596,0.002772088250943,True,0.2254892260007182
2980,sagereg,0.1,0.01,0.5,0.055,1.0,0.25,0.1916267470280063,0.0027720882224405,True,0.251255471001059
2981,one_hop,0.1,0.01,0.5,0.055,1.0,0.25,0.0550934268275421,0.0040009260326594,True,0.2184499570012121
2981,sagereg,0.1,0.01,0.5,0.055,1.0,0.25,0.0550933970185645,0.0040009247623723,True,0.2464611619998322
2982,one_hop,0.1,0.01,0.5,0.055,1.0,0.25,0.220410147562368,0.0014430753685162,True,0.2220946069992351
2982,sagereg,0.1,0.01,0.5,0.055,1.0,0.25,0.2204100126964134,0.001443073979684,True,0.248643606000769
2983,one_hop,0.1,0.01,0.5,0.055,1.0,0.25,0.0996473135072761,0.0019676979658196,True,0.2179925930013269
2983,sagereg,0.1,0.01,0.5,0.055,1.0,0.25,0.0996473192423123,0.0019676986299094,True,0.2460279930000979
2984,one_hop,0.1,0.01,0.5,0.055,1.0,0.25,0.0775477779397542,0.0013939644752114,True,0.2208580309998069
2984,sagereg,0.1,0.01,0.5,0.055,1.0,0.25,0.0775476422354567,0.0013939667272932,True,0.2465930839989596
2985,one_hop,0.1,0.01,0.5,0.055,1.0,0.25,0.1135998578676447,0.0011606136952823,True,0.2242944869994971
2985,sagereg,0.1,0.01,0.5,0.055,1.0,0.25,0.1135998404913698,0.0011606140826041,True,0.251463906999561
2986,one_hop,0.1,0.01,0.5,0.055,1.0,0.25,0.2519092988436938,0.0025214868404082,True,0.2188719989990204
2986,sagereg,0.1,0.01,0.5,0.055,1.0,0.25,0.2519092498429933,0.00252148627946,True,0.2445250370001304
2987,one_hop,0.1,0.01,0.5,0.055,1.0,0.25,0.1033986151571005,0.0030991725355027,True,0.2217229660000157
2987,sagereg,0.1,0.01,0.5,0.055,1.0,0.25,0.1033986185268599,0.0030991728675617,True,0.2482510869995167
2988,one_hop,0.1,0.01,0.5,0.055,1.0,0.25,0.3638403061694724,0.0023132597973704,True,0.224856404998718
2988,sagereg,0.1,0.01,0.5,0.055,1.0,0.25,0.3638403102244468,0.0023132595723871,True,0.2511604450010054
2989,one_hop,0.1,0.01,0.5,0.055,1.0,0.25,0.26309418528361,0.0031999481888333,True,0.2235020290008833
2989,sagereg,0.1,0.01,0.5,0.055,1.0,0.25,0.2630942020042551,0.003199949253092,True,0.2510088910003105
2990,one_hop,0.1,0.01,0.5,0.055,1.0,0.25,0.2737895671908626,0.0025280094024044,True,0.2224147310007538
2990,sagereg,0.1,0.01,0.5,0.055,1.0,0.25,0.2737895348642274,0.002528008737898,True,0.2480393419991742
2991,one_hop,0.1,0.01,0.5,0.055,1.0,0.25,0.1673268713499126,0.0011265377694202,True,0.2213411720003932
2991,sagereg,0.1,0.01,0.5,0.055,1.0,0.25,0.1673267752841741,0.0011265378506998,True,0.2475629920008941
2992,one_hop,0.1,0.01,0.5,0.055,1.0,0.25,0.2162157445935545,0.0034569589435632,True,0.2225808179991872
2992,sagereg,0.1,0.01,0.5,0.055,1.0,0.25,0.2162158712167004,0.0034569583502702,True,0.2478844390006997
2993,one_hop,0.1,0.01,0.5,0.055,1.0,0.25,0.1529484294573415,0.0009555845459189,True,0.2255914850011322
2993,sagereg,0.1,0.01,0.5,0.055,1.0,0.25,0.1529484343804714,0.0009555853684014,True,0.2513279680006235
2994,one_hop,0.1,0.01,0.5,0.055,1.0,0.25,0.0738318568426869,0.0034607722960311,True,0.2206795710008009
2994,sagereg,0.1,0.01,0.5,0.055,1.0,0.25,0.0738317159473434,0.0034607710425342,True,0.246557918999315
2995,one_hop,0.1,0.01,0.5,0.055,1.0,0.25,0.1192709672980983,0.0013961824198439,True,0.2155820330008282
2995,sagereg,0.1,0.01,0.5,0.055,1.0,0.25,0.1192709710261411,0.0013961824726617,True,0.2428245070004777
2996,one_hop,0.1,0.01,0.5,0.055,1.0,0.25,0.1328358684292815,0.0012604512288159,True,0.2266883189986401
2996,sagereg,0.1,0.01,0.5,0.055,1.0,0.25,0.1328353079455159,0.0012604515778042,True,0.2528197339997859
2997,one_hop,0.1,0.01,0.5,0.055,1.0,0.25,0.430133063422781,0.0022861793178223,True,0.2296120390001306
2997,sagereg,0.1,0.01,0.5,0.055,1.0,0.25,0.430132560893361,0.0022861783063386,True,0.2565811029999167
2998,one_hop,0.1,0.01,0.5,0.055,1.0,0.25,0.1005784240869173,0.0017088822122078,True,0.2215458949995081
2998,sagereg,0.1,0.01,0.5,0.055,1.0,0.25,0.1005782656808613,0.001708880939427,True,0.2484923110005183
2999,one_hop,0.1,0.01,0.5,0.055,1.0,0.25,0.3971538882718052,0.0033148154427875,True,0.2224756519990478
2999,sagereg,0.1,0.01,0.5,0.055,1.0,0.25,0.3971539233517571,0.0033148156407826,True,0.2482354709991341
3000,one_hop,0.1,0.01,0.5,0.2,0.0,0.0,172.1740049356912,0.6591021277001677,False,0.2584933239995735
3000,sagereg,0.1,0.01,0.5,0.2,0.0,0.0,172.17400005905972,0.6591020994457757,False,0.2850485420003679
3001,one_hop,0.1,0.01,0.5,0.2,0.0,0.0,162.23427403836726,0.4197697834856232,False,0.259077310000066
3001,sagereg,0.1,0.01,0.5,0.2,0.0,0.0,162.2343043966256,0.4197692489896595,False,0.2881097879999288
3002,one_hop,0.1,0.01,0.5,0.2,0.0,0.0,102.53356689537956,0.9337151877300238,False,0.2544231640004
3002,sagereg,0.1,0.01,0.5,0.2,0.0,0.0,102.53353419070808,0.9337156679650276,False,0.2823833839993312
3003,one_hop,0.1,0.01,0.5,0.2,0.0,0.0,122.14674214823374,0.6891338167880645,False,0.2542271599995729
3003,sagereg,0.1,0.01,0.5,0.2,0.0,0.0,122.14672980638264,0.6891340483803872,False,0.2802308169993921
3004,one_hop,0.1,0.01,0.5,0.2,0.0,0.0,103.20544624961518,0.7467867933614041,False,0.2549488149998069
3004,sagereg,0.1,0.01,0.5,0.2,0.0,0.0,103.20545092173064,0.7467868771073907,False,0.2825625620007486
3005,one_hop,0.1,0.01,0.5,0.2,0.0,0.0,116.7950633245082,0.428241695089103,False,0.2560174940008437
3005,sagereg,0.1,0.01,0.5,0.2,0.0,0.0,116.7950604274867,0.4282421144500529,False,0.2857141210006375
3006,one_hop,0.1,0.01,0.5,0.2,0.0,0.0,166.2457678400394,0.4319506121622903,False,0.2579009809996933
3006,sagereg,0.1,0.01,0.5,0.2,0.0,0.0,166.24576588889434,0.431950608657613,False,0.2863122369999473
3007,one_hop,0.1,0.01,0.5,0.2,0.0,0.0,39.363286436756006,0.490991537264254,False,0.2652481260010972
3007,sagereg,0.1,0.01,0.5,0.2,0.0,0.0,39.36328076493106,0.4909916136907307,False,0.2939220890002616
3008,one_hop,0.1,0.01,0.5,0.2,0.0,0.0,70.8697889379002,0.4599853006873538,False,0.2551137290010956
3008,sagereg,0.1,0.01,0.5,0.2,0.0,0.0,70.86989608904473,0.4599837800410784,False,0.2817276039986609
3009,one_hop,0.1,0.01,0.5,0.2,0.0,0.0,153.9941008803678,0.6194905835133152,False,0.2554539249995287
3009,sagereg,0.1,0.01,0.5,0.2,0.0,0.0,153.99411788500174,0.6194904108529843,False,0.2832594209994568
3010,one_hop,0.1,0.01,0.5,0.2,0.0,0.0,49.41576364566111,0.8584548147279935,False,0.25273105999986
3010,sagereg,0.1,0.01,0.5,0.2,0.0,0.0,49.41576754684186,0.8584547204553923,False,0.2795070180000039
3011,one_hop,0.1,0.01,0.5,0.2,0.0,0.0,176.64347800931145,0.6129782257502222,False,0.2594790919993102
3011,sagereg,0.1,0.01,0.5,0.2,0.0,0.0,176.64348963261284,0.6129778257558769,False,0.2886742900009267
3012,one_hop,0.1,0.01,0.5,0.2,0.0,0.0,125.0843728979708,0.7225805284799165,False,0.2573217879998992
3012,sagereg,0.1,0.01,0.5,0.2,0.0,0.0,125.08437814350324,0.7225804269898859,False,0.2836941180012218
3013,one_hop,0.1,0.01,0.5,0.2,0.0,0.0,121.40954105007346,0.48450180336983,False,0.2521304399997461
3013,sagereg,0.1,0.01,0.5,0.2,0.0,0.0,121.40953960101714,0.4845024366400623,False,0.2797539929997583
3014,one_hop,0.1,0.01,0.5,0.2,0.0,0.0,179.84924096544682,0.9346570401686004,False,0.2607830259985348
3014,sagereg,0.1,0.01,0.5,0.2,0.0,0.0,179.84924735993894,0.9346569978038826,False,0.2879902010008663
3015,one_hop,0.1,0.01,0.5,0.2,0.0,0.0,116.29700572534352,0.6072133246801419,False,0.2546487859999615
3015,sagereg,0.1,0.01,0.5,0.2,0.0,0.0,116.29700986139125,0.6072131964648166,False,0.2834193229991797
3016,one_hop,0.1,0.01,0.5,0.2,0.0,0.0,171.81329821391097,0.5823802196799257,False,0.2515798580006958
3016,sagereg,0.1,0.01,0.5,0.2,0.0,0.0,171.8132779408937,0.5823801797540117,False,0.2771229360005236
3017,one_hop,0.1,0.01,0.5,0.2,0.0,0.0,144.21059779503878,0.8223527909781223,False,0.2555709429998387
3017,sagereg,0.1,0.01,0.5,0.2,0.0,0.0,144.2105944586478,0.8223527472509256,False,0.2838041860013618
3018,one_hop,0.1,0.01,0.5,0.2,0.0,0.0,121.60706872901127,0.7840756172633899,False,0.2613245419997838
3018,sagereg,0.1,0.01,0.5,0.2,0.0,0.0,121.60706959678328,0.7840755341420186,False,0.290450417998727
3019,one_hop,0.1,0.01,0.5,0.2,0.0,0.0,95.73054639516964,0.8036034388123446,False,0.250921159000427
3019,sagereg,0.1,0.01,0.5,0.2,0.0,0.0,95.7304980484354,0.8036038657535024,False,0.2790422430007311
3020,one_hop,0.1,0.01,0.5,0.2,0.0,0.25,66.85496026825844,0.5941100973729867,False,0.2380958929988992
3020,sagereg,0.1,0.01,0.5,0.2,0.0,0.25,66.85495139212102,0.5941099630126323,False,0.2656255359997885
3021,one_hop,0.1,0.01,0.5,0.2,0.0,0.25,152.4277344421676,0.8763111807951367,False,0.2466036679998069
3021,sagereg,0.1,0.01,0.5,0.2,0.0,0.25,152.42771690837031,0.876311466320669,False,0.2754769639996084
3022,one_hop,0.1,0.01,0.5,0.2,0.0,0.25,157.85908134089078,0.5715701834277385,False,0.2463334109997959
3022,sagereg,0.1,0.01,0.5,0.2,0.0,0.25,157.85908005008713,0.5715701783361089,False,0.2751929670012032
3023,one_hop,0.1,0.01,0.5,0.2,0.0,0.25,94.77920848584247,0.7608930684768285,False,0.2434445010003401
3023,sagereg,0.1,0.01,0.5,0.2,0.0,0.25,94.77920861460136,0.7608930605758066,False,0.2737812110008235
3024,one_hop,0.1,0.01,0.5,0.2,0.0,0.25,145.31652806488646,0.792515638669246,False,0.2377523020004446
3024,sagereg,0.1,0.01,0.5,0.2,0.0,0.25,145.31652684510598,0.792515655764175,False,0.2652397289984947
3025,one_hop,0.1,0.01,0.5,0.2,0.0,0.25,162.09687617516326,0.7389958834827868,False,0.2436190709995571
3025,sagereg,0.1,0.01,0.5,0.2,0.0,0.25,162.09687499070068,0.738995913640249,False,0.2714164059998438
3026,one_hop,0.1,0.01,0.5,0.2,0.0,0.25,101.99966916221776,0.4309081562736294,False,0.2446583269993425
3026,sagereg,0.1,0.01,0.5,0.2,0.0,0.25,101.99970042374186,0.4309079600367378,False,0.2743748239990964
3027,one_hop,0.1,0.01,0.5,0.2,0.0,0.25,133.7217705431721,1.1442687741130222,False,0.2433821260001423
3027,sagereg,0.1,0.01,0.5,0.2,0.0,0.25,133.72176981703004,1.1442687189250438,False,0.2717507230008777
3028,one_hop,0.1,0.01,0.5,0.2,0.0,0.25,64.23866995254784,0.9284119599484714,False,0.2425538310017145
3028,sagereg,0.1,0.01,0.5,0.2,0.0,0.25,64.23867367814258,0.9284119386863,False,0.2706056899987743
3029,one_hop,0.1,0.01,0.5,0.2,0.0,0.25,38.19880054321551,0.7910730987064618,False,0.2465845469996566
3029,sagereg,0.1,0.01,0.5,0.2,0.0,0.25,38.19879661150991,0.7910730906967234,False,0.2749960470009682
3030,one_hop,0.1,0.01,0.5,0.2,0.0,0.25,135.67326192432546,0.6896205675788896,False,0.2400843460000032
3030,sagereg,0.1,0.01,0.5,0.2,0.0,0.25,135.6732571012662,0.6896205210539695,False,0.2686270210015209
3031,one_hop,0.1,0.01,0.5,0.2,0.0,0.25,151.95126762345066,0.4010710613017915,False,0.2445084190003399
3031,sagereg,0.1,0.01,0.5,0.2,0.0,0.25,151.95123948713385,0.4010714335115686,False,0.274435651001113
3032,one_hop,0.1,0.01,0.5,0.2,0.0,0.25,170.80486033572012,0.94770182971575,False,0.2430702750007185
3032,sagereg,0.1,0.01,0.5,0.2,0.0,0.25,170.80486878474682,0.9477017401073624,False,0.2725916929994127
3033,one_hop,0.1,0.01,0.5,0.2,0.0,0.25,66.76006010937708,0.3389422604742511,False,0.245874576999995
3033,sagereg,0.1,0.01,0.5,0.2,0.0,0.25,66.7600286009716,0.338941928993879,False,0.2740870809993794
3034,one_hop,0.1,0.01,0.5,0.2,0.0,0.25,111.39983299570288,0.6692383964769354,False,0.24695894999968
3034,sagereg,0.1,0.01,0.5,0.2,0.0,0.25,111.39982374994828,0.6692380938285097,False,0.2778115900000557
3035,one_hop,0.1,0.01,0.5,0.2,0.0,0.25,145.95246124795358,0.7971876445307312,False,0.2475115889992594
3035,sagereg,0.1,0.01,0.5,0.2,0.0,0.25,145.95245617314143,0.7971875933327822,False,0.2781949540003552
3036,one_hop,0.1,0.01,0.5,0.2,0.0,0.25,157.3922684149075,0.7164511721304732,False,0.2446812250000221
3036,sagereg,0.1,0.01,0.5,0.2,0.0,0.25,157.3922738798602,0.7164511355756094,False,0.2742619800010288
3037,one_hop,0.1,0.01,0.5,0.2,0.0,0.25,20.63764716128496,0.6203503228355124,False,0.2437898570005927
3037,sagereg,0.1,0.01,0.5,0.2,0.0,0.25,20.637654604633124,0.6203503209359618,False,0.273230622000483
3038,one_hop,0.1,0.01,0.5,0.2,0.0,0.25,14.47185731507336,1.1014350467624934,False,0.2432114469993394
3038,sagereg,0.1,0.01,0.5,0.2,0.0,0.25,14.471860748859994,1.10143509774366,False,0.2720293599995784
3039,one_hop,0.1,0.01,0.5,0.2,0.0,0.25,119.67513854607832,0.3255473168343537,False,0.2461643119986547
3039,sagereg,0.1,0.01,0.5,0.2,0.0,0.25,119.67505761055745,0.3255472710365154,False,0.2753280859997176
3040,one_hop,0.1,0.01,0.5,0.2,0.5,0.0,173.75873175617423,0.9797128379943664,False,0.2538619050010311
3040,sagereg,0.1,0.01,0.5,0.2,0.5,0.0,173.75874740976624,0.9797129648616424,False,0.2811365319994365
3041,one_hop,0.1,0.01,0.5,0.2,0.5,0.0,24.65219670894564,0.7756205648975574,False,0.2503445319998718
3041,sagereg,0.1,0.01,0.5,0.2,0.5,0.0,24.65220224210645,0.7756206193447865,False,0.2782599140009552
3042,one_hop,0.1,0.01,0.5,0.2,0.5,0.0,151.30360601846573,0.555978763818082,False,0.243933621000906
3042,sagereg,0.1,0.01,0.5,0.2,0.5,0.0,151.30362699215664,0.5559788585168176,False,0.2709626489995571
3043,one_hop,0.1,0.01,0.5,0.2,0.5,0.0,119.5039796716967,0.4583080330241462,False,0.2482534720002149
3043,sagereg,0.1,0.01,0.5,0.2,0.5,0.0,119.5039801135128,0.4583079081922931,False,0.2736790270009805
3044,one_hop,0.1,0.01,0.5,0.2,0.5,0.0,169.53526373078356,0.4615923762007477,False,0.2465130820000922
3044,sagereg,0.1,0.01,0.5,0.2,0.5,0.0,169.53527307414055,0.4615921806997885,False,0.273819922000257
3045,one_hop,0.1,0.01,0.5,0.2,0.5,0.0,88.68510663308918,0.3749234657506414,False,0.2488822870000149
3045,sagereg,0.1,0.01,0.5,0.2,0.5,0.0,88.68511960258472,0.374923302355667,False,0.2772421200006647
3046,one_hop,0.1,0.01,0.5,0.2,0.5,0.0,151.7336540442163,0.9135320332973228,False,0.2472173949990974
3046,sagereg,0.1,0.01,0.5,0.2,0.5,0.0,151.73367972444154,0.9135323657779022,False,0.2739293439990433
3047,one_hop,0.1,0.01,0.5,0.2,0.5,0.0,60.53711369400234,0.6691333486283251,False,0.2538824740004202
3047,sagereg,0.1,0.01,0.5,0.2,0.5,0.0,60.53711473115435,0.6691333791638577,False,0.2829340850003063
3048,one_hop,0.1,0.01,0.5,0.2,0.5,0.0,139.78683904954178,0.5223580093883898,False,0.2463704570000118
3048,sagereg,0.1,0.01,0.5,0.2,0.5,0.0,139.7867696754371,0.5223582980975313,False,0.2740741899997374
3049,one_hop,0.1,0.01,0.5,0.2,0.5,0.0,40.322700345262,0.3194885397046448,False,0.2497936420004407
3049,sagereg,0.1,0.01,0.5,0.2,0.5,0.0,40.3226624762549,0.3194883782940422,False,0.2778771689991117
3050,one_hop,0.1,0.01,0.5,0.2,0.5,0.0,155.1062006034816,0.7579283952207404,False,0.2440473529986775
3050,sagereg,0.1,0.01,0.5,0.2,0.5,0.0,155.10620179212623,0.7579287633734826,False,0.2714862400007405
3051,one_hop,0.1,0.01,0.5,0.2,0.5,0.0,120.3821451941586,0.1439879206950074,False,0.2464987509993079
3051,sagereg,0.1,0.01,0.5,0.2,0.5,0.0,120.38211944716664,0.1439879828471907,False,0.2742307420012366
3052,one_hop,0.1,0.01,0.5,0.2,0.5,0.0,87.26996866865613,0.3312533602786976,False,0.2479904930005432
3052,sagereg,0.1,0.01,0.5,0.2,0.5,0.0,87.26997151199953,0.331253331027836,False,0.2759515050001937
3053,one_hop,0.1,0.01,0.5,0.2,0.5,0.0,85.61389281572161,0.638305401045046,False,0.2520450259999052
3053,sagereg,0.1,0.01,0.5,0.2,0.5,0.0,85.61389961094446,0.638305534850458,False,0.2798907060005149
3054,one_hop,0.1,0.01,0.5,0.2,0.5,0.0,102.2103734107318,0.6523942682991007,False,0.2499840829987079
3054,sagereg,0.1,0.01,0.5,0.2,0.5,0.0,102.21042803884455,0.6523936274914575,False,0.2774134319988661
3055,one_hop,0.1,0.01,0.5,0.2,0.5,0.0,84.65522492490956,0.8991355699461225,False,0.2476713449996168
3055,sagereg,0.1,0.01,0.5,0.2,0.5,0.0,84.65520127678515,0.8991354236915929,False,0.2756493380002212
3056,one_hop,0.1,0.01,0.5,0.2,0.5,0.0,174.89243453743748,1.1914980532198276,False,0.2554423609999503
3056,sagereg,0.1,0.01,0.5,0.2,0.5,0.0,174.89242311872073,1.1914979535736148,False,0.2831761480010755
3057,one_hop,0.1,0.01,0.5,0.2,0.5,0.0,96.5222191788628,0.6222863478806983,False,0.2440763419999712
3057,sagereg,0.1,0.01,0.5,0.2,0.5,0.0,96.52220930192196,0.6222862463343674,False,0.2718901400003233
3058,one_hop,0.1,0.01,0.5,0.2,0.5,0.0,156.51033428836075,0.770604322366755,False,0.2501893330008897
3058,sagereg,0.1,0.01,0.5,0.2,0.5,0.0,156.51032593887615,0.7706043391632742,False,0.2774001859997952
3059,one_hop,0.1,0.01,0.5,0.2,0.5,0.0,23.069984882243183,0.8375570534212554,False,0.2534712069991656
3059,sagereg,0.1,0.01,0.5,0.2,0.5,0.0,23.069996367809708,0.8375570419248408,False,0.2816413199998351
3060,one_hop,0.1,0.01,0.5,0.2,0.5,0.25,126.77745839021792,1.0957117699731136,False,0.2401673100011976
3060,sagereg,0.1,0.01,0.5,0.2,0.5,0.25,126.77745841879594,1.0957114377352568,False,0.2674004450000211
3061,one_hop,0.1,0.01,0.5,0.2,0.5,0.25,73.23789617954384,0.6646581854908222,False,0.2477762980015541
3061,sagereg,0.1,0.01,0.5,0.2,0.5,0.25,73.23789363915789,0.6646577017852261,False,0.2788482399992062
3062,one_hop,0.1,0.01,0.5,0.2,0.5,0.25,145.27216897150473,0.4071569232778088,False,0.233605006000289
3062,sagereg,0.1,0.01,0.5,0.2,0.5,0.25,145.2721788617696,0.4071566194428946,False,0.2625648489993182
3063,one_hop,0.1,0.01,0.5,0.2,0.5,0.25,72.61153169328682,0.8003847191902722,False,0.2437878229993657
3063,sagereg,0.1,0.01,0.5,0.2,0.5,0.25,72.6115347045733,0.8003846978732296,False,0.2708007470009761
3064,one_hop,0.1,0.01,0.5,0.2,0.5,0.25,160.72075817120268,0.2505553598481556,False,0.234682905000227
3064,sagereg,0.1,0.01,0.5,0.2,0.5,0.25,160.72076327575246,0.2505553950022209,False,0.2633077979990048
3065,one_hop,0.1,0.01,0.5,0.2,0.5,0.25,99.27149107923364,0.5059616005055115,False,0.2408771220016206
3065,sagereg,0.1,0.01,0.5,0.2,0.5,0.25,99.27145250519766,0.5059611740041683,False,0.2700589970008877
3066,one_hop,0.1,0.01,0.5,0.2,0.5,0.25,173.9636203494187,1.0033392141335302,False,0.2426589209990197
3066,sagereg,0.1,0.01,0.5,0.2,0.5,0.25,173.96361159548377,1.0033391353439964,False,0.2714242370002466
3067,one_hop,0.1,0.01,0.5,0.2,0.5,0.25,77.86840510827005,1.0096909975616652,False,0.2424377539991837
3067,sagereg,0.1,0.01,0.5,0.2,0.5,0.25,77.86840251158029,1.0096910980402762,False,0.271962208998957
3068,one_hop,0.1,0.01,0.5,0.2,0.5,0.25,155.84166246186894,0.5143262530440752,False,0.2406884369993349
3068,sagereg,0.1,0.01,0.5,0.2,0.5,0.25,155.84166618938886,0.5143262411126848,False,0.271124871000211
3069,one_hop,0.1,0.01,0.5,0.2,0.5,0.25,130.61906545522933,0.1249109966433688,False,0.2376029550014209
3069,sagereg,0.1,0.01,0.5,0.2,0.5,0.25,130.61906399148916,0.1249110612581348,False,0.2684854689996427
3070,one_hop,0.1,0.01,0.5,0.2,0.5,0.25,131.88373367803354,0.5090684688537503,False,0.2421553210006095
3070,sagereg,0.1,0.01,0.5,0.2,0.5,0.25,131.88374138869344,0.5090682450303095,False,0.2697763989999657
3071,one_hop,0.1,0.01,0.5,0.2,0.5,0.25,167.65134062510506,0.8202302257971624,False,0.241998412000612
3071,sagereg,0.1,0.01,0.5,0.2,0.5,0.25,167.6513388783743,0.8202302484448264,False,0.2722145499992621
3072,one_hop,0.1,0.01,0.5,0.2,0.5,0.25,112.01661779576428,1.0791603238620593,False,0.2395233839997672
3072,sagereg,0.1,0.01,0.5,0.2,0.5,0.25,112.01660643999118,1.0791603035721054,False,0.2684667069988791
3073,one_hop,0.1,0.01,0.5,0.2,0.5,0.25,164.464910081131,0.3366173969000618,False,0.2381204379998962
3073,sagereg,0.1,0.01,0.5,0.2,0.5,0.25,164.46488888631063,0.3366174350985413,False,0.2674040559995774
3074,one_hop,0.1,0.01,0.5,0.2,0.5,0.25,127.66444638090223,0.5110073626092705,False,0.2385306109990779
3074,sagereg,0.1,0.01,0.5,0.2,0.5,0.25,127.66446059503429,0.5110073958567056,False,0.266772218999904
3075,one_hop,0.1,0.01,0.5,0.2,0.5,0.25,47.01726929962371,0.5426650163618428,False,0.2357040610004332
3075,sagereg,0.1,0.01,0.5,0.2,0.5,0.25,47.01727144803304,0.5426650565812896,False,0.2638010749997193
3076,one_hop,0.1,0.01,0.5,0.2,0.5,0.25,63.65079374602941,1.0307588308712872,False,0.2373490979989583
3076,sagereg,0.1,0.01,0.5,0.2,0.5,0.25,63.65104226405582,1.03075892933383,False,0.2650904570000421
3077,one_hop,0.1,0.01,0.5,0.2,0.5,0.25,99.06790998260117,0.7471500052341793,False,0.2378327850001369
3077,sagereg,0.1,0.01,0.5,0.2,0.5,0.25,99.06791059644456,0.7471497751514322,False,0.2684461540011398
3078,one_hop,0.1,0.01,0.5,0.2,0.5,0.25,101.80978472274178,0.693891209155274,False,0.237837415001195
3078,sagereg,0.1,0.01,0.5,0.2,0.5,0.25,101.8097976038164,0.6938908663806037,False,0.2640142270010983
3079,one_hop,0.1,0.01,0.5,0.2,0.5,0.25,164.32951533061595,0.4491487926052955,False,0.2377428780000627
3079,sagereg,0.1,0.01,0.5,0.2,0.5,0.25,164.32956856956244,0.4491490732512107,False,0.2686730330005957
3080,one_hop,0.1,0.01,0.5,0.2,1.0,0.0,70.89609542729758,0.2401210208679972,False,0.2428071269987413
3080,sagereg,0.1,0.01,0.5,0.2,1.0,0.0,70.8960772652978,0.2401215158796591,False,0.2635786880000523
3081,one_hop,0.1,0.01,0.5,0.2,1.0,0.0,145.66562549873885,0.7420587310401853,False,0.2409249529991939
3081,sagereg,0.1,0.01,0.5,0.2,1.0,0.0,145.66557484124013,0.7420589189445893,False,0.2671770179986197
3082,one_hop,0.1,0.01,0.5,0.2,1.0,0.0,126.87049711793529,0.8212240364989207,False,0.2436279789999389
3082,sagereg,0.1,0.01,0.5,0.2,1.0,0.0,126.87049718833153,0.821224049054391,False,0.2714631029994052
3083,one_hop,0.1,0.01,0.5,0.2,1.0,0.0,125.75177584418292,0.8932126716636618,False,0.2478357410000171
3083,sagereg,0.1,0.01,0.5,0.2,1.0,0.0,125.75182980572644,0.8932130470804416,False,0.2772807790006482
3084,one_hop,0.1,0.01,0.5,0.2,1.0,0.0,58.26283501396881,0.5426916682934216,False,0.2497498720003932
3084,sagereg,0.1,0.01,0.5,0.2,1.0,0.0,58.262795309905805,0.5426918798532575,False,0.2755713500009733
3085,one_hop,0.1,0.01,0.5,0.2,1.0,0.0,66.11233335890503,0.8003084538034544,False,0.2456791869990411
3085,sagereg,0.1,0.01,0.5,0.2,1.0,0.0,66.1123332342135,0.8003085090303302,False,0.2742513249995681
3086,one_hop,0.1,0.01,0.5,0.2,1.0,0.0,84.25210277310111,0.6003209666834941,False,0.2408552500000951
3086,sagereg,0.1,0.01,0.5,0.2,1.0,0.0,84.25210179958025,0.6003208042201623,False,0.2663528880002559
3087,one_hop,0.1,0.01,0.5,0.2,1.0,0.0,114.6395530025436,0.3115042887927001,False,0.2467615639998257
3087,sagereg,0.1,0.01,0.5,0.2,1.0,0.0,114.63952779375636,0.3115042187755573,False,0.2737009579996083
3088,one_hop,0.1,0.01,0.5,0.2,1.0,0.0,126.03169119917187,0.9071292510035756,False,0.2442959559994051
3088,sagereg,0.1,0.01,0.5,0.2,1.0,0.0,126.03165847079416,0.9071292985593608,False,0.2721588820004399
3089,one_hop,0.1,0.01,0.5,0.2,1.0,0.0,96.04813194220368,0.7326231822576416,False,0.2388404520006588
3089,sagereg,0.1,0.01,0.5,0.2,1.0,0.0,96.04814318347933,0.7326213581600614,False,0.268821523999577
3090,one_hop,0.1,0.01,0.5,0.2,1.0,0.0,31.57599750934012,0.3325884048057413,False,0.2425679379994108
3090,sagereg,0.1,0.01,0.5,0.2,1.0,0.0,31.57599724524263,0.3325884537819971,False,0.271224907000942
3091,one_hop,0.1,0.01,0.5,0.2,1.0,0.0,113.10775213980511,0.2923125004206781,False,0.2472861249989364
3091,sagereg,0.1,0.01,0.5,0.2,1.0,0.0,113.10775363650365,0.2923124569384457,False,0.2748923309991369
3092,one_hop,0.1,0.01,0.5,0.2,1.0,0.0,167.5261663926261,0.3062491157313793,False,0.2497881529998267
3092,sagereg,0.1,0.01,0.5,0.2,1.0,0.0,167.52616928678958,0.3062490369013214,False,0.2767694450012641
3093,one_hop,0.1,0.01,0.5,0.2,1.0,0.0,71.90375585076698,0.5259435667749859,False,0.2482949000004737
3093,sagereg,0.1,0.01,0.5,0.2,1.0,0.0,71.90377104414388,0.5259434570186002,False,0.2762873840001703
3094,one_hop,0.1,0.01,0.5,0.2,1.0,0.0,170.7916883690861,0.9494743424152856,False,0.2449531129987008
3094,sagereg,0.1,0.01,0.5,0.2,1.0,0.0,170.79166528209524,0.9494742525480234,False,0.2719025910009804
3095,one_hop,0.1,0.01,0.5,0.2,1.0,0.0,24.973811921878884,0.4150083859697049,False,0.2488727880008809
3095,sagereg,0.1,0.01,0.5,0.2,1.0,0.0,24.97380461697073,0.4150084389066779,False,0.2746332339993387
3096,one_hop,0.1,0.01,0.5,0.2,1.0,0.0,176.30861067664796,0.8216878010667189,False,0.2448213360003137
3096,sagereg,0.1,0.01,0.5,0.2,1.0,0.0,176.3085921522683,0.8216879611756852,False,0.2721994459989219
3097,one_hop,0.1,0.01,0.5,0.2,1.0,0.0,120.98950694563416,0.9541241474436152,False,0.2482268940002541
3097,sagereg,0.1,0.01,0.5,0.2,1.0,0.0,120.9893454371138,0.9541255740489284,False,0.2757891380006185
3098,one_hop,0.1,0.01,0.5,0.2,1.0,0.0,171.52636633743953,0.7660364866139322,False,0.2475562160016124
3098,sagereg,0.1,0.01,0.5,0.2,1.0,0.0,171.52636743139868,0.7660364645054938,False,0.2726191429992468
3099,one_hop,0.1,0.01,0.5,0.2,1.0,0.0,145.26675298758084,0.650082007822327,False,0.2529136350003682
3099,sagereg,0.1,0.01,0.5,0.2,1.0,0.0,145.26679734517543,0.6500816230251449,False,0.279268674999912
3100,one_hop,0.1,0.01,0.5,0.2,1.0,0.25,65.28107154414528,0.4635864740200826,False,0.2322640849997697
3100,sagereg,0.1,0.01,0.5,0.2,1.0,0.25,65.28107623557239,0.4635863828323908,False,0.2563047889998415
3101,one_hop,0.1,0.01,0.5,0.2,1.0,0.25,114.01607093310476,0.385201797191305,False,0.2333847660011088
3101,sagereg,0.1,0.01,0.5,0.2,1.0,0.25,114.0160760015694,0.3852017731500581,False,0.2624143940010981
3102,one_hop,0.1,0.01,0.5,0.2,1.0,0.25,73.92873229799312,0.79914575832735,False,0.2288427050007158
3102,sagereg,0.1,0.01,0.5,0.2,1.0,0.25,73.92873262188533,0.7991457424642812,False,0.2580203680008708
3103,one_hop,0.1,0.01,0.5,0.2,1.0,0.25,121.12419739439002,0.2296856565894036,False,0.2353250369997113
3103,sagereg,0.1,0.01,0.5,0.2,1.0,0.25,121.12419992541793,0.2296856922216431,False,0.2611114360006468
3104,one_hop,0.1,0.01,0.5,0.2,1.0,0.25,144.43254231123498,0.8030122364662443,False,0.2424965469999733
3104,sagereg,0.1,0.01,0.5,0.2,1.0,0.25,144.43252637971625,0.8030116182704903,False,0.267088671998863
3105,one_hop,0.1,0.01,0.5,0.2,1.0,0.25,81.84510927688655,1.103901590102223,False,0.2381815479984652
3105,sagereg,0.1,0.01,0.5,0.2,1.0,0.25,81.84511067345693,1.1039016839357427,False,0.2701888110004802
3106,one_hop,0.1,0.01,0.5,0.2,1.0,0.25,124.87781765979028,0.9047745398819516,False,0.2373740750008437
3106,sagereg,0.1,0.01,0.5,0.2,1.0,0.25,124.877855276662,0.9047741228941788,False,0.2677586409990908
3107,one_hop,0.1,0.01,0.5,0.2,1.0,0.25,121.33002903602616,0.7109103155742865,False,0.227964603998771
3107,sagereg,0.1,0.01,0.5,0.2,1.0,0.25,121.330028502491,0.710910241329027,False,0.2559069819999422
3108,one_hop,0.1,0.01,0.5,0.2,1.0,0.25,30.70530360827266,0.91902379254457,False,0.2298590250011329
3108,sagereg,0.1,0.01,0.5,0.2,1.0,0.25,30.705305796301285,0.9190239043377748,False,0.2573557030009397
3109,one_hop,0.1,0.01,0.5,0.2,1.0,0.25,143.49036134151288,0.6674705028820438,False,0.232432228000107
3109,sagereg,0.1,0.01,0.5,0.2,1.0,0.25,143.49035698538393,0.6674704949640854,False,0.2631644560005952
3110,one_hop,0.1,0.01,0.5,0.2,1.0,0.25,162.30536657534222,0.86993255403922,False,0.2338198519992147
3110,sagereg,0.1,0.01,0.5,0.2,1.0,0.25,162.30536138817106,0.8699324874301861,False,0.261530550000316
3111,one_hop,0.1,0.01,0.5,0.2,1.0,0.25,117.6788416937154,0.94560789352933,False,0.2331195329988986
3111,sagereg,0.1,0.01,0.5,0.2,1.0,0.25,117.67884604550729,0.9456079248301708,False,0.2620120969986601
3112,one_hop,0.1,0.01,0.5,0.2,1.0,0.25,131.40335911474494,0.5040369661494906,False,0.2318225420003727
3112,sagereg,0.1,0.01,0.5,0.2,1.0,0.25,131.4033709856149,0.5040367978928593,False,0.2606241920002503
3113,one_hop,0.1,0.01,0.5,0.2,1.0,0.25,144.84069564835875,1.0643987404898372,False,0.2342493349988217
3113,sagereg,0.1,0.01,0.5,0.2,1.0,0.25,144.8406661659013,1.06439880258898,False,0.2629197200003546
3114,one_hop,0.1,0.01,0.5,0.2,1.0,0.25,166.55896024123726,0.4223319626167506,False,0.2316476709984272
3114,sagereg,0.1,0.01,0.5,0.2,1.0,0.25,166.5589401959401,0.4223324410841769,False,0.2596745310002006
3115,one_hop,0.1,0.01,0.5,0.2,1.0,0.25,62.88794207454393,0.592082966376208,False,0.2402508110008057
3115,sagereg,0.1,0.01,0.5,0.2,1.0,0.25,62.8879396563232,0.5920828976772197,False,0.2662079870005982
3116,one_hop,0.1,0.01,0.5,0.2,1.0,0.25,124.5782527228291,0.1556762463435152,False,0.2348749729990231
3116,sagereg,0.1,0.01,0.5,0.2,1.0,0.25,124.57832605280058,0.1556746167661349,False,0.2628508580000925
3117,one_hop,0.1,0.01,0.5,0.2,1.0,0.25,170.3001345254355,0.6807304042677221,False,0.2375022449996322
3117,sagereg,0.1,0.01,0.5,0.2,1.0,0.25,170.3001219666143,0.6807305406130151,False,0.2671316149990161
3118,one_hop,0.1,0.01,0.5,0.2,1.0,0.25,100.95292799446032,1.0034577067967667,False,0.2341988600001059
3118,sagereg,0.1,0.01,0.5,0.2,1.0,0.25,100.95292297946568,1.0034577100635285,False,0.2609984959999565
3119,one_hop,0.1,0.01,0.5,0.2,1.0,0.25,112.67399902842176,0.9012322741255532,False,0.2304906690005737
3119,sagereg,0.1,0.01,0.5,0.2,1.0,0.25,112.67399964060016,0.9012323988921276,False,0.2619080090007628
3120,one_hop,0.1,0.01,0.5,0.8,0.0,0.0,79.34349058986979,0.6406678262414438,False,0.2616262510000524
3120,sagereg,0.1,0.01,0.5,0.8,0.0,0.0,79.34349265033849,0.640667774848308,False,0.2917828130011912
3121,one_hop,0.1,0.01,0.5,0.8,0.0,0.0,100.647992638293,0.4972801776592662,False,0.2628503350006212
3121,sagereg,0.1,0.01,0.5,0.8,0.0,0.0,100.6479870059286,0.4972802054478913,False,0.2920053190009639
3122,one_hop,0.1,0.01,0.5,0.8,0.0,0.0,145.03494412861352,0.3366212196027395,False,0.2637884679988929
3122,sagereg,0.1,0.01,0.5,0.8,0.0,0.0,145.03494679915156,0.3366212966601848,False,0.2919288180000876
3123,one_hop,0.1,0.01,0.5,0.8,0.0,0.0,71.53931282307207,0.6109088203931341,False,0.2623539639989758
3123,sagereg,0.1,0.01,0.5,0.8,0.0,0.0,71.53931337984476,0.6109088849570948,False,0.2930639930000325
3124,one_hop,0.1,0.01,0.5,0.8,0.0,0.0,118.42393950097656,0.6656055651120792,False,0.2621808169988071
3124,sagereg,0.1,0.01,0.5,0.8,0.0,0.0,118.4239385298092,0.665605589838752,False,0.2918667539997841
3125,one_hop,0.1,0.01,0.5,0.8,0.0,0.0,61.18413566318653,0.3941532155725807,False,0.2622758340003202
3125,sagereg,0.1,0.01,0.5,0.8,0.0,0.0,61.18413380689015,0.3941532407101316,False,0.290903488999902
3126,one_hop,0.1,0.01,0.5,0.8,0.0,0.0,172.57826784600837,0.963714546239955,False,0.259042772999237
3126,sagereg,0.1,0.01,0.5,0.8,0.0,0.0,172.57826724700112,0.963714570831277,False,0.2891978400002699
3127,one_hop,0.1,0.01,0.5,0.8,0.0,0.0,68.16459471807117,0.5491254557072939,False,0.2606416509988776
3127,sagereg,0.1,0.01,0.5,0.8,0.0,0.0,68.1645932350435,0.5491254679125372,False,0.2901413229992613
3128,one_hop,0.1,0.01,0.5,0.8,0.0,0.0,134.5899864445103,0.5383986533461343,False,0.2649338009996427
3128,sagereg,0.1,0.01,0.5,0.8,0.0,0.0,134.58998519272888,0.5383987274026224,False,0.2961485259984329
3129,one_hop,0.1,0.01,0.5,0.8,0.0,0.0,39.215178223236045,0.5613408046025126,False,0.2592447709994303
3129,sagereg,0.1,0.01,0.5,0.8,0.0,0.0,39.21517440553187,0.5613406789121294,False,0.2894139660002111
3130,one_hop,0.1,0.01,0.5,0.8,0.0,0.0,27.255228242159493,0.4755897671762762,False,0.2702068899998266
3130,sagereg,0.1,0.01,0.5,0.8,0.0,0.0,27.25522887710706,0.4755897358102816,False,0.2997516169998562
3131,one_hop,0.1,0.01,0.5,0.8,0.0,0.0,135.42976784106506,0.306689933415163,False,0.2636007920009433
3131,sagereg,0.1,0.01,0.5,0.8,0.0,0.0,135.42977132359115,0.3066899803583759,False,0.293719979999878
3132,one_hop,0.1,0.01,0.5,0.8,0.0,0.0,107.62158694810854,1.1887204723203897,False,0.2625712089993612
3132,sagereg,0.1,0.01,0.5,0.8,0.0,0.0,107.62158097409392,1.1887204103301845,False,0.2938871140013361
3133,one_hop,0.1,0.01,0.5,0.8,0.0,0.0,99.9125280506115,0.6569521602156752,False,0.2630047279999417
3133,sagereg,0.1,0.01,0.5,0.8,0.0,0.0,99.91252836374515,0.6569521542423373,False,0.2930127950003225
3134,one_hop,0.1,0.01,0.5,0.8,0.0,0.0,93.84837456037069,0.6224011139118253,False,0.2624094840011821
3134,sagereg,0.1,0.01,0.5,0.8,0.0,0.0,93.84837892963624,0.6224011694870895,False,0.2905071109998971
3135,one_hop,0.1,0.01,0.5,0.8,0.0,0.0,178.81757438098435,0.6265240253045814,False,0.2652336280007148
3135,sagereg,0.1,0.01,0.5,0.8,0.0,0.0,178.81754337158893,0.6265246031723385,False,0.2941458130007959
3136,one_hop,0.1,0.01,0.5,0.8,0.0,0.0,18.651853974765757,0.8888260271200027,False,0.2608889279999857
3136,sagereg,0.1,0.01,0.5,0.8,0.0,0.0,18.651856802249743,0.8888258268960711,False,0.2901103389995114
3137,one_hop,0.1,0.01,0.5,0.8,0.0,0.0,117.34448933167762,0.8863520362624943,False,0.2586110470001586
3137,sagereg,0.1,0.01,0.5,0.8,0.0,0.0,117.3444912557404,0.8863520108739141,False,0.2883602730016719
3138,one_hop,0.1,0.01,0.5,0.8,0.0,0.0,116.53390185718916,0.8228023111568761,False,0.2642352929997287
3138,sagereg,0.1,0.01,0.5,0.8,0.0,0.0,116.53390143966487,0.8228021836529706,False,0.2925673800000368
3139,one_hop,0.1,0.01,0.5,0.8,0.0,0.0,108.02186061461556,0.8272337402943488,False,0.2674192039994523
3139,sagereg,0.1,0.01,0.5,0.8,0.0,0.0,108.0218659071912,0.8272336379556178,False,0.2969439959997544
3140,one_hop,0.1,0.01,0.5,0.8,0.0,0.25,156.24940299762514,0.8443449418448927,False,0.2500721119995432
3140,sagereg,0.1,0.01,0.5,0.8,0.0,0.25,156.2493952366473,0.8443448809050749,False,0.2810821719995147
3141,one_hop,0.1,0.01,0.5,0.8,0.0,0.25,140.0227386509447,0.3725224341984705,False,0.253777956999329
3141,sagereg,0.1,0.01,0.5,0.8,0.0,0.25,140.02273696170846,0.3725223636074651,False,0.2845400549995247
3142,one_hop,0.1,0.01,0.5,0.8,0.0,0.25,88.8153468944651,0.6522542747267224,False,0.2565568110003369
3142,sagereg,0.1,0.01,0.5,0.8,0.0,0.25,88.81534199358106,0.6522543282860769,False,0.2864452029989479
3143,one_hop,0.1,0.01,0.5,0.8,0.0,0.25,43.99861463922541,0.4306117997477201,False,0.2470780559997365
3143,sagereg,0.1,0.01,0.5,0.8,0.0,0.25,43.998615001531206,0.4306117723606049,False,0.2789794809996238
3144,one_hop,0.1,0.01,0.5,0.8,0.0,0.25,150.0725386531235,0.640430931110391,False,0.2499319609996746
3144,sagereg,0.1,0.01,0.5,0.8,0.0,0.25,150.0725349921524,0.6404309588838665,False,0.280258454999057
3145,one_hop,0.1,0.01,0.5,0.8,0.0,0.25,148.22100194753952,1.0741780094083653,False,0.250369220999346
3145,sagereg,0.1,0.01,0.5,0.8,0.0,0.25,148.22100457117503,1.0741780254214897,False,0.2811850059988501
3146,one_hop,0.1,0.01,0.5,0.8,0.0,0.25,11.559548002772225,0.1862876027516346,False,0.2484886069996719
3146,sagereg,0.1,0.01,0.5,0.8,0.0,0.25,11.55954640136136,0.1862876271527712,False,0.2787030510007753
3147,one_hop,0.1,0.01,0.5,0.8,0.0,0.25,116.7355410653886,0.518494762494651,False,0.2481135449997964
3147,sagereg,0.1,0.01,0.5,0.8,0.0,0.25,116.73554671000856,0.5184946944805601,False,0.2804230550009379
3148,one_hop,0.1,0.01,0.5,0.8,0.0,0.25,160.7040732209843,0.7185745135855082,False,0.2515493320006499
3148,sagereg,0.1,0.01,0.5,0.8,0.0,0.25,160.70412459811257,0.7185742870614106,False,0.2810313570007565
3149,one_hop,0.1,0.01,0.5,0.8,0.0,0.25,99.54115502375684,0.7542525101928018,False,0.2501741059986671
3149,sagereg,0.1,0.01,0.5,0.8,0.0,0.25,99.54115465995947,0.7542526012682667,False,0.2821456769997894
3150,one_hop,0.1,0.01,0.5,0.8,0.0,0.25,95.54973717590588,0.5254211754818673,False,0.2435847039996588
3150,sagereg,0.1,0.01,0.5,0.8,0.0,0.25,95.54973866072191,0.5254211700006219,False,0.2744155670006876
3151,one_hop,0.1,0.01,0.5,0.8,0.0,0.25,92.70044992458128,0.9857477314307376,False,0.2488306659997761
3151,sagereg,0.1,0.01,0.5,0.8,0.0,0.25,92.70045014822496,0.985747733562078,False,0.2807599360003223
3152,one_hop,0.1,0.01,0.5,0.8,0.0,0.25,158.57321280761232,1.1071618660837688,False,0.2493991430001187
3152,sagereg,0.1,0.01,0.5,0.8,0.0,0.25,158.57321407283996,1.107161814622696,False,0.2796195740011171
3153,one_hop,0.1,0.01,0.5,0.8,0.0,0.25,98.41173477412678,0.3796280982177362,False,0.2515487609998672
3153,sagereg,0.1,0.01,0.5,0.8,0.0,0.25,98.41173943316312,0.3796281491907931,False,0.2839357660013775
3154,one_hop,0.1,0.01,0.5,0.8,0.0,0.25,153.09921064678807,0.6953931343690964,False,0.2512891839996882
3154,sagereg,0.1,0.01,0.5,0.8,0.0,0.25,153.09921055870245,0.6953931362617803,False,0.2821802620001108
3155,one_hop,0.1,0.01,0.5,0.8,0.0,0.25,169.35805837278684,1.1489304135194314,False,0.2427252139987104
3155,sagereg,0.1,0.01,0.5,0.8,0.0,0.25,169.35805656571384,1.1489304477428677,False,0.2747549969990359
3156,one_hop,0.1,0.01,0.5,0.8,0.0,0.25,118.47126955684334,0.7552902099015166,False,0.2515595889999531
3156,sagereg,0.1,0.01,0.5,0.8,0.0,0.25,118.47126869637472,0.7552902055252579,False,0.2818369560009159
3157,one_hop,0.1,0.01,0.5,0.8,0.0,0.25,103.90096189257812,0.6714822561644608,False,0.2523263780003617
3157,sagereg,0.1,0.01,0.5,0.8,0.0,0.25,103.90095957038376,0.6714823236405738,False,0.2835170779999316
3158,one_hop,0.1,0.01,0.5,0.8,0.0,0.25,140.30291687129193,0.6714811247437834,False,0.2489611689998128
3158,sagereg,0.1,0.01,0.5,0.8,0.0,0.25,140.30291509418262,0.6714811417538411,False,0.2785728910002945
3159,one_hop,0.1,0.01,0.5,0.8,0.0,0.25,82.35166016968007,0.6311442442367307,False,0.2501450250001653
3159,sagereg,0.1,0.01,0.5,0.8,0.0,0.25,82.35166340285963,0.6311442466516877,False,0.2816756209995219
3160,one_hop,0.1,0.01,0.5,0.8,0.5,0.0,122.40995653153654,0.3930092091757956,False,0.258487700999467
3160,sagereg,0.1,0.01,0.5,0.8,0.5,0.0,122.40996455692098,0.3930090051411141,False,0.2874881059997278
3161,one_hop,0.1,0.01,0.5,0.8,0.5,0.0,164.32311638315278,0.3527432167442716,False,0.2532161100007215
3161,sagereg,0.1,0.01,0.5,0.8,0.5,0.0,164.3231179387902,0.3527431964394343,False,0.2827770309995685
3162,one_hop,0.1,0.01,0.5,0.8,0.5,0.0,153.580013411546,0.3620535423337054,False,0.2644047890007641
3162,sagereg,0.1,0.01,0.5,0.8,0.5,0.0,153.58001163805767,0.3620535223882621,False,0.2913422299989179
3163,one_hop,0.1,0.01,0.5,0.8,0.5,0.0,120.7519792265832,0.3303092503065851,False,0.2580356750004284
3163,sagereg,0.1,0.01,0.5,0.8,0.5,0.0,120.75198028265903,0.3303091301502765,False,0.287360444001024
3164,one_hop,0.1,0.01,0.5,0.8,0.5,0.0,69.550423493728,0.5799239311587399,False,0.2543976529996143
3164,sagereg,0.1,0.01,0.5,0.8,0.5,0.0,69.55042255686752,0.5799239911506313,False,0.2820844580000994
3165,one_hop,0.1,0.01,0.5,0.8,0.5,0.0,120.3775212215912,0.6797346928456658,False,0.2551542919991334
3165,sagereg,0.1,0.01,0.5,0.8,0.5,0.0,120.3775184240773,0.6797346734655068,False,0.2841024440003821
3166,one_hop,0.1,0.01,0.5,0.8,0.5,0.0,22.19306952336308,0.6305951550715535,False,0.2559058669994556
3166,sagereg,0.1,0.01,0.5,0.8,0.5,0.0,22.19307166202148,0.6305952195209296,False,0.2804229160010436
3167,one_hop,0.1,0.01,0.5,0.8,0.5,0.0,83.26825277617881,0.5838009178414811,False,0.2533317580000584
3167,sagereg,0.1,0.01,0.5,0.8,0.5,0.0,83.26825735566943,0.5838009904444375,False,0.2838693099984084
3168,one_hop,0.1,0.01,0.5,0.8,0.5,0.0,166.769778797114,0.4540299633622965,False,0.2633416820008278
3168,sagereg,0.1,0.01,0.5,0.8,0.5,0.0,166.76977954961973,0.4540299612464218,False,0.2912435289999848
3169,one_hop,0.1,0.01,0.5,0.8,0.5,0.0,80.47590595875839,0.533455003041085,False,0.2570309069997165
3169,sagereg,0.1,0.01,0.5,0.8,0.5,0.0,80.47590313384866,0.5334549602692231,False,0.2848046279996197
3170,one_hop,0.1,0.01,0.5,0.8,0.5,0.0,95.18518298114734,0.380433016452502,False,0.2561091620009392
3170,sagereg,0.1,0.01,0.5,0.8,0.5,0.0,95.18518272076489,0.3804329222436201,False,0.285442915999738
3171,one_hop,0.1,0.01,0.5,0.8,0.5,0.0,84.96825197332691,0.5324437385324842,False,0.2623949609987903
3171,sagereg,0.1,0.01,0.5,0.8,0.5,0.0,84.96825168526168,0.5324437303044336,False,0.2924646480005322
3172,one_hop,0.1,0.01,0.5,0.8,0.5,0.0,89.47238945686821,0.4518483853377767,False,0.2582482319994597
3172,sagereg,0.1,0.01,0.5,0.8,0.5,0.0,89.47238999729352,0.4518483915881884,False,0.2858749909992184
3173,one_hop,0.1,0.01,0.5,0.8,0.5,0.0,139.19997922887677,0.6858699311170392,False,0.2601546059995598
3173,sagereg,0.1,0.01,0.5,0.8,0.5,0.0,139.19997747865474,0.6858698783496029,False,0.2912431220011058
3174,one_hop,0.1,0.01,0.5,0.8,0.5,0.0,154.7545640921449,0.9103884615249264,False,0.2547210229986376
3174,sagereg,0.1,0.01,0.5,0.8,0.5,0.0,154.7545833954318,0.9103883071717456,False,0.2849548530011816
3175,one_hop,0.1,0.01,0.5,0.8,0.5,0.0,47.855634774877046,0.5595082607062264,False,0.2582212300003448
3175,sagereg,0.1,0.01,0.5,0.8,0.5,0.0,47.85564121896891,0.5595082742495052,False,0.2868822049986193
3176,one_hop,0.1,0.01,0.5,0.8,0.5,0.0,170.4249602648249,1.0476739508122257,False,0.2603188740013138
3176,sagereg,0.1,0.01,0.5,0.8,0.5,0.0,170.42496324851697,1.0476739254659928,False,0.284594938999362
3177,one_hop,0.1,0.01,0.5,0.8,0.5,0.0,118.98919641689452,1.0900355118983491,False,0.252672786000403
3177,sagereg,0.1,0.01,0.5,0.8,0.5,0.0,118.98919680278937,1.0900354921276547,False,0.2824349620004796
3178,one_hop,0.1,0.01,0.5,0.8,0.5,0.0,78.1121501470862,0.3983699875394646,False,0.2556788649999362
3178,sagereg,0.1,0.01,0.5,0.8,0.5,0.0,78.11215319399975,0.3983699758038474,False,0.2850699269984034
3179,one_hop,0.1,0.01,0.5,0.8,0.5,0.0,124.41867240709368,0.7169561498449485,False,0.2586840579988347
3179,sagereg,0.1,0.01,0.5,0.8,0.5,0.0,124.41866888573831,0.7169561579005287,False,0.2866228430011688
3180,one_hop,0.1,0.01,0.5,0.8,0.5,0.25,81.09064591239841,0.5595954375143929,False,0.2461194509996858
3180,sagereg,0.1,0.01,0.5,0.8,0.5,0.25,81.09064542542227,0.5595954545096472,False,0.275118517998635
3181,one_hop,0.1,0.01,0.5,0.8,0.5,0.25,142.52582449477688,0.6955035074379233,False,0.2468855860006442
3181,sagereg,0.1,0.01,0.5,0.8,0.5,0.25,142.52582251052922,0.6955035266240607,False,0.2788824569997814
3182,one_hop,0.1,0.01,0.5,0.8,0.5,0.25,88.8220784595576,0.6480967797490291,False,0.2453037289997155
3182,sagereg,0.1,0.01,0.5,0.8,0.5,0.25,88.82207842221737,0.6480968266925237,False,0.2760476420007762
3183,one_hop,0.1,0.01,0.5,0.8,0.5,0.25,179.7944751558465,1.0910502006025065,False,0.2487129759992967
3183,sagereg,0.1,0.01,0.5,0.8,0.5,0.25,179.79447707011957,1.091050245775326,False,0.2782304849988577
3184,one_hop,0.1,0.01,0.5,0.8,0.5,0.25,160.12283979492486,0.9373653699194564,False,0.2516523600006621
3184,sagereg,0.1,0.01,0.5,0.8,0.5,0.25,160.1228415397023,0.9373654457094018,False,0.2798496790001081
3185,one_hop,0.1,0.01,0.5,0.8,0.5,0.25,162.0392337040348,0.5218285370664776,False,0.2475349449996429
3185,sagereg,0.1,0.01,0.5,0.8,0.5,0.25,162.0392338104774,0.5218285707416572,False,0.277355116999388
3186,one_hop,0.1,0.01,0.5,0.8,0.5,0.25,154.51515926860483,0.2868615371698303,False,0.248020261999045
3186,sagereg,0.1,0.01,0.5,0.8,0.5,0.25,154.51515824780282,0.2868614914875649,False,0.2780468319997453
3187,one_hop,0.1,0.01,0.5,0.8,0.5,0.25,36.78180534270209,0.6635895837008828,False,0.2443048160002945
3187,sagereg,0.1,0.01,0.5,0.8,0.5,0.25,36.78180439312328,0.6635895862959434,False,0.2770636819986976
3188,one_hop,0.1,0.01,0.5,0.8,0.5,0.25,152.59517541808142,0.2863402039886804,False,0.2503012580000359
3188,sagereg,0.1,0.01,0.5,0.8,0.5,0.25,152.5951730179966,0.2863402195602921,False,0.2804340200000297
3189,one_hop,0.1,0.01,0.5,0.8,0.5,0.25,136.03088869313868,0.3047220097941032,False,0.2490874279992567
3189,sagereg,0.1,0.01,0.5,0.8,0.5,0.25,136.03088097622657,0.3047220106177477,False,0.2786442500000703
3190,one_hop,0.1,0.01,0.5,0.8,0.5,0.25,152.2165400910057,0.6546317842890205,False,0.2460351539994008
3190,sagereg,0.1,0.01,0.5,0.8,0.5,0.25,152.21653681275438,0.6546318346773702,False,0.2751530979985546
3191,one_hop,0.1,0.01,0.5,0.8,0.5,0.25,168.91339603739874,0.5670422075625039,False,0.2497584089996962
3191,sagereg,0.1,0.01,0.5,0.8,0.5,0.25,168.91339701690126,0.567042247645476,False,0.280153818999679
3192,one_hop,0.1,0.01,0.5,0.8,0.5,0.25,140.7617322448782,0.6928033837916268,False,0.2473278519992163
3192,sagereg,0.1,0.01,0.5,0.8,0.5,0.25,140.76173318275883,0.692803448271831,False,0.2779962479999085
3193,one_hop,0.1,0.01,0.5,0.8,0.5,0.25,82.15565921868463,0.4445982208887451,False,0.2432130109991703
3193,sagereg,0.1,0.01,0.5,0.8,0.5,0.25,82.15565936748705,0.4445982777482601,False,0.2739016640007321
3194,one_hop,0.1,0.01,0.5,0.8,0.5,0.25,153.2859424648061,0.7346347695870066,False,0.2446735940011422
3194,sagereg,0.1,0.01,0.5,0.8,0.5,0.25,153.28594399676413,0.7346347768834529,False,0.2733774150001409
3195,one_hop,0.1,0.01,0.5,0.8,0.5,0.25,105.92531087336651,0.6651758100469594,False,0.2469965489999595
3195,sagereg,0.1,0.01,0.5,0.8,0.5,0.25,105.9253071783085,0.6651757888055773,False,0.2772819879992312
3196,one_hop,0.1,0.01,0.5,0.8,0.5,0.25,81.89691009289886,0.6843764395392813,False,0.2445601819999865
3196,sagereg,0.1,0.01,0.5,0.8,0.5,0.25,81.89690977076873,0.6843764294212313,False,0.2747422700012976
3197,one_hop,0.1,0.01,0.5,0.8,0.5,0.25,88.81974727912575,0.422612319748429,False,0.2545766919993184
3197,sagereg,0.1,0.01,0.5,0.8,0.5,0.25,88.81974580629364,0.422612322817872,False,0.2845158449999871
3198,one_hop,0.1,0.01,0.5,0.8,0.5,0.25,117.5722872939224,0.2000104252064677,False,0.2468822169994382
3198,sagereg,0.1,0.01,0.5,0.8,0.5,0.25,117.57228403387388,0.2000103588455182,False,0.2778073490007955
3199,one_hop,0.1,0.01,0.5,0.8,0.5,0.25,75.785833259317,0.534102159463288,False,0.244261602001643
3199,sagereg,0.1,0.01,0.5,0.8,0.5,0.25,75.78583175285186,0.534102162937413,False,0.2788944410003751
3200,one_hop,0.1,0.01,0.5,0.8,1.0,0.0,149.42949271640057,0.8689374271890412,False,0.2497837480004818
3200,sagereg,0.1,0.01,0.5,0.8,1.0,0.0,149.42949077820788,0.868937401432896,False,0.2774205160003475
3201,one_hop,0.1,0.01,0.5,0.8,1.0,0.0,32.2250859261829,0.7239299677131378,False,0.2553705110003648
3201,sagereg,0.1,0.01,0.5,0.8,1.0,0.0,32.2250732949093,0.7239298689707812,False,0.2845699520003109
3202,one_hop,0.1,0.01,0.5,0.8,1.0,0.0,135.52265766764543,0.7392363666052961,False,0.2525094939992414
3202,sagereg,0.1,0.01,0.5,0.8,1.0,0.0,135.52265793788175,0.7392362704984224,False,0.2802504080009385
3203,one_hop,0.1,0.01,0.5,0.8,1.0,0.0,105.4077653282912,0.848915472061523,False,0.2548031490005087
3203,sagereg,0.1,0.01,0.5,0.8,1.0,0.0,105.40776581116782,0.8489154745922112,False,0.2833155329990404
3204,one_hop,0.1,0.01,0.5,0.8,1.0,0.0,179.34652892508592,0.7374405682571258,False,0.252343694000956
3204,sagereg,0.1,0.01,0.5,0.8,1.0,0.0,179.34652733499158,0.7374405826170226,False,0.2824627360005252
3205,one_hop,0.1,0.01,0.5,0.8,1.0,0.0,142.08645823910229,0.5655072200404289,False,0.2529638380001415
3205,sagereg,0.1,0.01,0.5,0.8,1.0,0.0,142.08646052515007,0.5655072256603985,False,0.2807383250001294
3206,one_hop,0.1,0.01,0.5,0.8,1.0,0.0,125.95454985629728,0.5305272612228855,False,0.247848964001605
3206,sagereg,0.1,0.01,0.5,0.8,1.0,0.0,125.95455120645931,0.5305272685356779,False,0.276019515000371
3207,one_hop,0.1,0.01,0.5,0.8,1.0,0.0,174.95509058205045,0.2547407727478496,False,0.2586999609993654
3207,sagereg,0.1,0.01,0.5,0.8,1.0,0.0,174.9550889867089,0.254740846061661,False,0.2864578780008742
3208,one_hop,0.1,0.01,0.5,0.8,1.0,0.0,141.34680427130084,0.7942609011481334,False,0.2552094330003456
3208,sagereg,0.1,0.01,0.5,0.8,1.0,0.0,141.34680582342185,0.79426090329651,False,0.2837968860003457
3209,one_hop,0.1,0.01,0.5,0.8,1.0,0.0,124.4405929975255,0.9700589348338716,False,0.2589184030002798
3209,sagereg,0.1,0.01,0.5,0.8,1.0,0.0,124.44059185754358,0.9700588869810892,False,0.2868824399993173
3210,one_hop,0.1,0.01,0.5,0.8,1.0,0.0,59.39757725651217,0.3885566287940502,False,0.2526314699989598
3210,sagereg,0.1,0.01,0.5,0.8,1.0,0.0,59.39757495173176,0.3885566092623362,False,0.2800733210006001
3211,one_hop,0.1,0.01,0.5,0.8,1.0,0.0,156.73917536315568,0.933763775816629,False,0.2569009199996799
3211,sagereg,0.1,0.01,0.5,0.8,1.0,0.0,156.7391830586172,0.933763728387638,False,0.2831728670007578
3212,one_hop,0.1,0.01,0.5,0.8,1.0,0.0,48.66634721554104,0.6820113522809574,False,0.2556518180008424
3212,sagereg,0.1,0.01,0.5,0.8,1.0,0.0,48.666350796217074,0.682011429807267,False,0.2833032070011541
3213,one_hop,0.1,0.01,0.5,0.8,1.0,0.0,154.6347955325844,0.7727035553167694,False,0.2587159659997269
3213,sagereg,0.1,0.01,0.5,0.8,1.0,0.0,154.63479448774925,0.7727035755054099,False,0.2876432419998309
3214,one_hop,0.1,0.01,0.5,0.8,1.0,0.0,108.049423868564,0.3073009070272561,False,0.2508848819998093
3214,sagereg,0.1,0.01,0.5,0.8,1.0,0.0,108.04943235920364,0.3073007150735556,False,0.2807784889992035
3215,one_hop,0.1,0.01,0.5,0.8,1.0,0.0,120.82970464231796,0.4851988335209299,False,0.2496987729991815
3215,sagereg,0.1,0.01,0.5,0.8,1.0,0.0,120.82970669893912,0.4851988462202599,False,0.2784892740000941
3216,one_hop,0.1,0.01,0.5,0.8,1.0,0.0,109.03495291583144,0.7973593845898453,False,0.2493426729997736
3216,sagereg,0.1,0.01,0.5,0.8,1.0,0.0,109.03494550577528,0.7973592432846758,False,0.2782923710001341
3217,one_hop,0.1,0.01,0.5,0.8,1.0,0.0,163.8329131658656,0.6725844624153696,False,0.2539223080002557
3217,sagereg,0.1,0.01,0.5,0.8,1.0,0.0,163.8329144738509,0.6725844319551347,False,0.2843705649993353
3218,one_hop,0.1,0.01,0.5,0.8,1.0,0.0,34.997036595931526,0.6128073841898125,False,0.2535796869997284
3218,sagereg,0.1,0.01,0.5,0.8,1.0,0.0,34.997034923269105,0.6128072299104472,False,0.2827941770010511
3219,one_hop,0.1,0.01,0.5,0.8,1.0,0.0,162.7061599315543,0.5873821391635049,False,0.2508897740008251
3219,sagereg,0.1,0.01,0.5,0.8,1.0,0.0,162.7061602919678,0.5873821617850182,False,0.2781804810001631
3220,one_hop,0.1,0.01,0.5,0.8,1.0,0.25,141.05212776034426,0.6937398138374109,False,0.2430179240000143
3220,sagereg,0.1,0.01,0.5,0.8,1.0,0.25,141.0521254929008,0.6937398617294244,False,0.2730857580008887
3221,one_hop,0.1,0.01,0.5,0.8,1.0,0.25,126.2392475539544,0.6066031598853994,False,0.2461787829997774
3221,sagereg,0.1,0.01,0.5,0.8,1.0,0.25,126.23924723659822,0.6066031141807229,False,0.2777252269988821
3222,one_hop,0.1,0.01,0.5,0.8,1.0,0.25,160.48312685178993,0.3927314954767678,False,0.2429461740011902
3222,sagereg,0.1,0.01,0.5,0.8,1.0,0.25,160.48312801042715,0.3927314658903658,False,0.27364445800049
3223,one_hop,0.1,0.01,0.5,0.8,1.0,0.25,85.49017595649222,0.148968471782172,False,0.2428557399998681
3223,sagereg,0.1,0.01,0.5,0.8,1.0,0.25,85.49017459390156,0.1489683959344416,False,0.2730858030008676
3224,one_hop,0.1,0.01,0.5,0.8,1.0,0.25,145.81212138783,0.6764359587850126,False,0.2420889220011304
3224,sagereg,0.1,0.01,0.5,0.8,1.0,0.25,145.81212120152702,0.6764359371968004,False,0.2724589350000315
3225,one_hop,0.1,0.01,0.5,0.8,1.0,0.25,175.22449887038022,0.8493016773226405,False,0.2442104749989084
3225,sagereg,0.1,0.01,0.5,0.8,1.0,0.25,175.2244968363677,0.8493016230260414,False,0.2753212150000763
3226,one_hop,0.1,0.01,0.5,0.8,1.0,0.25,78.92533404985929,0.9090822170603288,False,0.238643258000593
3226,sagereg,0.1,0.01,0.5,0.8,1.0,0.25,78.92533385505759,0.909082218957613,False,0.2695552719997067
3227,one_hop,0.1,0.01,0.5,0.8,1.0,0.25,69.8189728648381,0.937304445675598,False,0.241899196000304
3227,sagereg,0.1,0.01,0.5,0.8,1.0,0.25,69.81897155718728,0.9373044979604876,False,0.2686638199993467
3228,one_hop,0.1,0.01,0.5,0.8,1.0,0.25,101.69992937518116,0.9057894859816396,False,0.2392703090008581
3228,sagereg,0.1,0.01,0.5,0.8,1.0,0.25,101.69992968282966,0.9057894009994608,False,0.2705678859983891
3229,one_hop,0.1,0.01,0.5,0.8,1.0,0.25,65.07760656911775,0.7249179357681896,False,0.2499425389996759
3229,sagereg,0.1,0.01,0.5,0.8,1.0,0.25,65.07760950342669,0.724917939551896,False,0.2803447989990673
3230,one_hop,0.1,0.01,0.5,0.8,1.0,0.25,123.56922234862328,0.5452699848612348,False,0.2447390800007269
3230,sagereg,0.1,0.01,0.5,0.8,1.0,0.25,123.56922238040244,0.5452699735728006,False,0.2747775440002442
3231,one_hop,0.1,0.01,0.5,0.8,1.0,0.25,160.40784813599046,0.399286976877248,False,0.2480683609992411
3231,sagereg,0.1,0.01,0.5,0.8,1.0,0.25,160.40784629421216,0.3992870028180493,False,0.2782591089999187
3232,one_hop,0.1,0.01,0.5,0.8,1.0,0.25,36.7132823991706,0.491659769969115,False,0.244781483999759
3232,sagereg,0.1,0.01,0.5,0.8,1.0,0.25,36.71328254152371,0.4916597711130837,False,0.274644029999763
3233,one_hop,0.1,0.01,0.5,0.8,1.0,0.25,146.40219507003368,0.8673485929669277,False,0.2453116310007317
3233,sagereg,0.1,0.01,0.5,0.8,1.0,0.25,146.4021927853768,0.8673485567691679,False,0.2762922340007208
3234,one_hop,0.1,0.01,0.5,0.8,1.0,0.25,31.6261072480778,0.59305821901693,False,0.2426520899989555
3234,sagereg,0.1,0.01,0.5,0.8,1.0,0.25,31.62610282875953,0.5930583523800503,False,0.2722712169997976
3235,one_hop,0.1,0.01,0.5,0.8,1.0,0.25,124.84236836907446,0.4281224919105202,False,0.2439254870005243
3235,sagereg,0.1,0.01,0.5,0.8,1.0,0.25,124.84236671645236,0.4281226008577913,False,0.2751193499989313
3236,one_hop,0.1,0.01,0.5,0.8,1.0,0.25,37.163505988392274,1.1099653778676966,False,0.2392158359998575
3236,sagereg,0.1,0.01,0.5,0.8,1.0,0.25,37.16350835823588,1.109965378515801,False,0.2697684220001974
3237,one_hop,0.1,0.01,0.5,0.8,1.0,0.25,178.89699928913186,0.6948949978795561,False,0.2452840610003477
3237,sagereg,0.1,0.01,0.5,0.8,1.0,0.25,178.89699867923358,0.6948950103134782,False,0.2743673900004069
3238,one_hop,0.1,0.01,0.5,0.8,1.0,0.25,98.95927292465512,0.7196658238401602,False,0.2418514110013347
3238,sagereg,0.1,0.01,0.5,0.8,1.0,0.25,98.95927164040164,0.719665786733156,False,0.2723339080002915
3239,one_hop,0.1,0.01,0.5,0.8,1.0,0.25,57.91808278742914,0.8922568072965498,False,0.2461393470002804
3239,sagereg,0.1,0.01,0.5,0.8,1.0,0.25,57.91808354541703,0.8922567391454249,False,0.2762985680001293
3240,one_hop,0.1,0.01,0.75,0.055,0.0,0.0,0.3147709325180127,0.0030830280781982,True,0.2409897850011475
3240,sagereg,0.1,0.01,0.75,0.055,0.0,0.0,0.314770947477805,0.0030830276956105,True,0.2650587610005459
3241,one_hop,0.1,0.01,0.75,0.055,0.0,0.0,0.1921886850124954,0.00219243785513,True,0.2438183759986714
3241,sagereg,0.1,0.01,0.75,0.055,0.0,0.0,0.1921887827336356,0.0021924398300722,True,0.2692859609996958
3242,one_hop,0.1,0.01,0.75,0.055,0.0,0.0,0.5316848635115192,0.0090939917928347,True,0.2351930389995686
3242,sagereg,0.1,0.01,0.75,0.055,0.0,0.0,0.5316848744013714,0.0090939919052676,True,0.2597806619996845
3243,one_hop,0.1,0.01,0.75,0.055,0.0,0.0,0.2524937490200629,0.0018933028625341,True,0.2409336860000621
3243,sagereg,0.1,0.01,0.75,0.055,0.0,0.0,0.2524937200179616,0.0018933022547189,True,0.2661483829997451
3244,one_hop,0.1,0.01,0.75,0.055,0.0,0.0,0.1485496521187179,0.0019942060325005,True,0.2389979920008045
3244,sagereg,0.1,0.01,0.75,0.055,0.0,0.0,0.1485496180201061,0.0019942059849909,True,0.2654363970013946
3245,one_hop,0.1,0.01,0.75,0.055,0.0,0.0,0.2869796034957438,0.0021551931437345,True,0.2377978790009365
3245,sagereg,0.1,0.01,0.75,0.055,0.0,0.0,0.2869796594167078,0.0021551920188322,True,0.2615002370002912
3246,one_hop,0.1,0.01,0.75,0.055,0.0,0.0,0.1046565209781881,0.0024212621587858,True,0.2393029939994448
3246,sagereg,0.1,0.01,0.75,0.055,0.0,0.0,0.104656530213742,0.0024212620912303,True,0.2653287909997743
3247,one_hop,0.1,0.01,0.75,0.055,0.0,0.0,0.128723369689675,0.0032495352399305,True,0.2347278090001054
3247,sagereg,0.1,0.01,0.75,0.055,0.0,0.0,0.128723444200301,0.0032495357045608,True,0.2603285820005112
3248,one_hop,0.1,0.01,0.75,0.055,0.0,0.0,0.3282265987935283,0.0017400408708127,True,0.2354039629990438
3248,sagereg,0.1,0.01,0.75,0.055,0.0,0.0,0.328226691184225,0.001740041265731,True,0.2586008460002631
3249,one_hop,0.1,0.01,0.75,0.055,0.0,0.0,0.1193174993283502,0.0033243352552541,True,0.239763984000092
3249,sagereg,0.1,0.01,0.75,0.055,0.0,0.0,0.1193174793269513,0.00332433536837,True,0.2661361570008012
3250,one_hop,0.1,0.01,0.75,0.055,0.0,0.0,0.2064290780266169,0.0014669562220451,True,0.2412091520000103
3250,sagereg,0.1,0.01,0.75,0.055,0.0,0.0,0.2064288570121302,0.0014669573139816,True,0.2665678639987163
3251,one_hop,0.1,0.01,0.75,0.055,0.0,0.0,0.2101631873297947,0.0023165151751423,True,0.2442491660003725
3251,sagereg,0.1,0.01,0.75,0.055,0.0,0.0,0.2101631046430006,0.0023165151440549,True,0.2705297769989556
3252,one_hop,0.1,0.01,0.75,0.055,0.0,0.0,0.1990286176564657,0.0026003016403414,True,0.2426717430007556
3252,sagereg,0.1,0.01,0.75,0.055,0.0,0.0,0.1990284097944225,0.0026003019441694,True,0.268820000001142
3253,one_hop,0.1,0.01,0.75,0.055,0.0,0.0,0.2758500922432331,0.0028750060517065,True,0.243594703000781
3253,sagereg,0.1,0.01,0.75,0.055,0.0,0.0,0.2758500533351465,0.0028750059506912,True,0.2672790239994356
3254,one_hop,0.1,0.01,0.75,0.055,0.0,0.0,0.4014793658784409,0.0053238090110078,True,0.2445438550003018
3254,sagereg,0.1,0.01,0.75,0.055,0.0,0.0,0.4014796202780897,0.0053238137346573,True,0.2683957749995898
3255,one_hop,0.1,0.01,0.75,0.055,0.0,0.0,0.0994998279725107,0.0020284779114708,True,0.23561447999964
3255,sagereg,0.1,0.01,0.75,0.055,0.0,0.0,0.0994998568220596,0.0020284784176093,True,0.2594729250013188
3256,one_hop,0.1,0.01,0.75,0.055,0.0,0.0,0.1537714915701045,0.0022686699541376,True,0.2429058279994933
3256,sagereg,0.1,0.01,0.75,0.055,0.0,0.0,0.153771330421905,0.0022686694436777,True,0.2686646189995372
3257,one_hop,0.1,0.01,0.75,0.055,0.0,0.0,0.1616818829777179,0.001739238582146,True,0.2458081130007485
3257,sagereg,0.1,0.01,0.75,0.055,0.0,0.0,0.1616818537090297,0.0017392384211288,True,0.2698504959989805
3258,one_hop,0.1,0.01,0.75,0.055,0.0,0.0,0.1252984399488889,0.0023430968080162,True,0.2399627810009406
3258,sagereg,0.1,0.01,0.75,0.055,0.0,0.0,0.1252984608513467,0.0023430973321412,True,0.2653382730004523
3259,one_hop,0.1,0.01,0.75,0.055,0.0,0.0,0.0851018051424077,0.001659902014769,True,0.2323908689995732
3259,sagereg,0.1,0.01,0.75,0.055,0.0,0.0,0.0851019722957277,0.0016599030624445,True,0.2579863119990477
3260,one_hop,0.1,0.01,0.75,0.055,0.0,0.25,0.3340946184649682,0.0013190332368299,True,0.2428069380002853
3260,sagereg,0.1,0.01,0.75,0.055,0.0,0.25,0.3340946116795149,0.0013190331333809,True,0.2683461600008741
3261,one_hop,0.1,0.01,0.75,0.055,0.0,0.25,0.333582468150483,0.0049553360671746,True,0.243111586998566
3261,sagereg,0.1,0.01,0.75,0.055,0.0,0.25,0.3335824575414947,0.004955335521032,True,0.2685267879987805
3262,one_hop,0.1,0.01,0.75,0.055,0.0,0.25,0.2364417495053143,0.0021407027349178,True,0.2411799309993512
3262,sagereg,0.1,0.01,0.75,0.055,0.0,0.25,0.236441698328801,0.0021407029644481,True,0.2649811989995214
3263,one_hop,0.1,0.01,0.75,0.055,0.0,0.25,0.216908747535024,0.0020028700292297,True,0.2439721299997472
3263,sagereg,0.1,0.01,0.75,0.055,0.0,0.25,0.2169091508636633,0.0020028770165469,True,0.2699826970001595
3264,one_hop,0.1,0.01,0.75,0.055,0.0,0.25,0.1646126771946614,0.0027430541652037,True,0.2362970279991714
3264,sagereg,0.1,0.01,0.75,0.055,0.0,0.25,0.1646126465651107,0.0027430541393924,True,0.2635635790011292
3265,one_hop,0.1,0.01,0.75,0.055,0.0,0.25,0.0844281486782105,0.0011978053428711,True,0.2394358719993761
3265,sagereg,0.1,0.01,0.75,0.055,0.0,0.25,0.0844283236491684,0.001197805948576,True,0.2654445909993228
3266,one_hop,0.1,0.01,0.75,0.055,0.0,0.25,0.2569346968213433,0.0022429724391331,True,0.2367860869999276
3266,sagereg,0.1,0.01,0.75,0.055,0.0,0.25,0.2569346695290969,0.0022429723971483,True,0.2635357030012528
3267,one_hop,0.1,0.01,0.75,0.055,0.0,0.25,0.1971910850872318,0.0032105562356649,True,0.2352412050004204
3267,sagereg,0.1,0.01,0.75,0.055,0.0,0.25,0.1971910697760334,0.0032105564178218,True,0.2633888939999451
3268,one_hop,0.1,0.01,0.75,0.055,0.0,0.25,0.2298402921091337,0.0043457049657291,True,0.2407043929997598
3268,sagereg,0.1,0.01,0.75,0.055,0.0,0.25,0.2298403101262492,0.0043457053166979,True,0.2678355609987193
3269,one_hop,0.1,0.01,0.75,0.055,0.0,0.25,0.0903770329223485,0.0016018772935429,True,0.2478536729995539
3269,sagereg,0.1,0.01,0.75,0.055,0.0,0.25,0.0903770211790799,0.0016018771813213,True,0.2722272610008076
3270,one_hop,0.1,0.01,0.75,0.055,0.0,0.25,0.3649967872444644,0.0023539361499031,True,0.2417224479995638
3270,sagereg,0.1,0.01,0.75,0.055,0.0,0.25,0.3649968032651846,0.0023539368561803,True,0.268983396999829
3271,one_hop,0.1,0.01,0.75,0.055,0.0,0.25,0.1475380953325021,0.0016871789922544,True,0.2394128439991618
3271,sagereg,0.1,0.01,0.75,0.055,0.0,0.25,0.1475381274761979,0.0016871788686476,True,0.2632705849991907
3272,one_hop,0.1,0.01,0.75,0.055,0.0,0.25,0.086049371356886,0.0021408634153284,True,0.2358525009985896
3272,sagereg,0.1,0.01,0.75,0.055,0.0,0.25,0.0860494220477167,0.0021408634242783,True,0.2616427559987642
3273,one_hop,0.1,0.01,0.75,0.055,0.0,0.25,0.1545644302738632,0.00108780788802,True,0.2466346959990915
3273,sagereg,0.1,0.01,0.75,0.055,0.0,0.25,0.154564368956043,0.0010878079926473,True,0.2721703780007374
3274,one_hop,0.1,0.01,0.75,0.055,0.0,0.25,0.2715949890486798,0.0024142828509466,True,0.2402007309992768
3274,sagereg,0.1,0.01,0.75,0.055,0.0,0.25,0.2715948707587087,0.002414281817628,True,0.2626517940007034
3275,one_hop,0.1,0.01,0.75,0.055,0.0,0.25,0.1182506382106526,0.0013110319525677,True,0.2378236139993532
3275,sagereg,0.1,0.01,0.75,0.055,0.0,0.25,0.118250619995206,0.0013110319617891,True,0.2650589040003979
3276,one_hop,0.1,0.01,0.75,0.055,0.0,0.25,0.1110364067747999,0.0014851137772887,True,0.2391935769992415
3276,sagereg,0.1,0.01,0.75,0.055,0.0,0.25,0.1110363157080953,0.0014851144220848,True,0.2644391080011701
3277,one_hop,0.1,0.01,0.75,0.055,0.0,0.25,0.3669329660478987,0.0037438238374841,True,0.2452479690000473
3277,sagereg,0.1,0.01,0.75,0.055,0.0,0.25,0.3669328215732941,0.0037438224536075,True,0.2709212600002502
3278,one_hop,0.1,0.01,0.75,0.055,0.0,0.25,0.1113459778778601,0.002156734089532,True,0.2360619869996298
3278,sagereg,0.1,0.01,0.75,0.055,0.0,0.25,0.1113459620025213,0.0021567337492651,True,0.2626544480008306
3279,one_hop,0.1,0.01,0.75,0.055,0.0,0.25,0.1022962254571334,0.0018456224325942,True,0.2365114410004025
3279,sagereg,0.1,0.01,0.75,0.055,0.0,0.25,0.1022962013295894,0.0018456221228183,True,0.2639789630011364
3280,one_hop,0.1,0.01,0.75,0.055,0.5,0.0,0.2399293954004487,0.002189455624559,True,0.2366934170004242
3280,sagereg,0.1,0.01,0.75,0.055,0.5,0.0,0.2399293742035639,0.0021894554730659,True,0.2612246839998988
3281,one_hop,0.1,0.01,0.75,0.055,0.5,0.0,0.152596683195278,0.004659998844245,True,0.2356412789995374
3281,sagereg,0.1,0.01,0.75,0.055,0.5,0.0,0.1525963616991178,0.0046599994338448,True,0.2591241919999447
3282,one_hop,0.1,0.01,0.75,0.055,0.5,0.0,0.1572947558445206,0.0014551985951482,True,0.2365469249998568
3282,sagereg,0.1,0.01,0.75,0.055,0.5,0.0,0.1572947715450816,0.0014551986026932,True,0.2618459739987884
3283,one_hop,0.1,0.01,0.75,0.055,0.5,0.0,0.1035640771328069,0.0015351835147198,True,0.2385807069986185
3283,sagereg,0.1,0.01,0.75,0.055,0.5,0.0,0.1035640173482563,0.0015351830728498,True,0.2612102389994106
3284,one_hop,0.1,0.01,0.75,0.055,0.5,0.0,0.1136256492993707,0.001748986312651,True,0.2336485910000192
3284,sagereg,0.1,0.01,0.75,0.055,0.5,0.0,0.1136256319206247,0.0017489875227016,True,0.2589504869993106
3285,one_hop,0.1,0.01,0.75,0.055,0.5,0.0,0.1303657702662735,0.0020848027250407,True,0.2311155179995694
3285,sagereg,0.1,0.01,0.75,0.055,0.5,0.0,0.1303655268714359,0.0020848014981631,True,0.2554595110013906
3286,one_hop,0.1,0.01,0.75,0.055,0.5,0.0,0.0573266326289973,0.0022562684640058,True,0.2310022250003385
3286,sagereg,0.1,0.01,0.75,0.055,0.5,0.0,0.0573266023282536,0.0022562690821638,True,0.2560367459991539
3287,one_hop,0.1,0.01,0.75,0.055,0.5,0.0,0.0471600435222657,0.0014060798187022,True,0.2279516889993829
3287,sagereg,0.1,0.01,0.75,0.055,0.5,0.0,0.0471600312497979,0.0014060824341899,True,0.2541344500004925
3288,one_hop,0.1,0.01,0.75,0.055,0.5,0.0,0.5322923727877146,0.0054115468205857,True,0.2271902909997152
3288,sagereg,0.1,0.01,0.75,0.055,0.5,0.0,0.5322917936409185,0.0054115415009758,True,0.2518302009993931
3289,one_hop,0.1,0.01,0.75,0.055,0.5,0.0,0.2896896169465709,0.0037391176287966,True,0.2362488880007731
3289,sagereg,0.1,0.01,0.75,0.055,0.5,0.0,0.2896899177267901,0.003739120472522,True,0.2604784670002118
3290,one_hop,0.1,0.01,0.75,0.055,0.5,0.0,0.1459092556200465,0.0013679616440042,True,0.2307364450007298
3290,sagereg,0.1,0.01,0.75,0.055,0.5,0.0,0.1459092247661193,0.0013679617601056,True,0.2578347790004045
3291,one_hop,0.1,0.01,0.75,0.055,0.5,0.0,0.2829481570576179,0.005259601944794,True,0.2362121649985056
3291,sagereg,0.1,0.01,0.75,0.055,0.5,0.0,0.282948157763498,0.0052596016533444,True,0.2623361259993544
3292,one_hop,0.1,0.01,0.75,0.055,0.5,0.0,0.0953825383473615,0.0011053355480441,True,0.2312474549999024
3292,sagereg,0.1,0.01,0.75,0.055,0.5,0.0,0.0953826162669166,0.0011053353110634,True,0.2565178379991266
3293,one_hop,0.1,0.01,0.75,0.055,0.5,0.0,0.2026824579149884,0.0029617750805023,True,0.2387668510000367
3293,sagereg,0.1,0.01,0.75,0.055,0.5,0.0,0.2026825259484275,0.0029617751997275,True,0.2636313500006508
3294,one_hop,0.1,0.01,0.75,0.055,0.5,0.0,0.1788409163941908,0.0026204645869663,True,0.2282308649992046
3294,sagereg,0.1,0.01,0.75,0.055,0.5,0.0,0.1788408053921721,0.0026204643143653,True,0.2529594950010505
3295,one_hop,0.1,0.01,0.75,0.055,0.5,0.0,0.3516984777408,0.0010446258460878,True,0.2365492279986938
3295,sagereg,0.1,0.01,0.75,0.055,0.5,0.0,0.3516984708970395,0.0010446260252347,True,0.2615279790006752
3296,one_hop,0.1,0.01,0.75,0.055,0.5,0.0,0.1486323266377343,0.0028151756346828,True,0.2238919929986877
3296,sagereg,0.1,0.01,0.75,0.055,0.5,0.0,0.1486323567400247,0.0028151759134588,True,0.2487932339990948
3297,one_hop,0.1,0.01,0.75,0.055,0.5,0.0,0.1471068921509596,0.0019008681145642,True,0.2328234550004708
3297,sagereg,0.1,0.01,0.75,0.055,0.5,0.0,0.1471069222086294,0.0019008675341732,True,0.2572442820001015
3298,one_hop,0.1,0.01,0.75,0.055,0.5,0.0,0.1204225169907207,0.0032004437413756,True,0.234947844999624
3298,sagereg,0.1,0.01,0.75,0.055,0.5,0.0,0.1204224721977454,0.0032004444212458,True,0.2611894410001696
3299,one_hop,0.1,0.01,0.75,0.055,0.5,0.0,0.1552726149453821,0.0007688876216658,True,0.2294553929987159
3299,sagereg,0.1,0.01,0.75,0.055,0.5,0.0,0.1552722207272943,0.0007688840462019,True,0.2539811240003473
3300,one_hop,0.1,0.01,0.75,0.055,0.5,0.25,0.2424683461591916,0.0018419759322411,True,0.2382213799992314
3300,sagereg,0.1,0.01,0.75,0.055,0.5,0.25,0.2424683563956292,0.0018419761101355,True,0.2645586479993653
3301,one_hop,0.1,0.01,0.75,0.055,0.5,0.25,0.2731317491555892,0.0017331663794959,True,0.2377002049997827
3301,sagereg,0.1,0.01,0.75,0.055,0.5,0.25,0.273131823009098,0.001733166109628,True,0.2641881900017324
3302,one_hop,0.1,0.01,0.75,0.055,0.5,0.25,0.1819243121279468,0.0017212813792819,True,0.2351123120006377
3302,sagereg,0.1,0.01,0.75,0.055,0.5,0.25,0.1819241334495195,0.0017212809426884,True,0.2621672759996727
3303,one_hop,0.1,0.01,0.75,0.055,0.5,0.25,0.3189988600519895,0.0028492536615759,True,0.2367653729997982
3303,sagereg,0.1,0.01,0.75,0.055,0.5,0.25,0.3189988631139769,0.0028492537271151,True,0.2619906830004765
3304,one_hop,0.1,0.01,0.75,0.055,0.5,0.25,0.1667213324346532,0.0024360169910152,True,0.2365378489994327
3304,sagereg,0.1,0.01,0.75,0.055,0.5,0.25,0.1667215076571672,0.0024360178956051,True,0.2639591110000765
3305,one_hop,0.1,0.01,0.75,0.055,0.5,0.25,0.0242179445984429,0.0011797799905962,True,0.2355538539995905
3305,sagereg,0.1,0.01,0.75,0.055,0.5,0.25,0.0242180888913416,0.0011797783772359,True,0.261500172999149
3306,one_hop,0.1,0.01,0.75,0.055,0.5,0.25,0.2576924497937246,0.0013254952316928,True,0.2349877090000518
3306,sagereg,0.1,0.01,0.75,0.055,0.5,0.25,0.2576924388749833,0.0013254954227139,True,0.26210884899956
3307,one_hop,0.1,0.01,0.75,0.055,0.5,0.25,0.0660110796395763,0.0003163216536753,True,0.2441815990005125
3307,sagereg,0.1,0.01,0.75,0.055,0.5,0.25,0.0660110919740858,0.0003163217063662,True,0.2713215299991134
3308,one_hop,0.1,0.01,0.75,0.055,0.5,0.25,0.1762760904998913,0.0012110051616104,True,0.2270056919987837
3308,sagereg,0.1,0.01,0.75,0.055,0.5,0.25,0.1762761437525286,0.0012110050318608,True,0.2519279420012026
3309,one_hop,0.1,0.01,0.75,0.055,0.5,0.25,0.2506930251350452,0.0016052736070264,True,0.2349046859999362
3309,sagereg,0.1,0.01,0.75,0.055,0.5,0.25,0.2506929685605675,0.0016052735879238,True,0.2596832449999056
3310,one_hop,0.1,0.01,0.75,0.055,0.5,0.25,0.0467793571625514,0.0022902160840617,True,0.2329753710000659
3310,sagereg,0.1,0.01,0.75,0.055,0.5,0.25,0.0467792523559499,0.0022902165792854,True,0.2594841399986762
3311,one_hop,0.1,0.01,0.75,0.055,0.5,0.25,0.2083542517333323,0.0023217848286239,True,0.2340624270000262
3311,sagereg,0.1,0.01,0.75,0.055,0.5,0.25,0.2083542012916975,0.0023217839768159,True,0.2602755500010971
3312,one_hop,0.1,0.01,0.75,0.055,0.5,0.25,0.1629045040083479,0.0003592582469089,True,0.2380912319986237
3312,sagereg,0.1,0.01,0.75,0.055,0.5,0.25,0.1629044192551682,0.0003592578740561,True,0.2649386079992837
3313,one_hop,0.1,0.01,0.75,0.055,0.5,0.25,0.168374193060947,0.0006145808656831,True,0.2389431310002692
3313,sagereg,0.1,0.01,0.75,0.055,0.5,0.25,0.1683741967970719,0.0006145804428544,True,0.2633618130003015
3314,one_hop,0.1,0.01,0.75,0.055,0.5,0.25,0.1631821646445438,0.0010711897725216,True,0.2330258160000085
3314,sagereg,0.1,0.01,0.75,0.055,0.5,0.25,0.1631822045212124,0.0010711894977997,True,0.2588861940002971
3315,one_hop,0.1,0.01,0.75,0.055,0.5,0.25,0.1114668721865972,0.0032704272883273,True,0.2356052159993851
3315,sagereg,0.1,0.01,0.75,0.055,0.5,0.25,0.1114669275755624,0.003270427393738,True,0.2618305569994845
3316,one_hop,0.1,0.01,0.75,0.055,0.5,0.25,0.0793588809536888,0.0022791858907542,True,0.2324439589992835
3316,sagereg,0.1,0.01,0.75,0.055,0.5,0.25,0.0793588585876476,0.0022791858491904,True,0.2586435580014949
3317,one_hop,0.1,0.01,0.75,0.055,0.5,0.25,0.2087657146309514,0.002935183076354,True,0.2362653560012404
3317,sagereg,0.1,0.01,0.75,0.055,0.5,0.25,0.2087657355562436,0.0029351833678961,True,0.2606536619987309
3318,one_hop,0.1,0.01,0.75,0.055,0.5,0.25,0.1862630750208968,0.0037351751234498,True,0.2310913630008144
3318,sagereg,0.1,0.01,0.75,0.055,0.5,0.25,0.1862630916373932,0.003735175229922,True,0.2582973879998462
3319,one_hop,0.1,0.01,0.75,0.055,0.5,0.25,0.1691245292623088,0.0024397985212857,True,0.2359859250009321
3319,sagereg,0.1,0.01,0.75,0.055,0.5,0.25,0.1691245273055587,0.0024397985288875,True,0.2626298260001931
3320,one_hop,0.1,0.01,0.75,0.055,1.0,0.0,0.2022036018157369,0.0019182854231558,True,0.2223672860000078
3320,sagereg,0.1,0.01,0.75,0.055,1.0,0.0,0.2022036479336721,0.00191828561581,True,0.2496817970004485
3321,one_hop,0.1,0.01,0.75,0.055,1.0,0.0,0.3470928330054613,0.0019287504049022,True,0.23740541099869
3321,sagereg,0.1,0.01,0.75,0.055,1.0,0.0,0.3470933866282009,0.0019287539668527,True,0.2605643240003701
3322,one_hop,0.1,0.01,0.75,0.055,1.0,0.0,0.2110806332075673,0.0022015449771184,True,0.2227619599998433
3322,sagereg,0.1,0.01,0.75,0.055,1.0,0.0,0.2110806950463389,0.0022015454360126,True,0.2474895280010969
3323,one_hop,0.1,0.01,0.75,0.055,1.0,0.0,69.81718110546743,0.7998447896905233,False,0.2328938210011983
3323,sagereg,0.1,0.01,0.75,0.055,1.0,0.0,69.81802002009047,0.7998370414680864,False,0.2591921769999317
3324,one_hop,0.1,0.01,0.75,0.055,1.0,0.0,0.8430688471340323,0.0042513118573493,True,0.2257898219995695
3324,sagereg,0.1,0.01,0.75,0.055,1.0,0.0,0.8430688198311187,0.004251312013313,True,0.2521561409994319
3325,one_hop,0.1,0.01,0.75,0.055,1.0,0.0,0.2874517091670047,0.0024693549997256,True,0.2257600899993121
3325,sagereg,0.1,0.01,0.75,0.055,1.0,0.0,0.2874518649590328,0.0024693556355313,True,0.2475649890002387
3326,one_hop,0.1,0.01,0.75,0.055,1.0,0.0,0.2752530842393426,0.0019826023228692,True,0.2279625899991515
3326,sagereg,0.1,0.01,0.75,0.055,1.0,0.0,0.2752533838514704,0.0019826015036579,True,0.253893273000358
3327,one_hop,0.1,0.01,0.75,0.055,1.0,0.0,0.2784574443056377,0.0040040025316882,True,0.2251435100006347
3327,sagereg,0.1,0.01,0.75,0.055,1.0,0.0,0.2784574734909443,0.0040040031014667,True,0.2523925360001158
3328,one_hop,0.1,0.01,0.75,0.055,1.0,0.0,0.2413081822317807,0.0019518740872101,True,0.2283756599990738
3328,sagereg,0.1,0.01,0.75,0.055,1.0,0.0,0.2413081619111973,0.0019518739325145,True,0.2530383970006369
3329,one_hop,0.1,0.01,0.75,0.055,1.0,0.0,0.3258040271626037,0.0028915477159058,True,0.2320100109991472
3329,sagereg,0.1,0.01,0.75,0.055,1.0,0.0,0.3258039397386532,0.0028915471083387,True,0.2580131400009122
3330,one_hop,0.1,0.01,0.75,0.055,1.0,0.0,0.2931695350516668,0.0027723847213001,True,0.2246213159996841
3330,sagereg,0.1,0.01,0.75,0.055,1.0,0.0,0.2931695391840402,0.002772385118228,True,0.2488290240016795
3331,one_hop,0.1,0.01,0.75,0.055,1.0,0.0,0.3547481275389141,0.0018414062170535,True,0.2273803339994629
3331,sagereg,0.1,0.01,0.75,0.055,1.0,0.0,0.3547482351792478,0.0018414050504118,True,0.2532738110003265
3332,one_hop,0.1,0.01,0.75,0.055,1.0,0.0,100.17311645553492,1.098926752280187,False,0.2319049699999595
3332,sagereg,0.1,0.01,0.75,0.055,1.0,0.0,100.17326736666983,1.0989268536487622,False,0.2576887439990969
3333,one_hop,0.1,0.01,0.75,0.055,1.0,0.0,0.0715692688629499,0.0009780925235395,True,0.2279930300010164
3333,sagereg,0.1,0.01,0.75,0.055,1.0,0.0,0.0715692379821662,0.0009780922093285,True,0.2514134470002318
3334,one_hop,0.1,0.01,0.75,0.055,1.0,0.0,0.3322382115696434,0.0007674863236669,True,0.2300536150014522
3334,sagereg,0.1,0.01,0.75,0.055,1.0,0.0,0.3322382126337376,0.0007674861978804,True,0.2565680170009727
3335,one_hop,0.1,0.01,0.75,0.055,1.0,0.0,0.2579608733955748,0.00343281989887,True,0.224865807000242
3335,sagereg,0.1,0.01,0.75,0.055,1.0,0.0,0.2579609297211633,0.0034328202640454,True,0.2504879899988737
3336,one_hop,0.1,0.01,0.75,0.055,1.0,0.0,0.4366488755760997,0.0053865819967917,True,0.2194747789999382
3336,sagereg,0.1,0.01,0.75,0.055,1.0,0.0,0.4366488078573607,0.0053865817486776,True,0.2437718550008867
3337,one_hop,0.1,0.01,0.75,0.055,1.0,0.0,0.2464314809895307,0.0018061322846208,True,0.2331499659994733
3337,sagereg,0.1,0.01,0.75,0.055,1.0,0.0,0.2464308714383659,0.001806134937779,True,0.2580823469997995
3338,one_hop,0.1,0.01,0.75,0.055,1.0,0.0,0.4120055795259219,0.0016636029102545,True,0.2265708119994087
3338,sagereg,0.1,0.01,0.75,0.055,1.0,0.0,0.4120056525335008,0.0016636041784126,True,0.2526858519995585
3339,one_hop,0.1,0.01,0.75,0.055,1.0,0.0,0.2762982045519234,0.0025251871878448,True,0.2242508250001265
3339,sagereg,0.1,0.01,0.75,0.055,1.0,0.0,0.2762984509077207,0.0025251903352915,True,0.2501658809997025
3340,one_hop,0.1,0.01,0.75,0.055,1.0,0.25,0.1500532831280599,0.0013669467495705,True,0.2329654909990495
3340,sagereg,0.1,0.01,0.75,0.055,1.0,0.25,0.1500532275789974,0.0013669455567406,True,0.2595657420006318
3341,one_hop,0.1,0.01,0.75,0.055,1.0,0.25,0.1338305866221335,0.0014760619355149,True,0.2325011829998402
3341,sagereg,0.1,0.01,0.75,0.055,1.0,0.25,0.133830583817102,0.001476061834227,True,0.2587256910010183
3342,one_hop,0.1,0.01,0.75,0.055,1.0,0.25,0.1046525896507015,0.0015190400087524,True,0.2287432039993291
3342,sagereg,0.1,0.01,0.75,0.055,1.0,0.25,0.1046525788894134,0.0015190399890012,True,0.2530975169993326
3343,one_hop,0.1,0.01,0.75,0.055,1.0,0.25,0.5019767030025701,0.0047143227983966,True,0.2283202859998709
3343,sagereg,0.1,0.01,0.75,0.055,1.0,0.25,0.5019766958464407,0.0047143227094217,True,0.2571060009995563
3344,one_hop,0.1,0.01,0.75,0.055,1.0,0.25,0.114018344328864,0.0021250607190962,True,0.2325544490013271
3344,sagereg,0.1,0.01,0.75,0.055,1.0,0.25,0.1140183036879622,0.0021250597587795,True,0.2577904669997224
3345,one_hop,0.1,0.01,0.75,0.055,1.0,0.25,0.3407598640478851,0.0017184879212707,True,0.2322525380004663
3345,sagereg,0.1,0.01,0.75,0.055,1.0,0.25,0.3407598808016449,0.0017184879636519,True,0.2565084030011348
3346,one_hop,0.1,0.01,0.75,0.055,1.0,0.25,0.2482759566986125,0.0024710450462269,True,0.2327498710001236
3346,sagereg,0.1,0.01,0.75,0.055,1.0,0.25,0.2482758845235565,0.0024710447641173,True,0.2589407560008112
3347,one_hop,0.1,0.01,0.75,0.055,1.0,0.25,0.1287990109156808,0.0008466200380821,True,0.233278646999679
3347,sagereg,0.1,0.01,0.75,0.055,1.0,0.25,0.1287987190411396,0.0008466233254236,True,0.2616759619995719
3348,one_hop,0.1,0.01,0.75,0.055,1.0,0.25,0.1506231829484291,0.0014109681644059,True,0.228442528999949
3348,sagereg,0.1,0.01,0.75,0.055,1.0,0.25,0.1506231617614052,0.0014109678254117,True,0.2546153109997249
3349,one_hop,0.1,0.01,0.75,0.055,1.0,0.25,0.1363594613768619,0.003187595646876,True,0.2330438000008143
3349,sagereg,0.1,0.01,0.75,0.055,1.0,0.25,0.1363595623882508,0.0031875960053361,True,0.258481879998726
3350,one_hop,0.1,0.01,0.75,0.055,1.0,0.25,0.2888592110357793,0.0019961819242427,True,0.2367838800000754
3350,sagereg,0.1,0.01,0.75,0.055,1.0,0.25,0.2888592099431093,0.0019961816073354,True,0.2629203959986625
3351,one_hop,0.1,0.01,0.75,0.055,1.0,0.25,0.2995848696703583,0.0015321726429508,True,0.2237557320004271
3351,sagereg,0.1,0.01,0.75,0.055,1.0,0.25,0.299584774147591,0.0015321717531817,True,0.2501443279998057
3352,one_hop,0.1,0.01,0.75,0.055,1.0,0.25,0.2444411303325767,0.0036268775331514,True,0.2277850350001244
3352,sagereg,0.1,0.01,0.75,0.055,1.0,0.25,0.2444412170441328,0.0036268797130579,True,0.2542778520000865
3353,one_hop,0.1,0.01,0.75,0.055,1.0,0.25,0.1472122958090301,0.0015158121147899,True,0.228054234999945
3353,sagereg,0.1,0.01,0.75,0.055,1.0,0.25,0.1472123023599414,0.0015158120281215,True,0.2539309940002567
3354,one_hop,0.1,0.01,0.75,0.055,1.0,0.25,0.3795806866744188,0.0029694074499364,True,0.2336768839995784
3354,sagereg,0.1,0.01,0.75,0.055,1.0,0.25,0.3795805313626691,0.0029694069623507,True,0.2613261670012434
3355,one_hop,0.1,0.01,0.75,0.055,1.0,0.25,0.11199482432253,0.0023547360804503,True,0.2271926520006673
3355,sagereg,0.1,0.01,0.75,0.055,1.0,0.25,0.1119948239189966,0.0023547362834983,True,0.2544843460000265
3356,one_hop,0.1,0.01,0.75,0.055,1.0,0.25,0.0814909196490717,0.0025001604204784,True,0.2357162989992502
3356,sagereg,0.1,0.01,0.75,0.055,1.0,0.25,0.0814908445922209,0.0025001590303102,True,0.26321458700113
3357,one_hop,0.1,0.01,0.75,0.055,1.0,0.25,0.2066949791321282,0.0015096720528051,True,0.2329375649987923
3357,sagereg,0.1,0.01,0.75,0.055,1.0,0.25,0.2066950018998723,0.0015096724021308,True,0.2578063910004857
3358,one_hop,0.1,0.01,0.75,0.055,1.0,0.25,0.0995683800968897,0.0015388208060476,True,0.2343344750006508
3358,sagereg,0.1,0.01,0.75,0.055,1.0,0.25,0.0995684304426822,0.0015388201712462,True,0.2594709229997534
3359,one_hop,0.1,0.01,0.75,0.055,1.0,0.25,0.0500554453443795,0.001470149178599,True,0.2250790750003943
3359,sagereg,0.1,0.01,0.75,0.055,1.0,0.25,0.0500554448055691,0.0014701493740941,True,0.2508720120004
3360,one_hop,0.1,0.01,0.75,0.2,0.0,0.0,162.21155531223275,0.7367448213365615,False,0.2506966170003579
3360,sagereg,0.1,0.01,0.75,0.2,0.0,0.0,162.2115578196186,0.7367448142509934,False,0.2785056530010479
3361,one_hop,0.1,0.01,0.75,0.2,0.0,0.0,123.75375352876873,1.164504537913533,False,0.2616462069981935
3361,sagereg,0.1,0.01,0.75,0.2,0.0,0.0,123.7537612190124,1.164504392584836,False,0.2900323539997771
3362,one_hop,0.1,0.01,0.75,0.2,0.0,0.0,155.086259749031,0.6833901911444961,False,0.253542116999597
3362,sagereg,0.1,0.01,0.75,0.2,0.0,0.0,155.08626815377136,0.68338994975323,False,0.279583368999738
3363,one_hop,0.1,0.01,0.75,0.2,0.0,0.0,113.14664842716026,1.1695773457854757,False,0.2488115199994354
3363,sagereg,0.1,0.01,0.75,0.2,0.0,0.0,113.14665633866444,1.169577522971545,False,0.2769378059983864
3364,one_hop,0.1,0.01,0.75,0.2,0.0,0.0,179.5649995424064,0.5724723818563656,False,0.2549561479991098
3364,sagereg,0.1,0.01,0.75,0.2,0.0,0.0,179.56499689665193,0.5724723914597992,False,0.2800079440003173
3365,one_hop,0.1,0.01,0.75,0.2,0.0,0.0,176.30285670103092,0.3802233135226693,False,0.2515189659989119
3365,sagereg,0.1,0.01,0.75,0.2,0.0,0.0,176.3028548904402,0.3802232262695876,False,0.2784946430001582
3366,one_hop,0.1,0.01,0.75,0.2,0.0,0.0,69.10305739174507,0.5748062164892961,False,0.2552542579996952
3366,sagereg,0.1,0.01,0.75,0.2,0.0,0.0,69.10306786224388,0.574806207308831,False,0.2836848500010092
3367,one_hop,0.1,0.01,0.75,0.2,0.0,0.0,81.1178439648969,0.8892629971775012,False,0.2614936440004385
3367,sagereg,0.1,0.01,0.75,0.2,0.0,0.0,81.11784716189884,0.8892630232931187,False,0.2881450550012232
3368,one_hop,0.1,0.01,0.75,0.2,0.0,0.0,161.95813187675355,0.9349512298748112,False,0.2517843090008682
3368,sagereg,0.1,0.01,0.75,0.2,0.0,0.0,161.9581285480054,0.9349513337331504,False,0.2777110910010378
3369,one_hop,0.1,0.01,0.75,0.2,0.0,0.0,46.4240879315532,0.6437219502890554,False,0.2472638330000336
3369,sagereg,0.1,0.01,0.75,0.2,0.0,0.0,46.42408775527989,0.6437219569831013,False,0.2745238220013561
3370,one_hop,0.1,0.01,0.75,0.2,0.0,0.0,100.8271197260386,0.7431095243122287,False,0.2578841479989933
3370,sagereg,0.1,0.01,0.75,0.2,0.0,0.0,100.82711935581492,0.7431094862578758,False,0.2860309019997658
3371,one_hop,0.1,0.01,0.75,0.2,0.0,0.0,166.86391892507928,0.2985931453752178,False,0.2565956550006376
3371,sagereg,0.1,0.01,0.75,0.2,0.0,0.0,166.86391560976372,0.2985931076308139,False,0.2840582039989385
3372,one_hop,0.1,0.01,0.75,0.2,0.0,0.0,71.02041157951395,0.4475592131941716,False,0.2526559229991107
3372,sagereg,0.1,0.01,0.75,0.2,0.0,0.0,71.02040645270297,0.4475596599768861,False,0.2787543060003372
3373,one_hop,0.1,0.01,0.75,0.2,0.0,0.0,133.15186895689672,0.9697344337303776,False,0.2563358690003952
3373,sagereg,0.1,0.01,0.75,0.2,0.0,0.0,133.15188270837092,0.9697343118302544,False,0.2812428380002529
3374,one_hop,0.1,0.01,0.75,0.2,0.0,0.0,54.36354832448036,0.6933468732480241,False,0.2569185520005703
3374,sagereg,0.1,0.01,0.75,0.2,0.0,0.0,54.36354634402156,0.6933468247360494,False,0.2853292070012685
3375,one_hop,0.1,0.01,0.75,0.2,0.0,0.0,162.23741174752624,0.902342099061776,False,0.257876114001192
3375,sagereg,0.1,0.01,0.75,0.2,0.0,0.0,162.23741721576417,0.9023421890909612,False,0.2863700039997638
3376,one_hop,0.1,0.01,0.75,0.2,0.0,0.0,107.08533466962292,0.7166613547984695,False,0.2506178409985296
3376,sagereg,0.1,0.01,0.75,0.2,0.0,0.0,107.08533923917004,0.7166614851233611,False,0.2770685780014901
3377,one_hop,0.1,0.01,0.75,0.2,0.0,0.0,65.20809306681561,0.6035985321013854,False,0.2556196530003944
3377,sagereg,0.1,0.01,0.75,0.2,0.0,0.0,65.20808397674546,0.6035985466879858,False,0.2832290060014202
3378,one_hop,0.1,0.01,0.75,0.2,0.0,0.0,103.654549136355,0.1938448749191385,False,0.2499809149994689
3378,sagereg,0.1,0.01,0.75,0.2,0.0,0.0,103.65455518024268,0.1938450569291276,False,0.2772735049984476
3379,one_hop,0.1,0.01,0.75,0.2,0.0,0.0,38.67950924318937,1.069010334946218,False,0.2547250239986169
3379,sagereg,0.1,0.01,0.75,0.2,0.0,0.0,38.67949449450818,1.0690105115684234,False,0.2818906060001609
3380,one_hop,0.1,0.01,0.75,0.2,0.0,0.25,119.91533948927162,0.8774918032499609,False,0.2478397779996157
3380,sagereg,0.1,0.01,0.75,0.2,0.0,0.25,119.91533970670748,0.8774918385697327,False,0.2749410409996926
3381,one_hop,0.1,0.01,0.75,0.2,0.0,0.25,173.80076020827906,0.8013845670569866,False,0.2488408599983813
3381,sagereg,0.1,0.01,0.75,0.2,0.0,0.25,173.80076062469072,0.8013847051584259,False,0.2766213989998505
3382,one_hop,0.1,0.01,0.75,0.2,0.0,0.25,154.76381135014472,0.571447737190656,False,0.2542269629993825
3382,sagereg,0.1,0.01,0.75,0.2,0.0,0.25,154.76381627435654,0.5714477047019315,False,0.2832672530003037
3383,one_hop,0.1,0.01,0.75,0.2,0.0,0.25,152.6591041632156,0.3332195387402749,False,0.2550112940007238
3383,sagereg,0.1,0.01,0.75,0.2,0.0,0.25,152.6590888694701,0.3332196491675888,False,0.2835707000012917
3384,one_hop,0.1,0.01,0.75,0.2,0.0,0.25,123.26027205341964,0.8257747698268008,False,0.2463300319996051
3384,sagereg,0.1,0.01,0.75,0.2,0.0,0.25,123.26027316246386,0.8257747449730733,False,0.2735630060014955
3385,one_hop,0.1,0.01,0.75,0.2,0.0,0.25,44.53459545623428,0.8004122129415935,False,0.2453801640003803
3385,sagereg,0.1,0.01,0.75,0.2,0.0,0.25,44.53460824286066,0.8004123666555828,False,0.2729322819996014
3386,one_hop,0.1,0.01,0.75,0.2,0.0,0.25,89.75942458559147,0.3852311656638465,False,0.252976450999995
3386,sagereg,0.1,0.01,0.75,0.2,0.0,0.25,89.75941907995062,0.3852310860842559,False,0.2829943249998905
3387,one_hop,0.1,0.01,0.75,0.2,0.0,0.25,175.4090816169204,0.8997335935948745,False,0.2529076589999022
3387,sagereg,0.1,0.01,0.75,0.2,0.0,0.25,175.4090780766985,0.8997336179034948,False,0.2829895100003341
3388,one_hop,0.1,0.01,0.75,0.2,0.0,0.25,115.28684836038076,0.4387033664172253,False,0.252995341001224
3388,sagereg,0.1,0.01,0.75,0.2,0.0,0.25,115.28684345023186,0.4387033948230328,False,0.2784403739988192
3389,one_hop,0.1,0.01,0.75,0.2,0.0,0.25,27.65089120247669,0.4515413413187796,False,0.2446918270015885
3389,sagereg,0.1,0.01,0.75,0.2,0.0,0.25,27.65089339496371,0.4515414025383212,False,0.2723612030004005
3390,one_hop,0.1,0.01,0.75,0.2,0.0,0.25,59.05990455555824,0.9240775140884182,False,0.2421235790006903
3390,sagereg,0.1,0.01,0.75,0.2,0.0,0.25,59.05989698877036,0.9240775565608726,False,0.2757111940009054
3391,one_hop,0.1,0.01,0.75,0.2,0.0,0.25,108.5687059076032,0.975902216093804,False,0.2502526749995013
3391,sagereg,0.1,0.01,0.75,0.2,0.0,0.25,108.56869872036218,0.9759021408178796,False,0.2786115239996434
3392,one_hop,0.1,0.01,0.75,0.2,0.0,0.25,104.13201009369736,1.126629831616878,False,0.245746655999028
3392,sagereg,0.1,0.01,0.75,0.2,0.0,0.25,104.1320133002996,1.1266298052606292,False,0.2738512970008742
3393,one_hop,0.1,0.01,0.75,0.2,0.0,0.25,149.52612779678648,0.92174951480431,False,0.2523867119998613
3393,sagereg,0.1,0.01,0.75,0.2,0.0,0.25,149.5261105586154,0.9217496376665472,False,0.281217462999848
3394,one_hop,0.1,0.01,0.75,0.2,0.0,0.25,51.63415593730604,0.3995765556580701,False,0.2503125620005448
3394,sagereg,0.1,0.01,0.75,0.2,0.0,0.25,51.63416034581613,0.3995764996698884,False,0.2782989300012559
3395,one_hop,0.1,0.01,0.75,0.2,0.0,0.25,134.3587885404268,0.4317955272472073,False,0.252926885999841
3395,sagereg,0.1,0.01,0.75,0.2,0.0,0.25,134.3587714646064,0.4317956068765685,False,0.2839240100001916
3396,one_hop,0.1,0.01,0.75,0.2,0.0,0.25,105.7088395830694,0.8887967249306816,False,0.2531397490001836
3396,sagereg,0.1,0.01,0.75,0.2,0.0,0.25,105.70883596915016,0.888796757711236,False,0.2806105599993316
3397,one_hop,0.1,0.01,0.75,0.2,0.0,0.25,21.30581771688664,0.1367116617637656,False,0.2375216420005017
3397,sagereg,0.1,0.01,0.75,0.2,0.0,0.25,21.30583238098362,0.1367120023045938,False,0.2661534070011839
3398,one_hop,0.1,0.01,0.75,0.2,0.0,0.25,59.6814538176444,1.1018007295985932,False,0.245936936000362
3398,sagereg,0.1,0.01,0.75,0.2,0.0,0.25,59.68145518824303,1.1018007790268969,False,0.2742840999999316
3399,one_hop,0.1,0.01,0.75,0.2,0.0,0.25,66.4813100230058,0.4349906208102072,False,0.2444492880003963
3399,sagereg,0.1,0.01,0.75,0.2,0.0,0.25,66.48131878174765,0.4349907580849436,False,0.2746320370006287
3400,one_hop,0.1,0.01,0.75,0.2,0.5,0.0,160.45385687496244,0.595658949556906,False,0.2428408149989991
3400,sagereg,0.1,0.01,0.75,0.2,0.5,0.0,160.4539109858392,0.5956582295015006,False,0.2688426450004044
3401,one_hop,0.1,0.01,0.75,0.2,0.5,0.0,58.24222519656475,0.5060735208470378,False,0.2436005830004433
3401,sagereg,0.1,0.01,0.75,0.2,0.5,0.0,58.24223439232219,0.5060734306738687,False,0.2703485390011337
3402,one_hop,0.1,0.01,0.75,0.2,0.5,0.0,158.15671535973232,0.5252789102499495,False,0.2420185039991338
3402,sagereg,0.1,0.01,0.75,0.2,0.5,0.0,158.15671570014382,0.5252788946331667,False,0.2682609020012023
3403,one_hop,0.1,0.01,0.75,0.2,0.5,0.0,119.27231199350118,0.2731899641486096,False,0.2498004120006953
3403,sagereg,0.1,0.01,0.75,0.2,0.5,0.0,119.27230931687905,0.273189932932821,False,0.2767465160013671
3404,one_hop,0.1,0.01,0.75,0.2,0.5,0.0,58.6334834478252,0.8937966912829216,False,0.2467674850013281
3404,sagereg,0.1,0.01,0.75,0.2,0.5,0.0,58.633478524811096,0.8937966743866412,False,0.274914854000599
3405,one_hop,0.1,0.01,0.75,0.2,0.5,0.0,169.3170450208366,0.8473692534840728,False,0.2434918179988017
3405,sagereg,0.1,0.01,0.75,0.2,0.5,0.0,169.31703991014678,0.8473693532791793,False,0.2708586349999677
3406,one_hop,0.1,0.01,0.75,0.2,0.5,0.0,29.035629372557437,0.6966292334984556,False,0.2456392079984652
3406,sagereg,0.1,0.01,0.75,0.2,0.5,0.0,29.035619316805462,0.6966292641741333,False,0.2736618460003228
3407,one_hop,0.1,0.01,0.75,0.2,0.5,0.0,153.49322367663925,0.9055493823829718,False,0.2491161179987102
3407,sagereg,0.1,0.01,0.75,0.2,0.5,0.0,153.4932157558714,0.905549483451782,False,0.2781610769998224
3408,one_hop,0.1,0.01,0.75,0.2,0.5,0.0,51.76250514616192,0.2350641698294051,False,0.2533227820003958
3408,sagereg,0.1,0.01,0.75,0.2,0.5,0.0,51.76251486646501,0.2350641797121944,False,0.2790770400006295
3409,one_hop,0.1,0.01,0.75,0.2,0.5,0.0,124.66215545043572,0.6174863714027394,False,0.2498505820003629
3409,sagereg,0.1,0.01,0.75,0.2,0.5,0.0,124.66214708001898,0.6174865000597279,False,0.2773413300001266
3410,one_hop,0.1,0.01,0.75,0.2,0.5,0.0,143.8077721428915,0.8029529467511146,False,0.238841088999834
3410,sagereg,0.1,0.01,0.75,0.2,0.5,0.0,143.8077752631767,0.8029529442597051,False,0.2660130240001308
3411,one_hop,0.1,0.01,0.75,0.2,0.5,0.0,176.59989285390196,0.5578823692701964,False,0.2404839219998393
3411,sagereg,0.1,0.01,0.75,0.2,0.5,0.0,176.5998920384067,0.5578824512182566,False,0.2683158039999398
3412,one_hop,0.1,0.01,0.75,0.2,0.5,0.0,90.23959309787978,0.5447116647927763,False,0.2493107480004255
3412,sagereg,0.1,0.01,0.75,0.2,0.5,0.0,90.23959557143762,0.544711475469815,False,0.2748988799994549
3413,one_hop,0.1,0.01,0.75,0.2,0.5,0.0,87.62727456363835,0.2135967111928922,False,0.2483793199990032
3413,sagereg,0.1,0.01,0.75,0.2,0.5,0.0,87.62726822860266,0.2135965982567005,False,0.2765362430000095
3414,one_hop,0.1,0.01,0.75,0.2,0.5,0.0,60.09230207085604,1.0591587253363903,False,0.2417457510000531
3414,sagereg,0.1,0.01,0.75,0.2,0.5,0.0,60.09231626023843,1.0591596354999917,False,0.2680265050003072
3415,one_hop,0.1,0.01,0.75,0.2,0.5,0.0,103.26072929932164,0.9155398405176172,False,0.2425213149999763
3415,sagereg,0.1,0.01,0.75,0.2,0.5,0.0,103.26073011036594,0.915539811941616,False,0.2706822540003486
3416,one_hop,0.1,0.01,0.75,0.2,0.5,0.0,50.623395839971806,0.6186735131844168,False,0.2520618239996111
3416,sagereg,0.1,0.01,0.75,0.2,0.5,0.0,50.62339945763232,0.618673466529995,False,0.2794457990003138
3417,one_hop,0.1,0.01,0.75,0.2,0.5,0.0,164.97816811483744,0.7009162020487334,False,0.2427257950002967
3417,sagereg,0.1,0.01,0.75,0.2,0.5,0.0,164.97817370694435,0.7009162283934398,False,0.2691562060008436
3418,one_hop,0.1,0.01,0.75,0.2,0.5,0.0,132.3745172346951,0.5326568590182527,False,0.2453635399997438
3418,sagereg,0.1,0.01,0.75,0.2,0.5,0.0,132.37452822831534,0.5326565508722987,False,0.2724224379999214
3419,one_hop,0.1,0.01,0.75,0.2,0.5,0.0,172.59640610299934,0.6672595276692787,False,0.2373963419995561
3419,sagereg,0.1,0.01,0.75,0.2,0.5,0.0,172.59640686601622,0.6672595193049424,False,0.2649623390007036
3420,one_hop,0.1,0.01,0.75,0.2,0.5,0.25,109.85835425762362,0.6317814996926239,False,0.2503914869994332
3420,sagereg,0.1,0.01,0.75,0.2,0.5,0.25,109.85832096269964,0.6317815932635454,False,0.27763852300086
3421,one_hop,0.1,0.01,0.75,0.2,0.5,0.25,80.30804547401311,0.7212600978116642,False,0.2460180269990814
3421,sagereg,0.1,0.01,0.75,0.2,0.5,0.25,80.30802758931834,0.7212599793255002,False,0.2740038809988618
3422,one_hop,0.1,0.01,0.75,0.2,0.5,0.25,129.0700174868944,0.617763087555865,False,0.2515479129997402
3422,sagereg,0.1,0.01,0.75,0.2,0.5,0.25,129.07001988906467,0.6177631056078755,False,0.2805100519999541
3423,one_hop,0.1,0.01,0.75,0.2,0.5,0.25,104.55066518050828,0.6924432000529459,False,0.2447468200007279
3423,sagereg,0.1,0.01,0.75,0.2,0.5,0.25,104.55065690392732,0.6924433067537055,False,0.2723160510013258
3424,one_hop,0.1,0.01,0.75,0.2,0.5,0.25,136.41190610372507,0.8907278984720236,False,0.251213290999658
3424,sagereg,0.1,0.01,0.75,0.2,0.5,0.25,136.41193907205758,0.8907278787241182,False,0.2772008459996868
3425,one_hop,0.1,0.01,0.75,0.2,0.5,0.25,122.06227889303456,0.8995505423340409,False,0.2463974530000996
3425,sagereg,0.1,0.01,0.75,0.2,0.5,0.25,122.06226359145842,0.8995506082673725,False,0.2751625500004593
3426,one_hop,0.1,0.01,0.75,0.2,0.5,0.25,154.4546133595941,0.8264136796113117,False,0.2510701110004447
3426,sagereg,0.1,0.01,0.75,0.2,0.5,0.25,154.45461303874154,0.8264136496595931,False,0.2803037619996757
3427,one_hop,0.1,0.01,0.75,0.2,0.5,0.25,68.86136451611928,0.8850023961741418,False,0.2480501789996196
3427,sagereg,0.1,0.01,0.75,0.2,0.5,0.25,68.86137923643147,0.8850024143555792,False,0.2768850329994166
3428,one_hop,0.1,0.01,0.75,0.2,0.5,0.25,57.92264078236361,0.4474327043465284,False,0.2519587110000429
3428,sagereg,0.1,0.01,0.75,0.2,0.5,0.25,57.92263531069256,0.447432733118328,False,0.2818738439982553
3429,one_hop,0.1,0.01,0.75,0.2,0.5,0.25,140.7914113530246,0.7520296822795147,False,0.2462885259992617
3429,sagereg,0.1,0.01,0.75,0.2,0.5,0.25,140.7914068948281,0.7520296067213245,False,0.2760087700007716
3430,one_hop,0.1,0.01,0.75,0.2,0.5,0.25,60.52427501642867,0.6940425021520338,False,0.2502370570000494
3430,sagereg,0.1,0.01,0.75,0.2,0.5,0.25,60.52427709042664,0.6940425069415207,False,0.2794281599999522
3431,one_hop,0.1,0.01,0.75,0.2,0.5,0.25,53.78521581785999,0.3714763714262106,False,0.2473278150009719
3431,sagereg,0.1,0.01,0.75,0.2,0.5,0.25,53.78521641787902,0.3714763579797858,False,0.2775311589994089
3432,one_hop,0.1,0.01,0.75,0.2,0.5,0.25,115.41404257949658,0.3928680883955222,False,0.2503417410007387
3432,sagereg,0.1,0.01,0.75,0.2,0.5,0.25,115.41404537963253,0.3928681218545246,False,0.2790374480009632
3433,one_hop,0.1,0.01,0.75,0.2,0.5,0.25,67.21484913485055,0.5648693936098346,False,0.2477073150002979
3433,sagereg,0.1,0.01,0.75,0.2,0.5,0.25,67.21484857792291,0.564869423495379,False,0.2747484689989505
3434,one_hop,0.1,0.01,0.75,0.2,0.5,0.25,174.1946973107405,0.4420895606851243,False,0.2470982830000139
3434,sagereg,0.1,0.01,0.75,0.2,0.5,0.25,174.19469865708996,0.4420895915821635,False,0.274333610001122
3435,one_hop,0.1,0.01,0.75,0.2,0.5,0.25,98.7841806584164,0.7836668310768427,False,0.2501613130007172
3435,sagereg,0.1,0.01,0.75,0.2,0.5,0.25,98.784178256347,0.7836667658420237,False,0.2786830619988905
3436,one_hop,0.1,0.01,0.75,0.2,0.5,0.25,95.469366919721,0.690057012363119,False,0.2497681839995493
3436,sagereg,0.1,0.01,0.75,0.2,0.5,0.25,95.4693633814074,0.6900571753443864,False,0.2780833699998766
3437,one_hop,0.1,0.01,0.75,0.2,0.5,0.25,126.93037780958696,0.7155663963056803,False,0.2474121600007492
3437,sagereg,0.1,0.01,0.75,0.2,0.5,0.25,126.9304467174,0.7155681006205089,False,0.2761209389991563
3438,one_hop,0.1,0.01,0.75,0.2,0.5,0.25,143.45514840828776,0.9440501892185852,False,0.2424250309995841
3438,sagereg,0.1,0.01,0.75,0.2,0.5,0.25,143.45514982859456,0.9440502449229156,False,0.2710614509996958
3439,one_hop,0.1,0.01,0.75,0.2,0.5,0.25,167.6427136836501,0.9428079657673004,False,0.2470866410003509
3439,sagereg,0.1,0.01,0.75,0.2,0.5,0.25,167.64269535707908,0.94280801324828,False,0.275534250000419
3440,one_hop,0.1,0.01,0.75,0.2,1.0,0.0,88.27434101317407,0.6073535730282039,False,0.2376230619993293
3440,sagereg,0.1,0.01,0.75,0.2,1.0,0.0,88.27434389818765,0.6073536382955306,False,0.2614121229999
3441,one_hop,0.1,0.01,0.75,0.2,1.0,0.0,33.822623269895495,0.2404815243981113,False,0.2457456070005719
3441,sagereg,0.1,0.01,0.75,0.2,1.0,0.0,33.82261524518223,0.2404815039930676,False,0.2719565669995063
3442,one_hop,0.1,0.01,0.75,0.2,1.0,0.0,71.66225309955202,0.7398464998771854,False,0.2484979700002441
3442,sagereg,0.1,0.01,0.75,0.2,1.0,0.0,71.66226240223571,0.7398463937812023,False,0.2759365349993459
3443,one_hop,0.1,0.01,0.75,0.2,1.0,0.0,139.01667038592652,0.597536872590674,False,0.237423131999094
3443,sagereg,0.1,0.01,0.75,0.2,1.0,0.0,139.0166775467704,0.5975368715399029,False,0.2637912329992105
3444,one_hop,0.1,0.01,0.75,0.2,1.0,0.0,85.65774515836064,0.9538432244004136,False,0.2447398339991195
3444,sagereg,0.1,0.01,0.75,0.2,1.0,0.0,85.657736758958,0.9538432284696462,False,0.2700894670015259
3445,one_hop,0.1,0.01,0.75,0.2,1.0,0.0,173.9379374298911,0.5149751573288827,False,0.2527321670004312
3445,sagereg,0.1,0.01,0.75,0.2,1.0,0.0,173.93792389887614,0.5149751443028018,False,0.2807479760012938
3446,one_hop,0.1,0.01,0.75,0.2,1.0,0.0,165.011713957469,0.3259526918224478,False,0.2391048350000346
3446,sagereg,0.1,0.01,0.75,0.2,1.0,0.0,165.01171201315822,0.3259527533830335,False,0.2660387849991821
3447,one_hop,0.1,0.01,0.75,0.2,1.0,0.0,155.62126580671548,1.1239958960223766,False,0.2385580070003925
3447,sagereg,0.1,0.01,0.75,0.2,1.0,0.0,155.62126319021095,1.1239960606639794,False,0.2677618100005929
3448,one_hop,0.1,0.01,0.75,0.2,1.0,0.0,149.7997582471175,0.4579898106337384,False,0.2398371709987259
3448,sagereg,0.1,0.01,0.75,0.2,1.0,0.0,149.79977610020745,0.4579896960868526,False,0.26538321299995
3449,one_hop,0.1,0.01,0.75,0.2,1.0,0.0,149.0634103419437,0.5622604426652548,False,0.2403566689990839
3449,sagereg,0.1,0.01,0.75,0.2,1.0,0.0,149.06343965062104,0.5622600981050928,False,0.2644710099993972
3450,one_hop,0.1,0.01,0.75,0.2,1.0,0.0,148.10827056215126,0.1813986271703497,False,0.2394410719989537
3450,sagereg,0.1,0.01,0.75,0.2,1.0,0.0,148.10825631808757,0.1813986168995931,False,0.2669913059999089
3451,one_hop,0.1,0.01,0.75,0.2,1.0,0.0,89.96092049086492,0.7290587988359618,False,0.2438187560001097
3451,sagereg,0.1,0.01,0.75,0.2,1.0,0.0,89.9609182739337,0.7290588148697155,False,0.2710561599997163
3452,one_hop,0.1,0.01,0.75,0.2,1.0,0.0,146.80847301521692,1.0481617134863914,False,0.239207646000068
3452,sagereg,0.1,0.01,0.75,0.2,1.0,0.0,146.80845798317495,1.048161532381559,False,0.2664781650000805
3453,one_hop,0.1,0.01,0.75,0.2,1.0,0.0,119.88181351179936,0.5323167279727413,False,0.2440453669987619
3453,sagereg,0.1,0.01,0.75,0.2,1.0,0.0,119.88182215071636,0.5323166832663243,False,0.2704566869997507
3454,one_hop,0.1,0.01,0.75,0.2,1.0,0.0,139.1300953661248,0.8760883235665746,False,0.2442261209998832
3454,sagereg,0.1,0.01,0.75,0.2,1.0,0.0,139.1300692455236,0.8760883712858023,False,0.2706262619994959
3455,one_hop,0.1,0.01,0.75,0.2,1.0,0.0,178.57062521211023,0.7742850374729437,False,0.2411699160002172
3455,sagereg,0.1,0.01,0.75,0.2,1.0,0.0,178.57064041628325,0.7742850882403377,False,0.2680543520000356
3456,one_hop,0.1,0.01,0.75,0.2,1.0,0.0,179.32059249534848,0.9161140167166536,False,0.2440968509999947
3456,sagereg,0.1,0.01,0.75,0.2,1.0,0.0,179.32057729936366,0.9161142481248776,False,0.2704938610004319
3457,one_hop,0.1,0.01,0.75,0.2,1.0,0.0,175.34154268962385,0.1777310714551881,False,0.245959526999286
3457,sagereg,0.1,0.01,0.75,0.2,1.0,0.0,175.34154150334584,0.177731097507222,False,0.2723767369989218
3458,one_hop,0.1,0.01,0.75,0.2,1.0,0.0,124.9464129334562,0.5048759496325782,False,0.2396555329996772
3458,sagereg,0.1,0.01,0.75,0.2,1.0,0.0,124.94641769189413,0.5048756269315838,False,0.2659304829994653
3459,one_hop,0.1,0.01,0.75,0.2,1.0,0.0,90.66391383669158,0.8670899150988014,False,0.2406190840010822
3459,sagereg,0.1,0.01,0.75,0.2,1.0,0.0,90.6639062861972,0.8670901314405135,False,0.2692327579989069
3460,one_hop,0.1,0.01,0.75,0.2,1.0,0.25,74.89838534798272,0.2087875396203106,False,0.2463967359999515
3460,sagereg,0.1,0.01,0.75,0.2,1.0,0.25,74.89839001378226,0.208787419973644,False,0.2736745189995417
3461,one_hop,0.1,0.01,0.75,0.2,1.0,0.25,135.4715183758446,0.817937525423859,False,0.24343465200036
3461,sagereg,0.1,0.01,0.75,0.2,1.0,0.25,135.47152301561832,0.8179375028545915,False,0.2729588570000487
3462,one_hop,0.1,0.01,0.75,0.2,1.0,0.25,73.52360919191665,0.494456995126214,False,0.2351665290007076
3462,sagereg,0.1,0.01,0.75,0.2,1.0,0.25,73.52360954213442,0.4944568735634289,False,0.2642590930008737
3463,one_hop,0.1,0.01,0.75,0.2,1.0,0.25,172.58639270457252,0.2716200299606454,False,0.248837438000919
3463,sagereg,0.1,0.01,0.75,0.2,1.0,0.25,172.5863849524015,0.2716200098673607,False,0.2779284419993928
3464,one_hop,0.1,0.01,0.75,0.2,1.0,0.25,119.33358596521946,0.5657103532809739,False,0.2463912029998027
3464,sagereg,0.1,0.01,0.75,0.2,1.0,0.25,119.33358907226943,0.5657101680036034,False,0.2753988250005932
3465,one_hop,0.1,0.01,0.75,0.2,1.0,0.25,116.62441047840748,0.7201658406918718,False,0.2424720149992936
3465,sagereg,0.1,0.01,0.75,0.2,1.0,0.25,116.62438930919348,0.7201657475024763,False,0.2705081660005817
3466,one_hop,0.1,0.01,0.75,0.2,1.0,0.25,134.05294587144456,0.224057761236057,False,0.2446477789999335
3466,sagereg,0.1,0.01,0.75,0.2,1.0,0.25,134.052946253766,0.2240576003497023,False,0.2722674099986761
3467,one_hop,0.1,0.01,0.75,0.2,1.0,0.25,113.3254458881387,1.0281272110102284,False,0.243002115001218
3467,sagereg,0.1,0.01,0.75,0.2,1.0,0.25,113.32544545930352,1.0281272807211062,False,0.2711277850012266
3468,one_hop,0.1,0.01,0.75,0.2,1.0,0.25,83.26689039892617,0.9290361873024084,False,0.2420928279989311
3468,sagereg,0.1,0.01,0.75,0.2,1.0,0.25,83.26687866786546,0.9290361931422068,False,0.2693421960011619
3469,one_hop,0.1,0.01,0.75,0.2,1.0,0.25,159.4433220155848,1.2306206411042724,False,0.2461706989997765
3469,sagereg,0.1,0.01,0.75,0.2,1.0,0.25,159.44331900080147,1.230620645472713,False,0.2725400290000834
3470,one_hop,0.1,0.01,0.75,0.2,1.0,0.25,151.74624385005177,0.3717149241066607,False,0.2349887720010883
3470,sagereg,0.1,0.01,0.75,0.2,1.0,0.25,151.74609444160458,0.3717139491141601,False,0.2636805669990281
3471,one_hop,0.1,0.01,0.75,0.2,1.0,0.25,80.89552639734846,0.5658023262057643,False,0.2480988120005349
3471,sagereg,0.1,0.01,0.75,0.2,1.0,0.25,80.89552199068659,0.5658023529176525,False,0.2796877809996658
3472,one_hop,0.1,0.01,0.75,0.2,1.0,0.25,119.91592042967062,0.7039005956913484,False,0.2476058850006666
3472,sagereg,0.1,0.01,0.75,0.2,1.0,0.25,119.91591651391133,0.7039005347644636,False,0.2754860969998844
3473,one_hop,0.1,0.01,0.75,0.2,1.0,0.25,138.5145401443197,0.9013286837079144,False,0.2407549380004638
3473,sagereg,0.1,0.01,0.75,0.2,1.0,0.25,138.5145399104879,0.9013286603711574,False,0.2689220470001601
3474,one_hop,0.1,0.01,0.75,0.2,1.0,0.25,69.53189078094637,0.8453869642798885,False,0.2431616720004967
3474,sagereg,0.1,0.01,0.75,0.2,1.0,0.25,69.53189257692978,0.8453868500293933,False,0.2708127499990951
3475,one_hop,0.1,0.01,0.75,0.2,1.0,0.25,136.458499862972,0.7177317152447864,False,0.2483010190007917
3475,sagereg,0.1,0.01,0.75,0.2,1.0,0.25,136.45849956800555,0.7177316529750623,False,0.2755779010003607
3476,one_hop,0.1,0.01,0.75,0.2,1.0,0.25,174.2046197222714,0.4559312192321559,False,0.2449292919991421
3476,sagereg,0.1,0.01,0.75,0.2,1.0,0.25,174.2046462159907,0.4559316788596377,False,0.2723184539991052
3477,one_hop,0.1,0.01,0.75,0.2,1.0,0.25,155.05610137863675,1.2333440909730853,False,0.2398081779992935
3477,sagereg,0.1,0.01,0.75,0.2,1.0,0.25,155.0561144780992,1.2333441568051668,False,0.2666925670000637
3478,one_hop,0.1,0.01,0.75,0.2,1.0,0.25,88.36062992485536,0.9018118387658952,False,0.2423383259992988
3478,sagereg,0.1,0.01,0.75,0.2,1.0,0.25,88.36062865061872,0.9018118549751412,False,0.2720345699999598
3479,one_hop,0.1,0.01,0.75,0.2,1.0,0.25,172.58215367505892,0.6238199400910274,False,0.2450448839990713
3479,sagereg,0.1,0.01,0.75,0.2,1.0,0.25,172.58215742533687,0.6238194444581432,False,0.2735537739990832
3480,one_hop,0.1,0.01,0.75,0.8,0.0,0.0,176.28641328449928,0.5626657928100068,False,0.2670576179989439
3480,sagereg,0.1,0.01,0.75,0.8,0.0,0.0,176.28641306285093,0.5626657930616985,False,0.2949449160005315
3481,one_hop,0.1,0.01,0.75,0.8,0.0,0.0,71.17380408938429,1.009437049420744,False,0.264978778999648
3481,sagereg,0.1,0.01,0.75,0.8,0.0,0.0,71.17380625167465,1.0094372255542858,False,0.2945844440000655
3482,one_hop,0.1,0.01,0.75,0.8,0.0,0.0,145.26307054079987,0.6995867974322245,False,0.2596174689988402
3482,sagereg,0.1,0.01,0.75,0.8,0.0,0.0,145.26306976226164,0.6995867715826541,False,0.2872329559995705
3483,one_hop,0.1,0.01,0.75,0.8,0.0,0.0,90.18465722459788,0.7901447430447834,False,0.2665953960004117
3483,sagereg,0.1,0.01,0.75,0.8,0.0,0.0,90.18466002461558,0.790144719217603,False,0.2958321210007852
3484,one_hop,0.1,0.01,0.75,0.8,0.0,0.0,122.9018767574315,0.7822282475784257,False,0.2672788990003027
3484,sagereg,0.1,0.01,0.75,0.8,0.0,0.0,122.90187391269188,0.7822282627260301,False,0.2966106500007299
3485,one_hop,0.1,0.01,0.75,0.8,0.0,0.0,49.591290513672334,0.6009443757095988,False,0.2672238030008884
3485,sagereg,0.1,0.01,0.75,0.8,0.0,0.0,49.5912877769778,0.6009444239821385,False,0.2974817690010241
3486,one_hop,0.1,0.01,0.75,0.8,0.0,0.0,118.2674021687456,0.6059813492670353,False,0.2619365490008931
3486,sagereg,0.1,0.01,0.75,0.8,0.0,0.0,118.26740228333962,0.6059813288854193,False,0.2905872720002662
3487,one_hop,0.1,0.01,0.75,0.8,0.0,0.0,173.58040727897497,0.364809359134547,False,0.2651934620007523
3487,sagereg,0.1,0.01,0.75,0.8,0.0,0.0,173.5804068340623,0.3648093573609755,False,0.2932573779999075
3488,one_hop,0.1,0.01,0.75,0.8,0.0,0.0,164.2167634875152,0.8101484382238883,False,0.2675831119995564
3488,sagereg,0.1,0.01,0.75,0.8,0.0,0.0,164.21676336169747,0.8101484535366879,False,0.2975336569998035
3489,one_hop,0.1,0.01,0.75,0.8,0.0,0.0,157.95048016211487,1.02983298517404,False,0.263279042999784
3489,sagereg,0.1,0.01,0.75,0.8,0.0,0.0,157.95047747228867,1.0298329766840395,False,0.2925460120004572
3490,one_hop,0.1,0.01,0.75,0.8,0.0,0.0,94.2193609427899,0.869363734439617,False,0.2665117680007824
3490,sagereg,0.1,0.01,0.75,0.8,0.0,0.0,94.21935979162082,0.8693637404314969,False,0.2972790399999212
3491,one_hop,0.1,0.01,0.75,0.8,0.0,0.0,87.53828225511126,0.5018760192680445,False,0.2654679829993256
3491,sagereg,0.1,0.01,0.75,0.8,0.0,0.0,87.53828267346083,0.501876082259585,False,0.2954462340003374
3492,one_hop,0.1,0.01,0.75,0.8,0.0,0.0,90.76729760280614,0.8513267915291752,False,0.2635524530014663
3492,sagereg,0.1,0.01,0.75,0.8,0.0,0.0,90.76729739621256,0.8513267553973917,False,0.2912212100000033
3493,one_hop,0.1,0.01,0.75,0.8,0.0,0.0,104.9312026569791,0.9730218570286534,False,0.2627535550000175
3493,sagereg,0.1,0.01,0.75,0.8,0.0,0.0,104.93120232843204,0.9730218310152976,False,0.2919515070007037
3494,one_hop,0.1,0.01,0.75,0.8,0.0,0.0,65.33419805260887,0.8833459240539282,False,0.2671526109988917
3494,sagereg,0.1,0.01,0.75,0.8,0.0,0.0,65.33420245809852,0.8833459086525806,False,0.2959593150008004
3495,one_hop,0.1,0.01,0.75,0.8,0.0,0.0,131.65013444658211,0.4156740221154185,False,0.2672942019999027
3495,sagereg,0.1,0.01,0.75,0.8,0.0,0.0,131.65013466694893,0.4156740088520915,False,0.2967037069993239
3496,one_hop,0.1,0.01,0.75,0.8,0.0,0.0,12.392162506576664,0.6086790878729083,False,0.2636533130007592
3496,sagereg,0.1,0.01,0.75,0.8,0.0,0.0,12.392162437234491,0.6086790936819557,False,0.2930795879983634
3497,one_hop,0.1,0.01,0.75,0.8,0.0,0.0,140.17787688738264,0.5573308286408897,False,0.2657572719999734
3497,sagereg,0.1,0.01,0.75,0.8,0.0,0.0,140.17787627433927,0.5573308395639343,False,0.2976203620000888
3498,one_hop,0.1,0.01,0.75,0.8,0.0,0.0,86.70199579913218,0.6305564261050597,False,0.2596611230001144
3498,sagereg,0.1,0.01,0.75,0.8,0.0,0.0,86.70199542418304,0.6305563760656406,False,0.2881305400005658
3499,one_hop,0.1,0.01,0.75,0.8,0.0,0.0,176.79621581022508,0.8840070460363767,False,0.2611578370015195
3499,sagereg,0.1,0.01,0.75,0.8,0.0,0.0,176.79621602954197,0.8840070712875618,False,0.2876228479999554
3500,one_hop,0.1,0.01,0.75,0.8,0.0,0.25,114.93072320633873,0.41258084157809,False,0.2571502980008517
3500,sagereg,0.1,0.01,0.75,0.8,0.0,0.25,114.93072252107147,0.4125808908750904,False,0.2882164719994762
3501,one_hop,0.1,0.01,0.75,0.8,0.0,0.25,51.28755430995855,0.8624856730805817,False,0.2621601549999468
3501,sagereg,0.1,0.01,0.75,0.8,0.0,0.25,51.28755453057527,0.8624857397913601,False,0.2909646710013476
3502,one_hop,0.1,0.01,0.75,0.8,0.0,0.25,97.02223285646708,0.515209054930615,False,0.2592403679991548
3502,sagereg,0.1,0.01,0.75,0.8,0.0,0.25,97.02223558529282,0.515209048486045,False,0.2924647519994323
3503,one_hop,0.1,0.01,0.75,0.8,0.0,0.25,77.93354179820054,0.5197391208017732,False,0.2602661159999115
3503,sagereg,0.1,0.01,0.75,0.8,0.0,0.25,77.9335398518868,0.5197390583908867,False,0.290507694999178
3504,one_hop,0.1,0.01,0.75,0.8,0.0,0.25,145.19147347993572,1.2338255200625956,False,0.2547615349994885
3504,sagereg,0.1,0.01,0.75,0.8,0.0,0.25,145.1914789689944,1.2338256048911558,False,0.2835850749997917
3505,one_hop,0.1,0.01,0.75,0.8,0.0,0.25,147.9326944901495,0.9396968560921584,False,0.2589790050005831
3505,sagereg,0.1,0.01,0.75,0.8,0.0,0.25,147.93269340481083,0.9396968902842232,False,0.2903341550008917
3506,one_hop,0.1,0.01,0.75,0.8,0.0,0.25,38.49345338294199,0.6407585968447307,False,0.2604007250010909
3506,sagereg,0.1,0.01,0.75,0.8,0.0,0.25,38.49345316892869,0.6407585831840872,False,0.2912087699987751
3507,one_hop,0.1,0.01,0.75,0.8,0.0,0.25,47.50899813128342,0.7197195977741991,False,0.258691038001416
3507,sagereg,0.1,0.01,0.75,0.8,0.0,0.25,47.50899970668229,0.719719603765888,False,0.2880481369993504
3508,one_hop,0.1,0.01,0.75,0.8,0.0,0.25,73.2966059650063,0.9214880948636458,False,0.2571081949990912
3508,sagereg,0.1,0.01,0.75,0.8,0.0,0.25,73.29660447722674,0.9214881164983284,False,0.2861218910002208
3509,one_hop,0.1,0.01,0.75,0.8,0.0,0.25,74.34491244448677,0.5905653652173037,False,0.2577813400002924
3509,sagereg,0.1,0.01,0.75,0.8,0.0,0.25,74.34491376558076,0.5905653897167469,False,0.2891333280003891
3510,one_hop,0.1,0.01,0.75,0.8,0.0,0.25,78.42037843134875,0.33112954202505,False,0.2558062260013685
3510,sagereg,0.1,0.01,0.75,0.8,0.0,0.25,78.42037849132832,0.3311292132622919,False,0.2855606800003443
3511,one_hop,0.1,0.01,0.75,0.8,0.0,0.25,37.14157793221904,0.196975666705138,False,0.2616631109995069
3511,sagereg,0.1,0.01,0.75,0.8,0.0,0.25,37.14157979125885,0.1969756726434522,False,0.2914442250003048
3512,one_hop,0.1,0.01,0.75,0.8,0.0,0.25,140.32009758132585,0.9609302390302374,False,0.2561470790005842
3512,sagereg,0.1,0.01,0.75,0.8,0.0,0.25,140.32012120679343,0.9609302457552152,False,0.2858280080017721
3513,one_hop,0.1,0.01,0.75,0.8,0.0,0.25,142.95082927899043,0.4398496713292849,False,0.2582424860011088
3513,sagereg,0.1,0.01,0.75,0.8,0.0,0.25,142.950828475944,0.439849674565706,False,0.2883225149998907
3514,one_hop,0.1,0.01,0.75,0.8,0.0,0.25,44.69888167164007,0.6647009527856095,False,0.2537362909988587
3514,sagereg,0.1,0.01,0.75,0.8,0.0,0.25,44.69888114880644,0.6647008065457036,False,0.2845613489989773
3515,one_hop,0.1,0.01,0.75,0.8,0.0,0.25,88.83626301473248,0.4021126641734736,False,0.2563575870008208
3515,sagereg,0.1,0.01,0.75,0.8,0.0,0.25,88.8362620717021,0.4021126830309395,False,0.2880474049998156
3516,one_hop,0.1,0.01,0.75,0.8,0.0,0.25,118.76207591945852,0.633721587289489,False,0.2584956940008851
3516,sagereg,0.1,0.01,0.75,0.8,0.0,0.25,118.76207569884328,0.6337215891641231,False,0.2885925529990345
3517,one_hop,0.1,0.01,0.75,0.8,0.0,0.25,125.58274476589568,0.6989987532778337,False,0.2582417949997762
3517,sagereg,0.1,0.01,0.75,0.8,0.0,0.25,125.58274703457528,0.698998758008657,False,0.2886600149995502
3518,one_hop,0.1,0.01,0.75,0.8,0.0,0.25,94.77887343687556,0.5776878343182029,False,0.261698789001457
3518,sagereg,0.1,0.01,0.75,0.8,0.0,0.25,94.77887266488506,0.5776877956269457,False,0.2926443249998556
3519,one_hop,0.1,0.01,0.75,0.8,0.0,0.25,115.15113994892664,0.9998179168464572,False,0.2577482630003942
3519,sagereg,0.1,0.01,0.75,0.8,0.0,0.25,115.15114103832298,0.9998178901541552,False,0.2869528810006159
3520,one_hop,0.1,0.01,0.75,0.8,0.5,0.0,80.97231977599694,0.8321088160233294,False,0.2501180010003736
3520,sagereg,0.1,0.01,0.75,0.8,0.5,0.0,80.97231764597299,0.8321088251692679,False,0.2770969739995053
3521,one_hop,0.1,0.01,0.75,0.8,0.5,0.0,166.7487282438821,1.0005972974824653,False,0.2540394640000158
3521,sagereg,0.1,0.01,0.75,0.8,0.5,0.0,166.7487267589018,1.000597353065027,False,0.2830674340002588
3522,one_hop,0.1,0.01,0.75,0.8,0.5,0.0,153.94614038523918,0.6319829027833063,False,0.2623215010007698
3522,sagereg,0.1,0.01,0.75,0.8,0.5,0.0,153.94613964459668,0.6319827984835138,False,0.2901242919997457
3523,one_hop,0.1,0.01,0.75,0.8,0.5,0.0,132.85484986973822,0.8110129646464664,False,0.2577263189996301
3523,sagereg,0.1,0.01,0.75,0.8,0.5,0.0,132.8548510333965,0.8110130521716832,False,0.2867918650008505
3524,one_hop,0.1,0.01,0.75,0.8,0.5,0.0,128.19312407415472,1.037677747874954,False,0.259365740001158
3524,sagereg,0.1,0.01,0.75,0.8,0.5,0.0,128.19312368636125,1.0376777326229023,False,0.2866987010002049
3525,one_hop,0.1,0.01,0.75,0.8,0.5,0.0,98.42703348334634,0.3620655357194606,False,0.2580372180000267
3525,sagereg,0.1,0.01,0.75,0.8,0.5,0.0,98.4270330348861,0.3620655370858661,False,0.2862320799995359
3526,one_hop,0.1,0.01,0.75,0.8,0.5,0.0,50.8994705964002,0.3756567529422313,False,0.2646140910001122
3526,sagereg,0.1,0.01,0.75,0.8,0.5,0.0,50.89946465942508,0.3756567953496674,False,0.2936400119997415
3527,one_hop,0.1,0.01,0.75,0.8,0.5,0.0,123.45492410766671,0.8388836564505779,False,0.2553400440010591
3527,sagereg,0.1,0.01,0.75,0.8,0.5,0.0,123.45492298229024,0.8388836893166176,False,0.2829364200006239
3528,one_hop,0.1,0.01,0.75,0.8,0.5,0.0,55.35808045750871,0.7873651804208692,False,0.2581829329992615
3528,sagereg,0.1,0.01,0.75,0.8,0.5,0.0,55.35809531491576,0.7873655373318356,False,0.2821957959986321
3529,one_hop,0.1,0.01,0.75,0.8,0.5,0.0,138.0651312104941,0.4110887720421496,False,0.2549613210012467
3529,sagereg,0.1,0.01,0.75,0.8,0.5,0.0,138.06513195959283,0.4110887420681486,False,0.282585511000434
3530,one_hop,0.1,0.01,0.75,0.8,0.5,0.0,46.397598903405736,0.352427762385472,False,0.2587277530001302
3530,sagereg,0.1,0.01,0.75,0.8,0.5,0.0,46.39760068498772,0.3524277798486784,False,0.2878695499985042
3531,one_hop,0.1,0.01,0.75,0.8,0.5,0.0,135.1548175941797,0.793298200788262,False,0.2549134900000354
3531,sagereg,0.1,0.01,0.75,0.8,0.5,0.0,135.15481843522394,0.7932982074487152,False,0.2825658230012777
3532,one_hop,0.1,0.01,0.75,0.8,0.5,0.0,30.798333859199087,0.5629221103062237,False,0.2554811279987916
3532,sagereg,0.1,0.01,0.75,0.8,0.5,0.0,30.79833270012748,0.5629220924365684,False,0.2838417729999491
3533,one_hop,0.1,0.01,0.75,0.8,0.5,0.0,168.6580132690267,0.992218220243863,False,0.2596256820015696
3533,sagereg,0.1,0.01,0.75,0.8,0.5,0.0,168.65800827558934,0.9922179323979342,False,0.288198939000722
3534,one_hop,0.1,0.01,0.75,0.8,0.5,0.0,65.72841168606026,0.6042357217759794,False,0.2635281020011462
3534,sagereg,0.1,0.01,0.75,0.8,0.5,0.0,65.72841100435727,0.6042357061880993,False,0.2889389100000699
3535,one_hop,0.1,0.01,0.75,0.8,0.5,0.0,174.3353923657834,0.8112378583028497,False,0.2542394980009703
3535,sagereg,0.1,0.01,0.75,0.8,0.5,0.0,174.3353931916917,0.8112380493083065,False,0.283301773999483
3536,one_hop,0.1,0.01,0.75,0.8,0.5,0.0,93.82868402788114,0.4083741405060583,False,0.2585621529997297
3536,sagereg,0.1,0.01,0.75,0.8,0.5,0.0,93.82868483818709,0.4083742338986826,False,0.2870200510005816
3537,one_hop,0.1,0.01,0.75,0.8,0.5,0.0,150.02320374987409,0.4961106244373493,False,0.2612851479989331
3537,sagereg,0.1,0.01,0.75,0.8,0.5,0.0,150.02320454802802,0.4961105478034406,False,0.2865854049996414
3538,one_hop,0.1,0.01,0.75,0.8,0.5,0.0,141.5128208889712,0.4770378420013575,False,0.2540395779997197
3538,sagereg,0.1,0.01,0.75,0.8,0.5,0.0,141.5128225869135,0.4770378825110161,False,0.2838504360006482
3539,one_hop,0.1,0.01,0.75,0.8,0.5,0.0,135.9307854998786,0.1926907433773099,False,0.2596189370015054
3539,sagereg,0.1,0.01,0.75,0.8,0.5,0.0,135.9307836445405,0.1926906953348757,False,0.2880017850002332
3540,one_hop,0.1,0.01,0.75,0.8,0.5,0.25,122.49033661170898,0.5522067735381514,False,0.2540813899995555
3540,sagereg,0.1,0.01,0.75,0.8,0.5,0.25,122.49033590157865,0.5522067446142189,False,0.284294282000701
3541,one_hop,0.1,0.01,0.75,0.8,0.5,0.25,71.02355738102867,0.6042527526405322,False,0.2581852229996002
3541,sagereg,0.1,0.01,0.75,0.8,0.5,0.25,71.02355433960679,0.604252671755744,False,0.2873763820007298
3542,one_hop,0.1,0.01,0.75,0.8,0.5,0.25,103.05247364610042,0.1585728008397623,False,0.2569048130008013
3542,sagereg,0.1,0.01,0.75,0.8,0.5,0.25,103.05247322726213,0.1585728226195937,False,0.2854584680007974
3543,one_hop,0.1,0.01,0.75,0.8,0.5,0.25,117.63961235992352,0.9787213131178372,False,0.2535977739989903
3543,sagereg,0.1,0.01,0.75,0.8,0.5,0.25,117.63959765146583,0.9787207120619892,False,0.2870125690005807
3544,one_hop,0.1,0.01,0.75,0.8,0.5,0.25,123.63970700544188,0.5779719623892605,False,0.2564399610000691
3544,sagereg,0.1,0.01,0.75,0.8,0.5,0.25,123.6397058058449,0.5779719770333344,False,0.2840289890009444
3545,one_hop,0.1,0.01,0.75,0.8,0.5,0.25,130.6895951371794,0.3764946939184124,False,0.2577457310017053
3545,sagereg,0.1,0.01,0.75,0.8,0.5,0.25,130.68959059770663,0.3764949749891572,False,0.2866066770002362
3546,one_hop,0.1,0.01,0.75,0.8,0.5,0.25,87.63399586488762,0.4210570523131914,False,0.2557321349995618
3546,sagereg,0.1,0.01,0.75,0.8,0.5,0.25,87.63400152161816,0.4210570137689795,False,0.2871346080009971
3547,one_hop,0.1,0.01,0.75,0.8,0.5,0.25,137.87810831602948,0.3972085402663198,False,0.2564360960004705
3547,sagereg,0.1,0.01,0.75,0.8,0.5,0.25,137.8781133034636,0.3972084027233181,False,0.2873302290008723
3548,one_hop,0.1,0.01,0.75,0.8,0.5,0.25,108.7734173107739,0.5966644584030983,False,0.2549535759990249
3548,sagereg,0.1,0.01,0.75,0.8,0.5,0.25,108.7734185329938,0.5966644634662367,False,0.2840777679994062
3549,one_hop,0.1,0.01,0.75,0.8,0.5,0.25,120.93121809673744,0.2167340366246868,False,0.2595218130009016
3549,sagereg,0.1,0.01,0.75,0.8,0.5,0.25,120.93121638502603,0.2167340583952903,False,0.2902347809995262
3550,one_hop,0.1,0.01,0.75,0.8,0.5,0.25,76.6585562904593,0.7962442083467294,False,0.2570617040000797
3550,sagereg,0.1,0.01,0.75,0.8,0.5,0.25,76.65856141193818,0.796244349451833,False,0.2875889320002898
3551,one_hop,0.1,0.01,0.75,0.8,0.5,0.25,154.99853362012072,0.2517045756545796,False,0.2555627009987802
3551,sagereg,0.1,0.01,0.75,0.8,0.5,0.25,154.99853312109352,0.2517045963428702,False,0.2844532199997047
3552,one_hop,0.1,0.01,0.75,0.8,0.5,0.25,26.894285261935316,1.1301579347898232,False,0.2519942489998357
3552,sagereg,0.1,0.01,0.75,0.8,0.5,0.25,26.89428522544238,1.1301579364568743,False,0.2821019029997842
3553,one_hop,0.1,0.01,0.75,0.8,0.5,0.25,162.41607453436745,0.3415623550729667,False,0.2619445549989905
3553,sagereg,0.1,0.01,0.75,0.8,0.5,0.25,162.41607227199745,0.3415623046584668,False,0.2904526710008213
3554,one_hop,0.1,0.01,0.75,0.8,0.5,0.25,171.3466928017855,0.3722778002945801,False,0.2579621889999544
3554,sagereg,0.1,0.01,0.75,0.8,0.5,0.25,171.3466927062469,0.3722777737338533,False,0.2872401559998252
3555,one_hop,0.1,0.01,0.75,0.8,0.5,0.25,52.36288615091429,0.8816580492316289,False,0.255239767000603
3555,sagereg,0.1,0.01,0.75,0.8,0.5,0.25,52.36288715337813,0.8816580065200573,False,0.2851316720007162
3556,one_hop,0.1,0.01,0.75,0.8,0.5,0.25,135.5435922384622,0.3786475745217909,False,0.2588540100005048
3556,sagereg,0.1,0.01,0.75,0.8,0.5,0.25,135.543593234461,0.3786476091428886,False,0.2883051539993175
3557,one_hop,0.1,0.01,0.75,0.8,0.5,0.25,37.40146844576552,1.0163890299765053,False,0.2590698980002344
3557,sagereg,0.1,0.01,0.75,0.8,0.5,0.25,37.401469172820825,1.0163890887061595,False,0.2883596219999162
3558,one_hop,0.1,0.01,0.75,0.8,0.5,0.25,125.91499663189424,1.1384590706444744,False,0.2512841549996665
3558,sagereg,0.1,0.01,0.75,0.8,0.5,0.25,125.91499638561774,1.138459079890518,False,0.2767758999998477
3559,one_hop,0.1,0.01,0.75,0.8,0.5,0.25,122.69686817429712,1.0251526878296435,False,0.2587473500007036
3559,sagereg,0.1,0.01,0.75,0.8,0.5,0.25,122.69686788530112,1.0251526928458636,False,0.2886138020003272
3560,one_hop,0.1,0.01,0.75,0.8,1.0,0.0,120.34028757095628,0.9241799326083828,False,0.2458112229996913
3560,sagereg,0.1,0.01,0.75,0.8,1.0,0.0,120.34028681559748,0.9241798999758734,False,0.2734648299992841
3561,one_hop,0.1,0.01,0.75,0.8,1.0,0.0,125.94014559015623,0.5989990894741797,False,0.2566624230003071
3561,sagereg,0.1,0.01,0.75,0.8,1.0,0.0,125.94014573019048,0.5989991056491953,False,0.286308723001639
3562,one_hop,0.1,0.01,0.75,0.8,1.0,0.0,159.99980012859183,0.1726616990688395,False,0.2513105540001561
3562,sagereg,0.1,0.01,0.75,0.8,1.0,0.0,159.99980279582329,0.1726617254293324,False,0.2794506919999548
3563,one_hop,0.1,0.01,0.75,0.8,1.0,0.0,101.23758663808324,0.5174138595944315,False,0.2478588049998507
3563,sagereg,0.1,0.01,0.75,0.8,1.0,0.0,101.23758530121874,0.5174138461351044,False,0.2756000879999192
3564,one_hop,0.1,0.01,0.75,0.8,1.0,0.0,92.18223189195912,0.8143246498481463,False,0.2464832390014635
3564,sagereg,0.1,0.01,0.75,0.8,1.0,0.0,92.18223080640126,0.8143246649636355,False,0.2747168919995602
3565,one_hop,0.1,0.01,0.75,0.8,1.0,0.0,178.0426796628848,1.101847075750634,False,0.2489647649999824
3565,sagereg,0.1,0.01,0.75,0.8,1.0,0.0,178.04267975333522,1.101846996015974,False,0.276745964998554
3566,one_hop,0.1,0.01,0.75,0.8,1.0,0.0,127.8253376537696,0.5439489229296357,False,0.2481191949991625
3566,sagereg,0.1,0.01,0.75,0.8,1.0,0.0,127.82511456110645,0.5439495719655302,False,0.2769805499992799
3567,one_hop,0.1,0.01,0.75,0.8,1.0,0.0,124.47873846583244,0.98590007418672,False,0.2533021609997377
3567,sagereg,0.1,0.01,0.75,0.8,1.0,0.0,124.47873822055692,0.9859001504528028,False,0.2820854980000149
3568,one_hop,0.1,0.01,0.75,0.8,1.0,0.0,160.80251626562614,0.7144948626986078,False,0.2441978689985262
3568,sagereg,0.1,0.01,0.75,0.8,1.0,0.0,160.8025156650987,0.7144948473162123,False,0.2706865050004126
3569,one_hop,0.1,0.01,0.75,0.8,1.0,0.0,61.59691869241018,0.347336079429164,False,0.2586688240007788
3569,sagereg,0.1,0.01,0.75,0.8,1.0,0.0,61.59691980131165,0.3473361143032526,False,0.2862480859985226
3570,one_hop,0.1,0.01,0.75,0.8,1.0,0.0,136.55754262832855,0.4944342989160223,False,0.2475210339998739
3570,sagereg,0.1,0.01,0.75,0.8,1.0,0.0,136.5575426613017,0.4944342885475809,False,0.2760614260005241
3571,one_hop,0.1,0.01,0.75,0.8,1.0,0.0,163.0334394475357,0.9431076918419072,False,0.2495430069993744
3571,sagereg,0.1,0.01,0.75,0.8,1.0,0.0,163.03344056427915,0.943107686325656,False,0.276702879998993
3572,one_hop,0.1,0.01,0.75,0.8,1.0,0.0,153.7402759493052,0.6608569802958298,False,0.2523198319995572
3572,sagereg,0.1,0.01,0.75,0.8,1.0,0.0,153.74027744311456,0.6608570068846354,False,0.2809372049996455
3573,one_hop,0.1,0.01,0.75,0.8,1.0,0.0,27.144281907453863,0.5596882039178941,False,0.2534994979996554
3573,sagereg,0.1,0.01,0.75,0.8,1.0,0.0,27.14428518879945,0.5596882043018803,False,0.282631878999382
3574,one_hop,0.1,0.01,0.75,0.8,1.0,0.0,97.90928877404576,0.4815932504207583,False,0.2529136400007701
3574,sagereg,0.1,0.01,0.75,0.8,1.0,0.0,97.90928798282486,0.4815932380748371,False,0.2817191599988291
3575,one_hop,0.1,0.01,0.75,0.8,1.0,0.0,54.723851823196064,0.5682354783117517,False,0.2537785879994771
3575,sagereg,0.1,0.01,0.75,0.8,1.0,0.0,54.72384552124868,0.568235511100016,False,0.2841681390000303
3576,one_hop,0.1,0.01,0.75,0.8,1.0,0.0,146.98836469691233,0.0870859650537682,False,0.249812011999893
3576,sagereg,0.1,0.01,0.75,0.8,1.0,0.0,146.9883659793416,0.0870859539395447,False,0.2763221109998994
3577,one_hop,0.1,0.01,0.75,0.8,1.0,0.0,124.90923535499982,0.3105617089105128,False,0.2501396249990648
3577,sagereg,0.1,0.01,0.75,0.8,1.0,0.0,124.90924122102436,0.3105617799653344,False,0.2792466489991057
3578,one_hop,0.1,0.01,0.75,0.8,1.0,0.0,148.1423486195512,0.8046691213078222,False,0.2447032969994325
3578,sagereg,0.1,0.01,0.75,0.8,1.0,0.0,148.14234803676518,0.8046690644970752,False,0.2750573129997065
3579,one_hop,0.1,0.01,0.75,0.8,1.0,0.0,178.93595934288217,0.99588473560223,False,0.257546310998805
3579,sagereg,0.1,0.01,0.75,0.8,1.0,0.0,178.9359598248427,0.9958847508638866,False,0.2869417450001492
3580,one_hop,0.1,0.01,0.75,0.8,1.0,0.25,78.51474849761668,0.7038935184877961,False,0.2494127410009241
3580,sagereg,0.1,0.01,0.75,0.8,1.0,0.25,78.51474863769238,0.703893519085001,False,0.2794268350007769
3581,one_hop,0.1,0.01,0.75,0.8,1.0,0.25,143.78819209305092,0.8002106915747168,False,0.2523034770001686
3581,sagereg,0.1,0.01,0.75,0.8,1.0,0.25,143.78819103478995,0.8002107243157096,False,0.2817910720004875
3582,one_hop,0.1,0.01,0.75,0.8,1.0,0.25,118.16172436186284,0.6492814709923347,False,0.2476441259987041
3582,sagereg,0.1,0.01,0.75,0.8,1.0,0.25,118.16172486525794,0.6492814754208197,False,0.2780243999986851
3583,one_hop,0.1,0.01,0.75,0.8,1.0,0.25,127.84956299851824,1.0107656269605878,False,0.2636461539987067
3583,sagereg,0.1,0.01,0.75,0.8,1.0,0.25,127.84956319919964,1.0107656721515508,False,0.2916528629993991
3584,one_hop,0.1,0.01,0.75,0.8,1.0,0.25,154.9803035336937,0.4710363717517777,False,0.2508828070003801
3584,sagereg,0.1,0.01,0.75,0.8,1.0,0.25,154.98030601214387,0.4710363317516007,False,0.2794506890004413
3585,one_hop,0.1,0.01,0.75,0.8,1.0,0.25,136.2884251805405,0.5868266972433118,False,0.2501886230002128
3585,sagereg,0.1,0.01,0.75,0.8,1.0,0.25,136.2884238745771,0.5868266798053215,False,0.2793974390006042
3586,one_hop,0.1,0.01,0.75,0.8,1.0,0.25,134.80926727926374,0.6056047567889259,False,0.256658353999228
3586,sagereg,0.1,0.01,0.75,0.8,1.0,0.25,134.8092717681176,0.6056048327560952,False,0.2859082150007452
3587,one_hop,0.1,0.01,0.75,0.8,1.0,0.25,112.45306914049932,0.4775327701915793,False,0.2566748619992722
3587,sagereg,0.1,0.01,0.75,0.8,1.0,0.25,112.45306787298148,0.4775327824404998,False,0.2827117589986301
3588,one_hop,0.1,0.01,0.75,0.8,1.0,0.25,153.36981695311755,0.4525708671798806,False,0.2542824760002986
3588,sagereg,0.1,0.01,0.75,0.8,1.0,0.25,153.36981807566465,0.4525708713123723,False,0.2908177520002937
3589,one_hop,0.1,0.01,0.75,0.8,1.0,0.25,125.1813217291904,0.7123145130609694,False,0.2528371120006341
3589,sagereg,0.1,0.01,0.75,0.8,1.0,0.25,125.18132016387584,0.7123145184327315,False,0.283454790000178
3590,one_hop,0.1,0.01,0.75,0.8,1.0,0.25,168.99943840943843,0.2477728711878824,False,0.2471908930001518
3590,sagereg,0.1,0.01,0.75,0.8,1.0,0.25,168.99943932785632,0.2477728903517579,False,0.2771494960015843
3591,one_hop,0.1,0.01,0.75,0.8,1.0,0.25,144.26750795578124,0.8455701353741786,False,0.2554713720001018
3591,sagereg,0.1,0.01,0.75,0.8,1.0,0.25,144.26750635281064,0.8455701059691522,False,0.2860351920007815
3592,one_hop,0.1,0.01,0.75,0.8,1.0,0.25,179.05654899203742,1.0292263321576822,False,0.2566350760007481
3592,sagereg,0.1,0.01,0.75,0.8,1.0,0.25,179.05654992878195,1.029226367261621,False,0.2844920549996459
3593,one_hop,0.1,0.01,0.75,0.8,1.0,0.25,124.70382414366168,0.8805765099983952,False,0.2552204900002834
3593,sagereg,0.1,0.01,0.75,0.8,1.0,0.25,124.70382589260988,0.8805765020639539,False,0.2864097080000647
3594,one_hop,0.1,0.01,0.75,0.8,1.0,0.25,101.06869426741557,0.3917983169624379,False,0.2552595960005419
3594,sagereg,0.1,0.01,0.75,0.8,1.0,0.25,101.06869417064262,0.3917982576653851,False,0.2881274500014115
3595,one_hop,0.1,0.01,0.75,0.8,1.0,0.25,177.4852149401327,0.7029740504368647,False,0.2477140419996431
3595,sagereg,0.1,0.01,0.75,0.8,1.0,0.25,177.48521553272892,0.7029740644214894,False,0.2763660450000316
3596,one_hop,0.1,0.01,0.75,0.8,1.0,0.25,157.58926423708556,1.216734353964992,False,0.2509141680002358
3596,sagereg,0.1,0.01,0.75,0.8,1.0,0.25,157.5892637756519,1.216734333814091,False,0.2795742509988486
3597,one_hop,0.1,0.01,0.75,0.8,1.0,0.25,178.79318640591958,0.5228351167903553,False,0.2573815529995045
3597,sagereg,0.1,0.01,0.75,0.8,1.0,0.25,178.79316164756986,0.5228357151520463,False,0.2844110349997208
3598,one_hop,0.1,0.01,0.75,0.8,1.0,0.25,159.597725322552,0.6869706154328639,False,0.247821880999254
3598,sagereg,0.1,0.01,0.75,0.8,1.0,0.25,159.59772486771038,0.6869705640516859,False,0.2787820569992618
3599,one_hop,0.1,0.01,0.75,0.8,1.0,0.25,150.59522620436329,0.7823527261467857,False,0.2479779639998014
3599,sagereg,0.1,0.01,0.75,0.8,1.0,0.25,150.5952277983548,0.7823526907077164,False,0.2777588890003244
