pair_index,scene,source_id,target_id,method,num_correspondences,putative_inlier_ratio,rotation_error_deg,translation_error,success,runtime_seconds,mean_hops,best_hops,effective_rank,regeneration_updates,regenerated_correspondences,subsample_seconds,graph_seconds,seed_seconds,search_seconds,refinement_seconds,regeneration_seconds
0,7-scenes-redkitchen,7,0,sagereg_regen,855,0.0573099415204678,2.334236500561645,0.0998956570125492,True,0.3207823449993157,1.8333333333333333,2.0,1.602565428803347,5.0,3674.0,,,,,,
1,7-scenes-redkitchen,8,0,sagereg_regen,978,0.0102249488752556,123.21700876089504,1.5198850262922443,False,0.3560103560084826,1.6979166666666667,2.0,1.964550274193589,6.0,4523.0,,,,,,
2,7-scenes-redkitchen,9,0,sagereg_regen,1001,0.0589410589410589,1.8682046397653584,0.0904687256378963,True,0.35477333599556,1.7395833333333333,2.0,1.5434785845745618,6.0,3201.0,,,,,,
3,7-scenes-redkitchen,16,0,sagereg_regen,776,0.027061855670103,4.248515770468479,0.0444045764372173,True,0.2750737989990739,1.7916666666666667,2.0,1.6227684669597762,5.0,2437.0,,,,,,
4,7-scenes-redkitchen,17,0,sagereg_regen,936,0.0053418803418803,91.05076236048708,0.5533730240777266,False,0.3215145449939882,1.7083333333333333,2.0,1.2308900553393205,6.0,2698.0,,,,,,
5,7-scenes-redkitchen,18,0,sagereg_regen,971,0.03913491246138,1.6675258827912538,0.0448587836149074,True,0.3486277879928821,1.75,2.0,1.336224712774316,3.0,3345.0,,,,,,
6,7-scenes-redkitchen,20,0,sagereg_regen,969,0.0392156862745098,1.976377643251813,0.0572062379843158,True,0.3462957180017838,1.8020833333333333,2.0,1.155943366061024,5.0,3576.0,,,,,,
7,7-scenes-redkitchen,25,0,sagereg_regen,896,0.0078125,14.6514454086949,2.0313957990608014,False,0.3209554440036299,1.75,2.0,1.6761382681404398,5.0,2770.0,,,,,,
8,7-scenes-redkitchen,30,0,sagereg_regen,551,0.0,138.04924868688727,2.9770564399577317,False,0.1937067909966572,1.7916666666666667,2.0,1.3887038808604983,4.0,2059.0,,,,,,
9,7-scenes-redkitchen,31,0,sagereg_regen,553,0.0090415913200723,98.28356358541188,1.106425531149708,False,0.1925085550028598,1.6458333333333333,2.0,1.9652851049127789,5.0,1804.0,,,,,,
10,7-scenes-redkitchen,32,0,sagereg_regen,530,0.0056603773584905,171.35371092750114,2.229551353617228,False,0.1770699519984191,1.6979166666666667,2.0,2.075847964819788,2.0,1995.0,,,,,,
11,7-scenes-redkitchen,33,0,sagereg_regen,548,0.0127737226277372,154.9254735455815,1.2457777751264014,False,0.1896784220007248,1.8333333333333333,2.0,2.0230946239979493,3.0,2002.0,,,,,,
12,7-scenes-redkitchen,34,0,sagereg_regen,522,0.0,143.12990416607047,2.2516987597902847,False,0.177606299999752,1.3854166666666667,2.0,1.2419837457812049,4.0,2265.0,,,,,,
13,7-scenes-redkitchen,36,0,sagereg_regen,932,0.0085836909871244,111.99406315075412,1.779838964802136,False,0.3222485360020073,1.8333333333333333,2.0,1.8033840247533024,4.0,3013.0,,,,,,
14,7-scenes-redkitchen,37,0,sagereg_regen,924,0.0259740259740259,91.92540125923928,0.5740686391739861,False,0.3207182870028191,1.7708333333333333,2.0,1.6636569628454916,4.0,4903.0,,,,,,
15,7-scenes-redkitchen,38,0,sagereg_regen,734,0.0326975476839237,4.300152547291798,0.0521958381388453,True,0.2644058340010815,1.7916666666666667,2.0,1.993476145396868,4.0,4383.0,,,,,,
16,7-scenes-redkitchen,41,0,sagereg_regen,844,0.0627962085308056,2.9979275987027614,0.1063144079759856,True,0.30409070099995,1.8229166666666667,2.0,1.4691841963897625,6.0,3721.0,,,,,,
17,7-scenes-redkitchen,42,0,sagereg_regen,719,0.0514603616133518,3.803635207336467,0.1079752950406861,True,0.2573514730102033,1.9375,2.0,1.8961022436670143,4.0,3145.0,,,,,,
18,7-scenes-redkitchen,43,0,sagereg_regen,658,0.0273556231003039,3.1884001930644086,0.0710764187089393,True,0.2406316699998569,1.875,2.0,2.106680782756849,6.0,2732.0,,,,,,
19,7-scenes-redkitchen,44,0,sagereg_regen,618,0.0566343042071197,1.6324766632035843,0.0318527548613629,True,0.2188435980060603,1.8541666666666667,2.0,1.609231657382766,3.0,2552.0,,,,,,
20,7-scenes-redkitchen,45,0,sagereg_regen,528,0.0189393939393939,132.17950528017482,0.9959570911630018,False,0.1953384049993474,1.7916666666666667,2.0,2.071104661466333,6.0,2433.0,,,,,,
21,7-scenes-redkitchen,46,0,sagereg_regen,414,0.0314009661835748,2.824131307066976,0.0647159050980947,True,0.1475352089983062,1.6666666666666667,2.0,2.020751407307395,6.0,2541.0,,,,,,
22,7-scenes-redkitchen,47,0,sagereg_regen,405,0.0345679012345679,2.7815663423638157,0.0343019811010424,True,0.1439059609983815,1.75,2.0,1.7221488474451525,6.0,2096.0,,,,,,
23,7-scenes-redkitchen,48,0,sagereg_regen,419,0.0167064439140811,17.286463155727624,0.2323677460670768,False,0.1402818280039355,1.7395833333333333,2.0,1.8441659522172995,6.0,1887.0,,,,,,
24,7-scenes-redkitchen,49,0,sagereg_regen,406,0.022167487684729,156.60753878341413,3.446982677310181,False,0.124272002998623,1.7604166666666667,2.0,1.0905335428636131,0.0,1069.0,,,,,,
25,7-scenes-redkitchen,50,0,sagereg_regen,365,0.021917808219178,107.69889012835966,0.443801335130032,False,0.1249717689934186,1.71875,2.0,1.6730133065904853,6.0,1515.0,,,,,,
26,7-scenes-redkitchen,51,0,sagereg_regen,256,0.03125,10.29356492705721,0.0579494244455015,True,0.0984386229974916,1.7708333333333333,2.0,1.8118087333706905,5.0,1654.0,,,,,,
27,7-scenes-redkitchen,52,0,sagereg_regen,406,0.0197044334975369,7.25940853936276,0.0632066687363737,True,0.1382445560011547,1.65625,2.0,1.6083077702011892,6.0,1715.0,,,,,,
28,7-scenes-redkitchen,53,0,sagereg_regen,599,0.010016694490818,165.9346374213893,2.5779209553485227,False,0.211508310996578,1.8333333333333333,2.0,1.6868042594281432,4.0,1574.0,,,,,,
29,7-scenes-redkitchen,59,0,sagereg_regen,703,0.0071123755334281,90.26218481949306,0.8818904006897419,False,0.2521482950032805,1.84375,2.0,2.5095505249547987,5.0,3555.0,,,,,,
30,7-scenes-redkitchen,6,1,sagereg_regen,736,0.0516304347826086,0.8749520802802344,0.0235791668584508,True,0.272019595002348,1.8020833333333333,2.0,1.2473692083512151,5.0,3116.0,,,,,,
31,7-scenes-redkitchen,7,1,sagereg_regen,759,0.0158102766798418,14.626596143852431,1.6032346622694804,False,0.2783353600025293,1.7604166666666667,2.0,1.5941842783039046,6.0,4190.0,,,,,,
32,7-scenes-redkitchen,9,1,sagereg_regen,950,0.031578947368421,1.9319616640672788,0.0708736048399184,True,0.3255091550017823,1.7604166666666667,2.0,1.7537983721354535,6.0,1961.0,,,,,,
33,7-scenes-redkitchen,18,1,sagereg_regen,932,0.0150214592274678,112.0413274953116,1.8844085104592396,False,0.3361776920064585,1.7604166666666667,2.0,2.0004957951682885,6.0,2834.0,,,,,,
34,7-scenes-redkitchen,19,1,sagereg_regen,840,0.075,2.426162634043015,0.0305460919345081,True,0.3072052360002999,1.7916666666666667,2.0,1.3318595275336802,5.0,3620.0,,,,,,
35,7-scenes-redkitchen,20,1,sagereg_regen,881,0.039727582292849,3.4066017505524138,0.0584316996753812,True,0.3028834799988544,1.7708333333333333,2.0,1.2165945511563814,2.0,2426.0,,,,,,
36,7-scenes-redkitchen,25,1,sagereg_regen,903,0.0022148394241417,176.153564953052,6.366550998711444,False,0.3159896330034826,1.78125,2.0,1.665567133495291,4.0,2962.0,,,,,,
37,7-scenes-redkitchen,30,1,sagereg_regen,569,0.0105448154657293,146.7007440783291,3.212152253141701,False,0.213212934002513,1.8854166666666667,2.0,2.188646296405502,6.0,2725.0,,,,,,
38,7-scenes-redkitchen,33,1,sagereg_regen,559,0.0017889087656529,155.38406410925916,3.4270993511669507,False,0.2191311019923887,1.7708333333333333,2.0,1.4938333306501888,5.0,3226.0,,,,,,
39,7-scenes-redkitchen,36,1,sagereg_regen,877,0.0068415051311288,68.32329703266869,1.533371108294003,False,0.3189641310091247,1.7916666666666667,2.0,2.058809492889483,6.0,4915.0,,,,,,
40,7-scenes-redkitchen,37,1,sagereg_regen,868,0.0092165898617511,87.06908377576049,1.9411067135062607,False,0.2992727710006875,1.8333333333333333,2.0,1.8506913420073996,6.0,2287.0,,,,,,
41,7-scenes-redkitchen,38,1,sagereg_regen,717,0.0167364016736401,6.010145590192285,0.0832444322963606,True,0.2632766269962303,1.7604166666666667,2.0,2.074151570515692,6.0,4275.0,,,,,,
42,7-scenes-redkitchen,39,1,sagereg_regen,891,0.0617283950617283,4.5502999880989305,0.0802342994402801,True,0.331496236998646,1.8333333333333333,2.0,1.6743186308636648,6.0,4557.0,,,,,,
43,7-scenes-redkitchen,41,1,sagereg_regen,822,0.0583941605839416,2.492674226329349,0.0863623459409806,True,0.2891070179903181,1.8333333333333333,2.0,1.253600148655538,4.0,3688.0,,,,,,
44,7-scenes-redkitchen,42,1,sagereg_regen,698,0.0401146131805157,3.4895123536159205,0.1055971509918513,True,0.2537523830033024,1.7916666666666667,2.0,1.907489397383024,6.0,2782.0,,,,,,
45,7-scenes-redkitchen,43,1,sagereg_regen,607,0.0115321252059308,69.85195124384374,0.1956389989335714,False,0.2327124980074586,1.6875,2.0,1.333869719202527,5.0,3429.0,,,,,,
46,7-scenes-redkitchen,44,1,sagereg_regen,572,0.0227272727272727,5.905847572977127,0.1522561776351014,True,0.2028290750022279,1.8229166666666667,2.0,1.652856710917187,3.0,2045.0,,,,,,
47,7-scenes-redkitchen,45,1,sagereg_regen,512,0.01171875,153.72168285429123,1.090634875511445,False,0.1798083969915751,1.8854166666666667,2.0,1.1818748382612052,5.0,1831.0,,,,,,
48,7-scenes-redkitchen,46,1,sagereg_regen,372,0.0188172043010752,171.9222088382309,3.291123528473058,False,0.1221395309985382,1.6458333333333333,2.0,1.4639767448758187,6.0,1129.0,,,,,,
49,7-scenes-redkitchen,59,1,sagereg_regen,655,0.0015267175572519,93.68325165228822,0.662583869489791,False,0.2272710610050126,1.84375,2.0,1.9539290636664943,2.0,3577.0,,,,,,
50,7-scenes-redkitchen,5,2,sagereg_regen,734,0.0095367847411444,66.10300393696363,2.360129093901502,False,0.2614690479967976,1.75,2.0,1.4605172586698716,6.0,1593.0,,,,,,
51,7-scenes-redkitchen,10,2,sagereg_regen,813,0.035670356703567,3.4897748714951806,0.2184440206563307,True,0.2881577990046935,1.84375,2.0,1.850478713285287,6.0,3299.0,,,,,,
52,7-scenes-redkitchen,15,2,sagereg_regen,520,0.0057692307692307,14.946367118797829,0.807607936954169,False,0.1968590590113308,1.875,2.0,2.0488710333381044,6.0,2446.0,,,,,,
53,7-scenes-redkitchen,26,2,sagereg_regen,869,0.001150747986191,30.07145030324881,1.546326259169125,False,0.311145358995418,1.8229166666666667,2.0,1.9415775067591183,6.0,4269.0,,,,,,
54,7-scenes-redkitchen,32,2,sagereg_regen,486,0.0164609053497942,177.89284643792905,3.660140463546086,False,0.1744554999968386,1.8229166666666667,2.0,1.6343926763332248,5.0,2042.0,,,,,,
55,7-scenes-redkitchen,44,2,sagereg_regen,564,0.0939716312056737,2.8441256161834683,0.0446242180361549,True,0.2129059870057972,1.9375,2.0,2.297110566156468,3.0,2933.0,,,,,,
56,7-scenes-redkitchen,45,2,sagereg_regen,471,0.0658174097664543,2.0896106458524626,0.0316557861704082,True,0.1733981140059768,1.8541666666666667,2.0,2.286270817853587,5.0,2159.0,,,,,,
57,7-scenes-redkitchen,6,3,sagereg_regen,689,0.0145137880986937,74.42312629450477,0.6686305734501492,False,0.2483544200003962,1.78125,2.0,1.5711765657807095,4.0,1523.0,,,,,,
58,7-scenes-redkitchen,7,3,sagereg_regen,660,0.0015151515151515,145.91974807794767,4.955088790743342,False,0.2467918470065342,1.71875,2.0,1.5261059444735865,6.0,2690.0,,,,,,
59,7-scenes-redkitchen,15,3,sagereg_regen,600,0.08,2.391407963320184,0.2524310706420101,True,0.2360221220005769,1.9583333333333333,2.0,1.4969438616687865,5.0,3517.0,,,,,,
60,7-scenes-redkitchen,19,3,sagereg_regen,745,0.0093959731543624,108.52660334302908,2.988351785042036,False,0.2694495309988269,1.6979166666666667,2.0,1.3382274174502324,6.0,1594.0,,,,,,
61,7-scenes-redkitchen,25,3,sagereg_regen,887,0.0056369785794813,16.280642061728134,1.9536122639938471,False,0.3155120560040814,1.8125,2.0,1.6548559099481113,6.0,2308.0,,,,,,
62,7-scenes-redkitchen,31,3,sagereg_regen,518,0.0057915057915057,112.50341229160024,2.524139274134201,False,0.188460933008173,1.7604166666666667,2.0,1.019524415162092,6.0,1908.0,,,,,,
63,7-scenes-redkitchen,32,3,sagereg_regen,501,0.0059880239520958,66.75185818403631,1.6069699832379831,False,0.185885580991453,1.78125,2.0,2.041446577358424,6.0,2243.0,,,,,,
64,7-scenes-redkitchen,36,3,sagereg_regen,943,0.0,97.97106444236805,0.6605163888217752,False,0.3427258920055465,1.8333333333333333,2.0,1.891912463163158,6.0,5536.0,,,,,,
65,7-scenes-redkitchen,37,3,sagereg_regen,913,0.004381161007667,92.8790225558002,0.6437770236694783,False,0.3296208929968998,1.8854166666666667,2.0,2.2658548122368383,5.0,4966.0,,,,,,
66,7-scenes-redkitchen,38,3,sagereg_regen,724,0.0234806629834254,178.31206822035168,3.578529247298391,False,0.2625260350032476,1.8229166666666667,2.0,1.8040775930661528,5.0,2063.0,,,,,,
67,7-scenes-redkitchen,39,3,sagereg_regen,808,0.0111386138613861,15.312781194832676,0.3196857008558258,False,0.2923272819971316,1.6979166666666667,2.0,2.2266259666440598,6.0,2715.0,,,,,,
68,7-scenes-redkitchen,46,3,sagereg_regen,341,0.0234604105571847,137.6542239209022,2.296444734246045,False,0.1245929260039702,1.7395833333333333,2.0,1.430492190163812,6.0,1353.0,,,,,,
69,7-scenes-redkitchen,59,3,sagereg_regen,672,0.0014880952380952,94.33250540987396,0.6645539590144842,False,0.2367631939996499,1.8541666666666667,2.0,1.91194498807052,6.0,2722.0,,,,,,
70,7-scenes-redkitchen,8,4,sagereg_regen,1025,0.024390243902439,4.119902047411283,0.2151635032692407,True,0.3522438689979026,1.7291666666666667,2.0,2.291976097108136,4.0,3557.0,,,,,,
71,7-scenes-redkitchen,16,4,sagereg_regen,878,0.0660592255125284,3.102165634604483,0.0575740416366351,True,0.3093363339939969,1.8958333333333333,2.0,2.255323379829907,3.0,3939.0,,,,,,
72,7-scenes-redkitchen,17,4,sagereg_regen,1052,0.0114068441064638,1.992693167864156,0.0979930337660287,True,0.3540369790061959,1.71875,2.0,1.994114695850989,5.0,4102.0,,,,,,
73,7-scenes-redkitchen,20,4,sagereg_regen,994,0.0432595573440643,2.08234141488563,0.1071028724847424,True,0.3582745530002285,1.71875,2.0,1.5708615422078844,3.0,4247.0,,,,,,
74,7-scenes-redkitchen,21,4,sagereg_regen,1002,0.0069860279441117,154.46970778929034,2.423374692548804,False,0.3640501189947827,1.8229166666666667,2.0,1.663801884553707,6.0,3780.0,,,,,,
75,7-scenes-redkitchen,24,4,sagereg_regen,919,0.0032644178454842,23.36583210370467,0.6716794943678697,False,0.318932121990656,1.7916666666666667,2.0,1.2698949545381726,6.0,3796.0,,,,,,
76,7-scenes-redkitchen,28,4,sagereg_regen,982,0.0061099796334012,90.96951504092884,2.245554580738447,False,0.3569664620008552,1.8229166666666667,2.0,1.4228261109903595,6.0,5962.0,,,,,,
77,7-scenes-redkitchen,29,4,sagereg_regen,783,0.0089399744572158,89.1394638000145,1.7667453148256498,False,0.2953349410017836,1.9166666666666667,2.0,1.9295876545064543,6.0,4851.0,,,,,,
78,7-scenes-redkitchen,35,4,sagereg_regen,967,0.0020682523267838,118.07531786560988,2.3780365543733204,False,0.3347766340011731,1.8125,2.0,1.5284194863140064,6.0,3402.0,,,,,,
79,7-scenes-redkitchen,36,4,sagereg_regen,930,0.021505376344086,2.0633709668261746,0.0903653052845085,True,0.3247132409960613,1.7604166666666667,2.0,2.093701055845034,6.0,4489.0,,,,,,
80,7-scenes-redkitchen,40,4,sagereg_regen,860,0.041860465116279,2.719503724017616,0.0674521215689052,True,0.3107134379970375,1.7916666666666667,2.0,2.4419102025714063,2.0,4079.0,,,,,,
81,7-scenes-redkitchen,41,4,sagereg_regen,892,0.0358744394618834,1.8925177854093616,0.0543470320927261,True,0.317301552000572,1.75,2.0,2.489769230814027,4.0,3716.0,,,,,,
82,7-scenes-redkitchen,43,4,sagereg_regen,707,0.065063649222065,1.6310685716361468,0.0339054779341101,True,0.2628509470014251,1.8333333333333333,2.0,1.930373078525624,5.0,3132.0,,,,,,
83,7-scenes-redkitchen,48,4,sagereg_regen,512,0.03515625,2.9286429708250625,0.0748018782429758,True,0.1871262959975865,1.8229166666666667,2.0,2.190206905586209,5.0,3332.0,,,,,,
84,7-scenes-redkitchen,49,4,sagereg_regen,520,0.0288461538461538,2.025323319949188,0.0712898311179416,True,0.1854719750044751,1.84375,2.0,1.679970632253388,4.0,2968.0,,,,,,
85,7-scenes-redkitchen,50,4,sagereg_regen,394,0.0304568527918781,1.3010882175210523,0.0521852373919336,True,0.1361061819916358,1.7083333333333333,2.0,1.7982685695476803,4.0,2857.0,,,,,,
86,7-scenes-redkitchen,51,4,sagereg_regen,284,0.028169014084507,132.29748582175506,1.2909826427884792,False,0.0940829449973534,1.59375,2.0,1.6103446270742674,4.0,1329.0,,,,,,
87,7-scenes-redkitchen,52,4,sagereg_regen,420,0.0309523809523809,2.203950813894103,0.0774715082008461,True,0.1394223039969802,1.5729166666666667,2.0,1.9239816805825631,4.0,3000.0,,,,,,
88,7-scenes-redkitchen,53,4,sagereg_regen,616,0.0097402597402597,93.20182209101834,1.8544467084261045,False,0.2119658489973517,1.7916666666666667,2.0,1.8616890387280745,5.0,1290.0,,,,,,
89,7-scenes-redkitchen,54,4,sagereg_regen,902,0.0033259423503325,178.10891237172402,3.407353683064165,False,0.3073895600027754,1.6145833333333333,2.0,1.9479987227413376,4.0,4048.0,,,,,,
90,7-scenes-redkitchen,58,4,sagereg_regen,648,0.0231481481481481,7.795148847657514,0.1511115495028746,True,0.2281184030071017,1.71875,2.0,1.7380881746371248,5.0,2028.0,,,,,,
91,7-scenes-redkitchen,59,4,sagereg_regen,641,0.0452418096723869,10.786945297906517,0.1741804982799059,True,0.2238382629948319,1.8020833333333333,2.0,1.4029184495823994,4.0,3089.0,,,,,,
92,7-scenes-redkitchen,13,5,sagereg_regen,678,0.0250737463126843,1.6051131133070875,0.0732420146593295,True,0.2572837940024328,1.6979166666666667,2.0,1.710523035529675,6.0,3406.0,,,,,,
93,7-scenes-redkitchen,14,5,sagereg_regen,535,0.0448598130841121,2.2954059549241035,0.0592673322283625,True,0.2103321969989338,1.8125,2.0,1.5821759005059066,6.0,3840.0,,,,,,
94,7-scenes-redkitchen,21,5,sagereg_regen,948,0.0263713080168776,1.338418107648241,0.0395845483932469,True,0.3453645500048878,1.7291666666666667,2.0,1.412862681166061,5.0,3739.0,,,,,,
95,7-scenes-redkitchen,24,5,sagereg_regen,848,0.0047169811320754,147.02300153265696,3.6147793369994417,False,0.3162155199970584,1.75,2.0,1.361845587514016,5.0,2980.0,,,,,,
96,7-scenes-redkitchen,27,5,sagereg_regen,993,0.0120845921450151,24.089290034772866,0.7325972422375318,False,0.3618431249997229,1.8125,2.0,1.6239660467487336,6.0,4149.0,,,,,,
97,7-scenes-redkitchen,28,5,sagereg_regen,862,0.0011600928074245,80.67826774807828,1.99947032627236,False,0.3133187249986804,1.7083333333333333,2.0,1.9926862462627504,6.0,2428.0,,,,,,
98,7-scenes-redkitchen,34,5,sagereg_regen,681,0.0029368575624082,152.28499381169377,2.3665793117871297,False,0.2384192149984301,1.6041666666666667,2.0,1.6399294673058502,6.0,1838.0,,,,,,
99,7-scenes-redkitchen,35,5,sagereg_regen,885,0.0022598870056497,102.17186437855418,2.739027437922714,False,0.3018519030010793,1.75,2.0,1.5638919475259014,5.0,1574.0,,,,,,
100,7-scenes-redkitchen,40,5,sagereg_regen,814,0.0085995085995086,88.70751088030319,3.5358895457915804,False,0.2919640480104135,1.7291666666666667,2.0,2.0100971497705022,6.0,2907.0,,,,,,
101,7-scenes-redkitchen,41,5,sagereg_regen,785,0.0203821656050955,9.323160306223476,0.1128515342922684,True,0.2740471489960328,1.7395833333333333,2.0,1.341288741579733,4.0,2775.0,,,,,,
102,7-scenes-redkitchen,42,5,sagereg_regen,694,0.0302593659942363,5.065256661287592,0.1541624641106522,True,0.2535605449957074,1.8125,2.0,1.8443132325325613,6.0,2567.0,,,,,,
103,7-scenes-redkitchen,43,5,sagereg_regen,620,0.0403225806451612,1.5457779471205098,0.1027021122404837,True,0.2270621479983674,1.7708333333333333,2.0,2.051048989923291,6.0,2352.0,,,,,,
104,7-scenes-redkitchen,44,5,sagereg_regen,596,0.0687919463087248,2.226462594802097,0.0874210062522613,True,0.2200457390063093,1.8333333333333333,2.0,2.0502243331338588,5.0,2621.0,,,,,,
105,7-scenes-redkitchen,45,5,sagereg_regen,551,0.0943738656987295,1.5818707998693586,0.0583258170570763,True,0.208849390000978,1.8645833333333333,2.0,1.5158952387165352,5.0,3211.0,,,,,,
106,7-scenes-redkitchen,50,5,sagereg_regen,384,0.0104166666666666,47.80175853273909,0.4273355598061874,False,0.1314841840066947,1.7395833333333333,2.0,2.3263484721322807,6.0,1198.0,,,,,,
107,7-scenes-redkitchen,51,5,sagereg_regen,297,0.0168350168350168,32.26326039074658,0.3850823337796006,False,0.1034537810046458,1.6875,2.0,1.238781862807239,6.0,1635.0,,,,,,
108,7-scenes-redkitchen,52,5,sagereg_regen,419,0.035799522673031,2.3008501036297395,0.0589420699380573,True,0.1498875719989882,1.7604166666666667,2.0,1.5112274375130952,4.0,3441.0,,,,,,
109,7-scenes-redkitchen,53,5,sagereg_regen,581,0.0086058519793459,2.070821476659216,0.1052233076077583,True,0.2210372209956403,1.6145833333333333,2.0,2.070751902976391,6.0,4042.0,,,,,,
110,7-scenes-redkitchen,54,5,sagereg_regen,934,0.0149892933618843,92.1470163023319,2.063409393080399,False,0.3287606560043059,1.7395833333333333,2.0,1.5230395005332311,6.0,3179.0,,,,,,
111,7-scenes-redkitchen,55,5,sagereg_regen,775,0.0296774193548387,2.977657436696429,0.0674668232305056,True,0.2729311750008492,1.7083333333333333,2.0,1.9437401874685951,6.0,2083.0,,,,,,
112,7-scenes-redkitchen,57,5,sagereg_regen,696,0.0330459770114942,2.3912115292989644,0.0377385339448225,True,0.2427494900111924,1.8020833333333333,2.0,1.5831834650125516,5.0,1696.0,,,,,,
113,7-scenes-redkitchen,58,5,sagereg_regen,608,0.0559210526315789,2.9164331244665385,0.071439477887858,True,0.215430861004279,1.6770833333333333,2.0,1.76144014502041,6.0,2514.0,,,,,,
114,7-scenes-redkitchen,59,5,sagereg_regen,569,0.0544815465729349,3.790219378614847,0.0910001204753687,True,0.2065965590009,1.65625,2.0,1.4110703514351883,6.0,3728.0,,,,,,
115,7-scenes-redkitchen,13,6,sagereg_regen,593,0.0067453625632377,130.49660479602304,3.5161976219371343,False,0.2039722250046907,1.75,2.0,1.2062898030169371,0.0,1192.0,,,,,,
116,7-scenes-redkitchen,14,6,sagereg_regen,481,0.0311850311850311,2.513673686390608,0.0601090029692724,True,0.1747076219980954,1.7708333333333333,2.0,1.9477538836564248,5.0,2531.0,,,,,,
117,7-scenes-redkitchen,22,6,sagereg_regen,932,0.0042918454935622,33.12372429020206,1.498612801340433,False,0.3503234490053728,1.7916666666666667,2.0,1.8399788116211997,6.0,4220.0,,,,,,
118,7-scenes-redkitchen,27,6,sagereg_regen,880,0.0125,4.657682897032167,0.1272138175231217,True,0.3181727699993644,1.8020833333333333,2.0,1.5106808458713652,5.0,3428.0,,,,,,
119,7-scenes-redkitchen,34,6,sagereg_regen,556,0.0125899280575539,129.1582826991358,4.216207112675346,False,0.1842544139944948,1.65625,1.0,1.6706812391453087,0.0,1432.0,,,,,,
120,7-scenes-redkitchen,42,6,sagereg_regen,615,0.0,160.4673464888345,5.290768109235925,False,0.2246099109979695,1.75,2.0,1.2984209545124117,6.0,2590.0,,,,,,
121,7-scenes-redkitchen,44,6,sagereg_regen,524,0.015267175572519,76.18896952298698,1.587914198264463,False,0.1844381449991488,1.7395833333333333,2.0,2.0559714001949585,6.0,1905.0,,,,,,
122,7-scenes-redkitchen,45,6,sagereg_regen,519,0.0134874759152215,127.92914923494703,2.0195524773868345,False,0.1807947479974245,1.7291666666666667,2.0,1.956856158968145,5.0,2587.0,,,,,,
123,7-scenes-redkitchen,46,6,sagereg_regen,419,0.0119331742243436,178.99090436365145,3.845712464801698,False,0.1410757809935603,1.7604166666666667,2.0,1.6899350918564937,3.0,1740.0,,,,,,
124,7-scenes-redkitchen,47,6,sagereg_regen,420,0.0333333333333333,13.487594568756576,0.1249438911080301,True,0.1498931059977621,1.78125,2.0,1.123332319515708,6.0,2586.0,,,,,,
125,7-scenes-redkitchen,48,6,sagereg_regen,507,0.0236686390532544,17.3684822849285,0.1258603300989976,False,0.1815459880090202,1.8333333333333333,2.0,1.2907982068811754,6.0,3340.0,,,,,,
126,7-scenes-redkitchen,50,6,sagereg_regen,431,0.0394431554524361,6.384266118276286,0.1043122564275494,True,0.145649013997172,1.78125,2.0,1.653048325599266,4.0,2978.0,,,,,,
127,7-scenes-redkitchen,51,6,sagereg_regen,290,0.0551724137931034,3.3753856405202254,0.067243868823609,True,0.1040783879943774,1.65625,2.0,1.2969618529967064,4.0,1900.0,,,,,,
128,7-scenes-redkitchen,52,6,sagereg_regen,416,0.0697115384615384,4.068834776816251,0.0619549116689356,True,0.1507647729958989,1.8125,2.0,1.6452536212557067,6.0,3288.0,,,,,,
129,7-scenes-redkitchen,55,6,sagereg_regen,736,0.0285326086956521,9.46049466726542,0.2595386988495185,True,0.2611827549990266,1.8541666666666667,2.0,1.9173091354778384,3.0,3249.0,,,,,,
130,7-scenes-redkitchen,56,6,sagereg_regen,711,0.050632911392405,2.35853677414978,0.0745312592205853,True,0.2513009989997954,1.8645833333333333,2.0,1.3233415002541642,2.0,2147.0,,,,,,
131,7-scenes-redkitchen,57,6,sagereg_regen,686,0.0481049562682215,1.530286645068596,0.0347559050281778,True,0.244412234002084,1.8020833333333333,2.0,1.2576761116982902,6.0,1978.0,,,,,,
132,7-scenes-redkitchen,58,6,sagereg_regen,522,0.0919540229885057,3.430162030716427,0.0850797429930437,True,0.1977734259999124,1.8541666666666667,2.0,1.854997317340973,6.0,3327.0,,,,,,
133,7-scenes-redkitchen,12,7,sagereg_regen,739,0.0216508795669824,2.0016057856199456,0.0489804807825747,True,0.2728521789977094,1.7395833333333333,2.0,1.3759999404941463,4.0,2700.0,,,,,,
134,7-scenes-redkitchen,13,7,sagereg_regen,635,0.0047244094488188,99.0971888652486,2.54167080764977,False,0.2417979239980923,1.75,2.0,1.9347324182195131,6.0,2498.0,,,,,,
135,7-scenes-redkitchen,14,7,sagereg_regen,494,0.0222672064777327,34.43354948982823,2.126105803500768,False,0.1861376779925194,1.78125,2.0,1.6102050713011171,6.0,3513.0,,,,,,
136,7-scenes-redkitchen,22,7,sagereg_regen,934,0.0524625267665952,1.0264371798272096,0.0223543529365777,True,0.3405393220018595,1.7395833333333333,2.0,1.314117676330569,4.0,2993.0,,,,,,
137,7-scenes-redkitchen,23,7,sagereg_regen,917,0.0065430752453653,97.22711438378312,1.0267129137694102,False,0.3411405449951417,1.7395833333333333,2.0,2.537261803699619,6.0,4659.0,,,,,,
138,7-scenes-redkitchen,27,7,sagereg_regen,964,0.0072614107883817,173.91652524514515,3.0460780118128388,False,0.334232727997005,1.7708333333333333,2.0,1.5215086265485576,6.0,1857.0,,,,,,
139,7-scenes-redkitchen,34,7,sagereg_regen,603,0.0099502487562189,92.64937355418954,4.008458980956465,False,0.2156947170005878,1.625,2.0,1.7468346546290985,6.0,1793.0,,,,,,
140,7-scenes-redkitchen,46,7,sagereg_regen,425,0.0070588235294117,151.5013044360469,4.189034511033431,False,0.1431244380000862,1.6875,2.0,1.8413079333546725,5.0,1974.0,,,,,,
141,7-scenes-redkitchen,47,7,sagereg_regen,409,0.0097799511002444,11.916526792119685,0.6387665004341064,False,0.1456883200007723,1.8020833333333333,2.0,2.06755519549994,5.0,2392.0,,,,,,
142,7-scenes-redkitchen,48,7,sagereg_regen,445,0.0134831460674157,177.74683100211533,2.6479327502310057,False,0.1481366700027138,1.8333333333333333,2.0,1.441599943216339,4.0,1773.0,,,,,,
143,7-scenes-redkitchen,49,7,sagereg_regen,455,0.0043956043956043,178.96844228966253,4.806347200410153,False,0.149349475002964,1.71875,2.0,1.9099814751390245,3.0,766.0,,,,,,
144,7-scenes-redkitchen,50,7,sagereg_regen,401,0.0049875311720698,97.8236323359532,1.6977998110485408,False,0.1352547770075034,1.71875,2.0,1.7127705137115188,6.0,1446.0,,,,,,
145,7-scenes-redkitchen,51,7,sagereg_regen,283,0.0247349823321554,40.28731699225197,0.6432927372173408,False,0.1011521649925271,1.7604166666666667,2.0,1.2386456561307349,6.0,1495.0,,,,,,
146,7-scenes-redkitchen,52,7,sagereg_regen,433,0.0092378752886836,67.04888666878382,0.7841730109270494,False,0.1419681569968816,1.7395833333333333,2.0,1.69633217989232,6.0,1275.0,,,,,,
147,7-scenes-redkitchen,56,7,sagereg_regen,763,0.0301441677588466,5.874177407552715,0.1604330036355131,True,0.2708371139960945,1.7708333333333333,2.0,1.371290524107385,6.0,2137.0,,,,,,
148,7-scenes-redkitchen,57,7,sagereg_regen,703,0.0583214793741109,1.3233707685542704,0.0353746072896288,True,0.2505953859945293,1.84375,2.0,1.6993335745291835,2.0,2318.0,,,,,,
149,7-scenes-redkitchen,10,8,sagereg_regen,1060,0.0632075471698113,2.4298714550920875,0.108141216308278,True,0.3815308429984725,1.8541666666666667,2.0,2.6593032965395187,5.0,4498.0,,,,,,
150,7-scenes-redkitchen,11,8,sagereg_regen,1008,0.0327380952380952,3.130064035033336,0.1750779656114292,True,0.3502861110027879,1.8125,2.0,2.1532752809935003,3.0,3594.0,,,,,,
151,7-scenes-redkitchen,15,8,sagereg_regen,635,0.0094488188976377,8.228834154699703,0.1673915365614391,True,0.2399893120018532,1.75,2.0,1.890975353321639,6.0,2796.0,,,,,,
152,7-scenes-redkitchen,26,8,sagereg_regen,952,0.0168067226890756,35.83014929730647,0.8861162705982777,False,0.3304615770030068,1.7291666666666667,2.0,1.5429762399149607,3.0,2886.0,,,,,,
153,7-scenes-redkitchen,34,8,sagereg_regen,610,0.0081967213114754,140.47045236179503,3.6082934444951618,False,0.216548866002995,1.5416666666666667,2.0,1.2036725757500275,6.0,1267.0,,,,,,
154,7-scenes-redkitchen,38,8,sagereg_regen,833,0.0144057623049219,8.334562014716852,0.2637240225886764,True,0.2964842399960616,1.78125,2.0,1.3606014705118412,6.0,3992.0,,,,,,
155,7-scenes-redkitchen,48,8,sagereg_regen,489,0.0102249488752556,146.40341363764875,3.104407152521456,False,0.1700172619966906,1.7604166666666667,2.0,1.244154917883761,6.0,2006.0,,,,,,
156,7-scenes-redkitchen,49,8,sagereg_regen,522,0.0019157088122605,166.21028150254872,3.7245108025686746,False,0.1841344350032159,1.8020833333333333,2.0,1.6377362984497204,4.0,711.0,,,,,,
157,7-scenes-redkitchen,50,8,sagereg_regen,414,0.0,87.19706432609621,2.103414839089744,False,0.1455477929994231,1.8125,2.0,1.289293129005218,5.0,1982.0,,,,,,
158,7-scenes-redkitchen,52,8,sagereg_regen,447,0.0067114093959731,74.09899605629283,2.611787014039436,False,0.1529625350012793,1.7291666666666667,2.0,1.1007169784415414,6.0,1414.0,,,,,,
159,7-scenes-redkitchen,56,8,sagereg_regen,891,0.0134680134680134,4.540592686685882,0.1859053588776993,True,0.32319199199992,1.75,2.0,1.8326487642634812,5.0,5335.0,,,,,,
160,7-scenes-redkitchen,57,8,sagereg_regen,778,0.0218508997429305,58.83693198663479,1.904156032783574,False,0.2836067540047224,1.8229166666666667,2.0,2.062335409434195,6.0,2369.0,,,,,,
161,7-scenes-redkitchen,12,9,sagereg_regen,843,0.0166073546856465,1.1555662159140527,0.0567834089066586,True,0.303860314998019,1.71875,2.0,1.550795588969874,5.0,2388.0,,,,,,
162,7-scenes-redkitchen,15,9,sagereg_regen,618,0.0145631067961165,2.37512257468714,0.1117349071907957,True,0.2436466369981644,1.7291666666666667,2.0,1.9226104600028364,6.0,4434.0,,,,,,
163,7-scenes-redkitchen,22,9,sagereg_regen,1156,0.0294117647058823,3.2428437704742485,0.1190627281360427,True,0.4165915779958595,1.7708333333333333,2.0,2.5742177479837034,6.0,4343.0,,,,,,
164,7-scenes-redkitchen,23,9,sagereg_regen,1116,0.0600358422939068,3.417997600000676,0.1192307414177474,True,0.3989687110006343,1.7395833333333333,2.0,2.2159652098776994,4.0,4161.0,,,,,,
165,7-scenes-redkitchen,27,9,sagereg_regen,1137,0.0193491644678979,3.377735913244914,0.1098122672947389,True,0.3750135259979288,1.7395833333333333,2.0,1.6610524057662732,4.0,2884.0,,,,,,
166,7-scenes-redkitchen,34,9,sagereg_regen,666,0.006006006006006,77.55946137044968,0.647107448860823,False,0.2440254550019744,1.6875,2.0,1.5475200075205315,6.0,2484.0,,,,,,
167,7-scenes-redkitchen,46,9,sagereg_regen,517,0.0154738878143133,166.67827693891812,3.27923416954623,False,0.1812474109974573,1.7708333333333333,2.0,1.446669568131974,4.0,2002.0,,,,,,
168,7-scenes-redkitchen,47,9,sagereg_regen,537,0.0391061452513966,2.423904798889856,0.0550557652345565,True,0.1933858559932559,1.78125,2.0,2.1650069368113973,4.0,2994.0,,,,,,
169,7-scenes-redkitchen,48,9,sagereg_regen,548,0.0218978102189781,1.6226617539956143,0.0412453877089475,True,0.2096938940012478,1.78125,2.0,1.246596789769993,6.0,3856.0,,,,,,
170,7-scenes-redkitchen,50,9,sagereg_regen,448,0.0,132.13041620198513,1.831560236712678,False,0.1537356510016252,1.6875,2.0,1.3169929829985465,6.0,1803.0,,,,,,
171,7-scenes-redkitchen,52,9,sagereg_regen,486,0.0082304526748971,174.0032018480946,3.448796167651837,False,0.167382820007333,1.6770833333333333,2.0,1.2001045197444136,6.0,2633.0,,,,,,
172,7-scenes-redkitchen,55,9,sagereg_regen,874,0.0137299771167048,1.1929658219908,0.1289927647272208,True,0.3195166559962672,1.75,2.0,1.272928348035722,5.0,5651.0,,,,,,
173,7-scenes-redkitchen,56,9,sagereg_regen,842,0.01187648456057,171.97319890737757,1.913288713109731,False,0.2908619079971686,1.8645833333333333,2.0,1.0536181225925176,6.0,2694.0,,,,,,
174,7-scenes-redkitchen,57,9,sagereg_regen,731,0.0205198358413132,3.463933993145715,0.0652163455644639,True,0.2617068329927861,1.7916666666666667,2.0,1.2839295415356031,4.0,3516.0,,,,,,
175,7-scenes-redkitchen,58,9,sagereg_regen,698,0.0444126074498567,2.482780153340289,0.0344805694177439,True,0.2618292170009226,1.6875,2.0,1.520151806552265,6.0,4033.0,,,,,,
176,7-scenes-redkitchen,21,10,sagereg_regen,1015,0.0167487684729064,0.9641326788894752,0.0415343963037144,True,0.3610857610110543,1.8854166666666667,2.0,1.130597120823374,6.0,3109.0,,,,,,
177,7-scenes-redkitchen,24,10,sagereg_regen,919,0.0544069640914037,3.314921672222511,0.0796305711387226,True,0.3271122660007677,1.8125,2.0,2.3306325644136305,4.0,3118.0,,,,,,
178,7-scenes-redkitchen,28,10,sagereg_regen,883,0.0056625141562853,92.44964840209884,2.4021005895781102,False,0.3256242249990464,1.7916666666666667,2.0,1.8316924351014916,6.0,5557.0,,,,,,
179,7-scenes-redkitchen,29,10,sagereg_regen,677,0.0029542097488921,94.2713088768257,1.5973051325871763,False,0.2577635400084546,1.75,2.0,1.1198989548791298,6.0,5030.0,,,,,,
180,7-scenes-redkitchen,34,10,sagereg_regen,621,0.0064412238325281,148.68642333535217,2.936001532779584,False,0.2249137729959329,1.7395833333333333,2.0,1.7713678184301602,5.0,2338.0,,,,,,
181,7-scenes-redkitchen,35,10,sagereg_regen,906,0.0066225165562913,33.70074114033458,1.8005091473512205,False,0.3258038999993005,1.8020833333333333,2.0,2.011596066523208,6.0,3862.0,,,,,,
182,7-scenes-redkitchen,40,10,sagereg_regen,864,0.0254629629629629,2.3472189567520183,0.0286345518141052,True,0.3119513790006749,1.7291666666666667,2.0,1.5444772838025769,6.0,3308.0,,,,,,
183,7-scenes-redkitchen,41,10,sagereg_regen,827,0.0278113663845223,1.3931277396236088,0.0835804622256386,True,0.2971159289954812,1.78125,2.0,2.140485970572501,6.0,3052.0,,,,,,
184,7-scenes-redkitchen,42,10,sagereg_regen,716,0.0726256983240223,1.7812055140511185,0.0750427186468427,True,0.2646699760007323,1.7395833333333333,2.0,1.9396731503022755,6.0,3011.0,,,,,,
185,7-scenes-redkitchen,43,10,sagereg_regen,636,0.040880503144654,1.7473743483090989,0.0583787590949926,True,0.2379122400016058,1.8229166666666667,2.0,1.5143703487743845,6.0,2767.0,,,,,,
186,7-scenes-redkitchen,44,10,sagereg_regen,640,0.06875,1.7359184245170096,0.0519889665782563,True,0.2373135720044956,1.84375,2.0,1.4785269582049068,6.0,2898.0,,,,,,
187,7-scenes-redkitchen,45,10,sagereg_regen,515,0.0601941747572815,1.769212140802107,0.0672045982042526,True,0.1848463419955806,1.8125,2.0,1.5995376900286773,4.0,3318.0,,,,,,
188,7-scenes-redkitchen,46,10,sagereg_regen,474,0.0421940928270042,1.6969288116907606,0.0500223736650316,True,0.1714888749993406,1.8645833333333333,2.0,1.657862607533084,6.0,3471.0,,,,,,
189,7-scenes-redkitchen,47,10,sagereg_regen,479,0.0647181628392484,1.7754728576678611,0.045967986582074,True,0.1751402329973643,1.8020833333333333,2.0,1.377841713774625,3.0,3369.0,,,,,,
190,7-scenes-redkitchen,48,10,sagereg_regen,472,0.0381355932203389,1.9970843543524488,0.0508445900428748,True,0.1704801419982686,1.7708333333333333,2.0,2.310570053179975,4.0,3381.0,,,,,,
191,7-scenes-redkitchen,49,10,sagereg_regen,521,0.0230326295585412,147.3314961417613,2.9932320967990136,False,0.1733326550020137,1.7708333333333333,2.0,1.3149096592391427,4.0,921.0,,,,,,
192,7-scenes-redkitchen,50,10,sagereg_regen,423,0.0567375886524822,1.412017536824452,0.0557343593113998,True,0.1543918709940044,1.8958333333333333,2.0,2.0221567511136813,4.0,3117.0,,,,,,
193,7-scenes-redkitchen,51,10,sagereg_regen,287,0.0069686411149825,131.66562004797407,1.46769557365082,False,0.0962317599987727,1.6979166666666667,2.0,1.4190503675640005,4.0,1401.0,,,,,,
194,7-scenes-redkitchen,52,10,sagereg_regen,457,0.0547045951859956,2.080869639149949,0.0326792038772089,True,0.163639410995529,1.84375,2.0,2.223233232730387,6.0,2974.0,,,,,,
195,7-scenes-redkitchen,53,10,sagereg_regen,615,0.0195121951219512,108.13924972278082,1.7082707975401676,False,0.2193287660047644,1.8333333333333333,2.0,1.2883323259463226,6.0,1673.0,,,,,,
196,7-scenes-redkitchen,54,10,sagereg_regen,935,0.013903743315508,106.34030278460448,2.4614784242462497,False,0.3282099930002005,1.7916666666666667,2.0,1.459096914567818,6.0,2904.0,,,,,,
197,7-scenes-redkitchen,55,10,sagereg_regen,848,0.0188679245283018,108.35277901640868,1.7109901372746292,False,0.2988634230059688,1.6979166666666667,2.0,1.3532298932727964,6.0,2998.0,,,,,,
198,7-scenes-redkitchen,56,10,sagereg_regen,796,0.0138190954773869,179.38760449111598,2.2070245719215014,False,0.2704202629902283,1.8229166666666667,2.0,1.94454002563632,4.0,2385.0,,,,,,
199,7-scenes-redkitchen,57,10,sagereg_regen,726,0.0275482093663911,2.656541172275842,0.0391755984355069,True,0.2489651759970002,1.84375,2.0,1.7603571705685734,5.0,1664.0,,,,,,
200,7-scenes-redkitchen,58,10,sagereg_regen,638,0.0517241379310344,3.92255052362358,0.0864902640432898,True,0.22903402299562,1.8541666666666667,2.0,1.599015234807018,5.0,2582.0,,,,,,
201,7-scenes-redkitchen,59,10,sagereg_regen,605,0.0446280991735537,3.009643999897278,0.0655004830533215,True,0.223920050993911,1.8333333333333333,2.0,1.7588915377000949,6.0,3559.0,,,,,,
202,7-scenes-redkitchen,16,11,sagereg_regen,910,0.0824175824175824,2.4457648143362394,0.0605648407236914,True,0.323055208005826,1.9166666666666667,2.0,1.8739784932493624,4.0,3790.0,,,,,,
203,7-scenes-redkitchen,17,11,sagereg_regen,975,0.0112820512820512,13.195179076734178,0.2061258189886712,True,0.3386840480015962,1.7916666666666667,2.0,1.2658908166207363,6.0,3210.0,,,,,,
204,7-scenes-redkitchen,20,11,sagereg_regen,926,0.029157667386609,2.7995414486238026,0.128891741555386,True,0.3261653930021566,1.71875,2.0,1.350001110292394,4.0,4135.0,,,,,,
205,7-scenes-redkitchen,21,11,sagereg_regen,994,0.011066398390342,171.49312031375823,0.9767981200739836,False,0.3354348630018648,1.8541666666666667,2.0,1.8676216230984104,3.0,2304.0,,,,,,
206,7-scenes-redkitchen,24,11,sagereg_regen,988,0.0060728744939271,173.4552036755349,2.7047314531474425,False,0.3327196179961902,1.8645833333333333,2.0,1.7336878299719465,6.0,3111.0,,,,,,
207,7-scenes-redkitchen,29,11,sagereg_regen,742,0.0040431266846361,81.27671985970306,1.2932669562864718,False,0.2729763859970262,1.8541666666666667,2.0,1.9500349470526608,4.0,4084.0,,,,,,
208,7-scenes-redkitchen,35,11,sagereg_regen,917,0.0,104.6731147034313,2.5843480071001355,False,0.3250818770029582,1.7708333333333333,2.0,2.193032152425771,6.0,4011.0,,,,,,
209,7-scenes-redkitchen,40,11,sagereg_regen,818,0.0427872860635696,1.5313698238585738,0.0448720984488432,True,0.301379436008574,1.78125,2.0,2.4096443193741344,6.0,4083.0,,,,,,
210,7-scenes-redkitchen,41,11,sagereg_regen,834,0.0323741007194244,1.9203519489860683,0.0565485202291588,True,0.2975707390069146,1.8541666666666667,2.0,2.388048839651805,6.0,3481.0,,,,,,
211,7-scenes-redkitchen,42,11,sagereg_regen,727,0.0687757909215956,1.438832203708325,0.0417913988592843,True,0.2609996210012468,1.9375,2.0,1.9310702232560968,4.0,3000.0,,,,,,
212,7-scenes-redkitchen,43,11,sagereg_regen,659,0.0424886191198786,2.0459785745360666,0.0511397751643191,True,0.2381751689972588,1.90625,2.0,1.7328470815381678,6.0,2583.0,,,,,,
213,7-scenes-redkitchen,44,11,sagereg_regen,543,0.1031307550644567,1.2215547402135625,0.0494814532190989,True,0.2047879780075163,1.8333333333333333,2.0,1.5801214167470925,5.0,2705.0,,,,,,
214,7-scenes-redkitchen,45,11,sagereg_regen,496,0.0443548387096774,1.9353350023234617,0.0721636652545895,True,0.1822939880003105,1.84375,2.0,1.8480182747520013,6.0,3045.0,,,,,,
215,7-scenes-redkitchen,46,11,sagereg_regen,413,0.0290556900726392,2.3743444098867257,0.0840009617341854,True,0.1505846030049724,1.8020833333333333,2.0,1.5868495607297233,6.0,3095.0,,,,,,
216,7-scenes-redkitchen,47,11,sagereg_regen,432,0.0671296296296296,1.630658710221916,0.0486657155456709,True,0.1570084300037706,1.84375,2.0,1.6076359096917714,4.0,2746.0,,,,,,
217,7-scenes-redkitchen,48,11,sagereg_regen,440,0.0386363636363636,1.3118581277597092,0.0634151058390326,True,0.1530842579959426,1.84375,2.0,1.6876235424597374,3.0,2583.0,,,,,,
218,7-scenes-redkitchen,49,11,sagereg_regen,481,0.027027027027027,5.119041117151678,0.0462328219097731,True,0.1640575590063235,1.8020833333333333,2.0,2.1457958027550084,4.0,2206.0,,,,,,
219,7-scenes-redkitchen,50,11,sagereg_regen,385,0.0337662337662337,2.2350801749627496,0.0776933412787602,True,0.1382018549993517,1.90625,2.0,1.5115189140754848,4.0,2611.0,,,,,,
220,7-scenes-redkitchen,51,11,sagereg_regen,280,0.0321428571428571,3.605833621961495,0.0985743869321774,True,0.1058406489974004,1.8229166666666667,2.0,1.324523382814784,6.0,1912.0,,,,,,
221,7-scenes-redkitchen,52,11,sagereg_regen,419,0.0930787589498806,2.7620405540643147,0.0779074202091293,True,0.1549215729901334,1.8958333333333333,2.0,1.7378675233570673,4.0,2656.0,,,,,,
222,7-scenes-redkitchen,53,11,sagereg_regen,626,0.0207667731629392,1.5415372828299974,0.1002451776059445,True,0.2294862969938549,1.90625,2.0,2.1010772490958285,4.0,2576.0,,,,,,
223,7-scenes-redkitchen,54,11,sagereg_regen,912,0.0021929824561403,102.53899263143418,2.3747958418140023,False,0.3180180379931698,1.8645833333333333,2.0,2.151071473020369,5.0,3713.0,,,,,,
224,7-scenes-redkitchen,58,11,sagereg_regen,655,0.0091603053435114,56.6287880794044,0.8676644090994564,False,0.2273132209957111,1.7916666666666667,2.0,1.0973471718280254,2.0,1397.0,,,,,,
225,7-scenes-redkitchen,59,11,sagereg_regen,686,0.0379008746355685,4.305519267736657,0.0300253081937078,True,0.2375648929955787,1.9166666666666667,2.0,1.610896977625571,6.0,2041.0,,,,,,
226,7-scenes-redkitchen,16,12,sagereg_regen,760,0.0289473684210526,4.448384726345962,0.0441397918952558,True,0.2711871509964112,1.84375,2.0,1.7545686462840724,5.0,1952.0,,,,,,
227,7-scenes-redkitchen,18,12,sagereg_regen,877,0.0421892816419612,1.724216766096935,0.0535609438588481,True,0.3169529440056067,1.8541666666666667,2.0,1.726707431127117,6.0,2586.0,,,,,,
228,7-scenes-redkitchen,20,12,sagereg_regen,802,0.0112219451371571,153.3067789306404,4.810879008132467,False,0.275516999005049,1.625,2.0,1.6231665141309284,6.0,1510.0,,,,,,
229,7-scenes-redkitchen,25,12,sagereg_regen,840,0.0095238095238095,41.08688727059762,1.533538631560107,False,0.3118613120022928,1.78125,2.0,1.5902370039944,6.0,4225.0,,,,,,
230,7-scenes-redkitchen,30,12,sagereg_regen,527,0.0075901328273244,157.4604555572279,3.2529955670237976,False,0.1904461610101862,1.7916666666666667,2.0,1.94635351024119,6.0,1177.0,,,,,,
231,7-scenes-redkitchen,31,12,sagereg_regen,504,0.0039682539682539,170.28443188580903,1.0061453548376675,False,0.175885158998426,1.7916666666666667,2.0,1.822634836379052,4.0,1434.0,,,,,,
232,7-scenes-redkitchen,32,12,sagereg_regen,516,0.005813953488372,96.9126143379216,1.8896934814611783,False,0.1870152189949294,1.8229166666666667,2.0,1.7010173477678112,6.0,2003.0,,,,,,
233,7-scenes-redkitchen,36,12,sagereg_regen,815,0.0085889570552147,95.25418645291448,0.5515925632135067,False,0.3014185829961207,1.8020833333333333,2.0,2.7079799080210085,6.0,4660.0,,,,,,
234,7-scenes-redkitchen,38,12,sagereg_regen,715,0.0293706293706293,4.283957365069022,0.0580611781646201,True,0.2649600310032838,1.8541666666666667,2.0,1.9432884234489536,6.0,3693.0,,,,,,
235,7-scenes-redkitchen,39,12,sagereg_regen,833,0.0408163265306122,2.712033275528841,0.0502808563786884,True,0.2972149069973966,1.7604166666666667,2.0,1.4135873620066703,3.0,3750.0,,,,,,
236,7-scenes-redkitchen,46,12,sagereg_regen,372,0.0295698924731182,101.3193673383538,3.018860569254856,False,0.1288329670060193,1.7708333333333333,2.0,1.5724769747628402,6.0,1348.0,,,,,,
237,7-scenes-redkitchen,47,12,sagereg_regen,342,0.023391812865497,2.2518991356199303,0.0708825109765155,True,0.1193846129972371,1.75,2.0,1.2354424816102794,4.0,1917.0,,,,,,
238,7-scenes-redkitchen,48,12,sagereg_regen,361,0.0055401662049861,100.09777986650028,0.7299630553043851,False,0.1316895729978568,1.7604166666666667,2.0,1.6962392410531166,6.0,2188.0,,,,,,
239,7-scenes-redkitchen,50,12,sagereg_regen,339,0.0294985250737463,154.62019363528304,2.0330622327479966,False,0.1201298889936879,1.75,2.0,2.0318613735554023,6.0,1606.0,,,,,,
240,7-scenes-redkitchen,51,12,sagereg_regen,224,0.0758928571428571,4.508314126388224,0.0891696562504829,True,0.0956527360031032,1.8229166666666667,2.0,1.9813360183882436,6.0,1669.0,,,,,,
241,7-scenes-redkitchen,52,12,sagereg_regen,351,0.0427350427350427,4.684671537425774,0.1171082111019134,True,0.124790699002915,1.7708333333333333,2.0,1.1639624067151424,5.0,1656.0,,,,,,
242,7-scenes-redkitchen,59,12,sagereg_regen,590,0.0050847457627118,94.81805078149456,0.5845227666418422,False,0.2088007010024739,1.84375,2.0,2.189730565082242,4.0,2901.0,,,,,,
243,7-scenes-redkitchen,18,13,sagereg_regen,747,0.0053547523427041,157.5849950411995,1.9294495010438912,False,0.269216234999476,1.71875,2.0,1.7086723125408974,5.0,1813.0,,,,,,
244,7-scenes-redkitchen,19,13,sagereg_regen,646,0.0046439628482972,115.27322649165644,4.6801707542161655,False,0.2381080460036173,1.6979166666666667,2.0,1.0293550996484615,6.0,1992.0,,,,,,
245,7-scenes-redkitchen,25,13,sagereg_regen,763,0.0026212319790301,120.67065881844556,3.8051725897551294,False,0.2629686760046752,1.8645833333333333,2.0,1.325384086696449,4.0,1540.0,,,,,,
246,7-scenes-redkitchen,30,13,sagereg_regen,486,0.0061728395061728,99.11727526424156,1.74065412267493,False,0.1773871330005931,1.84375,2.0,1.1271801445151914,4.0,1963.0,,,,,,
247,7-scenes-redkitchen,31,13,sagereg_regen,482,0.0082987551867219,86.56206458631303,1.2563059919320567,False,0.1782481999980518,1.78125,2.0,1.7153642761317196,6.0,2103.0,,,,,,
248,7-scenes-redkitchen,32,13,sagereg_regen,491,0.0061099796334012,177.29361546038314,2.392067989724205,False,0.1748035429991432,1.875,2.0,1.762531547695589,2.0,2963.0,,,,,,
249,7-scenes-redkitchen,36,13,sagereg_regen,756,0.0,94.39031359231085,0.3505997358540355,False,0.2709833170010824,1.9375,2.0,2.606237117120515,4.0,4300.0,,,,,,
250,7-scenes-redkitchen,37,13,sagereg_regen,739,0.0094722598105548,91.84896151658948,0.6206038561937901,False,0.26688942599867,1.875,2.0,2.71866317978266,5.0,4369.0,,,,,,
251,7-scenes-redkitchen,38,13,sagereg_regen,595,0.0201680672268907,179.0497315295268,3.613663439793569,False,0.2190860910050105,1.7916666666666667,2.0,1.9676991525929173,6.0,2074.0,,,,,,
252,7-scenes-redkitchen,39,13,sagereg_regen,707,0.0226308345120226,2.172985789780567,0.0508714423908555,True,0.2575957730005029,1.7916666666666667,2.0,2.065552055279903,5.0,2706.0,,,,,,
253,7-scenes-redkitchen,46,13,sagereg_regen,324,0.0308641975308641,0.0,0.0267456039705691,True,0.1213914640029543,1.84375,2.0,1.3819876286034605,6.0,2054.0,,,,,,
254,7-scenes-redkitchen,47,13,sagereg_regen,295,0.0372881355932203,28.83172565618102,0.5176698633190849,False,0.1076594780024606,1.7604166666666667,2.0,1.775817119176187,6.0,1029.0,,,,,,
255,7-scenes-redkitchen,59,13,sagereg_regen,608,0.0,93.27129975513176,0.5983229433499095,False,0.2081085280005936,1.8645833333333333,2.0,2.608268350590844,3.0,2743.0,,,,,,
256,7-scenes-redkitchen,16,14,sagereg_regen,563,0.0976909413854351,0.9806102039486436,0.0702876852849899,True,0.2146303050030837,1.875,2.0,2.2327663034612266,5.0,1779.0,,,,,,
257,7-scenes-redkitchen,17,14,sagereg_regen,552,0.0018115942028985,179.70803324352744,3.962032078811408,False,0.2062766869930783,1.6875,2.0,1.4679115841173422,4.0,1648.0,,,,,,
258,7-scenes-redkitchen,18,14,sagereg_regen,596,0.0369127516778523,2.2382946248751554,0.1087308672411822,True,0.2228426180008682,1.8125,2.0,2.6197418296834365,5.0,2161.0,,,,,,
259,7-scenes-redkitchen,20,14,sagereg_regen,557,0.0197486535008976,2.187563119253598,0.1819640123605145,True,0.1969451519980793,1.6458333333333333,2.0,1.5071059536219171,4.0,1866.0,,,,,,
260,7-scenes-redkitchen,30,14,sagereg_regen,438,0.0,78.17603262977953,1.145453839751966,False,0.164351630002784,1.7916666666666667,2.0,1.0830096418601214,6.0,2848.0,,,,,,
261,7-scenes-redkitchen,31,14,sagereg_regen,426,0.0,144.00518986121028,2.6640353747856444,False,0.1575664249976398,1.8854166666666667,2.0,1.8907346315254236,6.0,2485.0,,,,,,
262,7-scenes-redkitchen,32,14,sagereg_regen,434,0.0023041474654377,58.38539938297959,0.5104493640785629,False,0.1579768730007344,1.8645833333333333,2.0,1.5419348949677998,6.0,2090.0,,,,,,
263,7-scenes-redkitchen,36,14,sagereg_regen,643,0.0031104199066874,92.5804051424567,0.3067437797473222,False,0.2379031300006318,1.9375,2.0,1.911574784788763,5.0,3377.0,,,,,,
264,7-scenes-redkitchen,45,14,sagereg_regen,384,0.078125,3.612495688906313,0.098090864519294,True,0.1458874949967139,1.875,2.0,1.3959952111808844,5.0,2497.0,,,,,,
265,7-scenes-redkitchen,46,14,sagereg_regen,238,0.0084033613445378,159.08355599951906,3.139691352344528,False,0.0925188499968499,1.6666666666666667,2.0,1.0519120788182554,4.0,1277.0,,,,,,
266,7-scenes-redkitchen,47,14,sagereg_regen,269,0.0111524163568773,150.39820733053372,2.588606629793586,False,0.0983882209984585,1.6770833333333333,2.0,1.489842739348574,6.0,1396.0,,,,,,
267,7-scenes-redkitchen,52,14,sagereg_regen,267,0.0187265917602996,177.3350342399534,1.8658084839270044,False,0.0990700769980321,1.71875,2.0,1.1666086593285645,6.0,914.0,,,,,,
268,7-scenes-redkitchen,21,15,sagereg_regen,638,0.0047021943573667,93.60644513278804,1.3299340522640886,False,0.2398760659925756,1.84375,2.0,1.8702481681415415,6.0,2778.0,,,,,,
269,7-scenes-redkitchen,24,15,sagereg_regen,625,0.0032,103.54702462053874,4.097776595945667,False,0.2371645110033569,1.8333333333333333,2.0,1.305679928721728,5.0,2498.0,,,,,,
270,7-scenes-redkitchen,28,15,sagereg_regen,632,0.0,94.51761375841387,2.3352332873388866,False,0.246866374007368,1.9166666666666667,2.0,1.64578846324419,5.0,4368.0,,,,,,
271,7-scenes-redkitchen,29,15,sagereg_regen,588,0.0017006802721088,94.11437770975532,1.531326407847205,False,0.2330069270028616,1.9479166666666667,2.0,1.6672931345864055,5.0,4202.0,,,,,,
272,7-scenes-redkitchen,35,15,sagereg_regen,563,0.0017761989342806,166.2744864451902,3.8809958366875934,False,0.2049518749990966,1.7916666666666667,2.0,1.3327777523240438,2.0,3852.0,,,,,,
273,7-scenes-redkitchen,40,15,sagereg_regen,508,0.0118110236220472,72.08290964346386,0.4690944179238496,False,0.1894244220020482,1.7708333333333333,2.0,2.4408223439811163,6.0,2709.0,,,,,,
274,7-scenes-redkitchen,41,15,sagereg_regen,504,0.0019841269841269,119.7429552622804,3.939795825087014,False,0.1800880120063084,1.6875,2.0,1.4067867729454089,4.0,1324.0,,,,,,
275,7-scenes-redkitchen,42,15,sagereg_regen,432,0.011574074074074,52.11292807014406,0.3575928409964334,False,0.1564640549986506,1.8333333333333333,2.0,2.247230777424589,4.0,2015.0,,,,,,
276,7-scenes-redkitchen,43,15,sagereg_regen,393,0.0,168.04784188197908,4.150022878970424,False,0.1427299249917268,1.7916666666666667,2.0,1.422364586516549,6.0,1010.0,,,,,,
277,7-scenes-redkitchen,44,15,sagereg_regen,405,0.0222222222222222,3.5670598099437902,0.1775620298834248,True,0.1467637919995468,1.8645833333333333,2.0,2.0743710293705604,5.0,1296.0,,,,,,
278,7-scenes-redkitchen,45,15,sagereg_regen,377,0.0159151193633952,150.82427703528404,2.1762538223626904,False,0.1374235359980957,1.875,2.0,1.5360654566950993,6.0,1311.0,,,,,,
279,7-scenes-redkitchen,46,15,sagereg_regen,305,0.0327868852459016,4.766884277283908,0.1222413432705348,True,0.1100121540002874,1.75,2.0,1.5367253445754994,6.0,2014.0,,,,,,
280,7-scenes-redkitchen,47,15,sagereg_regen,276,0.0652173913043478,3.0651487794801047,0.0615831422261983,True,0.1048650529919541,1.875,2.0,1.4598552007087922,2.0,2246.0,,,,,,
281,7-scenes-redkitchen,48,15,sagereg_regen,320,0.08125,1.4963273233769498,0.0300388042709466,True,0.1177482979983324,1.8333333333333333,2.0,1.5925757182344678,4.0,2187.0,,,,,,
282,7-scenes-redkitchen,49,15,sagereg_regen,340,0.0352941176470588,4.031605642049898,0.0754997077309814,True,0.1248284219982451,1.8020833333333333,2.0,1.6794614382244222,5.0,1981.0,,,,,,
283,7-scenes-redkitchen,50,15,sagereg_regen,276,0.0507246376811594,3.0726348249580018,0.0536159875873165,True,0.106465714998194,1.7708333333333333,2.0,1.7165446534402933,5.0,2188.0,,,,,,
284,7-scenes-redkitchen,51,15,sagereg_regen,221,0.0407239819004524,41.00485913438128,0.6704797282834355,False,0.0899673460007761,1.8854166666666667,2.0,1.9939091914154965,6.0,1469.0,,,,,,
285,7-scenes-redkitchen,52,15,sagereg_regen,315,0.1142857142857142,3.2102215273433514,0.0440809678678417,True,0.1191706379977404,1.8645833333333333,2.0,2.2878750391522864,4.0,2373.0,,,,,,
286,7-scenes-redkitchen,53,15,sagereg_regen,513,0.0292397660818713,179.09550703706157,3.0055872589618997,False,0.1920299379999051,1.78125,2.0,1.1770215318841049,5.0,3344.0,,,,,,
287,7-scenes-redkitchen,54,15,sagereg_regen,617,0.012965964343598,92.2403009000703,2.9639059555032525,False,0.2275229029910406,1.8229166666666667,2.0,1.332936263951822,4.0,3187.0,,,,,,
288,7-scenes-redkitchen,55,15,sagereg_regen,526,0.0076045627376425,137.8795601859176,2.8731045691506822,False,0.1936333150006248,1.6979166666666667,2.0,1.2871976309898896,5.0,1441.0,,,,,,
289,7-scenes-redkitchen,56,15,sagereg_regen,508,0.0078740157480314,152.87975605671417,4.45641943100257,False,0.1849189670028863,1.8125,2.0,2.409234834943212,6.0,2042.0,,,,,,
290,7-scenes-redkitchen,57,15,sagereg_regen,481,0.0041580041580041,121.72083347198593,4.054276244527496,False,0.1642956179930479,1.78125,2.0,1.7088714599100707,6.0,1619.0,,,,,,
291,7-scenes-redkitchen,58,15,sagereg_regen,443,0.0112866817155756,132.6454560267647,2.5509562066746287,False,0.1513609259927761,1.6666666666666667,2.0,1.2917674641962305,6.0,1608.0,,,,,,
292,7-scenes-redkitchen,27,16,sagereg_regen,879,0.0022753128555176,96.64030501463463,1.9846925923059104,False,0.3262923700021929,1.8854166666666667,2.0,1.9392327420169253,6.0,4331.0,,,,,,
293,7-scenes-redkitchen,34,16,sagereg_regen,592,0.0101351351351351,178.33337816947792,2.3196822789604905,False,0.2128662270042696,1.6145833333333333,2.0,1.284001912823577,5.0,1439.0,,,,,,
294,7-scenes-redkitchen,48,16,sagereg_regen,395,0.060759493670886,2.89101898273371,0.105856949810995,True,0.1457068780000554,1.8333333333333333,2.0,1.8334967387739,4.0,2420.0,,,,,,
295,7-scenes-redkitchen,49,16,sagereg_regen,433,0.0438799076212471,0.741775228256844,0.0823298538736893,True,0.1552645689953351,1.8333333333333333,2.0,1.3064001325148893,2.0,3004.0,,,,,,
296,7-scenes-redkitchen,50,16,sagereg_regen,325,0.0307692307692307,8.805616530676737,0.1459306516362413,True,0.1148699230107013,1.6666666666666667,2.0,1.8116510395730503,6.0,1996.0,,,,,,
297,7-scenes-redkitchen,52,16,sagereg_regen,404,0.0767326732673267,3.5360627993237825,0.0541436426138643,True,0.1466364700027043,1.8854166666666667,2.0,1.7789940395644512,5.0,2676.0,,,,,,
298,7-scenes-redkitchen,57,16,sagereg_regen,710,0.0478873239436619,5.226544441328415,0.1069370292128819,True,0.2567746639979305,1.8541666666666667,2.0,1.462780702937347,2.0,2732.0,,,,,,
299,7-scenes-redkitchen,26,17,sagereg_regen,985,0.0172588832487309,1.7872830303817442,0.0670414693617531,True,0.3490179319996969,1.8541666666666667,2.0,1.8539616156256444,6.0,5009.0,,,,,,
300,7-scenes-redkitchen,48,17,sagereg_regen,482,0.0103734439834024,56.9753260272382,1.4795449147409117,False,0.166527257002599,1.7395833333333333,2.0,1.4301069803722095,5.0,1945.0,,,,,,
301,7-scenes-redkitchen,49,17,sagereg_regen,462,0.0064935064935064,0.7432588153294998,0.2112801382402686,True,0.1717710280063329,1.75,2.0,1.1873178287441402,6.0,3647.0,,,,,,
302,7-scenes-redkitchen,50,17,sagereg_regen,399,0.0100250626566416,132.28096948116348,2.203024064038251,False,0.1292424760031281,1.6666666666666667,1.0,1.3797303284922948,2.0,1202.0,,,,,,
303,7-scenes-redkitchen,52,17,sagereg_regen,455,0.0153846153846153,18.150154281015723,0.4453827591663409,False,0.1559734909969847,1.75,2.0,1.4321202821515044,6.0,2356.0,,,,,,
304,7-scenes-redkitchen,56,17,sagereg_regen,903,0.0454042081949058,0.7729561169766711,0.0476321407149409,True,0.3252837379986886,1.8020833333333333,2.0,1.4753966518637605,5.0,6083.0,,,,,,
305,7-scenes-redkitchen,57,17,sagereg_regen,789,0.0456273764258555,1.6849137911154586,0.015528017124996,True,0.283704106004734,1.7708333333333333,2.0,1.9426060708284525,4.0,4291.0,,,,,,
306,7-scenes-redkitchen,22,18,sagereg_regen,1285,0.0326848249027237,2.71530541382208,0.1614128609668754,True,0.4748130450025201,1.75,2.0,2.5820575325003,5.0,5561.0,,,,,,
307,7-scenes-redkitchen,27,18,sagereg_regen,1242,0.0128824476650563,124.51323843049046,1.9879230070099343,False,0.428316214994993,1.84375,2.0,1.3713496885654597,6.0,2138.0,,,,,,
308,7-scenes-redkitchen,46,18,sagereg_regen,497,0.0201207243460764,3.141596881516731,0.1461242188082633,True,0.1724898120010038,1.71875,2.0,1.5440635502312967,6.0,1769.0,,,,,,
309,7-scenes-redkitchen,47,18,sagereg_regen,458,0.0393013100436681,0.622295629037567,0.0786706676628099,True,0.1627796169996145,1.8125,2.0,2.0930838687272084,6.0,2734.0,,,,,,
310,7-scenes-redkitchen,48,18,sagereg_regen,514,0.0797665369649805,1.9595789870083395,0.0648934755093978,True,0.1923442270053783,1.8333333333333333,2.0,2.252069850578669,5.0,3676.0,,,,,,
311,7-scenes-redkitchen,49,18,sagereg_regen,540,0.0851851851851851,0.0,0.0505326746724291,True,0.2085600859936676,1.8541666666666667,2.0,1.815990998520752,6.0,4316.0,,,,,,
312,7-scenes-redkitchen,50,18,sagereg_regen,465,0.0709677419354838,3.7080064962723993,0.0546742603579116,True,0.166073779000726,1.8333333333333333,2.0,2.206045234890581,4.0,3062.0,,,,,,
313,7-scenes-redkitchen,52,18,sagereg_regen,457,0.0634573304157549,2.351600844743003,0.0603486308277029,True,0.1681310870044399,1.8541666666666667,2.0,2.033516928883605,6.0,3607.0,,,,,,
314,7-scenes-redkitchen,56,18,sagereg_regen,926,0.029157667386609,1.274137099017184,0.0605768838748033,True,0.3321847110055387,1.7916666666666667,2.0,1.3486271852651162,6.0,4967.0,,,,,,
315,7-scenes-redkitchen,57,18,sagereg_regen,840,0.0261904761904761,2.384528303854256,0.030161508907953,True,0.2896073580050142,1.84375,2.0,1.4998573428068658,4.0,3252.0,,,,,,
316,7-scenes-redkitchen,58,18,sagereg_regen,772,0.0582901554404145,1.6136523944591683,0.0563625692223233,True,0.279521411001042,1.875,2.0,1.9342998313406683,4.0,5179.0,,,,,,
317,7-scenes-redkitchen,22,19,sagereg_regen,1014,0.0088757396449704,6.184539694270459,0.3951004581389462,False,0.3607123020046856,1.7604166666666667,2.0,1.9440064765245,3.0,3089.0,,,,,,
318,7-scenes-redkitchen,23,19,sagereg_regen,1018,0.0029469548133595,3.626717865969877,1.3244400922075918,False,0.3701667790082865,1.7708333333333333,2.0,1.237895841202631,6.0,4038.0,,,,,,
319,7-scenes-redkitchen,27,19,sagereg_regen,1027,0.0194741966893865,3.497246064489515,0.1320742311957925,True,0.3668159799926798,1.7083333333333333,2.0,1.7823310024640873,6.0,3692.0,,,,,,
320,7-scenes-redkitchen,34,19,sagereg_regen,653,0.001531393568147,115.99200841994056,2.953002632005338,False,0.2213418000028468,1.6666666666666667,2.0,1.3416631442187092,3.0,1089.0,,,,,,
321,7-scenes-redkitchen,45,19,sagereg_regen,543,0.0441988950276243,4.393396350948708,0.0546426414070836,True,0.1917806359997484,1.8125,2.0,1.671599260042799,4.0,1728.0,,,,,,
322,7-scenes-redkitchen,46,19,sagereg_regen,474,0.050632911392405,6.107915399031243,0.067318841861575,True,0.1675475840020226,1.7916666666666667,2.0,2.4214567080807488,6.0,2258.0,,,,,,
323,7-scenes-redkitchen,47,19,sagereg_regen,453,0.075055187637969,0.953187155776671,0.0384834557106387,True,0.1547212340010446,1.8020833333333333,2.0,1.6964311936592509,2.0,2969.0,,,,,,
324,7-scenes-redkitchen,48,19,sagereg_regen,485,0.0350515463917525,15.09646457744244,0.1573877165901582,False,0.1757060919917421,1.8333333333333333,2.0,1.5657145610613477,5.0,3640.0,,,,,,
325,7-scenes-redkitchen,50,19,sagereg_regen,416,0.0625,3.398340142107201,0.0793885756964135,True,0.1544954309938475,1.7291666666666667,2.0,1.7787570122261993,6.0,3160.0,,,,,,
326,7-scenes-redkitchen,51,19,sagereg_regen,272,0.0073529411764705,180.0,2.68048293169508,False,0.1029862399955163,1.78125,2.0,1.6617872044080917,6.0,2093.0,,,,,,
327,7-scenes-redkitchen,52,19,sagereg_regen,430,0.0744186046511627,2.981068992604788,0.0542695134489455,True,0.1604014160038787,1.8958333333333333,2.0,2.164108881691189,3.0,3568.0,,,,,,
328,7-scenes-redkitchen,55,19,sagereg_regen,809,0.0098887515451174,3.670750753006256,0.1096638349336875,True,0.2962608110028668,1.78125,2.0,1.6587175428773755,6.0,3721.0,,,,,,
329,7-scenes-redkitchen,56,19,sagereg_regen,778,0.0295629820051413,0.9743994201892364,0.0566581422108381,True,0.2613650010025594,1.8020833333333333,2.0,1.7378760928396777,2.0,2745.0,,,,,,
330,7-scenes-redkitchen,57,19,sagereg_regen,737,0.0379918588873812,1.9532460322532257,0.0305385406141232,True,0.2547319329969468,1.8854166666666667,2.0,1.9488015567758643,5.0,1787.0,,,,,,
331,7-scenes-redkitchen,58,19,sagereg_regen,654,0.0504587155963302,2.0576471945482844,0.0786207352901011,True,0.2410726710004382,1.8020833333333333,2.0,1.8414654507146877,4.0,3622.0,,,,,,
332,7-scenes-redkitchen,22,20,sagereg_regen,1169,0.0889649272882805,1.2391083124067936,0.0351448642173898,True,0.4129313939993153,1.8333333333333333,2.0,1.3920256725004878,1.0,3886.0,,,,,,
333,7-scenes-redkitchen,23,20,sagereg_regen,1031,0.0242483026188166,2.611501351598013,0.0352075060760063,True,0.3649566849999246,1.7083333333333333,2.0,1.576253406347778,3.0,3195.0,,,,,,
334,7-scenes-redkitchen,24,20,sagereg_regen,985,0.0294416243654822,2.0484369943463885,0.0357183993796483,True,0.3429477340032463,1.7916666666666667,2.0,2.28627505798351,1.0,4959.0,,,,,,
335,7-scenes-redkitchen,27,20,sagereg_regen,1023,0.0078201368523949,162.57509650797803,3.005334009223372,False,0.3609691399979056,1.7291666666666667,2.0,1.622671277706239,6.0,2769.0,,,,,,
336,7-scenes-redkitchen,34,20,sagereg_regen,597,0.0050251256281407,173.2285186854421,3.7222553903084505,False,0.210028803005116,1.5625,2.0,1.5732771623714217,6.0,2479.0,,,,,,
337,7-scenes-redkitchen,38,20,sagereg_regen,789,0.0240811153358681,2.24186962991239,0.0521358774510798,True,0.2822128080006223,1.6666666666666667,2.0,1.9231189511090936,5.0,4002.0,,,,,,
338,7-scenes-redkitchen,47,20,sagereg_regen,467,0.006423982869379,144.74779919770762,4.029189456815558,False,0.1514290199993411,1.7916666666666667,2.0,1.1733918939867705,6.0,1134.0,,,,,,
339,7-scenes-redkitchen,48,20,sagereg_regen,470,0.0191489361702127,175.85683575810768,3.460513996035393,False,0.1631356249999953,1.6041666666666667,2.0,1.5034408347769497,6.0,3110.0,,,,,,
340,7-scenes-redkitchen,49,20,sagereg_regen,494,0.020242914979757,1.2865396926732329,0.1042542103750895,True,0.1743723989930004,1.7291666666666667,2.0,1.3512305550402652,6.0,2947.0,,,,,,
341,7-scenes-redkitchen,50,20,sagereg_regen,393,0.015267175572519,24.22616762172323,0.56137462008353,False,0.134772810000868,1.7395833333333333,2.0,2.515508798137956,6.0,2448.0,,,,,,
342,7-scenes-redkitchen,52,20,sagereg_regen,463,0.0259179265658747,6.0735084464247295,0.149784892349421,True,0.1617195060025551,1.78125,2.0,2.1891533415184,6.0,2794.0,,,,,,
343,7-scenes-redkitchen,53,20,sagereg_regen,558,0.0053763440860215,24.90751315274956,2.4529281600411235,False,0.1924438099958934,1.6875,2.0,1.637216176306378,6.0,1840.0,,,,,,
344,7-scenes-redkitchen,55,20,sagereg_regen,857,0.0221703617269544,3.32712810593312,0.0875414244400155,True,0.3141784269973868,1.7395833333333333,2.0,1.9462830936292517,5.0,4510.0,,,,,,
345,7-scenes-redkitchen,56,20,sagereg_regen,863,0.048667439165701,3.303611119474857,0.1043559051762708,True,0.2968228880054084,1.8645833333333333,2.0,1.4992060189465295,4.0,3345.0,,,,,,
346,7-scenes-redkitchen,57,20,sagereg_regen,721,0.0513176144244105,2.204032699596637,0.0636426058795096,True,0.2599874590086983,1.7708333333333333,2.0,1.4814230973454332,6.0,3320.0,,,,,,
347,7-scenes-redkitchen,58,20,sagereg_regen,617,0.0615883306320907,3.667945791087453,0.0961111651000244,True,0.2316928079962963,1.7916666666666667,2.0,1.819321075509423,6.0,3690.0,,,,,,
348,7-scenes-redkitchen,59,20,sagereg_regen,585,0.0273504273504273,171.0214135325081,1.7763324397326816,False,0.2205286660027923,1.8125,2.0,1.3540003039297128,5.0,3191.0,,,,,,
349,7-scenes-redkitchen,25,21,sagereg_regen,968,0.0113636363636363,93.60000656957524,2.324845172279922,False,0.3419392670039087,1.78125,2.0,1.9986465586086903,6.0,3434.0,,,,,,
350,7-scenes-redkitchen,26,21,sagereg_regen,983,0.0061037639877924,91.47610314615837,2.373686258834232,False,0.3633300369911012,1.875,2.0,2.4826915216786927,6.0,5667.0,,,,,,
351,7-scenes-redkitchen,34,21,sagereg_regen,620,0.014516129032258,4.984662564045845,0.1919032850411392,True,0.2168385330005549,1.4791666666666667,2.0,1.622251790370291,4.0,2178.0,,,,,,
352,7-scenes-redkitchen,36,21,sagereg_regen,1051,0.0066603235014272,164.67560844973428,1.669307962646485,False,0.3630019299962441,1.8020833333333333,2.0,1.3560427889528146,6.0,2608.0,,,,,,
353,7-scenes-redkitchen,37,21,sagereg_regen,952,0.0073529411764705,177.96351928281084,6.626440727752314,False,0.322481652998249,1.7916666666666667,2.0,1.4623778637025104,3.0,1959.0,,,,,,
354,7-scenes-redkitchen,38,21,sagereg_regen,821,0.02557856272838,3.7358117217032376,0.1103468538534529,True,0.2887163940031314,1.8125,2.0,1.604953516403145,4.0,3314.0,,,,,,
355,7-scenes-redkitchen,49,21,sagereg_regen,478,0.00418410041841,152.14262492781774,1.5088060635999925,False,0.1644032309995964,1.71875,2.0,1.1190076540631544,6.0,1693.0,,,,,,
356,7-scenes-redkitchen,52,21,sagereg_regen,439,0.0,125.80913275586552,3.476311715438312,False,0.1435034079913748,1.7291666666666667,2.0,1.1054952437163144,6.0,1236.0,,,,,,
357,7-scenes-redkitchen,53,21,sagereg_regen,556,0.0035971223021582,139.82853032699484,2.45640111857702,False,0.1930838539992692,1.6770833333333333,2.0,1.5719031059132154,6.0,1648.0,,,,,,
358,7-scenes-redkitchen,56,21,sagereg_regen,904,0.0188053097345132,160.04020294708886,2.4892526720744894,False,0.3188326880044769,1.8541666666666667,2.0,1.7942411764923718,4.0,4154.0,,,,,,
359,7-scenes-redkitchen,57,21,sagereg_regen,779,0.0282413350449293,1.5926155279345344,0.0586233222935453,True,0.2840019780051079,1.8645833333333333,2.0,1.9916022858884488,3.0,3437.0,,,,,,
360,7-scenes-redkitchen,58,21,sagereg_regen,674,0.0489614243323442,4.812491507116455,0.1761212138194143,True,0.2614867840020451,1.75,2.0,1.8500650405927512,6.0,4229.0,,,,,,
361,7-scenes-redkitchen,59,21,sagereg_regen,703,0.027027027027027,8.469824051547143,0.2767035698851728,True,0.2452877890027593,1.8020833333333333,2.0,1.3492669576802103,2.0,3304.0,,,,,,
362,7-scenes-redkitchen,25,22,sagereg_regen,1049,0.0047664442326024,89.02916995793856,2.252136736829148,False,0.3789772450036253,1.84375,2.0,2.366250264265058,6.0,4091.0,,,,,,
363,7-scenes-redkitchen,37,22,sagereg_regen,1114,0.0008976660682226,117.41953877139947,4.516992435527288,False,0.391789511006209,1.7395833333333333,2.0,1.544247573909123,6.0,3120.0,,,,,,
364,7-scenes-redkitchen,38,22,sagereg_regen,871,0.0022962112514351,119.04872216813848,1.723610008272537,False,0.3145925579956383,1.8541666666666667,2.0,1.944703848471045,5.0,2665.0,,,,,,
365,7-scenes-redkitchen,39,22,sagereg_regen,1130,0.011504424778761,49.68654080277069,2.209217477057566,False,0.4061625839967746,1.6979166666666667,2.0,1.1508765520024449,5.0,3882.0,,,,,,
366,7-scenes-redkitchen,53,22,sagereg_regen,594,0.0067340067340067,15.42707218863437,0.8822128006695116,False,0.2241508980005164,1.8333333333333333,2.0,1.2636931523487442,6.0,3087.0,,,,,,
367,7-scenes-redkitchen,56,22,sagereg_regen,924,0.0032467532467532,177.38214390420697,4.293476843356967,False,0.3273898520055809,1.7604166666666667,2.0,1.309246210745366,5.0,2564.0,,,,,,
368,7-scenes-redkitchen,57,22,sagereg_regen,876,0.0057077625570776,33.25960279747705,3.6044751842164846,False,0.3011066780018154,1.7708333333333333,2.0,1.377952762525373,4.0,1425.0,,,,,,
369,7-scenes-redkitchen,58,22,sagereg_regen,746,0.0040214477211796,133.91464519149767,6.13320078321001,False,0.2712789949946455,1.78125,2.0,1.866791439009755,5.0,1762.0,,,,,,
370,7-scenes-redkitchen,59,22,sagereg_regen,767,0.0091264667535853,96.73435015761162,3.973610086215584,False,0.2753124909941107,1.6770833333333333,2.0,1.741481220645413,6.0,2335.0,,,,,,
371,7-scenes-redkitchen,25,23,sagereg_regen,1039,0.0086621751684311,91.11783901463708,2.338026138128456,False,0.3651567350025289,1.75,2.0,2.217511159013579,6.0,2980.0,,,,,,
372,7-scenes-redkitchen,37,23,sagereg_regen,1028,0.0,37.79824988896958,1.5214892015717685,False,0.3658555279980646,1.71875,2.0,1.4529718441123884,6.0,4166.0,,,,,,
373,7-scenes-redkitchen,38,23,sagereg_regen,840,0.0142857142857142,48.64388947022466,3.59566390368809,False,0.2964650799913215,1.8541666666666667,2.0,1.154873846164517,6.0,1660.0,,,,,,
374,7-scenes-redkitchen,39,23,sagereg_regen,1103,0.0054397098821396,111.96714221717876,3.7837567861273937,False,0.3922796199985896,1.8020833333333333,2.0,1.5067576575125747,6.0,4355.0,,,,,,
375,7-scenes-redkitchen,53,23,sagereg_regen,627,0.0047846889952153,139.83029076504377,4.062436437408935,False,0.2341201689923764,1.875,2.0,2.048667156633547,6.0,2355.0,,,,,,
376,7-scenes-redkitchen,56,23,sagereg_regen,948,0.0094936708860759,59.58027132030936,2.6431107927445217,False,0.3246080620010616,1.8125,2.0,1.8996976180997125,4.0,1875.0,,,,,,
377,7-scenes-redkitchen,57,23,sagereg_regen,802,0.0062344139650872,96.61382712593534,3.778730371770936,False,0.2828887450014008,1.75,2.0,1.3418753078672794,6.0,1869.0,,,,,,
378,7-scenes-redkitchen,58,23,sagereg_regen,731,0.0027359781121751,151.37045487974916,2.855706845214641,False,0.2689212769982987,1.7708333333333333,2.0,1.5395577211432967,5.0,2660.0,,,,,,
379,7-scenes-redkitchen,59,23,sagereg_regen,787,0.0101651842439644,177.0340407783015,4.227415397057172,False,0.2652978210026049,1.8645833333333333,2.0,1.567234565347159,2.0,1459.0,,,,,,
380,7-scenes-redkitchen,38,24,sagereg_regen,757,0.0092470277410832,8.632257592280023,0.3322252690988893,False,0.2702644089949899,1.8854166666666667,2.0,1.2264573782230062,4.0,3521.0,,,,,,
381,7-scenes-redkitchen,39,24,sagereg_regen,1032,0.0222868217054263,2.545337506584745,0.1111128645501218,True,0.3694588350044796,1.8229166666666667,2.0,2.4990612655155564,6.0,5107.0,,,,,,
382,7-scenes-redkitchen,48,24,sagereg_regen,432,0.0023148148148148,69.38791747196484,2.3695273702490613,False,0.1523775519963237,1.75,2.0,1.9223444641967904,6.0,2135.0,,,,,,
383,7-scenes-redkitchen,49,24,sagereg_regen,407,0.0049140049140049,125.56579110343196,3.602827392535659,False,0.1472224479948636,1.7291666666666667,2.0,1.3422789837508629,6.0,2489.0,,,,,,
384,7-scenes-redkitchen,52,24,sagereg_regen,376,0.0053191489361702,95.71829934419164,1.8929888005534388,False,0.1290582409928902,1.6666666666666667,2.0,1.2166652057434648,6.0,1880.0,,,,,,
385,7-scenes-redkitchen,56,24,sagereg_regen,863,0.0081112398609501,83.96147376096832,3.089560751851733,False,0.3163511079910677,1.7916666666666667,2.0,1.782799851262086,6.0,4967.0,,,,,,
386,7-scenes-redkitchen,57,24,sagereg_regen,760,0.0105263157894736,146.56713798409686,3.756508326165551,False,0.2708564150016173,1.78125,2.0,1.903950998191444,6.0,2352.0,,,,,,
387,7-scenes-redkitchen,27,25,sagereg_regen,1109,0.0090171325518485,46.85785497045707,1.493195437016309,False,0.4065383169945562,1.8125,2.0,1.4684357783916258,6.0,5486.0,,,,,,
388,7-scenes-redkitchen,34,25,sagereg_regen,610,0.0049180327868852,179.0039077247405,4.9723052331348905,False,0.2219971789963892,1.4895833333333333,2.0,1.0677070991080515,6.0,2333.0,,,,,,
389,7-scenes-redkitchen,46,25,sagereg_regen,423,0.0283687943262411,104.99952599761018,2.2220076121907124,False,0.154591017999337,1.6458333333333333,2.0,1.8612756544886064,6.0,1791.0,,,,,,
390,7-scenes-redkitchen,47,25,sagereg_regen,412,0.0339805825242718,2.42826127109332,0.0498239389572491,True,0.1414779679980711,1.7708333333333333,2.0,1.599975122883601,2.0,2681.0,,,,,,
391,7-scenes-redkitchen,48,25,sagereg_regen,458,0.0305676855895196,1.3751545752012628,0.035355075284482,True,0.1671750699970289,1.7604166666666667,2.0,1.3811797766317906,4.0,3232.0,,,,,,
392,7-scenes-redkitchen,49,25,sagereg_regen,458,0.0414847161572052,9.593248559717232,0.216734008835604,True,0.1719144719972973,1.875,2.0,1.4005348356920568,6.0,2815.0,,,,,,
393,7-scenes-redkitchen,50,25,sagereg_regen,385,0.0389610389610389,1.5941356912085254,0.0465928897476926,True,0.1377368940011365,1.84375,2.0,1.39619981496495,4.0,3033.0,,,,,,
394,7-scenes-redkitchen,52,25,sagereg_regen,440,0.05,3.95260607446413,0.1078842738601621,True,0.1668415780004579,1.7916666666666667,2.0,1.253696277487974,6.0,3457.0,,,,,,
395,7-scenes-redkitchen,56,25,sagereg_regen,810,0.0,128.35036920382402,3.4620340400371217,False,0.2910098639986245,1.8125,2.0,1.511937010237994,6.0,2229.0,,,,,,
396,7-scenes-redkitchen,57,25,sagereg_regen,759,0.0026350461133069,176.77596008737652,3.942445357418223,False,0.2814245959962136,1.7708333333333333,2.0,1.0756195946225309,6.0,4366.0,,,,,,
397,7-scenes-redkitchen,28,26,sagereg_regen,951,0.0084121976866456,18.732206370534403,0.5283859921977773,False,0.3331070780113805,1.7708333333333333,2.0,2.0785224313646222,5.0,4609.0,,,,,,
398,7-scenes-redkitchen,29,26,sagereg_regen,744,0.0026881720430107,11.578631487643692,1.7491399321989318,False,0.2716647380002541,1.8020833333333333,2.0,2.395905487610172,6.0,3905.0,,,,,,
399,7-scenes-redkitchen,30,26,sagereg_regen,621,0.0,136.44176011353426,2.223127248932649,False,0.233158341005037,1.8229166666666667,2.0,1.5074137744704168,6.0,2767.0,,,,,,
400,7-scenes-redkitchen,34,26,sagereg_regen,552,0.0018115942028985,35.71364769041524,1.9493478818806704,False,0.204647181002656,1.5625,2.0,1.0816670487137152,6.0,3457.0,,,,,,
401,7-scenes-redkitchen,35,26,sagereg_regen,925,0.0118918918918918,13.903299679490056,1.8547537173637765,False,0.3470768460028921,1.8125,2.0,1.7748861858274043,6.0,6651.0,,,,,,
402,7-scenes-redkitchen,40,26,sagereg_regen,873,0.0068728522336769,83.00536168111199,4.371828287843033,False,0.3228705400033504,1.75,2.0,1.2460349551542649,6.0,3347.0,,,,,,
403,7-scenes-redkitchen,41,26,sagereg_regen,851,0.0011750881316098,148.7437808000742,4.232990261271856,False,0.2980412879987852,1.6979166666666667,2.0,1.4871364856720082,6.0,2432.0,,,,,,
404,7-scenes-redkitchen,42,26,sagereg_regen,748,0.0066844919786096,173.91862227837328,4.456663738499191,False,0.2738398619985673,1.7708333333333333,2.0,1.7454341934973845,6.0,2747.0,,,,,,
405,7-scenes-redkitchen,43,26,sagereg_regen,632,0.0094936708860759,91.58526466905332,0.7012011810289763,False,0.2318156379988067,1.7604166666666667,2.0,1.1029450654757864,6.0,1829.0,,,,,,
406,7-scenes-redkitchen,44,26,sagereg_regen,553,0.0126582278481012,125.3747927348834,3.640531750139776,False,0.200872072004131,1.7604166666666667,2.0,1.192473466781108,6.0,1947.0,,,,,,
407,7-scenes-redkitchen,45,26,sagereg_regen,485,0.0103092783505154,158.6326453106256,2.9293973912348887,False,0.174687235004967,1.71875,2.0,1.726521083960975,6.0,2357.0,,,,,,
408,7-scenes-redkitchen,46,26,sagereg_regen,419,0.0190930787589498,166.29704505274347,1.0540550205812729,False,0.1423405030072899,1.6666666666666667,2.0,1.9395038023227675,6.0,1962.0,,,,,,
409,7-scenes-redkitchen,47,26,sagereg_regen,365,0.0273972602739726,1.6557026932435006,0.080169149721034,True,0.1261369799976819,1.5520833333333333,2.0,1.835373872098803,5.0,2813.0,,,,,,
410,7-scenes-redkitchen,48,26,sagereg_regen,398,0.0351758793969849,2.5069577392445224,0.0358928198906174,True,0.1383541739996872,1.6354166666666667,2.0,1.965435036556179,5.0,2768.0,,,,,,
411,7-scenes-redkitchen,49,26,sagereg_regen,390,0.0128205128205128,106.3116478877376,2.4947948663110493,False,0.1265523680049227,1.7083333333333333,2.0,1.6004097256430736,4.0,665.0,,,,,,
412,7-scenes-redkitchen,50,26,sagereg_regen,320,0.03125,4.047852468523698,0.0846632985156322,True,0.1135128180030733,1.6770833333333333,2.0,1.700415858393561,6.0,2204.0,,,,,,
413,7-scenes-redkitchen,51,26,sagereg_regen,256,0.0234375,130.49932927403174,0.3258587221673457,False,0.0920473890000721,1.6875,2.0,1.1151430864610778,6.0,830.0,,,,,,
414,7-scenes-redkitchen,52,26,sagereg_regen,395,0.0556962025316455,1.7566590244433986,0.0313783295179333,True,0.1410778559948085,1.7291666666666667,2.0,1.982039150549924,6.0,3034.0,,,,,,
415,7-scenes-redkitchen,53,26,sagereg_regen,555,0.009009009009009,21.76055296501705,1.2015962133916305,False,0.2026271630020346,1.75,2.0,1.2180984674007989,4.0,3621.0,,,,,,
416,7-scenes-redkitchen,54,26,sagereg_regen,1025,0.008780487804878,4.895856976832953,0.0909374854229962,True,0.3549798100066255,1.8229166666666667,2.0,1.3652294200321575,4.0,4107.0,,,,,,
417,7-scenes-redkitchen,55,26,sagereg_regen,875,0.008,2.247207047191581,0.0734474962237061,True,0.3088648149932851,1.7604166666666667,2.0,1.7800567088455972,5.0,2905.0,,,,,,
418,7-scenes-redkitchen,56,26,sagereg_regen,822,0.0170316301703163,6.498662518625867,0.1353227397496549,True,0.2922805019989027,1.84375,2.0,1.4845856563863682,6.0,2889.0,,,,,,
419,7-scenes-redkitchen,57,26,sagereg_regen,765,0.0379084967320261,1.6984755949415045,0.0557367036803914,True,0.2787177840073127,1.8541666666666667,2.0,1.982643855694281,6.0,3001.0,,,,,,
420,7-scenes-redkitchen,58,26,sagereg_regen,733,0.034106412005457,9.193570795383009,0.1779606741901458,True,0.2669023290000041,1.8541666666666667,2.0,1.892502233169877,6.0,3460.0,,,,,,
421,7-scenes-redkitchen,59,26,sagereg_regen,750,0.0186666666666666,3.1694514766177018,0.0784139620056192,True,0.2655116530004306,1.8541666666666667,2.0,1.476990331666733,3.0,4477.0,,,,,,
422,7-scenes-redkitchen,30,27,sagereg_regen,669,0.0582959641255605,3.087453524760676,0.1047199611634165,True,0.2602918229968054,1.84375,2.0,1.833580326197811,6.0,5048.0,,,,,,
423,7-scenes-redkitchen,31,27,sagereg_regen,658,0.0121580547112462,82.09189235649862,0.9694674758479852,False,0.2448819590063067,1.8541666666666667,2.0,1.4973789221897846,5.0,3028.0,,,,,,
424,7-scenes-redkitchen,32,27,sagereg_regen,674,0.0059347181008902,22.614487945572503,2.279217382777539,False,0.2401597800053423,1.84375,2.0,1.3591131467890822,6.0,2305.0,,,,,,
425,7-scenes-redkitchen,36,27,sagereg_regen,1160,0.0060344827586206,179.05604307197908,3.681149265063864,False,0.3742133170089801,1.84375,2.0,1.3058710116614554,2.0,1985.0,,,,,,
426,7-scenes-redkitchen,37,27,sagereg_regen,1100,0.0172727272727272,3.2462578494149303,0.0448222467079775,True,0.3762213780064485,1.78125,2.0,2.0080581992573183,5.0,5099.0,,,,,,
427,7-scenes-redkitchen,38,27,sagereg_regen,847,0.0011806375442739,93.22630624668447,1.4201423480962054,False,0.3140235710088745,1.7708333333333333,2.0,2.4935540507161424,6.0,4258.0,,,,,,
428,7-scenes-redkitchen,39,27,sagereg_regen,1130,0.0106194690265486,87.74571200827431,1.625836887577046,False,0.3947258150001289,1.7604166666666667,2.0,2.3685487086373134,4.0,6078.0,,,,,,
429,7-scenes-redkitchen,41,27,sagereg_regen,1059,0.0075542965061378,113.81899570553092,3.1557767737050795,False,0.3764973740035202,1.75,2.0,1.7442055882702816,6.0,4738.0,,,,,,
430,7-scenes-redkitchen,42,27,sagereg_regen,847,0.0082644628099173,121.12295468782524,2.1563998492173764,False,0.3049381499949959,1.8020833333333333,2.0,1.7349166100502904,4.0,4606.0,,,,,,
431,7-scenes-redkitchen,43,27,sagereg_regen,775,0.0232258064516129,0.8499745578787333,0.0674840762975588,True,0.2742687889985973,1.71875,2.0,1.6816252850915336,3.0,4303.0,,,,,,
432,7-scenes-redkitchen,44,27,sagereg_regen,664,0.0150602409638554,52.15781104684389,0.909724272520015,False,0.2428372499925899,1.84375,2.0,1.6843818289220824,6.0,3164.0,,,,,,
433,7-scenes-redkitchen,45,27,sagereg_regen,546,0.0256410256410256,4.547381643231086,0.1047495547005807,True,0.2010619669963489,1.59375,2.0,1.2620662749470868,6.0,3055.0,,,,,,
434,7-scenes-redkitchen,59,27,sagereg_regen,826,0.0036319612590799,169.66139438873904,2.435463061511451,False,0.2866010280049522,1.78125,2.0,1.8781179043021088,4.0,3964.0,,,,,,
435,7-scenes-redkitchen,32,28,sagereg_regen,641,0.0046801872074883,51.568745901450185,2.0878690351718685,False,0.2347510480030905,1.7916666666666667,2.0,1.2428327451742858,6.0,2142.0,,,,,,
436,7-scenes-redkitchen,37,28,sagereg_regen,921,0.007600434310532,63.814863496828536,0.5300838529296586,False,0.3313016290048836,1.75,2.0,1.917014156596708,6.0,3733.0,,,,,,
437,7-scenes-redkitchen,38,28,sagereg_regen,812,0.0024630541871921,94.05636785300771,1.4301497725880332,False,0.286590134994185,1.8645833333333333,2.0,1.416758008162855,6.0,3732.0,,,,,,
438,7-scenes-redkitchen,43,28,sagereg_regen,649,0.024653312788906,89.29901473320139,2.519258718194439,False,0.2495162830018671,1.8020833333333333,2.0,2.020805331470412,6.0,3428.0,,,,,,
439,7-scenes-redkitchen,44,28,sagereg_regen,529,0.0226843100189035,0.8939536137189938,0.0233242870692462,True,0.1935092529965913,1.75,2.0,1.814542634479688,5.0,2794.0,,,,,,
440,7-scenes-redkitchen,45,28,sagereg_regen,495,0.0181818181818181,91.87592303497428,1.250252859508045,False,0.1823133159996359,1.7708333333333333,2.0,1.7016561618710306,6.0,2996.0,,,,,,
441,7-scenes-redkitchen,32,29,sagereg_regen,503,0.0159045725646123,124.08594979639102,2.1246755560181643,False,0.1882299650023924,1.8645833333333333,2.0,2.393074082923348,6.0,2265.0,,,,,,
442,7-scenes-redkitchen,44,29,sagereg_regen,482,0.0394190871369294,18.651179859238457,0.5572436121734904,False,0.1775299100045231,1.8854166666666667,2.0,1.757128824191012,4.0,2498.0,,,,,,
443,7-scenes-redkitchen,45,29,sagereg_regen,449,0.0267260579064587,145.0237130106732,2.2013065776524625,False,0.1612702210040879,1.8541666666666667,2.0,1.4632938543008616,5.0,1005.0,,,,,,
444,7-scenes-redkitchen,33,30,sagereg_regen,518,0.0,161.99797761667634,3.6671828008414615,False,0.180869152995001,1.8125,2.0,1.1555723483546945,6.0,1942.0,,,,,,
445,7-scenes-redkitchen,44,30,sagereg_regen,393,0.0076335877862595,83.73043794451488,1.6485834260960444,False,0.1482848149971687,1.8854166666666667,2.0,1.6654081218525096,6.0,2452.0,,,,,,
446,7-scenes-redkitchen,40,31,sagereg_regen,491,0.0061099796334012,109.58245952177512,3.8935462767341393,False,0.1729908900088048,1.7395833333333333,2.0,1.251148241798267,6.0,1771.0,,,,,,
447,7-scenes-redkitchen,41,31,sagereg_regen,467,0.006423982869379,113.16365549250511,3.952504121215695,False,0.173939269989205,1.6770833333333333,2.0,2.035528585995196,4.0,2560.0,,,,,,
448,7-scenes-redkitchen,42,31,sagereg_regen,410,0.0097560975609756,91.4826416081687,2.427879376963456,False,0.1512466069980291,1.7604166666666667,2.0,1.165008410952552,4.0,2941.0,,,,,,
449,7-scenes-redkitchen,43,31,sagereg_regen,350,0.0085714285714285,121.33723506682382,1.3635944006900644,False,0.1356008619986823,1.7916666666666667,2.0,1.3428705659833298,6.0,2548.0,,,,,,
450,7-scenes-redkitchen,34,32,sagereg_regen,471,0.0169851380042462,178.660672212463,3.493846509783326,False,0.1579694570027641,1.8020833333333333,2.0,1.457387837046528,2.0,2339.0,,,,,,
451,7-scenes-redkitchen,38,32,sagereg_regen,558,0.0125448028673835,173.8439320558146,2.946834340740724,False,0.1990214409888722,1.7708333333333333,2.0,1.3113735780394158,6.0,1608.0,,,,,,
452,7-scenes-redkitchen,39,32,sagereg_regen,465,0.0043010752688172,125.94038309229784,4.274726467368035,False,0.1640562920001684,1.6875,2.0,1.2389770291826856,6.0,2061.0,,,,,,
453,7-scenes-redkitchen,40,32,sagereg_regen,502,0.0,176.91241363586732,4.037273039664295,False,0.1855513830014388,1.7604166666666667,2.0,1.2530878739782068,5.0,2327.0,,,,,,
454,7-scenes-redkitchen,37,33,sagereg_regen,759,0.0052700922266139,110.30143157038152,2.3310098297303186,False,0.2639401490014279,1.875,2.0,1.3354894011889846,4.0,3354.0,,,,,,
455,7-scenes-redkitchen,38,33,sagereg_regen,770,0.0025974025974025,117.48700524647136,3.0274386611279427,False,0.2581294959963998,1.875,2.0,1.6883010746324278,4.0,1215.0,,,,,,
456,7-scenes-redkitchen,39,33,sagereg_regen,617,0.006482982171799,77.01719136409469,1.6822786126775342,False,0.231140691001201,1.84375,2.0,1.2225223538492471,6.0,2072.0,,,,,,
457,7-scenes-redkitchen,56,33,sagereg_regen,604,0.0016556291390728,172.0480729417701,1.16953894201901,False,0.2197413320027408,1.8020833333333333,2.0,1.230669281846896,6.0,1666.0,,,,,,
458,7-scenes-redkitchen,57,33,sagereg_regen,621,0.0,49.31829119946976,3.458465379206928,False,0.2227157049928791,1.7604166666666667,2.0,1.4859524186586588,6.0,2781.0,,,,,,
459,7-scenes-redkitchen,58,33,sagereg_regen,578,0.0034602076124567,161.04107452006934,5.299161591458749,False,0.2072493990053772,1.7916666666666667,2.0,1.5389348716401854,6.0,1515.0,,,,,,
460,7-scenes-redkitchen,35,34,sagereg_regen,549,0.0200364298724954,10.85276621387705,0.1752507774212817,True,0.1937567860004492,1.5416666666666667,2.0,1.5298894371535126,6.0,2392.0,,,,,,
461,7-scenes-redkitchen,36,34,sagereg_regen,500,0.002,128.01912711180736,1.6808966627787612,False,0.1867029549975996,1.6458333333333333,2.0,1.246720184461581,6.0,3639.0,,,,,,
462,7-scenes-redkitchen,37,34,sagereg_regen,608,0.0,90.31975452468508,1.5400146693910954,False,0.2185005450010066,1.6041666666666667,2.0,1.051211447370522,3.0,2321.0,,,,,,
463,7-scenes-redkitchen,38,34,sagereg_regen,767,0.0273794002607561,140.34296551942643,2.417959702827025,False,0.2731375889998162,1.75,2.0,1.4823750272687195,6.0,2546.0,,,,,,
464,7-scenes-redkitchen,39,34,sagereg_regen,625,0.0128,147.3138050248705,3.7478947483708698,False,0.2233510609949007,1.5,2.0,1.2263789622542522,5.0,2237.0,,,,,,
465,7-scenes-redkitchen,54,34,sagereg_regen,534,0.0131086142322097,70.03939653475122,0.3327844879343501,False,0.1890177039967966,1.59375,2.0,1.540588369374424,6.0,2605.0,,,,,,
466,7-scenes-redkitchen,58,34,sagereg_regen,455,0.0109890109890109,44.07318096095717,2.179649304045977,False,0.1512946279981406,1.65625,2.0,1.5469874851172556,4.0,1504.0,,,,,,
467,7-scenes-redkitchen,59,34,sagereg_regen,445,0.0089887640449438,39.98744837557579,2.098370379343406,False,0.1458751769969239,1.6770833333333333,2.0,1.5522021581395335,4.0,1325.0,,,,,,
468,7-scenes-redkitchen,38,35,sagereg_regen,773,0.0077619663648124,90.24276171176636,1.579744881883123,False,0.2694196250013192,1.7291666666666667,2.0,1.8949404214636716,5.0,2086.0,,,,,,
469,7-scenes-redkitchen,39,35,sagereg_regen,964,0.0134854771784232,2.7051443932305235,0.0640256552437613,True,0.3625490089980303,1.8020833333333333,2.0,1.2965211198171591,6.0,5738.0,,,,,,
470,7-scenes-redkitchen,48,35,sagereg_regen,409,0.0146699266503667,133.1542501284592,2.2852041325454837,False,0.1452680410075117,1.7291666666666667,2.0,2.086219434958652,6.0,1993.0,,,,,,
471,7-scenes-redkitchen,49,35,sagereg_regen,399,0.0200501253132832,103.38853879088268,2.857394608507127,False,0.1378850690016406,1.8229166666666667,2.0,1.8312376436387043,4.0,2344.0,,,,,,
472,7-scenes-redkitchen,50,35,sagereg_regen,367,0.0217983651226158,1.2936419218035584,0.0715221658528034,True,0.1294883169975946,1.71875,2.0,1.9701098770150052,6.0,2337.0,,,,,,
473,7-scenes-redkitchen,52,35,sagereg_regen,379,0.0237467018469656,171.47912154375078,4.206726783463306,False,0.1350900660036131,1.75,2.0,1.590941652156744,6.0,2458.0,,,,,,
474,7-scenes-redkitchen,47,36,sagereg_regen,374,0.0240641711229946,108.18806159660308,3.4402103281677903,False,0.1324993520029238,1.8020833333333333,2.0,1.595087594062989,6.0,1747.0,,,,,,
475,7-scenes-redkitchen,48,36,sagereg_regen,393,0.0305343511450381,0.0,0.0946061238568072,True,0.1487813599960645,1.7708333333333333,2.0,1.6190497481257546,6.0,3221.0,,,,,,
476,7-scenes-redkitchen,49,36,sagereg_regen,390,0.0358974358974358,0.0,0.084931050989029,True,0.1502190239989431,1.8645833333333333,2.0,1.6976181239165795,6.0,3718.0,,,,,,
477,7-scenes-redkitchen,50,36,sagereg_regen,307,0.0390879478827361,1.1869978922024722,0.0851421136624746,True,0.1190847180041601,1.7395833333333333,2.0,2.1206220089389705,6.0,2874.0,,,,,,
478,7-scenes-redkitchen,52,36,sagereg_regen,352,0.0596590909090909,1.6976485104662442,0.0745998535885542,True,0.1343494540051324,1.6875,2.0,1.4999862234634591,5.0,3336.0,,,,,,
479,7-scenes-redkitchen,47,37,sagereg_regen,347,0.0144092219020172,168.323517275909,4.279953981508874,False,0.1141892119994736,1.6354166666666667,2.0,2.002038712052524,4.0,1192.0,,,,,,
480,7-scenes-redkitchen,48,37,sagereg_regen,404,0.0346534653465346,1.1020582889688633,0.0657649157551438,True,0.1456540110011701,1.7395833333333333,2.0,1.728311490817563,6.0,2929.0,,,,,,
481,7-scenes-redkitchen,49,37,sagereg_regen,418,0.0191387559808612,173.9020894602363,3.86981064830965,False,0.1480308409954887,1.75,2.0,1.1684342593197443,6.0,2350.0,,,,,,
482,7-scenes-redkitchen,50,37,sagereg_regen,324,0.015432098765432,2.8342663514909576,0.0852485965324797,True,0.1148214360000565,1.6458333333333333,2.0,2.197690771086187,6.0,2810.0,,,,,,
483,7-scenes-redkitchen,52,37,sagereg_regen,367,0.0326975476839237,1.697921941932237,0.0669775381437319,True,0.1338228340027853,1.6666666666666667,2.0,1.6510895529025147,6.0,3176.0,,,,,,
484,7-scenes-redkitchen,49,38,sagereg_regen,388,0.0103092783505154,77.98056210018964,3.441668887681069,False,0.1240743570015183,1.7291666666666667,2.0,1.4423220037715838,6.0,822.0,,,,,,
485,7-scenes-redkitchen,52,38,sagereg_regen,327,0.0,153.91173458260894,1.000616160570226,False,0.1052484279935015,1.5729166666666667,2.0,1.2061681301056897,6.0,1233.0,,,,,,
486,7-scenes-redkitchen,53,38,sagereg_regen,589,0.0050933786078098,93.87578495961908,3.475910300205841,False,0.1996173549923696,1.7291666666666667,2.0,1.6759117887993338,4.0,1423.0,,,,,,
487,7-scenes-redkitchen,57,38,sagereg_regen,660,0.0393939393939393,1.0814896442153332,0.0187230410193387,True,0.2417652849981095,1.6979166666666667,2.0,1.3429980979816347,6.0,3153.0,,,,,,
488,7-scenes-redkitchen,47,39,sagereg_regen,403,0.0049627791563275,158.4421526246774,2.9247845042471208,False,0.1290334860022994,1.4166666666666667,1.0,1.0307180047525255,4.0,1955.0,,,,,,
489,7-scenes-redkitchen,48,39,sagereg_regen,438,0.0068493150684931,120.87209901902824,2.307474188487231,False,0.145889994004392,1.6979166666666667,2.0,1.4443506751524136,6.0,1707.0,,,,,,
490,7-scenes-redkitchen,49,39,sagereg_regen,433,0.0023094688221709,171.57108443635562,2.928305324576032,False,0.1489614999954938,1.6458333333333333,2.0,1.6840259737628045,6.0,3010.0,,,,,,
491,7-scenes-redkitchen,50,39,sagereg_regen,409,0.0048899755501222,114.29641842942786,2.7936069136930324,False,0.1348978409951087,1.6458333333333333,2.0,1.0252997214697492,6.0,1281.0,,,,,,
492,7-scenes-redkitchen,52,39,sagereg_regen,420,0.0333333333333333,5.769213489073363,0.0683014279054049,True,0.1441320209996774,1.6666666666666667,2.0,1.7621086725399475,6.0,3271.0,,,,,,
493,7-scenes-redkitchen,53,39,sagereg_regen,567,0.0088183421516754,114.66846513836433,1.8567994913282708,False,0.1953502780015696,1.7708333333333333,1.0,1.2214512214928015,2.0,2408.0,,,,,,
494,7-scenes-redkitchen,55,39,sagereg_regen,964,0.0425311203319502,1.648665163008776,0.056926502162889,True,0.3449193009946611,1.8541666666666667,2.0,1.6487695339248072,3.0,4427.0,,,,,,
495,7-scenes-redkitchen,56,39,sagereg_regen,933,0.052518756698821,1.7572896812356378,0.0790534513981146,True,0.3183373539941385,1.84375,2.0,1.3072374739769963,4.0,3258.0,,,,,,
496,7-scenes-redkitchen,57,39,sagereg_regen,831,0.0673886883273164,1.5468473422477824,0.041551841865121,True,0.295125161006581,1.7708333333333333,2.0,1.396133640279872,3.0,2796.0,,,,,,
497,7-scenes-redkitchen,44,40,sagereg_regen,593,0.0758853288364249,2.749796134389604,0.0544427595721649,True,0.2339714379995712,1.90625,2.0,2.36419759511711,4.0,4185.0,,,,,,
498,7-scenes-redkitchen,45,40,sagereg_regen,545,0.036697247706422,4.390852999950826,0.0737361990665742,True,0.2031343869966804,1.8125,2.0,2.259732403742119,6.0,2978.0,,,,,,
499,7-scenes-redkitchen,46,40,sagereg_regen,381,0.0131233595800524,27.10110201864719,0.4532016691311483,False,0.1360420490018441,1.7291666666666667,2.0,1.787892824124955,6.0,1709.0,,,,,,
500,7-scenes-redkitchen,46,41,sagereg_regen,384,0.0130208333333333,7.514867062947007,0.642222256177321,False,0.1403205989990965,1.8229166666666667,2.0,1.8200324097993563,3.0,2805.0,,,,,,
501,7-scenes-redkitchen,46,42,sagereg_regen,346,0.0231213872832369,15.574497070791828,0.7767816505320755,False,0.1361943789961515,1.9166666666666667,2.0,1.749878880842887,6.0,2965.0,,,,,,
502,7-scenes-redkitchen,47,43,sagereg_regen,340,0.0088235294117647,173.9228534716523,2.2005106349451617,False,0.1282705659978091,1.875,2.0,1.5487245060840222,6.0,1748.0,,,,,,
503,7-scenes-redkitchen,47,44,sagereg_regen,358,0.0921787709497206,2.126754864312795,0.0820119505493528,True,0.1324606729976949,1.96875,2.0,2.1377561774069376,1.0,1647.0,,,,,,
504,7-scenes-redkitchen,48,44,sagereg_regen,342,0.0029239766081871,17.100567297670924,0.8890202650391252,False,0.1371866199988289,1.9166666666666667,2.0,1.8287647360913697,6.0,2923.0,,,,,,
505,7-scenes-redkitchen,48,45,sagereg_regen,399,0.0601503759398496,2.47695961473821,0.063001135975563,True,0.1504596940067131,1.9270833333333333,2.0,1.6821002109143228,5.0,1650.0,,,,,,
506,7-scenes-redkitchen,49,45,sagereg_regen,377,0.0344827586206896,3.3574724130773204,1.1202013765835364,False,0.1481187660028808,1.9479166666666667,2.0,1.836599918534367,6.0,2924.0,,,,,,
507,7-scenes-redkitchen,50,45,sagereg_regen,312,0.0673076923076923,3.9448395814228463,0.0612812503545496,True,0.1107509110006503,1.8958333333333333,2.0,1.39455184271071,2.0,1260.0,,,,,,
508,7-scenes-redkitchen,51,45,sagereg_regen,240,0.125,2.7071749257971605,0.0328195265535732,True,0.0990298239994444,1.9895833333333333,2.0,1.5931785466514092,2.0,1299.0,,,,,,
509,7-scenes-redkitchen,52,45,sagereg_regen,342,0.0906432748538011,3.5381839646950155,0.0839001650652109,True,0.1252459340030327,1.9270833333333333,2.0,1.9933399403794267,3.0,1246.0,,,,,,
510,7-scenes-redkitchen,53,46,sagereg_regen,330,0.0727272727272727,2.189698934013003,0.0926800251235936,True,0.1196618740068515,1.8541666666666667,2.0,2.039849281094821,4.0,1439.0,,,,,,
511,7-scenes-redkitchen,54,47,sagereg_regen,352,0.0085227272727272,77.67565067228617,2.274386836334298,False,0.133605928007455,1.5625,2.0,2.133599264998548,5.0,3362.0,,,,,,
512,7-scenes-redkitchen,58,48,sagereg_regen,269,0.0,77.30617341556228,2.766743991553496,False,0.0935669230020721,1.5625,2.0,1.0911039714748578,6.0,1480.0,,,,,,
513,7-scenes-redkitchen,59,48,sagereg_regen,272,0.0,143.84849785197648,4.340040409761825,False,0.0951972659968305,1.6666666666666667,2.0,1.4263319453767935,6.0,1312.0,,,,,,
514,7-scenes-redkitchen,55,49,sagereg_regen,379,0.0,100.235785072365,1.352385158552233,False,0.1329385049975826,1.8125,2.0,1.8082882947461376,4.0,1616.0,,,,,,
515,7-scenes-redkitchen,58,49,sagereg_regen,293,0.0,122.44820216447258,4.76462440392186,False,0.1047674589935923,1.75,2.0,1.5449603779655865,6.0,1814.0,,,,,,
516,7-scenes-redkitchen,59,49,sagereg_regen,273,0.0,167.1036060777001,3.471868502173224,False,0.1011005740001564,1.78125,2.0,1.8815054669809828,6.0,917.0,,,,,,
517,7-scenes-redkitchen,59,50,sagereg_regen,236,0.0,109.59769875967,3.379261348271665,False,0.0911360089958179,1.6145833333333333,2.0,1.5800593321968213,6.0,1200.0,,,,,,
518,7-scenes-redkitchen,54,51,sagereg_regen,261,0.003831417624521,63.134595664286735,2.279382911943532,False,0.1029957989958347,1.625,2.0,2.2017802348793407,4.0,1421.0,,,,,,
519,7-scenes-redkitchen,59,51,sagereg_regen,151,0.0,172.11603786198876,4.678545000017488,False,0.0693115110043436,1.625,2.0,2.0949890527615205,0.0,846.0,,,,,,
520,7-scenes-redkitchen,55,52,sagereg_regen,363,0.0082644628099173,163.07403553913545,4.168160982429599,False,0.1261733779974747,1.6875,2.0,1.1931325857436703,4.0,1670.0,,,,,,
521,7-scenes-redkitchen,58,52,sagereg_regen,250,0.0,167.7265699924123,3.9257546465203217,False,0.0812881540041416,1.5625,2.0,1.9502472739772387,0.0,419.0,,,,,,
522,7-scenes-redkitchen,59,52,sagereg_regen,249,0.0,177.44426238571214,4.629424017424078,False,0.088165351000498,1.4166666666666667,2.0,1.4935325964275623,4.0,2039.0,,,,,,
523,7-scenes-redkitchen,56,53,sagereg_regen,457,0.0087527352297593,177.9291289338056,3.182789053602007,False,0.1549536289967363,1.8333333333333333,2.0,1.8501055899909304,4.0,740.0,,,,,,
524,7-scenes-redkitchen,57,53,sagereg_regen,453,0.0088300220750551,25.31257159903711,0.261893192091537,False,0.1552015440029208,1.7916666666666667,2.0,1.5772827298734453,6.0,1378.0,,,,,,
525,sun3d-home_at-home_at_scan1_2013_jan_1,30,0,sagereg_regen,647,0.0030911901081916,131.19829735366588,3.057111714964541,False,0.2365817450045142,1.8541666666666667,2.0,1.5531750593213185,5.0,2357.0,,,,,,
526,sun3d-home_at-home_at_scan1_2013_jan_1,31,0,sagereg_regen,836,0.0035885167464114,130.03440752857176,4.263670313139237,False,0.2931183080072514,1.8125,2.0,1.2674151703066447,6.0,1518.0,,,,,,
527,sun3d-home_at-home_at_scan1_2013_jan_1,33,0,sagereg_regen,725,0.0068965517241379,122.98429818795952,4.760273492059055,False,0.2861512850067811,1.875,2.0,2.0492684729538784,6.0,5103.0,,,,,,
528,sun3d-home_at-home_at_scan1_2013_jan_1,34,0,sagereg_regen,1026,0.0009746588693957,116.26421088194677,3.881763123256044,False,0.3929503510007635,1.6666666666666667,2.0,1.9938240965513612,6.0,5965.0,,,,,,
529,sun3d-home_at-home_at_scan1_2013_jan_1,35,0,sagereg_regen,1240,0.0016129032258064,168.24366837389894,5.325401526625105,False,0.4462791509940871,1.5520833333333333,2.0,1.0582270194757224,6.0,4877.0,,,,,,
530,sun3d-home_at-home_at_scan1_2013_jan_1,36,0,sagereg_regen,1038,0.0038535645472061,177.6882454545309,3.857453125354682,False,0.3696262900048168,1.78125,2.0,1.5214968620900255,6.0,3153.0,,,,,,
531,sun3d-home_at-home_at_scan1_2013_jan_1,37,0,sagereg_regen,894,0.0055928411633109,58.928924254276254,1.901899915261056,False,0.3114892070007045,1.5416666666666667,2.0,1.2361872101748534,4.0,2883.0,,,,,,
532,sun3d-home_at-home_at_scan1_2013_jan_1,38,0,sagereg_regen,1011,0.0029673590504451,109.12650402950877,3.68385751192154,False,0.353357270003471,1.7604166666666667,2.0,1.465858386010321,6.0,1985.0,,,,,,
533,sun3d-home_at-home_at_scan1_2013_jan_1,41,0,sagereg_regen,639,0.001564945226917,172.58553788405553,2.6654301642255134,False,0.2181430380005622,1.71875,2.0,1.4673542226080092,6.0,2010.0,,,,,,
534,sun3d-home_at-home_at_scan1_2013_jan_1,42,0,sagereg_regen,663,0.0015082956259426,104.81211156343264,3.547890774199924,False,0.2548643550035194,1.75,2.0,1.9791418267451195,6.0,3682.0,,,,,,
535,sun3d-home_at-home_at_scan1_2013_jan_1,47,0,sagereg_regen,684,0.0,179.3061400172369,2.9413813066883905,False,0.2512836760070058,1.7916666666666667,2.0,1.179618608058329,6.0,2959.0,,,,,,
536,sun3d-home_at-home_at_scan1_2013_jan_1,49,0,sagereg_regen,954,0.0052410901467505,179.21794810067135,5.554230180502064,False,0.3317752640068647,1.7291666666666667,2.0,1.995652011967007,5.0,2284.0,,,,,,
537,sun3d-home_at-home_at_scan1_2013_jan_1,50,0,sagereg_regen,960,0.003125,70.46083643966223,4.141458263117953,False,0.3433836370022618,1.7708333333333333,2.0,1.137211673642065,4.0,5406.0,,,,,,
538,sun3d-home_at-home_at_scan1_2013_jan_1,51,0,sagereg_regen,862,0.0011600928074245,74.94645171510182,2.3545484349100865,False,0.3122681309978361,1.7395833333333333,2.0,1.523714592426756,6.0,4069.0,,,,,,
539,sun3d-home_at-home_at_scan1_2013_jan_1,3,1,sagereg_regen,773,0.2199223803363518,2.5525045717601538,0.0813462545659965,True,0.3082553140047821,1.9583333333333333,2.0,1.7535110172126382,6.0,3301.0,,,,,,
540,sun3d-home_at-home_at_scan1_2013_jan_1,31,1,sagereg_regen,941,0.0053134962805526,89.9552819792965,7.413250924923371,False,0.3044404700049199,1.7083333333333333,2.0,2.2229175044685547,4.0,496.0,,,,,,
541,sun3d-home_at-home_at_scan1_2013_jan_1,33,1,sagereg_regen,811,0.0123304562268803,179.71126487636263,3.3401267273474065,False,0.2803799519970198,1.71875,2.0,1.464390667784386,6.0,1622.0,,,,,,
542,sun3d-home_at-home_at_scan1_2013_jan_1,35,1,sagereg_regen,1200,0.005,114.75080102519738,2.648347641489801,False,0.4301794820057694,1.6979166666666667,2.0,1.967798382499343,4.0,4735.0,,,,,,
543,sun3d-home_at-home_at_scan1_2013_jan_1,36,1,sagereg_regen,1089,0.0238751147842056,1.9798863321813356,0.0436022209055113,True,0.4088878970069345,1.7916666666666667,2.0,1.5360965426720945,5.0,7230.0,,,,,,
544,sun3d-home_at-home_at_scan1_2013_jan_1,37,1,sagereg_regen,955,0.0282722513089005,1.3732587587043306,0.0591012062907134,True,0.3590547209896613,1.6666666666666667,2.0,2.229554347884514,5.0,7199.0,,,,,,
545,sun3d-home_at-home_at_scan1_2013_jan_1,38,1,sagereg_regen,1002,0.0239520958083832,2.7421545014456346,0.1298123893354139,True,0.3592871120054042,1.7395833333333333,2.0,1.7534880665834864,4.0,7171.0,,,,,,
546,sun3d-home_at-home_at_scan1_2013_jan_1,39,1,sagereg_regen,855,0.0070175438596491,166.05062864877723,4.712668158040861,False,0.2993374799989396,1.7291666666666667,2.0,2.0031746077241928,6.0,1350.0,,,,,,
547,sun3d-home_at-home_at_scan1_2013_jan_1,47,1,sagereg_regen,774,0.0,166.13996614734606,4.8538922236241735,False,0.2859653600025922,1.7916666666666667,2.0,1.957216164621092,6.0,4386.0,,,,,,
548,sun3d-home_at-home_at_scan1_2013_jan_1,48,1,sagereg_regen,891,0.0033670033670033,171.4584868433745,5.616064827822951,False,0.2978137760001118,1.7604166666666667,2.0,1.4278532859872168,0.0,1384.0,,,,,,
549,sun3d-home_at-home_at_scan1_2013_jan_1,49,1,sagereg_regen,1042,0.0067178502879078,179.2273671157508,5.644592843534332,False,0.3462552330020116,1.71875,2.0,1.610324399790941,4.0,2056.0,,,,,,
550,sun3d-home_at-home_at_scan1_2013_jan_1,50,1,sagereg_regen,1124,0.0053380782918149,142.6313587107182,5.068250251535798,False,0.3952931470048497,1.7083333333333333,2.0,1.136240368798886,5.0,3000.0,,,,,,
551,sun3d-home_at-home_at_scan1_2013_jan_1,51,1,sagereg_regen,920,0.0032608695652173,130.61239194345413,4.581220394459496,False,0.321632868006418,1.7083333333333333,2.0,1.1199834806486393,6.0,2972.0,,,,,,
552,sun3d-home_at-home_at_scan1_2013_jan_1,3,2,sagereg_regen,712,0.1432584269662921,2.728388710076752,0.0694152192376995,True,0.2713854059984442,1.9166666666666667,2.0,2.033355770366026,4.0,2928.0,,,,,,
553,sun3d-home_at-home_at_scan1_2013_jan_1,31,2,sagereg_regen,958,0.0,111.2230609913783,6.398631607238961,False,0.3224452220019884,1.8020833333333333,2.0,1.3575559051781938,4.0,2500.0,,,,,,
554,sun3d-home_at-home_at_scan1_2013_jan_1,33,2,sagereg_regen,785,0.0101910828025477,110.58257417849184,4.493871912799183,False,0.2935762400011299,1.7916666666666667,2.0,2.008459715241367,6.0,4019.0,,,,,,
555,sun3d-home_at-home_at_scan1_2013_jan_1,35,2,sagereg_regen,1214,0.0041186161449752,115.72547932249246,2.378147905831684,False,0.4250399709999328,1.7708333333333333,2.0,1.839272575173463,6.0,2623.0,,,,,,
556,sun3d-home_at-home_at_scan1_2013_jan_1,37,2,sagereg_regen,926,0.0259179265658747,1.9351399200705064,0.0453211479723126,True,0.3483332090036128,1.7083333333333333,2.0,2.007443894127274,5.0,7429.0,,,,,,
557,sun3d-home_at-home_at_scan1_2013_jan_1,39,2,sagereg_regen,851,0.0023501762632197,95.50960205166926,1.8146488764688349,False,0.2975721429975237,1.78125,2.0,1.8625566557430635,6.0,3353.0,,,,,,
558,sun3d-home_at-home_at_scan1_2013_jan_1,48,2,sagereg_regen,902,0.007760532150776,145.78449404444893,4.686118508323908,False,0.3278586540036485,1.7916666666666667,2.0,1.9113758918856925,4.0,5000.0,,,,,,
559,sun3d-home_at-home_at_scan1_2013_jan_1,49,2,sagereg_regen,1052,0.0047528517110266,129.70997381958566,4.276309197645443,False,0.379268791002687,1.6979166666666667,2.0,1.8853464178021768,6.0,5672.0,,,,,,
560,sun3d-home_at-home_at_scan1_2013_jan_1,50,2,sagereg_regen,1121,0.0026761819803746,94.91888605947337,3.4123654587549326,False,0.3892938569988473,1.78125,2.0,2.1300225939685355,4.0,4431.0,,,,,,
561,sun3d-home_at-home_at_scan1_2013_jan_1,51,2,sagereg_regen,887,0.0011273957158962,23.325564931588705,0.7673005773180066,False,0.3219439919921569,1.6770833333333333,2.0,1.5873247695041346,6.0,3810.0,,,,,,
562,sun3d-home_at-home_at_scan1_2013_jan_1,24,3,sagereg_regen,539,0.0074211502782931,151.55419673977963,5.756894349093007,False,0.1914068600017344,1.78125,2.0,1.6587294904266372,5.0,1972.0,,,,,,
563,sun3d-home_at-home_at_scan1_2013_jan_1,25,3,sagereg_regen,479,0.0062630480167014,127.5840647880041,3.816804611595567,False,0.1662369549958384,1.8333333333333333,2.0,1.1119507630029222,5.0,1869.0,,,,,,
564,sun3d-home_at-home_at_scan1_2013_jan_1,26,3,sagereg_regen,590,0.0016949152542372,158.27788261388062,5.044054805539676,False,0.1991061930020805,1.75,2.0,1.256897287396531,0.0,2160.0,,,,,,
565,sun3d-home_at-home_at_scan1_2013_jan_1,29,3,sagereg_regen,570,0.0017543859649122,123.71893099952484,3.930246816902048,False,0.2094705590061494,1.8229166666666667,2.0,1.528663759921309,6.0,1708.0,,,,,,
566,sun3d-home_at-home_at_scan1_2013_jan_1,30,3,sagereg_regen,471,0.0063694267515923,139.46624864466244,5.188926466577798,False,0.1640969939981005,1.90625,2.0,1.9430364960059,2.0,2171.0,,,,,,
567,sun3d-home_at-home_at_scan1_2013_jan_1,32,3,sagereg_regen,493,0.0020283975659229,70.6445842419669,2.806468508476678,False,0.1589498320026905,1.65625,2.0,1.1364832618923233,6.0,1630.0,,,,,,
568,sun3d-home_at-home_at_scan1_2013_jan_1,33,3,sagereg_regen,602,0.0099667774086378,179.24383080456388,4.412178733309755,False,0.211719354003435,1.8645833333333333,2.0,1.998816016979864,5.0,1877.0,,,,,,
569,sun3d-home_at-home_at_scan1_2013_jan_1,34,3,sagereg_regen,755,0.0119205298013245,93.24456830141472,3.0025894181671484,False,0.264240572003473,1.8229166666666667,2.0,1.2947878023424897,2.0,4255.0,,,,,,
570,sun3d-home_at-home_at_scan1_2013_jan_1,35,3,sagereg_regen,810,0.0086419753086419,35.26725796466207,2.3576568707872814,False,0.2990888260028441,1.6979166666666667,2.0,1.966316526579632,6.0,3966.0,,,,,,
571,sun3d-home_at-home_at_scan1_2013_jan_1,36,3,sagereg_regen,739,0.0189445196211096,153.05217450971267,2.8043544961454803,False,0.2607735070050694,1.7916666666666667,2.0,1.2534615015587904,6.0,1574.0,,,,,,
572,sun3d-home_at-home_at_scan1_2013_jan_1,37,3,sagereg_regen,580,0.0293103448275862,1.1572696657556802,0.0305196370359949,True,0.2101673110082629,1.6458333333333333,2.0,1.44136174480224,6.0,2599.0,,,,,,
573,sun3d-home_at-home_at_scan1_2013_jan_1,38,3,sagereg_regen,629,0.0286168521462639,2.5453822653539286,0.0780649187239875,True,0.224617338993994,1.8125,2.0,1.7652818219411237,6.0,1897.0,,,,,,
574,sun3d-home_at-home_at_scan1_2013_jan_1,40,3,sagereg_regen,696,0.0,107.57388531811216,2.7050617319440136,False,0.2476286770033766,1.9270833333333333,2.0,1.8908335151445568,4.0,2753.0,,,,,,
575,sun3d-home_at-home_at_scan1_2013_jan_1,41,3,sagereg_regen,616,0.0097402597402597,133.81454233709786,3.187122185320929,False,0.2170418349996907,1.875,2.0,2.0400227655582244,4.0,2527.0,,,,,,
576,sun3d-home_at-home_at_scan1_2013_jan_1,42,3,sagereg_regen,587,0.0,177.7794427029407,4.595400987838605,False,0.2078500389980035,1.84375,2.0,1.3595491746100348,5.0,1706.0,,,,,,
577,sun3d-home_at-home_at_scan1_2013_jan_1,44,3,sagereg_regen,562,0.0,130.68433825440485,3.14530922168612,False,0.1995345280010951,1.8645833333333333,2.0,1.6903725951836146,6.0,2043.0,,,,,,
578,sun3d-home_at-home_at_scan1_2013_jan_1,45,3,sagereg_regen,572,0.0,155.11888584049933,3.22775067190962,False,0.2054314529959811,1.9166666666666667,2.0,1.448756710621769,6.0,2468.0,,,,,,
579,sun3d-home_at-home_at_scan1_2013_jan_1,46,3,sagereg_regen,586,0.0,145.0099972931601,3.269841492012036,False,0.211787878004543,1.9166666666666667,2.0,1.969070619431282,5.0,2263.0,,,,,,
580,sun3d-home_at-home_at_scan1_2013_jan_1,48,3,sagereg_regen,712,0.0028089887640449,157.6729490518444,4.648272984524821,False,0.2328238269983558,1.875,2.0,1.8657252275189375,2.0,1155.0,,,,,,
581,sun3d-home_at-home_at_scan1_2013_jan_1,49,3,sagereg_regen,711,0.0028129395218002,106.63773764214336,4.106972297708953,False,0.2653454910032451,1.7708333333333333,2.0,1.775350966579481,6.0,3279.0,,,,,,
582,sun3d-home_at-home_at_scan1_2013_jan_1,8,4,sagereg_regen,480,0.0125,28.80361327547872,3.0669166724844565,False,0.1649004729988519,1.8854166666666667,2.0,1.418296662163036,6.0,1450.0,,,,,,
583,sun3d-home_at-home_at_scan1_2013_jan_1,24,4,sagereg_regen,549,0.0091074681238615,176.56822690199112,5.010723442771195,False,0.190187504995265,1.8229166666666667,2.0,1.6874935470775732,6.0,1517.0,,,,,,
584,sun3d-home_at-home_at_scan1_2013_jan_1,25,4,sagereg_regen,611,0.011456628477905,92.58664571021592,3.8030925072309247,False,0.2117007650012965,1.8854166666666667,2.0,1.935133609193965,6.0,1557.0,,,,,,
585,sun3d-home_at-home_at_scan1_2013_jan_1,26,4,sagereg_regen,667,0.0119940029985007,79.61163524378163,3.769745512748638,False,0.2410721230044146,1.84375,2.0,1.079416038331274,5.0,3208.0,,,,,,
586,sun3d-home_at-home_at_scan1_2013_jan_1,29,4,sagereg_regen,641,0.0062402496099844,126.4050182801008,4.356368576347927,False,0.2241032469974015,1.875,2.0,1.7476468322888348,5.0,1830.0,,,,,,
587,sun3d-home_at-home_at_scan1_2013_jan_1,30,4,sagereg_regen,481,0.0103950103950103,63.07208178402238,3.0589937811012864,False,0.1593693960021482,1.875,2.0,1.9027140202075297,4.0,1857.0,,,,,,
588,sun3d-home_at-home_at_scan1_2013_jan_1,31,4,sagereg_regen,702,0.0028490028490028,98.03508232448942,2.2066919152132725,False,0.2461110229924088,1.8645833333333333,2.0,1.910650069757232,6.0,3194.0,,,,,,
589,sun3d-home_at-home_at_scan1_2013_jan_1,32,4,sagereg_regen,525,0.0,178.31484858926004,3.354807761156797,False,0.1680136030045105,1.71875,2.0,1.587870123870171,6.0,432.0,,,,,,
590,sun3d-home_at-home_at_scan1_2013_jan_1,42,4,sagereg_regen,590,0.0033898305084745,84.90397008157152,2.700357140079785,False,0.2051664979953784,1.78125,2.0,1.539418034136801,5.0,1326.0,,,,,,
591,sun3d-home_at-home_at_scan1_2013_jan_1,44,4,sagereg_regen,659,0.0379362670713201,5.606502406058417,0.2595959294371742,True,0.2502622820029501,1.8958333333333333,2.0,2.6140405123392747,5.0,2991.0,,,,,,
592,sun3d-home_at-home_at_scan1_2013_jan_1,45,4,sagereg_regen,644,0.0201863354037267,98.91125849444968,3.494168359278657,False,0.2410026929937885,1.8958333333333333,2.0,1.3694157279778765,6.0,2540.0,,,,,,
593,sun3d-home_at-home_at_scan1_2013_jan_1,47,4,sagereg_regen,672,0.0029761904761904,118.41182729704424,3.3365235762637813,False,0.2351281240044045,1.84375,2.0,1.3667636177949387,4.0,2961.0,,,,,,
594,sun3d-home_at-home_at_scan1_2013_jan_1,6,5,sagereg_regen,530,0.0622641509433962,1.486946291724631,0.0449982056446892,True,0.1837052830014727,1.8645833333333333,2.0,1.8735217277202851,5.0,1719.0,,,,,,
595,sun3d-home_at-home_at_scan1_2013_jan_1,11,5,sagereg_regen,705,0.0113475177304964,130.60993481760426,3.8227990744272007,False,0.2374436729951412,1.7395833333333333,2.0,1.234023570107925,4.0,706.0,,,,,,
596,sun3d-home_at-home_at_scan1_2013_jan_1,15,5,sagereg_regen,683,0.0131771595900439,89.259202695878,4.222319036384109,False,0.2371549230010714,1.7916666666666667,2.0,1.8640829910892216,6.0,1576.0,,,,,,
597,sun3d-home_at-home_at_scan1_2013_jan_1,40,5,sagereg_regen,722,0.0013850415512465,163.62786883236083,3.579484032668833,False,0.2520178460035822,1.8333333333333333,2.0,1.353788429191427,6.0,1182.0,,,,,,
598,sun3d-home_at-home_at_scan1_2013_jan_1,8,6,sagereg_regen,443,0.0338600451467268,90.69092620323327,2.6157639598958227,False,0.1621460930036846,1.8854166666666667,2.0,1.6093208689841374,6.0,1860.0,,,,,,
599,sun3d-home_at-home_at_scan1_2013_jan_1,9,6,sagereg_regen,565,0.0088495575221238,119.37422944665006,2.2941857643919707,False,0.2099157480042777,1.8333333333333333,2.0,1.3729816829566936,6.0,2991.0,,,,,,
600,sun3d-home_at-home_at_scan1_2013_jan_1,10,6,sagereg_regen,664,0.0045180722891566,3.5301668262191748,2.1120123068767325,False,0.2289304139994783,1.8333333333333333,2.0,1.5624593872981645,3.0,3107.0,,,,,,
601,sun3d-home_at-home_at_scan1_2013_jan_1,24,6,sagereg_regen,490,0.0163265306122449,178.80890052431076,5.076665301223697,False,0.1756313280056929,1.8645833333333333,2.0,1.8624569386857064,6.0,1778.0,,,,,,
602,sun3d-home_at-home_at_scan1_2013_jan_1,25,6,sagereg_regen,496,0.0181451612903225,159.60087746050846,3.1700333024109297,False,0.1801834420039085,1.84375,2.0,1.1916142947133828,6.0,1802.0,,,,,,
603,sun3d-home_at-home_at_scan1_2013_jan_1,26,6,sagereg_regen,608,0.0197368421052631,108.5725096520246,4.630617479497354,False,0.2302371420009876,1.8541666666666667,2.0,1.7021432468694229,5.0,3102.0,,,,,,
604,sun3d-home_at-home_at_scan1_2013_jan_1,29,6,sagereg_regen,577,0.024263431542461,123.8479796728168,4.402671577617152,False,0.2076269359968137,1.8958333333333333,2.0,1.2115352244737403,6.0,1833.0,,,,,,
605,sun3d-home_at-home_at_scan1_2013_jan_1,30,6,sagereg_regen,429,0.0116550116550116,64.1321296232104,2.813037202395906,False,0.1535560570046072,1.8645833333333333,2.0,1.8511872332695491,6.0,1446.0,,,,,,
606,sun3d-home_at-home_at_scan1_2013_jan_1,31,6,sagereg_regen,625,0.008,147.02628050276434,4.121871929682255,False,0.2262848550089984,1.8854166666666667,2.0,2.155889111496489,5.0,2829.0,,,,,,
607,sun3d-home_at-home_at_scan1_2013_jan_1,42,6,sagereg_regen,582,0.0068728522336769,79.3379325223626,2.6415205301631013,False,0.2086491779991774,1.9479166666666667,2.0,2.0113158520154326,5.0,1871.0,,,,,,
608,sun3d-home_at-home_at_scan1_2013_jan_1,43,6,sagereg_regen,508,0.0118110236220472,85.59369388174156,3.0633893824731886,False,0.184451301000081,1.875,2.0,1.7282783866747795,4.0,2429.0,,,,,,
609,sun3d-home_at-home_at_scan1_2013_jan_1,44,6,sagereg_regen,535,0.0261682242990654,101.92768463043924,3.445721557518543,False,0.2012600470043253,1.9166666666666667,2.0,1.120222592824847,2.0,2346.0,,,,,,
610,sun3d-home_at-home_at_scan1_2013_jan_1,45,6,sagereg_regen,594,0.0101010101010101,85.32976958552393,3.103460945718789,False,0.2285728139977436,1.9166666666666667,2.0,1.4312182336925408,6.0,3068.0,,,,,,
611,sun3d-home_at-home_at_scan1_2013_jan_1,46,6,sagereg_regen,528,0.0056818181818181,154.12271221972316,3.848364615330742,False,0.1881067279973649,1.875,2.0,1.578463049180716,5.0,2504.0,,,,,,
612,sun3d-home_at-home_at_scan1_2013_jan_1,47,6,sagereg_regen,588,0.0017006802721088,151.0785940548251,4.462815743119497,False,0.2177259609961765,1.71875,2.0,2.3438942036106223,6.0,3115.0,,,,,,
613,sun3d-home_at-home_at_scan1_2013_jan_1,9,7,sagereg_regen,612,0.0392156862745098,14.310870488421315,0.2927083828043789,True,0.2212016529956599,1.8229166666666667,2.0,2.016633405058691,6.0,2079.0,,,,,,
614,sun3d-home_at-home_at_scan1_2013_jan_1,10,7,sagereg_regen,658,0.0258358662613981,150.92919425497803,2.6963468359146536,False,0.2246964410005603,1.8541666666666667,2.0,1.9658661221410243,2.0,1020.0,,,,,,
615,sun3d-home_at-home_at_scan1_2013_jan_1,24,7,sagereg_regen,577,0.0173310225303292,109.86778588365218,3.72798628615218,False,0.2189633529997081,1.8645833333333333,2.0,1.6973346188208975,3.0,2794.0,,,,,,
616,sun3d-home_at-home_at_scan1_2013_jan_1,25,7,sagereg_regen,540,0.0222222222222222,83.47134068402107,2.8231428820568696,False,0.2077208019982208,1.875,2.0,1.732995732786458,6.0,1834.0,,,,,,
617,sun3d-home_at-home_at_scan1_2013_jan_1,26,7,sagereg_regen,682,0.0131964809384164,83.54391760813665,2.75680511306806,False,0.2542529340062174,1.8541666666666667,2.0,2.4133503284584448,4.0,2342.0,,,,,,
618,sun3d-home_at-home_at_scan1_2013_jan_1,28,7,sagereg_regen,657,0.0167427701674277,84.17337171699562,2.871773239408535,False,0.2455366990034235,1.90625,2.0,2.433104518214157,6.0,2198.0,,,,,,
619,sun3d-home_at-home_at_scan1_2013_jan_1,29,7,sagereg_regen,598,0.0183946488294314,109.07212027498116,3.761334265382632,False,0.2380336369969882,1.9270833333333333,2.0,1.839320620898213,4.0,3024.0,,,,,,
620,sun3d-home_at-home_at_scan1_2013_jan_1,30,7,sagereg_regen,495,0.0242424242424242,1.932725796724286,0.1441944069089694,True,0.194080526001926,1.8645833333333333,2.0,1.5718040334920798,6.0,3181.0,,,,,,
621,sun3d-home_at-home_at_scan1_2013_jan_1,31,7,sagereg_regen,647,0.0,103.78694785961466,4.102910474953877,False,0.2398984079991351,1.84375,2.0,2.1484503696257318,6.0,3769.0,,,,,,
622,sun3d-home_at-home_at_scan1_2013_jan_1,43,7,sagereg_regen,555,0.0054054054054054,100.99912217329572,2.544915847207987,False,0.2050235150018124,1.7083333333333333,2.0,1.2838757527436129,6.0,1610.0,,,,,,
623,sun3d-home_at-home_at_scan1_2013_jan_1,44,7,sagereg_regen,589,0.0407470288624787,3.619304022812128,0.1685492123572254,True,0.2213653339931625,1.8125,2.0,1.870285194762226,6.0,2703.0,,,,,,
624,sun3d-home_at-home_at_scan1_2013_jan_1,45,7,sagereg_regen,620,0.0306451612903225,2.813325351919626,0.1392433913680218,True,0.2375148330029333,1.8229166666666667,2.0,1.4693712434041704,5.0,2827.0,,,,,,
625,sun3d-home_at-home_at_scan1_2013_jan_1,47,7,sagereg_regen,599,0.0,171.5703550065115,3.714065272393282,False,0.2215390779965673,1.7395833333333333,2.0,1.4638203665935838,6.0,1945.0,,,,,,
626,sun3d-home_at-home_at_scan1_2013_jan_1,11,8,sagereg_regen,609,0.0,169.30608635551317,2.6057848208814325,False,0.2218503299955045,1.7708333333333333,2.0,1.5776184840575704,4.0,2620.0,,,,,,
627,sun3d-home_at-home_at_scan1_2013_jan_1,25,8,sagereg_regen,484,0.0165289256198347,104.0164417269548,3.488801150751612,False,0.174399542993342,1.9270833333333333,2.0,2.093488872862586,2.0,1594.0,,,,,,
628,sun3d-home_at-home_at_scan1_2013_jan_1,30,8,sagereg_regen,525,0.019047619047619,85.57027613455354,2.623252138464579,False,0.1940628730008029,1.9479166666666667,2.0,1.6737570079651825,5.0,1971.0,,,,,,
629,sun3d-home_at-home_at_scan1_2013_jan_1,44,8,sagereg_regen,514,0.0116731517509727,40.18699802203236,0.8944826259178842,False,0.173492278001504,1.8645833333333333,2.0,1.3395973018418244,3.0,1518.0,,,,,,
630,sun3d-home_at-home_at_scan1_2013_jan_1,45,8,sagereg_regen,554,0.0126353790613718,88.84847493702156,1.8228840738893115,False,0.2027091089985333,1.9166666666666667,2.0,1.5042961876967298,5.0,2629.0,,,,,,
631,sun3d-home_at-home_at_scan1_2013_jan_1,11,9,sagereg_regen,747,0.0200803212851405,18.345728291250968,0.4927786695435687,False,0.2767885780049255,1.9166666666666667,2.0,1.2986211432277457,4.0,4286.0,,,,,,
632,sun3d-home_at-home_at_scan1_2013_jan_1,24,9,sagereg_regen,613,0.0212071778140293,117.5408087579194,3.976061135330988,False,0.2171474369970383,1.90625,2.0,2.107324301373429,4.0,1815.0,,,,,,
633,sun3d-home_at-home_at_scan1_2013_jan_1,26,9,sagereg_regen,643,0.0077760497667185,18.115161918441306,0.7003885134258,False,0.237629941002524,1.8854166666666667,2.0,1.7688341261028375,6.0,2937.0,,,,,,
634,sun3d-home_at-home_at_scan1_2013_jan_1,28,9,sagereg_regen,640,0.009375,4.961025725241909,0.0948326365533658,True,0.2311974990007002,1.8229166666666667,2.0,1.4901246976315352,6.0,3250.0,,,,,,
635,sun3d-home_at-home_at_scan1_2013_jan_1,29,9,sagereg_regen,643,0.0139968895800933,125.40012357049646,4.140975825364197,False,0.2232962690031854,1.8333333333333333,2.0,1.8777280041884263,2.0,2067.0,,,,,,
636,sun3d-home_at-home_at_scan1_2013_jan_1,30,9,sagereg_regen,607,0.0263591433278418,153.3239174328908,3.616217226391981,False,0.2239581280009588,1.9791666666666667,2.0,2.1479873544243047,6.0,1478.0,,,,,,
637,sun3d-home_at-home_at_scan1_2013_jan_1,43,9,sagereg_regen,564,0.0141843971631205,66.13687015556401,2.629175212286943,False,0.2055421419936465,1.8333333333333333,2.0,1.0756261322347784,6.0,2601.0,,,,,,
638,sun3d-home_at-home_at_scan1_2013_jan_1,44,9,sagereg_regen,604,0.0182119205298013,67.15500549559937,0.8334442364275096,False,0.2258761449993471,1.90625,2.0,1.7016365582001476,6.0,2709.0,,,,,,
639,sun3d-home_at-home_at_scan1_2013_jan_1,45,9,sagereg_regen,642,0.0062305295950155,145.20198487265512,4.452967769639983,False,0.2317516690018237,1.8645833333333333,2.0,1.7058429486922886,5.0,2732.0,,,,,,
640,sun3d-home_at-home_at_scan1_2013_jan_1,12,10,sagereg_regen,718,0.0403899721448468,1.010228800909894,0.0306947399988813,True,0.2520424059985089,1.8541666666666667,2.0,1.9368095149378053,6.0,3266.0,,,,,,
641,sun3d-home_at-home_at_scan1_2013_jan_1,13,10,sagereg_regen,608,0.0197368421052631,8.179467929695294,0.0656621976618,True,0.205528309001238,1.8645833333333333,2.0,1.3675906890037142,4.0,1752.0,,,,,,
642,sun3d-home_at-home_at_scan1_2013_jan_1,15,10,sagereg_regen,691,0.0115774240231548,176.03951128106957,1.876334457745202,False,0.2447909510010504,1.6979166666666667,2.0,1.804661734861036,6.0,1723.0,,,,,,
643,sun3d-home_at-home_at_scan1_2013_jan_1,17,10,sagereg_regen,542,0.022140221402214,4.558008863886618,0.1754389033082889,True,0.1901407180121168,1.75,2.0,1.1205464222326442,5.0,2700.0,,,,,,
644,sun3d-home_at-home_at_scan1_2013_jan_1,22,10,sagereg_regen,526,0.0019011406844106,177.6938671025942,2.2085141372458006,False,0.1898616199978278,1.7083333333333333,2.0,2.465941321704676,6.0,3451.0,,,,,,
645,sun3d-home_at-home_at_scan1_2013_jan_1,28,10,sagereg_regen,738,0.016260162601626,9.98083575166291,0.2357957709175469,True,0.2581537139994907,1.8854166666666667,2.0,1.4916700140116497,6.0,1779.0,,,,,,
646,sun3d-home_at-home_at_scan1_2013_jan_1,29,10,sagereg_regen,716,0.0125698324022346,179.84463964441142,3.8122125798085738,False,0.252767899997707,1.8958333333333333,2.0,1.6749517179581763,6.0,2491.0,,,,,,
647,sun3d-home_at-home_at_scan1_2013_jan_1,43,10,sagereg_regen,647,0.0324574961360123,1.3239051308007546,0.0740655889713704,True,0.2308522170060314,1.84375,2.0,1.5531600772054168,5.0,2923.0,,,,,,
648,sun3d-home_at-home_at_scan1_2013_jan_1,44,10,sagereg_regen,670,0.0134328358208955,32.91879958256854,0.4986081871772317,False,0.2362628260016208,1.9270833333333333,2.0,1.9055243914736388,4.0,2463.0,,,,,,
649,sun3d-home_at-home_at_scan1_2013_jan_1,45,10,sagereg_regen,637,0.0172684458398744,65.59225640547156,3.687422827074008,False,0.2353917529981117,1.8645833333333333,2.0,2.101002050480423,5.0,3199.0,,,,,,
650,sun3d-home_at-home_at_scan1_2013_jan_1,13,11,sagereg_regen,738,0.1504065040650406,1.6283969970932446,0.055453790116883,True,0.287490352995519,1.9583333333333333,2.0,2.041618312107629,4.0,4311.0,,,,,,
651,sun3d-home_at-home_at_scan1_2013_jan_1,18,11,sagereg_regen,555,0.0612612612612612,2.91510937917242,0.0679861226812488,True,0.2164454320009099,1.8229166666666667,2.0,2.3381035447294165,6.0,2723.0,,,,,,
652,sun3d-home_at-home_at_scan1_2013_jan_1,20,11,sagereg_regen,420,0.0761904761904762,2.7931067516120085,0.0833480492598092,True,0.1490082939999411,1.9270833333333333,2.0,2.200172451738632,3.0,2104.0,,,,,,
653,sun3d-home_at-home_at_scan1_2013_jan_1,21,11,sagereg_regen,427,0.0889929742388758,2.6239770729729868,0.0468385209588676,True,0.1684534599990002,1.90625,2.0,1.7580592982441383,3.0,3906.0,,,,,,
654,sun3d-home_at-home_at_scan1_2013_jan_1,22,11,sagereg_regen,557,0.0071813285457809,135.6702377456236,1.9108089102560253,False,0.2067500539997127,1.6666666666666667,2.0,1.7495264662546903,5.0,2093.0,,,,,,
655,sun3d-home_at-home_at_scan1_2013_jan_1,23,11,sagereg_regen,682,0.0058651026392961,179.74255297767348,3.316530367869564,False,0.2579678500042064,1.8541666666666667,2.0,1.7613228122628684,6.0,2334.0,,,,,,
656,sun3d-home_at-home_at_scan1_2013_jan_1,44,11,sagereg_regen,694,0.0100864553314121,101.26829388267188,4.593280533383008,False,0.2548038369932328,1.7604166666666667,2.0,1.1120579421332255,4.0,2131.0,,,,,,
657,sun3d-home_at-home_at_scan1_2013_jan_1,45,11,sagereg_regen,702,0.0071225071225071,179.5062401836164,3.627304610720352,False,0.2618673080069129,1.71875,2.0,1.1098391937540664,4.0,2183.0,,,,,,
658,sun3d-home_at-home_at_scan1_2013_jan_1,19,12,sagereg_regen,224,0.0535714285714285,10.381724114147376,0.2039488094625934,True,0.0962681649980368,1.8020833333333333,2.0,1.682404083036704,6.0,1848.0,,,,,,
659,sun3d-home_at-home_at_scan1_2013_jan_1,20,12,sagereg_regen,410,0.1878048780487805,2.172663157617953,0.0839715218863649,True,0.1629471420019399,1.9479166666666667,2.0,1.6987058311046717,6.0,2889.0,,,,,,
660,sun3d-home_at-home_at_scan1_2013_jan_1,22,12,sagereg_regen,475,0.0105263157894736,134.1334953612399,1.6697919530672412,False,0.1661288979958044,1.6979166666666667,2.0,1.227876786025404,4.0,2039.0,,,,,,
661,sun3d-home_at-home_at_scan1_2013_jan_1,19,13,sagereg_regen,248,0.1491935483870967,8.422832903431464,0.156850893973454,True,0.1055777000001398,1.9375,2.0,2.2364269388594757,4.0,1563.0,,,,,,
662,sun3d-home_at-home_at_scan1_2013_jan_1,20,13,sagereg_regen,352,0.2926136363636363,1.3192660773855684,0.0467918697406259,True,0.1413691879934049,1.9479166666666667,2.0,1.3173099249889193,4.0,2198.0,,,,,,
663,sun3d-home_at-home_at_scan1_2013_jan_1,21,13,sagereg_regen,358,0.2290502793296089,1.9975167075580904,0.044892802689071,True,0.136456360000011,1.96875,2.0,2.1324640876225374,1.0,1979.0,,,,,,
664,sun3d-home_at-home_at_scan1_2013_jan_1,22,13,sagereg_regen,434,0.0138248847926267,92.44501395558687,1.4642114470819436,False,0.1699360769998747,1.9166666666666667,2.0,1.95122976600186,6.0,3950.0,,,,,,
665,sun3d-home_at-home_at_scan1_2013_jan_1,19,14,sagereg_regen,320,0.31875,3.534761308853026,0.0666792369263208,True,0.1299020080041373,1.9583333333333333,2.0,2.340607035333474,2.0,2293.0,,,,,,
666,sun3d-home_at-home_at_scan1_2013_jan_1,22,14,sagereg_regen,432,0.0277777777777777,142.19124370172833,2.5115617546783384,False,0.1543848539949976,1.8854166666666667,2.0,2.0663539901981576,6.0,1396.0,,,,,,
667,sun3d-home_at-home_at_scan1_2013_jan_1,19,15,sagereg_regen,288,0.1284722222222222,0.9355159843710916,0.0402448305053707,True,0.1130451830031233,1.8541666666666667,2.0,2.08383819380094,5.0,1738.0,,,,,,
668,sun3d-home_at-home_at_scan1_2013_jan_1,22,15,sagereg_regen,500,0.076,1.159177125588838,0.0354199742916217,True,0.1945453459993587,1.875,2.0,2.064406591610349,3.0,4025.0,,,,,,
669,sun3d-home_at-home_at_scan1_2013_jan_1,23,15,sagereg_regen,610,0.0344262295081967,88.20186746243746,1.3241552795185374,False,0.2482693039928563,1.9479166666666667,2.0,2.2392825274778647,6.0,4416.0,,,,,,
670,sun3d-home_at-home_at_scan1_2013_jan_1,22,16,sagereg_regen,477,0.0566037735849056,1.568140261764881,0.0233695353424747,True,0.1736158969943062,1.8958333333333333,2.0,1.3573806540752082,3.0,2173.0,,,,,,
671,sun3d-home_at-home_at_scan1_2013_jan_1,19,17,sagereg_regen,232,0.0948275862068965,3.773717890897412,0.0415554286267646,True,0.09337909999158,1.875,2.0,2.051344090386957,4.0,1051.0,,,,,,
672,sun3d-home_at-home_at_scan1_2013_jan_1,20,17,sagereg_regen,364,0.2774725274725275,1.747879565452508,0.034859331491318,True,0.143241379999381,1.9479166666666667,2.0,2.0214248180892564,4.0,2139.0,,,,,,
673,sun3d-home_at-home_at_scan1_2013_jan_1,23,17,sagereg_regen,520,0.0365384615384615,86.32721547737296,1.2933531365805562,False,0.2112680139980511,1.9479166666666667,2.0,2.167915225856361,5.0,4418.0,,,,,,
674,sun3d-home_at-home_at_scan1_2013_jan_1,22,18,sagereg_regen,396,0.0303030303030303,88.55108020146926,1.43332398731277,False,0.1489385739914723,1.8541666666666667,2.0,1.9657316898779855,3.0,3172.0,,,,,,
675,sun3d-home_at-home_at_scan1_2013_jan_1,21,19,sagereg_regen,189,0.0264550264550264,131.58803946854792,1.8504817179307151,False,0.085385889004101,1.9479166666666667,2.0,1.536850468084398,2.0,1159.0,,,,,,
676,sun3d-home_at-home_at_scan1_2013_jan_1,22,20,sagereg_regen,332,0.0271084337349397,159.23402174608188,2.3508677782595564,False,0.1290262710026581,1.9270833333333333,2.0,1.7187092505168866,6.0,2423.0,,,,,,
677,sun3d-home_at-home_at_scan1_2013_jan_1,23,21,sagereg_regen,341,0.0674486803519061,3.893997251154142,0.143609493098983,True,0.1253651749939308,1.9166666666666667,2.0,2.5106084651839757,3.0,1609.0,,,,,,
678,sun3d-home_at-home_at_scan1_2013_jan_1,31,22,sagereg_regen,462,0.0865800865800865,0.675589189312021,0.0551625833391994,True,0.164951694998308,1.6770833333333333,2.0,1.798831548326462,5.0,2430.0,,,,,,
679,sun3d-home_at-home_at_scan1_2013_jan_1,32,22,sagereg_regen,445,0.2157303370786517,1.1006188725299075,0.055382049575395,True,0.1602537249927991,1.8229166666666667,2.0,2.0510845024267503,3.0,2605.0,,,,,,
680,sun3d-home_at-home_at_scan1_2013_jan_1,42,22,sagereg_regen,452,0.0022123893805309,34.44233860406214,2.217057461891308,False,0.1665813200015691,1.75,2.0,1.163669151669378,6.0,3149.0,,,,,,
681,sun3d-home_at-home_at_scan1_2013_jan_1,43,22,sagereg_regen,445,0.0,145.1353268433436,3.4990746605174854,False,0.1591938360070344,1.7291666666666667,2.0,1.1508859620667955,6.0,1595.0,,,,,,
682,sun3d-home_at-home_at_scan1_2013_jan_1,24,23,sagereg_regen,573,0.2879581151832461,4.319933849332195,0.2090832442298174,True,0.2298942999987048,1.9583333333333333,2.0,2.273216484572299,3.0,2713.0,,,,,,
683,sun3d-home_at-home_at_scan1_2013_jan_1,30,23,sagereg_regen,385,0.1454545454545454,3.214277275420142,0.1195827318169801,True,0.1424784379996708,1.8645833333333333,2.0,2.2666778418785603,4.0,1236.0,,,,,,
684,sun3d-home_at-home_at_scan1_2013_jan_1,43,23,sagereg_regen,493,0.024340770791075,48.23587172827153,1.815599923891738,False,0.1834541980060748,1.8333333333333333,2.0,2.272696637867893,6.0,1905.0,,,,,,
685,sun3d-home_at-home_at_scan1_2013_jan_1,44,23,sagereg_regen,451,0.0110864745011086,118.28982005548352,4.362707285933052,False,0.1702444380061933,1.78125,2.0,1.1338284320433545,5.0,3161.0,,,,,,
686,sun3d-home_at-home_at_scan1_2013_jan_1,45,23,sagereg_regen,449,0.0267260579064587,15.485812848049203,0.5817214217159858,False,0.1633309880053275,1.8333333333333333,2.0,1.593242323623572,3.0,3309.0,,,,,,
687,sun3d-home_at-home_at_scan1_2013_jan_1,46,23,sagereg_regen,453,0.0242825607064017,10.249794414392118,0.4025619138373251,False,0.16395942800591,1.8125,2.0,2.1804812413089936,3.0,2543.0,,,,,,
688,sun3d-home_at-home_at_scan1_2013_jan_1,47,23,sagereg_regen,539,0.0259740259740259,3.372594293595889,0.1122793725916967,True,0.1954956099943956,1.6770833333333333,2.0,1.4978034274398675,4.0,2522.0,,,,,,
689,sun3d-home_at-home_at_scan1_2013_jan_1,27,24,sagereg_regen,353,0.0113314447592068,150.7493527683684,1.873976109548942,False,0.1383563060007873,1.8333333333333333,2.0,1.7105137210855754,5.0,2778.0,,,,,,
690,sun3d-home_at-home_at_scan1_2013_jan_1,32,24,sagereg_regen,642,0.1542056074766355,3.98097698378671,0.1213018866852514,True,0.2341476810033782,1.90625,2.0,2.0565478527964074,6.0,2362.0,,,,,,
691,sun3d-home_at-home_at_scan1_2013_jan_1,42,24,sagereg_regen,585,0.041025641025641,1.3677839636374882,0.0662017507782063,True,0.2188681129991891,1.8958333333333333,2.0,2.334807806543591,5.0,2918.0,,,,,,
692,sun3d-home_at-home_at_scan1_2013_jan_1,43,24,sagereg_regen,553,0.0126582278481012,178.75539141916587,4.939876186292361,False,0.2009783689936739,1.875,2.0,1.9837052197394047,5.0,1527.0,,,,,,
693,sun3d-home_at-home_at_scan1_2013_jan_1,44,24,sagereg_regen,523,0.0038240917782026,127.80474422785085,4.191253405256549,False,0.1999121400003787,1.875,2.0,1.405861313139186,5.0,2976.0,,,,,,
694,sun3d-home_at-home_at_scan1_2013_jan_1,45,24,sagereg_regen,574,0.0139372822299651,155.55105119436288,3.9911713759863514,False,0.2120886980046634,1.9166666666666667,2.0,1.466530317129326,3.0,2336.0,,,,,,
695,sun3d-home_at-home_at_scan1_2013_jan_1,46,24,sagereg_regen,565,0.0176991150442477,89.84271549318036,3.6180886330789,False,0.2124099750071764,1.8645833333333333,2.0,2.247956620764085,6.0,3109.0,,,,,,
696,sun3d-home_at-home_at_scan1_2013_jan_1,47,24,sagereg_regen,675,0.0133333333333333,90.19658391346448,3.678559951359599,False,0.2598784520014305,1.8958333333333333,2.0,2.071880329652183,6.0,4544.0,,,,,,
697,sun3d-home_at-home_at_scan1_2013_jan_1,31,25,sagereg_regen,612,0.0,178.4442758802874,3.309816982528285,False,0.2202201019972562,1.8229166666666667,2.0,1.2536007793647927,4.0,1576.0,,,,,,
698,sun3d-home_at-home_at_scan1_2013_jan_1,30,26,sagereg_regen,497,0.028169014084507,155.42295212811536,4.192243428410232,False,0.1748564410008839,1.9375,2.0,1.160732273053181,2.0,798.0,,,,,,
699,sun3d-home_at-home_at_scan1_2013_jan_1,29,27,sagereg_regen,399,0.012531328320802,161.49465954834633,2.2567748704892043,False,0.1525935409954399,1.8854166666666667,2.0,1.456859438442709,4.0,3399.0,,,,,,
700,sun3d-home_at-home_at_scan1_2013_jan_1,30,28,sagereg_regen,504,0.0158730158730158,19.51372214127472,0.3584063941777958,False,0.188464633996773,1.9166666666666667,2.0,1.9183807244683349,6.0,1897.0,,,,,,
701,sun3d-home_at-home_at_scan1_2013_jan_1,32,29,sagereg_regen,659,0.1471927162367223,1.6677139966675645,0.0584445893224511,True,0.2333956470029079,1.8125,2.0,1.8865445060830528,3.0,2440.0,,,,,,
702,sun3d-home_at-home_at_scan1_2013_jan_1,42,29,sagereg_regen,697,0.0129124820659971,114.8010392215799,3.437151347678504,False,0.2567685180038097,1.96875,2.0,2.0609034107382413,6.0,4068.0,,,,,,
703,sun3d-home_at-home_at_scan1_2013_jan_1,43,29,sagereg_regen,522,0.0076628352490421,82.55022642479048,3.227564185788629,False,0.1990807929905713,1.65625,2.0,1.2343257160966714,4.0,3107.0,,,,,,
704,sun3d-home_at-home_at_scan1_2013_jan_1,44,29,sagereg_regen,545,0.0073394495412844,173.32208200582826,4.581763003952893,False,0.2098555099946679,1.7708333333333333,2.0,2.090224335050616,6.0,3610.0,,,,,,
705,sun3d-home_at-home_at_scan1_2013_jan_1,45,29,sagereg_regen,531,0.0150659133709981,158.84088530771447,4.579289560891016,False,0.2010334160004276,1.78125,2.0,2.143691108610066,6.0,3434.0,,,,,,
706,sun3d-home_at-home_at_scan1_2013_jan_1,46,29,sagereg_regen,546,0.0183150183150183,127.01352079915316,4.54367470828307,False,0.2081329000066034,1.71875,2.0,2.2123638102797183,5.0,3277.0,,,,,,
707,sun3d-home_at-home_at_scan1_2013_jan_1,47,29,sagereg_regen,669,0.0119581464872944,88.15730661486543,3.596745953564893,False,0.2463386640010867,1.84375,2.0,1.3436109464607864,4.0,4530.0,,,,,,
708,sun3d-home_at-home_at_scan1_2013_jan_1,33,30,sagereg_regen,561,0.035650623885918,3.440239080132036,0.0722037770276824,True,0.2046664649969898,1.9479166666666667,2.0,1.2981910979475937,5.0,1807.0,,,,,,
709,sun3d-home_at-home_at_scan1_2013_jan_1,34,30,sagereg_regen,651,0.0138248847926267,158.2710429981131,3.272773498486208,False,0.2411091579997446,1.8125,2.0,1.7315063962388946,5.0,2469.0,,,,,,
710,sun3d-home_at-home_at_scan1_2013_jan_1,36,30,sagereg_regen,622,0.0112540192926045,178.90456946566565,3.5486930980587963,False,0.2193787309952313,1.7395833333333333,2.0,1.708918761234954,6.0,1170.0,,,,,,
711,sun3d-home_at-home_at_scan1_2013_jan_1,41,30,sagereg_regen,462,0.0043290043290043,179.80493708102472,3.462526119383497,False,0.1528295690004597,1.9166666666666667,2.0,1.583284077148252,6.0,1436.0,,,,,,
712,sun3d-home_at-home_at_scan1_2013_jan_1,42,30,sagereg_regen,521,0.0153550863723608,3.840833886276601,0.1401664381246799,True,0.1891109989956021,1.78125,1.0,1.6202802518249435,6.0,3037.0,,,,,,
713,sun3d-home_at-home_at_scan1_2013_jan_1,46,30,sagereg_regen,531,0.0094161958568738,47.68765849141442,1.7818663420369876,False,0.1973344560028636,1.84375,2.0,1.2431637964203563,6.0,2050.0,,,,,,
714,sun3d-home_at-home_at_scan1_2013_jan_1,48,30,sagereg_regen,636,0.0094339622641509,127.1502739386787,3.707942332137482,False,0.2310628139966866,1.8958333333333333,2.0,1.70326412084561,4.0,3280.0,,,,,,
715,sun3d-home_at-home_at_scan1_2013_jan_1,35,31,sagereg_regen,1119,0.0098302055406613,176.51414212674808,4.339127858051519,False,0.3844717780011706,1.6041666666666667,2.0,1.4346718583261624,4.0,1563.0,,,,,,
716,sun3d-home_at-home_at_scan1_2013_jan_1,37,31,sagereg_regen,867,0.0173010380622837,1.7828643984482242,0.0516186484825284,True,0.3006469219981227,1.71875,2.0,1.3643221202681235,5.0,3985.0,,,,,,
717,sun3d-home_at-home_at_scan1_2013_jan_1,38,31,sagereg_regen,965,0.0124352331606217,165.17062938892886,1.7235471048790618,False,0.3374474140000529,1.8125,2.0,1.7864697964821743,6.0,4055.0,,,,,,
718,sun3d-home_at-home_at_scan1_2013_jan_1,41,31,sagereg_regen,780,0.0012820512820512,178.4806385326626,3.591458665109278,False,0.2551091970017296,1.9166666666666667,2.0,1.6345165061152591,6.0,2413.0,,,,,,
719,sun3d-home_at-home_at_scan1_2013_jan_1,42,31,sagereg_regen,820,0.0170731707317073,1.0262833342822095,0.1050736709879248,True,0.2776592190057272,1.8854166666666667,2.0,1.3594256099666933,3.0,4923.0,,,,,,
720,sun3d-home_at-home_at_scan1_2013_jan_1,46,31,sagereg_regen,701,0.0099857346647646,147.4207612957252,3.2411233253410465,False,0.2358160459989449,1.8020833333333333,2.0,1.12608237082675,4.0,3187.0,,,,,,
721,sun3d-home_at-home_at_scan1_2013_jan_1,49,31,sagereg_regen,982,0.015274949083503,2.8191983215753598,0.1143197181151718,True,0.3225891389956814,1.8020833333333333,2.0,2.102588415723277,2.0,3442.0,,,,,,
722,sun3d-home_at-home_at_scan1_2013_jan_1,34,32,sagereg_regen,809,0.0370828182941903,1.635908600472446,0.0289506640308757,True,0.2589272659970447,1.6458333333333333,2.0,2.358753411744388,4.0,1862.0,,,,,,
723,sun3d-home_at-home_at_scan1_2013_jan_1,36,32,sagereg_regen,785,0.0203821656050955,2.4177349904884973,0.0716965843414993,True,0.2655539189945557,1.7395833333333333,2.0,1.6885697152576298,5.0,1798.0,,,,,,
724,sun3d-home_at-home_at_scan1_2013_jan_1,37,32,sagereg_regen,734,0.0245231607629427,2.749873628321357,0.0555997961016554,True,0.238873569003772,1.6770833333333333,2.0,1.8108840195147,4.0,1349.0,,,,,,
725,sun3d-home_at-home_at_scan1_2013_jan_1,38,32,sagereg_regen,718,0.0194986072423398,6.558627771440008,0.1843987600643855,True,0.2336024969990831,1.6666666666666667,2.0,1.4045704027252646,6.0,1462.0,,,,,,
726,sun3d-home_at-home_at_scan1_2013_jan_1,39,32,sagereg_regen,633,0.0284360189573459,0.2811059355779137,0.0140201488780286,True,0.2247427310066996,1.6458333333333333,2.0,2.538620105726976,6.0,1660.0,,,,,,
727,sun3d-home_at-home_at_scan1_2013_jan_1,40,32,sagereg_regen,569,0.0105448154657293,133.14983028673691,3.7181550833625368,False,0.2011818190003396,1.5416666666666667,2.0,1.3385746819208924,6.0,1745.0,,,,,,
728,sun3d-home_at-home_at_scan1_2013_jan_1,41,32,sagereg_regen,491,0.0224032586558044,17.403498298089374,0.521274130866074,False,0.1690353760059224,1.7604166666666667,2.0,1.1666350983220637,4.0,2875.0,,,,,,
729,sun3d-home_at-home_at_scan1_2013_jan_1,43,32,sagereg_regen,519,0.0,60.515454201077965,3.2608708617748148,False,0.167406316002598,1.7291666666666667,2.0,2.41547773827012,6.0,1108.0,,,,,,
730,sun3d-home_at-home_at_scan1_2013_jan_1,44,32,sagereg_regen,522,0.0076628352490421,148.46877651407917,3.888762705317149,False,0.1632379109942121,1.6354166666666667,2.0,2.5326830407477563,6.0,551.0,,,,,,
731,sun3d-home_at-home_at_scan1_2013_jan_1,45,32,sagereg_regen,518,0.0057915057915057,162.69228151745122,3.3513815268030536,False,0.1621277849990292,1.65625,2.0,2.070458964183094,5.0,780.0,,,,,,
732,sun3d-home_at-home_at_scan1_2013_jan_1,46,32,sagereg_regen,510,0.0078431372549019,67.001033368619,2.8409679643738075,False,0.1667484299905481,1.5833333333333333,2.0,2.0144433553174044,2.0,2994.0,,,,,,
733,sun3d-home_at-home_at_scan1_2013_jan_1,47,32,sagereg_regen,598,0.0100334448160535,78.07268095963944,2.9158616708540497,False,0.2028081280004698,1.7916666666666667,2.0,1.118415704363728,5.0,1032.0,,,,,,
734,sun3d-home_at-home_at_scan1_2013_jan_1,48,32,sagereg_regen,665,0.0045112781954887,94.24570396787932,3.953548389782037,False,0.220820481001283,1.6458333333333333,2.0,1.3810636887215202,4.0,2821.0,,,,,,
735,sun3d-home_at-home_at_scan1_2013_jan_1,35,33,sagereg_regen,1004,0.046812749003984,5.145340659433845,0.1561220321057725,True,0.3455948630071361,1.8958333333333333,2.0,1.860572819156153,3.0,2377.0,,,,,,
736,sun3d-home_at-home_at_scan1_2013_jan_1,46,33,sagereg_regen,673,0.0163447251114413,179.69004785666544,4.161016301458635,False,0.230933154001832,1.8958333333333333,2.0,1.5279053301308263,6.0,1811.0,,,,,,
737,sun3d-home_at-home_at_scan1_2013_jan_1,49,33,sagereg_regen,946,0.0042283298097251,8.515410423767715,0.666601978447916,False,0.3325074969907291,1.8854166666666667,2.0,1.973801492290803,6.0,3771.0,,,,,,
738,sun3d-home_at-home_at_scan1_2013_jan_1,38,34,sagereg_regen,1190,0.0773109243697479,3.920948865805906,0.0456651142686902,True,0.4494474590028403,1.84375,2.0,1.6652785823707386,3.0,6621.0,,,,,,
739,sun3d-home_at-home_at_scan1_2013_jan_1,41,34,sagereg_regen,739,0.0392422192151556,0.8838935733348368,0.0732528207990506,True,0.2527564789997996,1.8125,2.0,2.2588135506875213,5.0,2744.0,,,,,,
740,sun3d-home_at-home_at_scan1_2013_jan_1,47,34,sagereg_regen,829,0.0036188178528347,39.89394478893052,1.5331240620490607,False,0.2952876959971036,1.84375,2.0,2.432045573924969,5.0,3454.0,,,,,,
741,sun3d-home_at-home_at_scan1_2013_jan_1,51,34,sagereg_regen,1083,0.0092336103416435,23.161401425262213,1.8451953999479345,False,0.3933103919989662,1.7395833333333333,2.0,2.4148989067773914,6.0,5271.0,,,,,,
742,sun3d-home_at-home_at_scan1_2013_jan_1,55,34,sagereg_regen,1082,0.0083179297597042,98.62168149027984,1.6473089604728628,False,0.4012954760037246,1.7604166666666667,2.0,1.6184710664912736,6.0,4853.0,,,,,,
743,sun3d-home_at-home_at_scan1_2013_jan_1,36,35,sagereg_regen,1540,0.0538961038961038,1.2133380086559071,0.0255796284824566,True,0.5571687709962134,1.7604166666666667,2.0,2.1258002164589547,5.0,6439.0,,,,,,
744,sun3d-home_at-home_at_scan1_2013_jan_1,37,35,sagereg_regen,1321,0.040121120363361,1.1059940477403911,0.0236956759935059,True,0.4557031520016608,1.7395833333333333,2.0,2.456901349134452,4.0,4955.0,,,,,,
745,sun3d-home_at-home_at_scan1_2013_jan_1,48,35,sagereg_regen,1264,0.0094936708860759,157.98247560498783,3.65407886690236,False,0.4592089899961138,1.71875,2.0,1.3165393006919637,6.0,6157.0,,,,,,
746,sun3d-home_at-home_at_scan1_2013_jan_1,51,35,sagereg_regen,1241,0.0169218372280419,6.540895717732114,0.0666399915070966,True,0.4679690310003934,1.84375,2.0,1.3977001032076355,6.0,7478.0,,,,,,
747,sun3d-home_at-home_at_scan1_2013_jan_1,52,35,sagereg_regen,852,0.0058685446009389,13.038923538772856,1.5622047876860472,False,0.3080717150005512,1.8645833333333333,2.0,1.3346408809467691,6.0,4148.0,,,,,,
748,sun3d-home_at-home_at_scan1_2013_jan_1,53,35,sagereg_regen,982,0.0336048879837067,1.2748474783846584,0.0229247491363868,True,0.3736891879962059,1.8125,2.0,2.6493357326532108,5.0,6540.0,,,,,,
749,sun3d-home_at-home_at_scan1_2013_jan_1,56,35,sagereg_regen,752,0.0199468085106383,12.836873110275713,0.3228042199905101,False,0.2875101609970443,1.75,2.0,2.405126921491088,6.0,5097.0,,,,,,
750,sun3d-home_at-home_at_scan1_2013_jan_1,57,35,sagereg_regen,925,0.014054054054054,156.4798557341361,3.554422759981481,False,0.3384765149967279,1.7291666666666667,2.0,1.4097705143440884,6.0,2939.0,,,,,,
751,sun3d-home_at-home_at_scan1_2013_jan_1,58,35,sagereg_regen,934,0.025695931477516,7.494502083394917,0.1848512932716213,True,0.351298344998213,1.8020833333333333,2.0,2.036617577102534,5.0,4603.0,,,,,,
752,sun3d-home_at-home_at_scan1_2013_jan_1,38,36,sagereg_regen,1268,0.1474763406940063,2.275164551737281,0.0555496642509375,True,0.4772865849954542,1.8333333333333333,2.0,1.922320574645112,3.0,5488.0,,,,,,
753,sun3d-home_at-home_at_scan1_2013_jan_1,41,36,sagereg_regen,711,0.050632911392405,0.3576192555489499,0.0280250233601361,True,0.2364238540030783,1.8541666666666667,2.0,1.8504472880112453,2.0,2759.0,,,,,,
754,sun3d-home_at-home_at_scan1_2013_jan_1,47,36,sagereg_regen,874,0.0011441647597254,44.12493754455243,3.6145794191817338,False,0.2927055310065043,1.7604166666666667,2.0,1.4264741548433693,4.0,2201.0,,,,,,
755,sun3d-home_at-home_at_scan1_2013_jan_1,50,36,sagereg_regen,1256,0.0310509554140127,2.477494122351587,0.1068937455458633,True,0.44806752599834,1.7395833333333333,2.0,1.6439711153703878,4.0,4917.0,,,,,,
756,sun3d-home_at-home_at_scan1_2013_jan_1,51,36,sagereg_regen,1065,0.0187793427230046,15.496760985387098,0.4308834927795759,False,0.3724850189973949,1.8333333333333333,2.0,2.003811497922197,6.0,3385.0,,,,,,
757,sun3d-home_at-home_at_scan1_2013_jan_1,55,36,sagereg_regen,1071,0.0438842203548085,1.7071603227884704,0.0074011125025616,True,0.3920652170054381,1.8229166666666667,2.0,1.5087687268691183,6.0,5007.0,,,,,,
758,sun3d-home_at-home_at_scan1_2013_jan_1,39,37,sagereg_regen,839,0.0262216924910607,1.149937866885962,0.1468468113216298,True,0.3076686729982612,1.8020833333333333,2.0,2.16247780020628,6.0,3619.0,,,,,,
759,sun3d-home_at-home_at_scan1_2013_jan_1,41,37,sagereg_regen,548,0.0364963503649635,1.2747458315405655,0.0222082657496636,True,0.1841042790038045,1.7083333333333333,2.0,1.4887352120041244,5.0,2358.0,,,,,,
760,sun3d-home_at-home_at_scan1_2013_jan_1,47,37,sagereg_regen,764,0.0013089005235602,94.404906460806,1.776635302866989,False,0.2793580829966231,1.6979166666666667,2.0,1.0438236859420549,6.0,3523.0,,,,,,
761,sun3d-home_at-home_at_scan1_2013_jan_1,48,37,sagereg_regen,900,0.01,126.45660788111338,3.294205016890696,False,0.3133665719942655,1.625,2.0,1.3552352446540927,5.0,2390.0,,,,,,
762,sun3d-home_at-home_at_scan1_2013_jan_1,50,37,sagereg_regen,1090,0.0174311926605504,61.97808390849286,0.7402000294678512,False,0.3710598769976059,1.6979166666666667,2.0,1.9344036667416051,4.0,3430.0,,,,,,
763,sun3d-home_at-home_at_scan1_2013_jan_1,51,37,sagereg_regen,1025,0.0117073170731707,111.97724929605944,3.436713071881176,False,0.3600731780024944,1.7604166666666667,2.0,1.8112809580263467,2.0,2884.0,,,,,,
764,sun3d-home_at-home_at_scan1_2013_jan_1,55,37,sagereg_regen,907,0.0198456449834619,3.0140450380147725,0.023439995312949,True,0.328549240999564,1.6770833333333333,2.0,1.4201350192763122,4.0,3602.0,,,,,,
765,sun3d-home_at-home_at_scan1_2013_jan_1,40,38,sagereg_regen,817,0.00734394124847,97.58431255994998,5.063801513047971,False,0.2848494659992866,1.7916666666666667,2.0,1.1776369613736295,6.0,2112.0,,,,,,
766,sun3d-home_at-home_at_scan1_2013_jan_1,41,38,sagereg_regen,720,0.0402777777777777,0.8790412865385046,0.0300915636642005,True,0.2503568449974409,1.8541666666666667,2.0,2.201217450854114,6.0,2582.0,,,,,,
767,sun3d-home_at-home_at_scan1_2013_jan_1,48,38,sagereg_regen,840,0.0071428571428571,40.97157346044128,1.4569248973919169,False,0.3040130510053132,1.6875,2.0,1.5531046639065396,3.0,3960.0,,,,,,
768,sun3d-home_at-home_at_scan1_2013_jan_1,41,39,sagereg_regen,775,0.0451612903225806,2.5797999400791074,0.0652620416877897,True,0.2820326170040061,1.96875,2.0,2.655150975692119,6.0,3779.0,,,,,,
769,sun3d-home_at-home_at_scan1_2013_jan_1,42,39,sagereg_regen,786,0.010178117048346,40.31651823145141,1.6665635201573812,False,0.2771834380037035,1.8333333333333333,2.0,1.8460611853397328,5.0,3888.0,,,,,,
770,sun3d-home_at-home_at_scan1_2013_jan_1,46,39,sagereg_regen,708,0.0042372881355932,177.94708370347283,2.5995905770305665,False,0.2463452329975552,1.8333333333333333,2.0,1.9459011497656555,6.0,2620.0,,,,,,
771,sun3d-home_at-home_at_scan1_2013_jan_1,47,39,sagereg_regen,893,0.0078387458006718,20.02617774740076,1.8013219159804454,False,0.291271037007391,1.8958333333333333,2.0,1.5153403300062984,6.0,4401.0,,,,,,
772,sun3d-home_at-home_at_scan1_2013_jan_1,42,40,sagereg_regen,784,0.0548469387755102,2.2418111589406977,0.075907262256867,True,0.2786621100094635,1.8854166666666667,2.0,1.7805330703004278,6.0,4048.0,,,,,,
773,sun3d-home_at-home_at_scan1_2013_jan_1,43,40,sagereg_regen,633,0.0236966824644549,84.75398923502163,3.73690709837901,False,0.2202777379934559,1.7083333333333333,2.0,1.260427997449638,6.0,1770.0,,,,,,
774,sun3d-home_at-home_at_scan1_2013_jan_1,44,40,sagereg_regen,703,0.0028449502133712,38.51584130168345,1.3580275391233918,False,0.2470879289976437,1.8645833333333333,2.0,1.4313428041655345,5.0,3038.0,,,,,,
775,sun3d-home_at-home_at_scan1_2013_jan_1,45,40,sagereg_regen,751,0.0066577896138482,179.7847804879945,4.652835502191022,False,0.2585841809996054,1.8958333333333333,2.0,1.1604313052754875,4.0,2730.0,,,,,,
776,sun3d-home_at-home_at_scan1_2013_jan_1,46,40,sagereg_regen,775,0.032258064516129,1.8126425943402924,0.0605085904130671,True,0.2703385380009422,1.9375,2.0,1.870152544491172,6.0,3230.0,,,,,,
777,sun3d-home_at-home_at_scan1_2013_jan_1,47,40,sagereg_regen,814,0.0307125307125307,4.373817171162081,0.1948046034137043,True,0.270324791992607,1.9166666666666667,2.0,1.8146658820439856,6.0,2970.0,,,,,,
778,sun3d-home_at-home_at_scan1_2013_jan_1,48,40,sagereg_regen,908,0.0044052863436123,94.19607398369952,3.952529381928156,False,0.307072331001109,1.78125,2.0,1.267694119428565,5.0,2890.0,,,,,,
779,sun3d-home_at-home_at_scan1_2013_jan_1,43,41,sagereg_regen,493,0.0202839756592292,6.734289896115836,0.2896481262580967,True,0.168987320997985,1.71875,2.0,1.4301768608084662,6.0,2541.0,,,,,,
780,sun3d-home_at-home_at_scan1_2013_jan_1,44,41,sagereg_regen,564,0.0088652482269503,40.7429707495914,1.1608137584357483,False,0.2023906349932076,1.84375,2.0,2.011708032763897,4.0,2409.0,,,,,,
781,sun3d-home_at-home_at_scan1_2013_jan_1,45,41,sagereg_regen,512,0.015625,3.3402731271003807,0.1921376424262262,True,0.1815521709941094,1.7604166666666667,2.0,1.7522288038167166,6.0,3368.0,,,,,,
782,sun3d-home_at-home_at_scan1_2013_jan_1,48,43,sagereg_regen,638,0.0047021943573667,134.57709613720954,4.8545593513815,False,0.2333413160013151,1.7395833333333333,2.0,1.2060022766222085,6.0,1007.0,,,,,,
783,sun3d-home_at-home_at_scan1_2013_jan_1,48,44,sagereg_regen,672,0.0029761904761904,86.78223950635831,5.236768753775033,False,0.2392606670036912,1.84375,2.0,1.6906889827432892,5.0,1552.0,,,,,,
784,sun3d-home_at-home_at_scan1_2013_jan_1,48,46,sagereg_regen,770,0.0246753246753246,4.00792743177001,0.1670423248826567,True,0.2582617239968385,1.8854166666666667,2.0,1.964231261917352,6.0,2425.0,,,,,,
785,sun3d-home_at-home_at_scan1_2013_jan_1,49,47,sagereg_regen,894,0.0167785234899328,1.3756506481207538,0.0482434028688929,True,0.3026547219997155,1.84375,2.0,2.156153101704923,3.0,2540.0,,,,,,
786,sun3d-home_at-home_at_scan1_2013_jan_1,50,48,sagereg_regen,1121,0.0499553969669937,4.103365424111862,0.1199414990511139,True,0.3882764320005663,1.875,2.0,2.564128192605541,3.0,4853.0,,,,,,
787,sun3d-home_at-home_at_scan1_2013_jan_1,51,48,sagereg_regen,920,0.0043478260869565,47.91447574895935,0.7615186201533116,False,0.3211206179985311,1.7395833333333333,2.0,1.4080606412111012,2.0,4008.0,,,,,,
788,sun3d-home_at-home_at_scan1_2013_jan_1,52,49,sagereg_regen,814,0.0171990171990172,33.57887752737948,0.4958448313611447,False,0.3074688080014311,1.875,2.0,2.36601740370962,6.0,3944.0,,,,,,
789,sun3d-home_at-home_at_scan1_2013_jan_1,53,49,sagereg_regen,924,0.0119047619047619,178.56628184890369,3.487409539617703,False,0.3294206079954165,1.7916666666666667,2.0,1.3913130311959154,4.0,3240.0,,,,,,
790,sun3d-home_at-home_at_scan1_2013_jan_1,54,49,sagereg_regen,1163,0.0051590713671539,117.44521700564354,0.5818592379318309,False,0.4080174970004009,1.7395833333333333,2.0,1.469283946260811,3.0,3138.0,,,,,,
791,sun3d-home_at-home_at_scan1_2013_jan_1,55,49,sagereg_regen,1151,0.0173761946133796,13.608690029429397,0.359738278607726,False,0.4277990850023343,1.84375,2.0,2.408692478838051,4.0,8420.0,,,,,,
792,sun3d-home_at-home_at_scan1_2013_jan_1,56,49,sagereg_regen,748,0.0066844919786096,177.39283521561842,1.56174272547837,False,0.2832126919965958,1.7395833333333333,2.0,1.8748219126320151,6.0,3990.0,,,,,,
793,sun3d-home_at-home_at_scan1_2013_jan_1,52,50,sagereg_regen,876,0.0194063926940639,32.31194040763528,0.2933847620325075,False,0.3238327320068492,1.9166666666666667,2.0,1.55909742751797,5.0,3608.0,,,,,,
794,sun3d-home_at-home_at_scan1_2013_jan_1,53,50,sagereg_regen,924,0.0151515151515151,35.04889599262288,0.3306649468534017,False,0.3276514640019741,1.8645833333333333,2.0,2.455793855615496,4.0,3795.0,,,,,,
795,sun3d-home_at-home_at_scan1_2013_jan_1,54,50,sagereg_regen,1089,0.0082644628099173,37.90426418032846,1.0766158201339184,False,0.409156936002546,1.7916666666666667,2.0,2.410417530895612,6.0,5935.0,,,,,,
796,sun3d-home_at-home_at_scan1_2013_jan_1,55,50,sagereg_regen,1239,0.0169491525423728,12.53140610145357,0.1027044598919696,True,0.4572945690015331,1.8854166666666667,2.0,1.9308437534605407,6.0,6370.0,,,,,,
797,sun3d-home_at-home_at_scan1_2013_jan_1,56,50,sagereg_regen,762,0.0078740157480314,111.60027520889408,1.484793839814923,False,0.289130153003498,1.78125,2.0,2.0543568135120114,6.0,3908.0,,,,,,
798,sun3d-home_at-home_at_scan1_2013_jan_1,57,50,sagereg_regen,826,0.0024213075060532,177.79836453101063,3.381319737869989,False,0.3034562210013973,1.7916666666666667,2.0,1.974877471274905,6.0,3571.0,,,,,,
799,sun3d-home_at-home_at_scan1_2013_jan_1,58,50,sagereg_regen,856,0.0105140186915887,147.79981687677457,2.389290090043656,False,0.3114117259974591,1.84375,2.0,1.9746689748612865,6.0,2689.0,,,,,,
800,sun3d-home_at-home_at_scan1_2013_jan_1,52,51,sagereg_regen,742,0.0269541778975741,3.426793249849391,0.0652824520579327,True,0.2869513999976334,1.8333333333333333,2.0,1.6527734441735782,6.0,4825.0,,,,,,
801,sun3d-home_at-home_at_scan1_2013_jan_1,53,51,sagereg_regen,769,0.0130039011703511,38.40853160387419,0.8263005368458846,False,0.2833156140040955,1.8229166666666667,2.0,2.3032032364131134,2.0,4057.0,,,,,,
802,sun3d-home_at-home_at_scan1_2013_jan_1,54,51,sagereg_regen,957,0.0052246603970741,42.12681265916234,1.051127919035573,False,0.3671882420021575,1.7604166666666667,2.0,2.0122838716517784,5.0,4620.0,,,,,,
803,sun3d-home_at-home_at_scan1_2013_jan_1,57,51,sagereg_regen,722,0.0055401662049861,117.8834025412935,1.999096340801144,False,0.2720397139928536,1.78125,2.0,2.0145325733352784,6.0,2572.0,,,,,,
804,sun3d-home_at-home_at_scan1_2013_jan_1,58,51,sagereg_regen,718,0.0027855153203342,55.60104718124332,1.884582973525368,False,0.2610395200026687,1.875,2.0,1.91330318288942,6.0,1900.0,,,,,,
805,sun3d-home_at-home_at_scan1_2013_jan_1,57,52,sagereg_regen,541,0.0073937153419593,87.75014253555109,5.05686947323394,False,0.2025594140068278,1.71875,2.0,1.7487286866424676,5.0,2025.0,,,,,,
806,sun3d-home_at-home_at_scan1_2013_jan_1,58,52,sagereg_regen,488,0.0061475409836065,162.11735684598685,1.0871920414159053,False,0.1702183019951917,1.8541666666666667,2.0,1.17480018906509,4.0,1574.0,,,,,,
807,sun3d-home_at-home_at_scan1_2013_jan_1,57,53,sagereg_regen,590,0.0322033898305084,48.79959483064662,0.7620745359426706,False,0.2304488169975229,1.7604166666666667,2.0,2.4027025921575618,6.0,2863.0,,,,,,
808,sun3d-home_at-home_at_scan1_2013_jan_1,56,54,sagereg_regen,748,0.0561497326203208,0.75855899743608,0.0288675352237906,True,0.2956005320011172,1.8020833333333333,2.0,2.4772972833437588,6.0,3338.0,,,,,,
809,sun3d-home_at-home_at_scan1_2013_jan_1,57,54,sagereg_regen,770,0.0493506493506493,6.056740244589951,0.1159347733906343,True,0.29826134799805,1.71875,2.0,1.8977575186402424,5.0,3189.0,,,,,,
810,sun3d-home_at-home_at_scan1_2013_jan_1,58,54,sagereg_regen,782,0.0127877237851662,13.824430554427872,0.2347544675150204,True,0.3023341250009252,1.7395833333333333,2.0,2.4607368360939343,6.0,3282.0,,,,,,
811,sun3d-home_at-home_at_scan1_2013_jan_1,56,55,sagereg_regen,751,0.047936085219707,0.6231529608453312,0.0410839829533934,True,0.3001672430036706,1.8645833333333333,2.0,2.537907070754533,6.0,4435.0,,,,,,
812,sun3d-home_at-home_at_scan1_2013_jan_1,58,55,sagereg_regen,764,0.0157068062827225,71.94108808365472,2.031013839707104,False,0.2922695960078272,1.8020833333333333,2.0,1.9562855010579452,5.0,2893.0,,,,,,
813,sun3d-home_at-home_at_scan1_2013_jan_1,59,57,sagereg_regen,396,0.0277777777777777,3.603536933177612,0.1035838280225755,True,0.1344738299958408,1.7083333333333333,2.0,1.9031748459140427,6.0,2123.0,,,,,,
814,sun3d-home_md-home_md_scan9_2012_sep_30,1,0,sagereg_regen,1008,0.0396825396825396,2.4807978786261526,0.1247798495593605,True,0.3516418429935584,1.8125,2.0,1.892168903213667,1.0,5365.0,,,,,,
815,sun3d-home_md-home_md_scan9_2012_sep_30,51,0,sagereg_regen,898,0.0033407572383073,65.30142786427612,1.681573299144665,False,0.3293629030013107,1.6458333333333333,2.0,1.3440361162253671,6.0,5444.0,,,,,,
816,sun3d-home_md-home_md_scan9_2012_sep_30,52,0,sagereg_regen,712,0.0112359550561797,29.545978193776254,1.551054535439307,False,0.258308880009281,1.7604166666666667,2.0,1.9170486669172813,6.0,2824.0,,,,,,
817,sun3d-home_md-home_md_scan9_2012_sep_30,53,0,sagereg_regen,336,0.0535714285714285,6.347944276278866,0.1330960557340458,True,0.1215526790037984,1.7604166666666667,2.0,1.348727528852282,4.0,2664.0,,,,,,
818,sun3d-home_md-home_md_scan9_2012_sep_30,54,0,sagereg_regen,625,0.0224,5.778219087973366,0.1057698708654463,True,0.2329027399973711,1.7708333333333333,2.0,1.6606422397161684,6.0,3276.0,,,,,,
819,sun3d-home_md-home_md_scan9_2012_sep_30,55,0,sagereg_regen,723,0.0179806362378976,5.6244869896827545,0.1064238900000687,True,0.2615781249987776,1.8125,2.0,2.684433697549092,6.0,3266.0,,,,,,
820,sun3d-home_md-home_md_scan9_2012_sep_30,56,0,sagereg_regen,703,0.0128022759601706,5.533796900896477,0.1181130884379868,True,0.2522427010044339,1.7395833333333333,2.0,2.364125782425761,5.0,2926.0,,,,,,
821,sun3d-home_md-home_md_scan9_2012_sep_30,57,0,sagereg_regen,980,0.0163265306122449,6.297450710674744,0.1980353263720812,True,0.3444744200096465,1.8229166666666667,2.0,2.11773689802463,6.0,3886.0,,,,,,
822,sun3d-home_md-home_md_scan9_2012_sep_30,58,0,sagereg_regen,944,0.0275423728813559,6.517840389805389,0.2220668357603049,True,0.3355338260007556,1.7604166666666667,2.0,2.488376320729031,6.0,4770.0,,,,,,
823,sun3d-home_md-home_md_scan9_2012_sep_30,59,0,sagereg_regen,982,0.0173116089613034,7.114245172819694,0.2192994883741162,True,0.337550010990526,1.84375,2.0,1.8847233849456608,4.0,3290.0,,,,,,
824,sun3d-home_md-home_md_scan9_2012_sep_30,3,1,sagereg_regen,1066,0.0196998123827392,4.016854179907868,0.0168440504901567,True,0.3786627820009016,1.8020833333333333,2.0,1.4454604568520313,5.0,3948.0,,,,,,
825,sun3d-home_md-home_md_scan9_2012_sep_30,4,1,sagereg_regen,1089,0.0192837465564738,3.9446658288606433,0.0471882124312097,True,0.3754615659927367,1.8020833333333333,2.0,1.4937718096016073,2.0,3319.0,,,,,,
826,sun3d-home_md-home_md_scan9_2012_sep_30,5,1,sagereg_regen,1071,0.0121381886087768,5.479430954358839,0.0539024297141768,True,0.3659306429908611,1.7916666666666667,2.0,1.2508897497820812,4.0,4147.0,,,,,,
827,sun3d-home_md-home_md_scan9_2012_sep_30,6,1,sagereg_regen,836,0.0035885167464114,6.877429917417258,0.3793729907046834,False,0.2969012439934886,1.6770833333333333,2.0,2.026876794648321,4.0,3530.0,,,,,,
828,sun3d-home_md-home_md_scan9_2012_sep_30,7,1,sagereg_regen,886,0.0203160270880361,1.3554792767182569,0.1505270628933283,True,0.3263169490019209,1.8125,2.0,1.88254512377364,5.0,5371.0,,,,,,
829,sun3d-home_md-home_md_scan9_2012_sep_30,8,1,sagereg_regen,459,0.0348583877995642,1.4547774884430138,0.0602089339393948,True,0.1696630530059337,1.8125,2.0,1.2764233273633836,4.0,3605.0,,,,,,
830,sun3d-home_md-home_md_scan9_2012_sep_30,37,1,sagereg_regen,305,0.0,91.69019049590544,1.12258323020511,False,0.1245896740001626,1.8020833333333333,2.0,1.2830200333086943,5.0,2577.0,,,,,,
831,sun3d-home_md-home_md_scan9_2012_sep_30,38,1,sagereg_regen,860,0.0,172.83539389090362,3.012953009470316,False,0.3083050229979562,1.6875,2.0,1.5238304103033893,3.0,4288.0,,,,,,
832,sun3d-home_md-home_md_scan9_2012_sep_30,46,1,sagereg_regen,974,0.0041067761806981,90.88667043520572,3.0565909578736528,False,0.3504712549984106,1.5625,2.0,1.3765026566122098,6.0,4974.0,,,,,,
833,sun3d-home_md-home_md_scan9_2012_sep_30,3,2,sagereg_regen,1143,0.1837270341207349,1.7198727380282808,0.0738248797076566,True,0.4560351289983373,1.9479166666666667,2.0,2.2474202613808645,4.0,8087.0,,,,,,
834,sun3d-home_md-home_md_scan9_2012_sep_30,4,2,sagereg_regen,1131,0.1282051282051282,1.6118877106412248,0.0971633437496063,True,0.445314597003744,1.9166666666666667,2.0,2.2300258731690925,5.0,7150.0,,,,,,
835,sun3d-home_md-home_md_scan9_2012_sep_30,6,2,sagereg_regen,1088,0.0579044117647058,3.563790268838004,0.1922270645808128,True,0.4077768069982994,1.7916666666666667,2.0,1.5714521082143451,5.0,6354.0,,,,,,
836,sun3d-home_md-home_md_scan9_2012_sep_30,9,2,sagereg_regen,505,0.0,131.31847393511967,2.118183942292271,False,0.189411083003506,1.75,2.0,2.022052972315329,6.0,2677.0,,,,,,
837,sun3d-home_md-home_md_scan9_2012_sep_30,36,2,sagereg_regen,311,0.0032154340836012,9.162434102337318,2.094194403656444,False,0.129842489004659,1.8125,2.0,1.251683214044498,6.0,3658.0,,,,,,
838,sun3d-home_md-home_md_scan9_2012_sep_30,37,2,sagereg_regen,260,0.0076923076923076,147.4749342128269,1.5313507819054442,False,0.1066311309987213,1.7708333333333333,2.0,1.372156593067733,6.0,1100.0,,,,,,
839,sun3d-home_md-home_md_scan9_2012_sep_30,38,2,sagereg_regen,810,0.0160493827160493,82.21590781405942,2.958403061534965,False,0.3075671789993066,1.6458333333333333,2.0,1.0485782204037424,6.0,4926.0,,,,,,
840,sun3d-home_md-home_md_scan9_2012_sep_30,39,2,sagereg_regen,1156,0.0155709342560553,2.67740213730772,0.1286195163656912,True,0.4190224799967836,1.7291666666666667,2.0,2.252131055866661,6.0,6482.0,,,,,,
841,sun3d-home_md-home_md_scan9_2012_sep_30,40,2,sagereg_regen,828,0.0181159420289855,1.971319940604357,0.0790856274988854,True,0.3119434390027891,1.6770833333333333,2.0,1.917881989561549,6.0,5932.0,,,,,,
842,sun3d-home_md-home_md_scan9_2012_sep_30,41,2,sagereg_regen,848,0.017688679245283,86.58026473188085,2.0015633880596773,False,0.3216998999996576,1.6770833333333333,2.0,2.019594479083996,6.0,4174.0,,,,,,
843,sun3d-home_md-home_md_scan9_2012_sep_30,45,2,sagereg_regen,1388,0.0014409221902017,117.8204815186325,1.5355537260385386,False,0.4872160919985617,1.75,2.0,1.4031922809455808,6.0,4987.0,,,,,,
844,sun3d-home_md-home_md_scan9_2012_sep_30,46,2,sagereg_regen,1049,0.0200190657769304,3.355229462227965,0.1753508802217988,True,0.393553290006821,1.8125,2.0,2.0165895349181344,6.0,7202.0,,,,,,
845,sun3d-home_md-home_md_scan9_2012_sep_30,47,2,sagereg_regen,785,0.021656050955414,2.656639140059073,0.0840499836626849,True,0.2978586530007305,1.75,2.0,2.181327245529335,6.0,4048.0,,,,,,
846,sun3d-home_md-home_md_scan9_2012_sep_30,49,2,sagereg_regen,643,0.0108864696734059,171.1224873794334,3.4388748567755827,False,0.2356328460009535,1.6458333333333333,2.0,1.5865775412430243,6.0,2762.0,,,,,,
847,sun3d-home_md-home_md_scan9_2012_sep_30,8,3,sagereg_regen,446,0.1300448430493273,3.623229195637289,0.1086364146393344,True,0.174424071003159,1.8229166666666667,2.0,1.9628299459204035,5.0,2548.0,,,,,,
848,sun3d-home_md-home_md_scan9_2012_sep_30,45,3,sagereg_regen,1144,0.0279720279720279,2.8023930648345927,0.1500162883223167,True,0.4260010729994974,1.6666666666666667,2.0,2.180390668322543,5.0,6380.0,,,,,,
849,sun3d-home_md-home_md_scan9_2012_sep_30,48,3,sagereg_regen,661,0.0257186081694402,1.4441440421741027,0.0283723930449111,True,0.2354499629946076,1.7395833333333333,2.0,2.3521986152715337,4.0,2799.0,,,,,,
850,sun3d-home_md-home_md_scan9_2012_sep_30,49,3,sagereg_regen,684,0.023391812865497,1.106150842646903,0.0102929183822485,True,0.2562815039927955,1.78125,2.0,2.0866322994869484,6.0,3909.0,,,,,,
851,sun3d-home_md-home_md_scan9_2012_sep_30,8,4,sagereg_regen,465,0.0903225806451612,1.93805238300286,0.0853435038419299,True,0.1639492269969196,1.8645833333333333,2.0,1.725336658414039,1.0,2060.0,,,,,,
852,sun3d-home_md-home_md_scan9_2012_sep_30,30,4,sagereg_regen,603,0.0514096185737976,4.344183368425189,0.2055452043738419,True,0.2005073060063296,1.75,2.0,1.9856432468231149,5.0,2757.0,,,,,,
853,sun3d-home_md-home_md_scan9_2012_sep_30,41,4,sagereg_regen,1030,0.0631067961165048,1.599694658674199,0.0590840137586801,True,0.3769017539962078,1.8541666666666667,2.0,1.909843070448117,4.0,6462.0,,,,,,
854,sun3d-home_md-home_md_scan9_2012_sep_30,45,4,sagereg_regen,1155,0.0164502164502164,42.364777699041866,1.2398276640125787,False,0.413481209994643,1.7916666666666667,2.0,1.6820317686772537,6.0,5596.0,,,,,,
855,sun3d-home_md-home_md_scan9_2012_sep_30,47,4,sagereg_regen,960,0.0645833333333333,92.32385967618433,2.190231174624038,False,0.3508852490049321,1.8958333333333333,2.0,2.295702673007847,4.0,4612.0,,,,,,
856,sun3d-home_md-home_md_scan9_2012_sep_30,48,4,sagereg_regen,732,0.0382513661202185,1.1554503446458648,0.0237254987885537,True,0.2552123830027994,1.8541666666666667,2.0,2.3332946772207968,3.0,3286.0,,,,,,
857,sun3d-home_md-home_md_scan9_2012_sep_30,49,4,sagereg_regen,716,0.0181564245810055,87.1405632191803,1.5035501056520335,False,0.2461563610049779,1.8645833333333333,2.0,2.0929630909174177,0.0,894.0,,,,,,
858,sun3d-home_md-home_md_scan9_2012_sep_30,8,5,sagereg_regen,465,0.1741935483870967,4.421038013301659,0.1364414416416302,True,0.1866994099982548,1.9166666666666667,2.0,2.0662195715243774,5.0,2831.0,,,,,,
859,sun3d-home_md-home_md_scan9_2012_sep_30,37,5,sagereg_regen,308,0.0616883116883116,5.640898296884827,0.2202610103594881,True,0.1215768469992326,1.8020833333333333,2.0,2.123491398994028,6.0,1924.0,,,,,,
860,sun3d-home_md-home_md_scan9_2012_sep_30,41,5,sagereg_regen,974,0.0390143737166324,1.069119324897431,0.0473975048438099,True,0.3667866249961662,1.7916666666666667,2.0,2.083249499399604,6.0,5263.0,,,,,,
861,sun3d-home_md-home_md_scan9_2012_sep_30,45,5,sagereg_regen,1205,0.0165975103734439,1.7612907278280394,0.1204024332763127,True,0.4400364189932588,1.6354166666666667,2.0,1.8220534788341087,5.0,6592.0,,,,,,
862,sun3d-home_md-home_md_scan9_2012_sep_30,47,5,sagereg_regen,931,0.0547798066595059,0.8750698457195926,0.0308830890873998,True,0.3360233230050653,1.9375,2.0,2.0840684670348915,2.0,5242.0,,,,,,
863,sun3d-home_md-home_md_scan9_2012_sep_30,48,5,sagereg_regen,720,0.0277777777777777,1.661816411552216,0.0305761242070258,True,0.2480904000040027,1.75,2.0,2.3871995068013057,3.0,2515.0,,,,,,
864,sun3d-home_md-home_md_scan9_2012_sep_30,49,5,sagereg_regen,710,0.0323943661971831,1.0852863506216806,0.0198135503543657,True,0.2581980920003843,1.8229166666666667,2.0,2.109247509517009,5.0,3408.0,,,,,,
865,sun3d-home_md-home_md_scan9_2012_sep_30,8,6,sagereg_regen,511,0.0821917808219178,6.970570292080028,0.1924144804145332,True,0.1962414009976782,1.875,2.0,1.993408647081652,6.0,2103.0,,,,,,
866,sun3d-home_md-home_md_scan9_2012_sep_30,40,6,sagereg_regen,805,0.039751552795031,6.433304021574107,0.1769188972368739,True,0.310345737998432,1.84375,2.0,1.956615431346982,6.0,5026.0,,,,,,
867,sun3d-home_md-home_md_scan9_2012_sep_30,41,6,sagereg_regen,824,0.0315533980582524,2.416398072928287,0.1062275759947709,True,0.2974762820012984,1.7916666666666667,2.0,1.498287214559959,5.0,2918.0,,,,,,
868,sun3d-home_md-home_md_scan9_2012_sep_30,45,6,sagereg_regen,1200,0.0166666666666666,88.3607240478458,2.5957559835822197,False,0.4446384999973816,1.78125,2.0,2.102669909179412,6.0,6714.0,,,,,,
869,sun3d-home_md-home_md_scan9_2012_sep_30,47,6,sagereg_regen,835,0.0383233532934131,2.2007816870266583,0.0981292607968475,True,0.3054260560093098,1.8333333333333333,2.0,1.8116029588087803,5.0,2820.0,,,,,,
870,sun3d-home_md-home_md_scan9_2012_sep_30,8,7,sagereg_regen,623,0.1845906902086677,3.4765389504249744,0.1467594471034632,True,0.2647830950008938,1.9791666666666667,2.0,2.125402116577065,5.0,3796.0,,,,,,
871,sun3d-home_md-home_md_scan9_2012_sep_30,37,7,sagereg_regen,384,0.0859375,4.4759070139289205,0.1597229685742547,True,0.1494364890022552,1.9270833333333333,2.0,2.181588519259104,6.0,2830.0,,,,,,
872,sun3d-home_md-home_md_scan9_2012_sep_30,40,7,sagereg_regen,809,0.0407911001236094,3.1193354803141804,0.122729990900666,True,0.3093044420093065,1.7291666666666667,2.0,2.2168710073153406,6.0,5802.0,,,,,,
873,sun3d-home_md-home_md_scan9_2012_sep_30,41,7,sagereg_regen,829,0.0410132689987937,1.9880740944950683,0.0652183688719508,True,0.304437530998257,1.84375,2.0,1.9245230830402007,4.0,3491.0,,,,,,
874,sun3d-home_md-home_md_scan9_2012_sep_30,45,7,sagereg_regen,1013,0.014807502467917,127.9685423482078,4.184216012259836,False,0.3732074629951967,1.7083333333333333,2.0,1.4922041351268716,4.0,3706.0,,,,,,
875,sun3d-home_md-home_md_scan9_2012_sep_30,47,7,sagereg_regen,842,0.0391923990498812,1.9405933465030043,0.0628483396889898,True,0.312933642999269,1.8229166666666667,2.0,2.1811735373455683,4.0,3518.0,,,,,,
876,sun3d-home_md-home_md_scan9_2012_sep_30,49,7,sagereg_regen,690,0.0188405797101449,148.5776919761892,3.386595295451242,False,0.2568704200020875,1.8229166666666667,2.0,1.1674203822873508,6.0,3118.0,,,,,,
877,sun3d-home_md-home_md_scan9_2012_sep_30,10,8,sagereg_regen,337,0.0029673590504451,168.8955636910686,2.886264680611633,False,0.121420906005369,1.7395833333333333,2.0,1.9012789826176903,5.0,1065.0,,,,,,
878,sun3d-home_md-home_md_scan9_2012_sep_30,32,8,sagereg_regen,305,0.0065573770491803,77.51919792108862,1.4131463721172532,False,0.1090156360005494,1.6979166666666667,2.0,1.1223055564256827,2.0,2405.0,,,,,,
879,sun3d-home_md-home_md_scan9_2012_sep_30,33,8,sagereg_regen,323,0.0061919504643962,104.62843993204989,4.264537124442437,False,0.1159678629992413,1.75,2.0,1.1875116788265605,5.0,1684.0,,,,,,
880,sun3d-home_md-home_md_scan9_2012_sep_30,39,8,sagereg_regen,386,0.0207253886010362,134.83228122302785,2.754593151466479,False,0.1506059239982278,1.6666666666666667,2.0,1.2305413272622592,6.0,3088.0,,,,,,
881,sun3d-home_md-home_md_scan9_2012_sep_30,40,8,sagereg_regen,382,0.0209424083769633,99.32903251375195,2.322678887796512,False,0.1406330820027506,1.8229166666666667,2.0,2.1076456892167266,6.0,1534.0,,,,,,
882,sun3d-home_md-home_md_scan9_2012_sep_30,46,8,sagereg_regen,377,0.0079575596816976,68.20049733118678,1.1027992820811718,False,0.135601289999613,1.59375,2.0,1.0847028766735334,5.0,2560.0,,,,,,
883,sun3d-home_md-home_md_scan9_2012_sep_30,12,9,sagereg_regen,329,0.0151975683890577,5.220151865608184,0.1494138370499051,True,0.128519072997733,1.8125,2.0,1.4277362087451952,6.0,2147.0,,,,,,
884,sun3d-home_md-home_md_scan9_2012_sep_30,32,9,sagereg_regen,410,0.0268292682926829,144.7587905395004,2.926818278375293,False,0.1424356019997503,1.75,2.0,1.760582298908697,6.0,1740.0,,,,,,
885,sun3d-home_md-home_md_scan9_2012_sep_30,33,9,sagereg_regen,332,0.0120481927710843,91.05874056148944,3.0064454022000198,False,0.1204335679940413,1.7291666666666667,1.0,1.094264801368691,6.0,2027.0,,,,,,
886,sun3d-home_md-home_md_scan9_2012_sep_30,32,10,sagereg_regen,521,0.0115163147792706,96.14722802323014,3.11906948719099,False,0.18973458900291,1.8229166666666667,2.0,1.6170716000946836,6.0,3868.0,,,,,,
887,sun3d-home_md-home_md_scan9_2012_sep_30,33,10,sagereg_regen,404,0.0024752475247524,132.83778425609228,3.8659418346395062,False,0.146487578000233,1.78125,2.0,1.8421979863979931,6.0,1895.0,,,,,,
888,sun3d-home_md-home_md_scan9_2012_sep_30,35,10,sagereg_regen,418,0.0430622009569378,2.687857032322441,0.0364416843835584,True,0.1583267470050486,1.8020833333333333,2.0,2.1267980962633226,5.0,3142.0,,,,,,
889,sun3d-home_md-home_md_scan9_2012_sep_30,36,10,sagereg_regen,313,0.0926517571884984,1.5463132998712574,0.0209287180581177,True,0.1266632729893899,1.875,2.0,1.6099080413446656,4.0,2685.0,,,,,,
890,sun3d-home_md-home_md_scan9_2012_sep_30,32,11,sagereg_regen,417,0.0023980815347721,129.03627622492846,4.1742212667998935,False,0.1430089860004955,1.6145833333333333,2.0,1.6038589123914777,6.0,1547.0,,,,,,
891,sun3d-home_md-home_md_scan9_2012_sep_30,33,11,sagereg_regen,406,0.0,173.39601857860083,1.5423382256640017,False,0.1424345789928338,1.75,2.0,2.323877688950479,5.0,1573.0,,,,,,
892,sun3d-home_md-home_md_scan9_2012_sep_30,35,11,sagereg_regen,384,0.0208333333333333,93.21025417053252,2.305414195759042,False,0.1425096170059987,1.90625,2.0,1.3822970733652151,6.0,2390.0,,,,,,
893,sun3d-home_md-home_md_scan9_2012_sep_30,36,11,sagereg_regen,299,0.0668896321070234,1.486441534209155,0.0456388140387193,True,0.1137888700031908,1.9166666666666667,2.0,1.3455700380943922,4.0,1557.0,,,,,,
894,sun3d-home_md-home_md_scan9_2012_sep_30,13,12,sagereg_regen,413,0.0411622276029055,2.7567592465261344,0.0715750862778491,True,0.139465423002548,1.8333333333333333,2.0,1.6827097340858217,3.0,1862.0,,,,,,
895,sun3d-home_md-home_md_scan9_2012_sep_30,14,12,sagereg_regen,436,0.0022935779816513,84.4574981186559,1.9910948968446185,False,0.1701997249983833,1.78125,2.0,2.026697510707272,6.0,3363.0,,,,,,
896,sun3d-home_md-home_md_scan9_2012_sep_30,32,12,sagereg_regen,340,0.0,95.1900621315398,0.7895683309921572,False,0.1131450069951824,1.5208333333333333,2.0,1.4342494158175605,5.0,1150.0,,,,,,
897,sun3d-home_md-home_md_scan9_2012_sep_30,33,12,sagereg_regen,386,0.0,96.87601781969452,2.689257553204707,False,0.1287978929976816,1.8229166666666667,2.0,1.3538888280902637,3.0,1394.0,,,,,,
898,sun3d-home_md-home_md_scan9_2012_sep_30,35,12,sagereg_regen,314,0.0,103.08157217963998,1.5694729621783248,False,0.1171424010026385,1.71875,2.0,1.5513826065431418,6.0,1401.0,,,,,,
899,sun3d-home_md-home_md_scan9_2012_sep_30,17,13,sagereg_regen,266,0.1466165413533834,2.8866072466538983,0.0793913585572971,True,0.1141717259961296,1.90625,2.0,1.9025797750488556,6.0,2265.0,,,,,,
900,sun3d-home_md-home_md_scan9_2012_sep_30,18,13,sagereg_regen,262,0.0954198473282442,2.6347991446375043,0.0594157141137398,True,0.1130431209967355,1.8645833333333333,2.0,2.8183935142011154,6.0,2330.0,,,,,,
901,sun3d-home_md-home_md_scan9_2012_sep_30,19,13,sagereg_regen,262,0.099236641221374,3.2641626049440915,0.0513816842091298,True,0.1065901629990548,1.875,2.0,2.523608502187555,4.0,2066.0,,,,,,
902,sun3d-home_md-home_md_scan9_2012_sep_30,23,13,sagereg_regen,229,0.0305676855895196,178.00567228661848,2.006456692260557,False,0.0875554950034711,1.8854166666666667,2.0,1.3870075574737517,1.0,829.0,,,,,,
903,sun3d-home_md-home_md_scan9_2012_sep_30,54,13,sagereg_regen,446,0.0246636771300448,41.373798212093845,1.662623266572644,False,0.1584910840028897,1.8541666666666667,2.0,1.4594117208803807,5.0,2127.0,,,,,,
904,sun3d-home_md-home_md_scan9_2012_sep_30,55,13,sagereg_regen,428,0.0303738317757009,162.7050079666096,3.705236049988085,False,0.1553535479979473,1.8854166666666667,2.0,1.9393961632705623,6.0,1570.0,,,,,,
905,sun3d-home_md-home_md_scan9_2012_sep_30,56,13,sagereg_regen,503,0.0298210735586481,8.733601901714023,0.3398178146669086,False,0.1836992780008586,1.84375,2.0,1.586148758518272,6.0,2479.0,,,,,,
906,sun3d-home_md-home_md_scan9_2012_sep_30,57,13,sagereg_regen,591,0.0219966159052453,9.27685628693496,0.4328717291637028,False,0.2192962430053739,1.8333333333333333,2.0,1.7352305070198484,6.0,2640.0,,,,,,
907,sun3d-home_md-home_md_scan9_2012_sep_30,58,13,sagereg_regen,580,0.0103448275862068,47.47250051686164,2.4479282380055047,False,0.1989231049956288,1.78125,2.0,1.902724316802431,2.0,2540.0,,,,,,
908,sun3d-home_md-home_md_scan9_2012_sep_30,17,14,sagereg_regen,295,0.0305084745762711,131.84586724523467,2.593024940986541,False,0.1156034379964694,1.7604166666666667,2.0,1.4729743072668602,6.0,2164.0,,,,,,
909,sun3d-home_md-home_md_scan9_2012_sep_30,18,14,sagereg_regen,304,0.0986842105263157,1.1328951350801906,0.0205262305126373,True,0.1228523509998922,1.875,2.0,2.234322320355625,6.0,2285.0,,,,,,
910,sun3d-home_md-home_md_scan9_2012_sep_30,19,14,sagereg_regen,305,0.0491803278688524,0.8588054323904938,0.0369043408618913,True,0.1164570920009282,1.90625,2.0,1.6494377095637218,4.0,2044.0,,,,,,
911,sun3d-home_md-home_md_scan9_2012_sep_30,23,14,sagereg_regen,275,0.0181818181818181,154.08447389145945,2.15333210038357,False,0.103370687997085,1.8229166666666667,2.0,1.349320767175225,6.0,625.0,,,,,,
912,sun3d-home_md-home_md_scan9_2012_sep_30,24,14,sagereg_regen,335,0.1164179104477611,3.3459606514711786,0.0648162531899434,True,0.1340785970023716,1.90625,2.0,2.6975952462929627,4.0,2778.0,,,,,,
913,sun3d-home_md-home_md_scan9_2012_sep_30,25,14,sagereg_regen,272,0.088235294117647,4.765045638753994,0.0567141686592289,True,0.1113371820028987,1.875,2.0,2.195590999794528,6.0,1925.0,,,,,,
914,sun3d-home_md-home_md_scan9_2012_sep_30,54,14,sagereg_regen,510,0.0098039215686274,128.5498973142911,3.871289265444928,False,0.1800511199980974,1.78125,1.0,1.1741528923626838,6.0,1625.0,,,,,,
915,sun3d-home_md-home_md_scan9_2012_sep_30,55,14,sagereg_regen,557,0.0197486535008976,4.094459023087007,0.0502606074227319,True,0.2165937289973953,1.8645833333333333,2.0,2.177984594401177,6.0,3521.0,,,,,,
916,sun3d-home_md-home_md_scan9_2012_sep_30,56,14,sagereg_regen,643,0.015552099533437,3.9807549065802954,1.4631155185751563,False,0.2394912620002287,1.8541666666666667,2.0,1.7123737838629882,6.0,2021.0,,,,,,
917,sun3d-home_md-home_md_scan9_2012_sep_30,57,14,sagereg_regen,802,0.0062344139650872,141.95104145154036,4.834591679367789,False,0.29277052400721,1.8020833333333333,2.0,1.8552617867723904,6.0,3698.0,,,,,,
918,sun3d-home_md-home_md_scan9_2012_sep_30,58,14,sagereg_regen,750,0.0,130.7189811739227,4.1218426717839005,False,0.2742686199999298,1.7708333333333333,2.0,1.975474212833915,6.0,2844.0,,,,,,
919,sun3d-home_md-home_md_scan9_2012_sep_30,17,15,sagereg_regen,287,0.0383275261324041,12.418913737562429,0.2391840114273677,True,0.1134635689959395,1.8958333333333333,2.0,2.3269233344928746,4.0,2046.0,,,,,,
920,sun3d-home_md-home_md_scan9_2012_sep_30,18,15,sagereg_regen,296,0.1756756756756756,1.4760669812607443,0.0071948407774888,True,0.1207992990021011,1.9270833333333333,2.0,2.2350590142446354,4.0,2185.0,,,,,,
921,sun3d-home_md-home_md_scan9_2012_sep_30,19,15,sagereg_regen,276,0.0543478260869565,0.6605139281645305,0.0256930355653961,True,0.112533945000905,1.8229166666666667,2.0,1.4025958983142568,5.0,1963.0,,,,,,
922,sun3d-home_md-home_md_scan9_2012_sep_30,23,15,sagereg_regen,262,0.0267175572519083,94.37996125678072,0.333721751401247,False,0.1069528149964753,1.9479166666666667,2.0,2.3843436896957333,6.0,1953.0,,,,,,
923,sun3d-home_md-home_md_scan9_2012_sep_30,24,15,sagereg_regen,347,0.1210374639769452,2.117931805578053,0.040206757766196,True,0.1413350899965735,1.9479166666666667,2.0,2.329688517263737,5.0,2826.0,,,,,,
924,sun3d-home_md-home_md_scan9_2012_sep_30,25,15,sagereg_regen,228,0.1228070175438596,4.703483058257052,0.0415122560365883,True,0.1004546280018985,1.8645833333333333,2.0,2.420825022108399,3.0,1875.0,,,,,,
925,sun3d-home_md-home_md_scan9_2012_sep_30,54,15,sagereg_regen,490,0.0061224489795918,117.47375003365192,2.6592249711416054,False,0.1749104259943124,1.8020833333333333,2.0,1.1474600299576945,6.0,1770.0,,,,,,
926,sun3d-home_md-home_md_scan9_2012_sep_30,55,15,sagereg_regen,514,0.0038910505836575,82.00904339178047,1.792680871837352,False,0.192983203996846,1.8645833333333333,2.0,1.3965386052038715,6.0,2482.0,,,,,,
927,sun3d-home_md-home_md_scan9_2012_sep_30,56,15,sagereg_regen,564,0.0177304964539007,104.0394777289026,4.143569180695728,False,0.2132982460025232,1.8541666666666667,2.0,1.1730371951753316,6.0,2158.0,,,,,,
928,sun3d-home_md-home_md_scan9_2012_sep_30,57,15,sagereg_regen,676,0.0044378698224852,105.38975862353364,2.4175487763664765,False,0.2508707979941391,1.8125,2.0,2.1728963525521654,6.0,3582.0,,,,,,
929,sun3d-home_md-home_md_scan9_2012_sep_30,58,15,sagereg_regen,676,0.0029585798816568,113.41942177903071,3.933560427679051,False,0.2445559349944233,1.7291666666666667,2.0,1.6824467422352667,6.0,2808.0,,,,,,
930,sun3d-home_md-home_md_scan9_2012_sep_30,17,16,sagereg_regen,297,0.2255892255892256,2.079182178171004,0.0157308202875308,True,0.1232249760068953,1.9583333333333333,2.0,1.9441692739269845,5.0,2308.0,,,,,,
931,sun3d-home_md-home_md_scan9_2012_sep_30,19,16,sagereg_regen,300,0.1366666666666666,1.4140768826659775,0.0267542780053198,True,0.1169859360015834,1.8958333333333333,2.0,1.7644549222834152,4.0,2022.0,,,,,,
932,sun3d-home_md-home_md_scan9_2012_sep_30,20,16,sagereg_regen,183,0.0765027322404371,2.97015639772004,0.0269613277325382,True,0.0842384560019127,1.8541666666666667,2.0,1.5425140058587987,6.0,1272.0,,,,,,
933,sun3d-home_md-home_md_scan9_2012_sep_30,21,16,sagereg_regen,157,0.0445859872611464,114.9723321070345,0.4891192003171255,False,0.078656019999471,1.8125,2.0,2.02791280359272,5.0,1037.0,,,,,,
934,sun3d-home_md-home_md_scan9_2012_sep_30,22,16,sagereg_regen,186,0.086021505376344,6.204811284396634,0.0425041968345688,True,0.0847722160033299,1.8125,2.0,1.7664648844965742,6.0,1509.0,,,,,,
935,sun3d-home_md-home_md_scan9_2012_sep_30,23,16,sagereg_regen,250,0.028,174.36937491955135,2.0241811927953326,False,0.0997130730029312,1.9583333333333333,2.0,1.6827296213606953,6.0,1157.0,,,,,,
936,sun3d-home_md-home_md_scan9_2012_sep_30,25,16,sagereg_regen,214,0.0700934579439252,6.079033083865551,0.0713954519072975,True,0.0924418430004152,1.90625,2.0,1.76897769862908,4.0,1424.0,,,,,,
937,sun3d-home_md-home_md_scan9_2012_sep_30,54,16,sagereg_regen,464,0.0086206896551724,79.28696713784181,2.340472626951732,False,0.1639032640014193,1.8541666666666667,2.0,1.698890148175254,6.0,2094.0,,,,,,
938,sun3d-home_md-home_md_scan9_2012_sep_30,58,16,sagereg_regen,617,0.0113452188006482,120.85946635827352,4.519927828079283,False,0.2159707689934293,1.8333333333333333,2.0,1.980191027204682,1.0,2592.0,,,,,,
939,sun3d-home_md-home_md_scan9_2012_sep_30,23,17,sagereg_regen,130,0.0769230769230769,72.56933438232329,0.2949207149959502,False,0.074789348997001,1.96875,2.0,1.6020198548001732,6.0,981.0,,,,,,
940,sun3d-home_md-home_md_scan9_2012_sep_30,34,17,sagereg_regen,166,0.0,155.37784733299122,1.7282438716762871,False,0.0745717369936755,1.7708333333333333,2.0,1.7798374654466875,6.0,1075.0,,,,,,
941,sun3d-home_md-home_md_scan9_2012_sep_30,24,18,sagereg_regen,188,0.0425531914893617,161.907262614624,0.771942957291796,False,0.0921194330076105,1.9895833333333333,2.0,2.064163254191338,5.0,1352.0,,,,,,
942,sun3d-home_md-home_md_scan9_2012_sep_30,59,18,sagereg_regen,313,0.0095846645367412,150.46143493457902,5.098811487131777,False,0.1149142569920513,1.75,2.0,2.16024088362641,6.0,2127.0,,,,,,
943,sun3d-home_md-home_md_scan9_2012_sep_30,21,19,sagereg_regen,128,0.1484375,9.382471707070236,0.0378735397662757,True,0.0711320039990823,1.9886363636363635,2.0,2.0449540533450183,4.0,756.0,,,,,,
944,sun3d-home_md-home_md_scan9_2012_sep_30,24,19,sagereg_regen,168,0.0892857142857142,3.69068887028874,0.0305116381079563,True,0.084750925998378,1.9583333333333333,2.0,1.886925891502956,4.0,668.0,,,,,,
945,sun3d-home_md-home_md_scan9_2012_sep_30,59,19,sagereg_regen,344,0.0116279069767441,157.8396548614863,1.0979492452140038,False,0.1214802700051222,1.8541666666666667,2.0,1.4191926839104565,6.0,1984.0,,,,,,
946,sun3d-home_md-home_md_scan9_2012_sep_30,23,20,sagereg_regen,94,0.0106382978723404,132.36933084998876,0.4854221946049381,False,0.0525366090005263,1.907692307692308,2.0,1.593802625361156,5.0,1133.0,,,,,,
947,sun3d-home_md-home_md_scan9_2012_sep_30,23,21,sagereg_regen,88,0.0113636363636363,123.41321195920372,0.993562356411942,False,0.051722382006119,1.9393939393939397,2.0,2.31289471792132,6.0,900.0,,,,,,
948,sun3d-home_md-home_md_scan9_2012_sep_30,34,21,sagereg_regen,89,0.0337078651685393,112.89962192118143,0.8188413680801963,False,0.0443675670030643,1.4545454545454546,2.0,1.1025997226270363,6.0,946.0,,,,,,
949,sun3d-home_md-home_md_scan9_2012_sep_30,59,22,sagereg_regen,242,0.0082644628099173,74.65004263527256,2.671923895418,False,0.0917601160035701,1.6041666666666667,2.0,1.372531777029612,6.0,1031.0,,,,,,
950,sun3d-home_md-home_md_scan9_2012_sep_30,25,23,sagereg_regen,132,0.0,115.09197921304938,0.7613957014861016,False,0.0784258739950019,1.9583333333333333,2.0,2.5092258704095403,5.0,1204.0,,,,,,
951,sun3d-home_md-home_md_scan9_2012_sep_30,59,23,sagereg_regen,263,0.0076045627376425,123.42776677212576,3.633271405746352,False,0.1052095260019996,1.78125,2.0,1.6011941184526195,6.0,1574.0,,,,,,
952,sun3d-home_md-home_md_scan9_2012_sep_30,26,24,sagereg_regen,269,0.0223048327137546,26.90561165692105,0.2057285417369224,False,0.0983460400020703,1.84375,2.0,1.6873841969792054,3.0,864.0,,,,,,
953,sun3d-home_md-home_md_scan9_2012_sep_30,52,24,sagereg_regen,305,0.0,122.04394263513446,4.542313074589189,False,0.1125920920021599,1.8958333333333333,2.0,2.1608987351287543,4.0,1562.0,,,,,,
954,sun3d-home_md-home_md_scan9_2012_sep_30,54,24,sagereg_regen,253,0.0,85.32302165455339,2.2846477948045165,False,0.0944035020002047,1.75,2.0,1.6999162766337506,4.0,1653.0,,,,,,
955,sun3d-home_md-home_md_scan9_2012_sep_30,55,24,sagereg_regen,263,0.0,112.36105046263864,3.2531879239722694,False,0.1021540299989283,1.8333333333333333,2.0,1.11952224964985,5.0,1523.0,,,,,,
956,sun3d-home_md-home_md_scan9_2012_sep_30,56,24,sagereg_regen,287,0.0,170.47811523586984,4.335301108827819,False,0.1078020380009547,1.7708333333333333,2.0,1.661407940411419,6.0,1542.0,,,,,,
957,sun3d-home_md-home_md_scan9_2012_sep_30,57,24,sagereg_regen,330,0.006060606060606,91.91711519807168,3.1637184952857056,False,0.1166490909963613,1.7395833333333333,2.0,2.515765708692241,6.0,1710.0,,,,,,
958,sun3d-home_md-home_md_scan9_2012_sep_30,27,25,sagereg_regen,164,0.024390243902439,157.85573678160233,1.92525029606281,False,0.0758334199927048,1.6041666666666667,2.0,2.100545949998559,5.0,1277.0,,,,,,
959,sun3d-home_md-home_md_scan9_2012_sep_30,52,25,sagereg_regen,250,0.004,93.42412394779528,2.2950222118684565,False,0.101576863999071,1.78125,2.0,1.9589165905138493,6.0,1901.0,,,,,,
960,sun3d-home_md-home_md_scan9_2012_sep_30,54,25,sagereg_regen,232,0.0,92.0856521161936,2.3021021989730235,False,0.0888972129978356,1.8854166666666667,2.0,1.791111431039858,6.0,855.0,,,,,,
961,sun3d-home_md-home_md_scan9_2012_sep_30,55,25,sagereg_regen,235,0.0,136.99963924862766,3.979372974853559,False,0.0880436969964648,1.875,2.0,2.1198223145016386,4.0,826.0,,,,,,
962,sun3d-home_md-home_md_scan9_2012_sep_30,56,25,sagereg_regen,243,0.0,149.43366637751976,3.144867408064217,False,0.0973707459997967,1.8333333333333333,2.0,1.7108634575277482,6.0,1137.0,,,,,,
963,sun3d-home_md-home_md_scan9_2012_sep_30,57,25,sagereg_regen,288,0.0,137.91008651527864,4.643246085845794,False,0.1083949750027386,1.7604166666666667,2.0,1.7425031306631389,6.0,1739.0,,,,,,
964,sun3d-home_md-home_md_scan9_2012_sep_30,58,25,sagereg_regen,286,0.0,92.2337554361944,3.156686675828811,False,0.1053776609987835,1.8333333333333333,2.0,2.1864626018668663,6.0,969.0,,,,,,
965,sun3d-home_md-home_md_scan9_2012_sep_30,59,25,sagereg_regen,310,0.0,90.97787586365509,3.3663337113002982,False,0.1092706190102035,1.875,2.0,1.0420993334428688,6.0,711.0,,,,,,
966,sun3d-home_md-home_md_scan9_2012_sep_30,42,26,sagereg_regen,634,0.0425867507886435,9.626063779629524,0.5492099744869999,False,0.2170071079963236,1.7395833333333333,2.0,2.323416786690388,3.0,2007.0,,,,,,
967,sun3d-home_md-home_md_scan9_2012_sep_30,43,26,sagereg_regen,616,0.0081168831168831,149.53165010455749,1.5271568677869498,False,0.2155578110032365,1.6875,2.0,1.1593872619572063,6.0,1659.0,,,,,,
968,sun3d-home_md-home_md_scan9_2012_sep_30,59,26,sagereg_regen,552,0.0,160.66721239955655,3.83781839802218,False,0.1858966270010569,1.7395833333333333,2.0,1.4415931467719074,6.0,1327.0,,,,,,
969,sun3d-home_md-home_md_scan9_2012_sep_30,29,27,sagereg_regen,186,0.0376344086021505,179.44357637901462,6.797730912252776,False,0.0776617989977239,1.7708333333333333,2.0,1.1860611094856628,5.0,431.0,,,,,,
970,sun3d-home_md-home_md_scan9_2012_sep_30,42,27,sagereg_regen,538,0.0576208178438661,27.94766580088821,1.5695940815016067,False,0.1893208089968538,1.71875,2.0,2.0549731758356007,4.0,2639.0,,,,,,
971,sun3d-home_md-home_md_scan9_2012_sep_30,43,27,sagereg_regen,577,0.0121317157712305,156.72789499621138,6.683241771202581,False,0.1984253689952311,1.6354166666666667,2.0,2.003638630713888,6.0,1363.0,,,,,,
972,sun3d-home_md-home_md_scan9_2012_sep_30,59,27,sagereg_regen,462,0.0,67.64319382116112,0.8714245993022767,False,0.1632701380076469,1.71875,2.0,2.090020736375392,6.0,3189.0,,,,,,
973,sun3d-home_md-home_md_scan9_2012_sep_30,42,28,sagereg_regen,498,0.0401606425702811,10.63423127316916,0.636049234418639,False,0.1798423690052004,1.7604166666666667,2.0,2.778845020817545,6.0,2560.0,,,,,,
974,sun3d-home_md-home_md_scan9_2012_sep_30,43,28,sagereg_regen,466,0.0321888412017167,10.129129491754137,0.6379581678110552,False,0.1537182579922955,1.6875,2.0,1.973336878365248,6.0,1812.0,,,,,,
975,sun3d-home_md-home_md_scan9_2012_sep_30,44,28,sagereg_regen,274,0.0291970802919708,177.09407102559476,6.179127288611023,False,0.1025064929999644,1.53125,2.0,1.0785226028347628,6.0,1501.0,,,,,,
976,sun3d-home_md-home_md_scan9_2012_sep_30,59,28,sagereg_regen,450,0.0,128.2630692265227,3.526800947657746,False,0.1615870129971881,1.6875,2.0,1.6977588447470813,6.0,2442.0,,,,,,
977,sun3d-home_md-home_md_scan9_2012_sep_30,39,29,sagereg_regen,291,0.0206185567010309,139.214063952054,2.6423495968105466,False,0.1046667219925439,1.78125,2.0,1.6014854173890345,6.0,1207.0,,,,,,
978,sun3d-home_md-home_md_scan9_2012_sep_30,44,29,sagereg_regen,163,0.0,90.22276023026345,2.619416071327006,False,0.0752233089951914,1.7708333333333333,2.0,1.149988485242292,1.0,1164.0,,,,,,
979,sun3d-home_md-home_md_scan9_2012_sep_30,51,29,sagereg_regen,204,0.0049019607843137,114.59128715413588,4.511833243081935,False,0.0899971869948785,1.4583333333333333,2.0,1.176092665061771,5.0,1378.0,,,,,,
980,sun3d-home_md-home_md_scan9_2012_sep_30,31,30,sagereg_regen,223,0.0269058295964125,158.4424078804916,2.5233419861825417,False,0.0804315540008246,1.5416666666666667,1.0,1.8653574864192208,6.0,859.0,,,,,,
981,sun3d-home_md-home_md_scan9_2012_sep_30,38,30,sagereg_regen,518,0.0115830115830115,14.630033163068008,0.8045257309060847,False,0.1729108890067436,1.6458333333333333,2.0,2.078372720500701,2.0,1624.0,,,,,,
982,sun3d-home_md-home_md_scan9_2012_sep_30,39,30,sagereg_regen,594,0.0336700336700336,7.030832491046363,0.4261929159630059,False,0.2059605110043776,1.7291666666666667,2.0,2.0554573753702576,5.0,2200.0,,,,,,
983,sun3d-home_md-home_md_scan9_2012_sep_30,40,30,sagereg_regen,542,0.0350553505535055,8.13200485983016,0.4436865232642482,False,0.1874775780015625,1.6666666666666667,2.0,1.729567781610812,6.0,2157.0,,,,,,
984,sun3d-home_md-home_md_scan9_2012_sep_30,41,30,sagereg_regen,506,0.0158102766798418,9.660405264049556,0.4464407239726621,False,0.1683343990007415,1.6354166666666667,2.0,2.0852852835680338,3.0,2231.0,,,,,,
985,sun3d-home_md-home_md_scan9_2012_sep_30,42,30,sagereg_regen,491,0.0285132382892057,12.265484974128732,0.4896255104440491,False,0.1596622819997719,1.7083333333333333,2.0,2.181516578636004,6.0,1975.0,,,,,,
986,sun3d-home_md-home_md_scan9_2012_sep_30,43,30,sagereg_regen,508,0.0137795275590551,9.154440623639337,0.4725287654753279,False,0.1639454839969403,1.7083333333333333,2.0,2.1595955345260576,4.0,1525.0,,,,,,
987,sun3d-home_md-home_md_scan9_2012_sep_30,45,30,sagereg_regen,561,0.0463458110516934,8.362678102592245,0.4519507150284776,False,0.1959421640058281,1.6458333333333333,2.0,2.0241888379085435,6.0,2286.0,,,,,,
988,sun3d-home_md-home_md_scan9_2012_sep_30,46,30,sagereg_regen,605,0.0231404958677685,6.110745241631583,0.3724609934019634,False,0.2063548830046784,1.65625,2.0,2.016963695065349,4.0,2065.0,,,,,,
989,sun3d-home_md-home_md_scan9_2012_sep_30,47,30,sagereg_regen,490,0.0326530612244898,10.42659709080787,0.4566646838303574,False,0.1657872739961021,1.6145833333333333,2.0,1.903529925486024,5.0,2177.0,,,,,,
990,sun3d-home_md-home_md_scan9_2012_sep_30,48,30,sagereg_regen,386,0.0181347150259067,165.03984828188933,3.4067183930823286,False,0.1288793779967818,1.7395833333333333,2.0,1.82159961702188,3.0,1216.0,,,,,,
991,sun3d-home_md-home_md_scan9_2012_sep_30,49,30,sagereg_regen,399,0.0275689223057644,14.834302219559214,0.0912954722436818,True,0.1370170740046887,1.7395833333333333,2.0,1.8540442083478763,6.0,2161.0,,,,,,
992,sun3d-home_md-home_md_scan9_2012_sep_30,50,30,sagereg_regen,521,0.0057581573896353,138.12888908810046,1.3010724976292063,False,0.1678919470068649,1.625,2.0,1.8641462420108008,6.0,1188.0,,,,,,
993,sun3d-home_md-home_md_scan9_2012_sep_30,33,31,sagereg_regen,297,0.0033670033670033,107.31740998119572,2.3668272520896654,False,0.1029990829993039,1.7395833333333333,2.0,1.137457825252859,6.0,742.0,,,,,,
994,sun3d-home_md-home_md_scan9_2012_sep_30,35,31,sagereg_regen,224,0.0,113.74769602896862,2.7972106794766893,False,0.0919299819943262,1.7395833333333333,2.0,1.5634411209369967,6.0,1698.0,,,,,,
995,sun3d-home_md-home_md_scan9_2012_sep_30,36,31,sagereg_regen,155,0.0,121.82205745804178,2.3744172975069406,False,0.0782721900031901,1.625,2.0,1.2402305156930375,6.0,1560.0,,,,,,
996,sun3d-home_md-home_md_scan9_2012_sep_30,37,31,sagereg_regen,159,0.0,120.05594379139826,2.1113231007043765,False,0.0838768020039424,1.8958333333333333,2.0,1.85063158572985,6.0,1629.0,,,,,,
997,sun3d-home_md-home_md_scan9_2012_sep_30,37,32,sagereg_regen,222,0.0045045045045045,121.7093126590514,1.7223804398017697,False,0.0920480109998607,1.71875,2.0,1.913511133255413,6.0,1418.0,,,,,,
998,sun3d-home_md-home_md_scan9_2012_sep_30,37,33,sagereg_regen,215,0.0,98.61183816352695,2.225549070815447,False,0.0907223200047155,1.65625,2.0,1.450570974995438,6.0,1266.0,,,,,,
999,sun3d-home_md-home_md_scan9_2012_sep_30,36,34,sagereg_regen,211,0.0331753554502369,51.80658558138317,1.992215288748264,False,0.0841028429931611,1.7395833333333333,2.0,1.8636638736434603,5.0,836.0,,,,,,
1000,sun3d-home_md-home_md_scan9_2012_sep_30,58,34,sagereg_regen,294,0.0,178.49195224567185,3.110113119733626,False,0.1003911750012775,1.5208333333333333,2.0,1.247043971054833,4.0,1067.0,,,,,,
1001,sun3d-home_md-home_md_scan9_2012_sep_30,39,37,sagereg_regen,298,0.0033557046979865,114.40465714481296,1.695797482859458,False,0.1181562560013844,1.6979166666666667,2.0,1.7338043180150244,5.0,1753.0,,,,,,
1002,sun3d-home_md-home_md_scan9_2012_sep_30,40,37,sagereg_regen,253,0.0079051383399209,61.30135773560855,2.324684006140613,False,0.0993806730039068,1.7395833333333333,2.0,1.316541364163036,2.0,2446.0,,,,,,
1003,sun3d-home_md-home_md_scan9_2012_sep_30,46,37,sagereg_regen,327,0.0061162079510703,83.1998421298014,2.826996128439867,False,0.12123161200725,1.8229166666666667,2.0,1.2706016017473178,4.0,2327.0,,,,,,
1004,sun3d-home_md-home_md_scan9_2012_sep_30,45,38,sagereg_regen,898,0.0456570155902004,3.6777972649137087,0.2206716979644807,True,0.3420869759938796,1.75,2.0,2.0347272846228592,6.0,5565.0,,,,,,
1005,sun3d-home_md-home_md_scan9_2012_sep_30,48,38,sagereg_regen,579,0.1122625215889464,1.6370050251235564,0.0357017034536811,True,0.2163656860066112,1.8541666666666667,2.0,2.4734047786859827,3.0,3058.0,,,,,,
1006,sun3d-home_md-home_md_scan9_2012_sep_30,49,38,sagereg_regen,636,0.0738993710691823,1.912850595696223,0.0591548804522155,True,0.2565777999989223,1.8854166666666667,2.0,2.2826521593406754,6.0,3868.0,,,,,,
1007,sun3d-home_md-home_md_scan9_2012_sep_30,42,39,sagereg_regen,993,0.040281973816717,5.4614684778940905,0.0748431578016956,True,0.3277066459995694,1.8645833333333333,2.0,1.9519090824488357,6.0,3442.0,,,,,,
1008,sun3d-home_md-home_md_scan9_2012_sep_30,43,39,sagereg_regen,1034,0.0106382978723404,7.547083871821611,0.2293471392978825,True,0.3379046749978442,1.6875,2.0,2.273506664023581,5.0,2221.0,,,,,,
1009,sun3d-home_md-home_md_scan9_2012_sep_30,44,39,sagereg_regen,520,0.0057692307692307,163.84745608568502,5.1264973346619,False,0.1898360579943983,1.5416666666666667,2.0,1.7283424266274954,5.0,2248.0,,,,,,
1010,sun3d-home_md-home_md_scan9_2012_sep_30,48,39,sagereg_regen,763,0.1507208387942332,2.058158937816508,0.0290043636935916,True,0.298645741007931,1.84375,2.0,2.5094331321216363,5.0,3987.0,,,,,,
1011,sun3d-home_md-home_md_scan9_2012_sep_30,49,39,sagereg_regen,690,0.0898550724637681,2.104109984378154,0.0561901712598289,True,0.2708099130031769,1.8541666666666667,2.0,2.1650980685606136,5.0,4983.0,,,,,,
1012,sun3d-home_md-home_md_scan9_2012_sep_30,42,40,sagereg_regen,766,0.0456919060052219,3.479719800392898,0.0271476125832933,True,0.2555357739984174,1.84375,2.0,1.3794155369420735,6.0,2512.0,,,,,,
1013,sun3d-home_md-home_md_scan9_2012_sep_30,43,40,sagereg_regen,751,0.0066577896138482,173.50078899057598,5.734933937742927,False,0.2170331419911235,1.5625,2.0,1.903859495334364,0.0,851.0,,,,,,
1014,sun3d-home_md-home_md_scan9_2012_sep_30,48,40,sagereg_regen,564,0.1914893617021276,1.4047761742028897,0.0459697723949811,True,0.218752984997991,1.8958333333333333,2.0,2.3328811890750822,6.0,3482.0,,,,,,
1015,sun3d-home_md-home_md_scan9_2012_sep_30,43,41,sagereg_regen,772,0.0090673575129533,11.584770287887205,0.5227418944829104,False,0.252733912995609,1.6666666666666667,2.0,1.2927579588992928,6.0,1967.0,,,,,,
1016,sun3d-home_md-home_md_scan9_2012_sep_30,50,41,sagereg_regen,877,0.0102622576966932,3.1088838941100505,0.0849867378244942,True,0.2923079280008096,1.8333333333333333,2.0,2.0200409873579064,6.0,3681.0,,,,,,
1017,sun3d-home_md-home_md_scan9_2012_sep_30,45,42,sagereg_regen,1032,0.0155038759689922,3.853390117603853,0.1315040766604995,True,0.3588667049989453,1.8125,2.0,1.7695205199737605,6.0,3529.0,,,,,,
1018,sun3d-home_md-home_md_scan9_2012_sep_30,46,42,sagereg_regen,864,0.0300925925925925,3.981488467860585,0.0424941209704903,True,0.299096215996542,1.6979166666666667,2.0,1.753490712039983,5.0,2998.0,,,,,,
1019,sun3d-home_md-home_md_scan9_2012_sep_30,47,42,sagereg_regen,797,0.0903387703889586,2.6513911053524097,0.0760653577996439,True,0.2809234449887299,1.8645833333333333,2.0,1.7356880981664726,4.0,3942.0,,,,,,
1020,sun3d-home_md-home_md_scan9_2012_sep_30,44,43,sagereg_regen,885,0.0361581920903954,2.371074597419637,0.1452260619226493,True,0.321784486004617,1.9270833333333333,2.0,1.983494930325652,6.0,5040.0,,,,,,
1021,sun3d-home_md-home_md_scan9_2012_sep_30,45,43,sagereg_regen,1239,0.0177562550443906,1.7757317516782758,0.0432750015595988,True,0.4175404550042003,1.7604166666666667,2.0,1.3589127473882674,6.0,5079.0,,,,,,
1022,sun3d-home_md-home_md_scan9_2012_sep_30,47,43,sagereg_regen,768,0.015625,10.89674446458172,0.5161196345864674,False,0.242904858001566,1.6145833333333333,2.0,2.482118190926008,4.0,2004.0,,,,,,
1023,sun3d-home_md-home_md_scan9_2012_sep_30,48,43,sagereg_regen,750,0.0066666666666666,42.541513861789,1.2303868568389893,False,0.2600389479921432,1.7708333333333333,2.0,1.045470631958003,6.0,3029.0,,,,,,
1024,sun3d-home_md-home_md_scan9_2012_sep_30,49,43,sagereg_regen,714,0.0042016806722689,117.4273177839441,4.553384953529144,False,0.2341599470018991,1.6979166666666667,2.0,1.781940207596542,6.0,2524.0,,,,,,
1025,sun3d-home_md-home_md_scan9_2012_sep_30,50,43,sagereg_regen,1010,0.0524752475247524,4.6431200806301,0.228132845471376,True,0.3732450719908229,1.8020833333333333,2.0,1.4410961662377733,4.0,5188.0,,,,,,
1026,sun3d-home_md-home_md_scan9_2012_sep_30,51,43,sagereg_regen,955,0.0136125654450261,26.999905833180662,1.3587511710322435,False,0.3154130890034139,1.7708333333333333,2.0,2.1187718113848515,6.0,3659.0,,,,,,
1027,sun3d-home_md-home_md_scan9_2012_sep_30,48,45,sagereg_regen,817,0.0416156670746634,2.0480100852722143,0.0357283244335747,True,0.2752336979974643,1.8333333333333333,2.0,2.099856312024554,1.0,3181.0,,,,,,
1028,sun3d-home_md-home_md_scan9_2012_sep_30,49,45,sagereg_regen,756,0.0436507936507936,2.710910424389213,0.0750444688014483,True,0.2824211030019796,1.8020833333333333,2.0,1.8124304406393368,5.0,4104.0,,,,,,
1029,sun3d-home_md-home_md_scan9_2012_sep_30,50,45,sagereg_regen,1032,0.002906976744186,65.3464840496701,2.849252951922209,False,0.3437058449999313,1.7083333333333333,2.0,1.4538273878020316,6.0,1862.0,,,,,,
1030,sun3d-home_md-home_md_scan9_2012_sep_30,48,46,sagereg_regen,667,0.0944527736131934,2.408629249116648,0.041930675499969,True,0.2493106490073842,1.8333333333333333,2.0,2.457527205087826,6.0,3854.0,,,,,,
1031,sun3d-home_md-home_md_scan9_2012_sep_30,49,46,sagereg_regen,633,0.0631911532385466,2.3901816277131727,0.0549357991994205,True,0.2502684849969228,1.7604166666666667,2.0,2.132769326831468,6.0,4726.0,,,,,,
1032,sun3d-home_md-home_md_scan9_2012_sep_30,50,47,sagereg_regen,820,0.0146341463414634,8.095068498985889,0.248097938903106,True,0.2684012730023823,1.8020833333333333,2.0,2.0657209637769163,3.0,2871.0,,,,,,
1033,sun3d-home_md-home_md_scan9_2012_sep_30,51,48,sagereg_regen,634,0.0031545741324921,177.35211239690068,2.998806829920915,False,0.227611533999152,1.7708333333333333,2.0,1.2742967021447262,4.0,3179.0,,,,,,
1034,sun3d-home_md-home_md_scan9_2012_sep_30,59,50,sagereg_regen,765,0.0078431372549019,166.65644097250183,3.30038031269494,False,0.2680083910017856,1.7083333333333333,2.0,1.0999270197544335,6.0,2293.0,,,,,,
1035,sun3d-home_md-home_md_scan9_2012_sep_30,53,51,sagereg_regen,320,0.059375,2.252695278796942,0.0324821112178047,True,0.1178105119979591,1.71875,2.0,1.5497600236898852,6.0,2110.0,,,,,,
1036,sun3d-home_md-home_md_scan9_2012_sep_30,53,52,sagereg_regen,303,0.2343234323432343,0.5629455531253924,0.0117433921046615,True,0.1250311440016958,1.9375,2.0,1.772244952579083,3.0,2435.0,,,,,,
1037,sun3d-home_md-home_md_scan9_2012_sep_30,54,52,sagereg_regen,495,0.0666666666666666,1.1761700440448262,0.0390111020268002,True,0.1832966040092287,1.875,2.0,1.771597936542048,6.0,2889.0,,,,,,
1038,sun3d-home_md-home_md_scan9_2012_sep_30,55,52,sagereg_regen,488,0.0471311475409836,1.1514998235144571,0.0158836852081617,True,0.1763735809945501,1.8854166666666667,2.0,1.693778621377804,6.0,2052.0,,,,,,
1039,sun3d-home_md-home_md_scan9_2012_sep_30,56,52,sagereg_regen,542,0.007380073800738,162.0111175912771,2.35490195110086,False,0.2014640920024248,1.8125,2.0,1.901892985474845,6.0,2488.0,,,,,,
1040,sun3d-home_md-home_md_scan9_2012_sep_30,57,52,sagereg_regen,613,0.0130505709624796,73.20618558555337,3.2742203003928387,False,0.2265680190030252,1.8229166666666667,2.0,1.0673663161181606,6.0,1586.0,,,,,,
1041,sun3d-home_md-home_md_scan9_2012_sep_30,58,52,sagereg_regen,603,0.0066334991708126,108.67934896787068,1.95628100919774,False,0.2235108870008844,1.8125,2.0,1.74584933536762,6.0,1668.0,,,,,,
1042,sun3d-home_md-home_md_scan9_2012_sep_30,57,53,sagereg_regen,340,0.0058823529411764,97.4673548974296,1.1244454346550734,False,0.1208854409997002,1.78125,2.0,1.1867048240168965,5.0,2177.0,,,,,,
1043,sun3d-home_md-home_md_scan9_2012_sep_30,59,56,sagereg_regen,670,0.0507462686567164,1.5667881691207317,0.0758624527647319,True,0.2454337300005136,1.8541666666666667,2.0,1.4018609882032251,3.0,3101.0,,,,,,
1044,sun3d-hotel_uc-scan3,4,0,sagereg_regen,953,0.0304302203567681,2.5975981087806668,0.0494802558990181,True,0.3363352349915658,1.9166666666666667,2.0,2.3252676929385747,6.0,3984.0,,,,,,
1045,sun3d-hotel_uc-scan3,9,0,sagereg_regen,1045,0.0909090909090909,1.854784166266967,0.0751728289601733,True,0.3897427539995988,1.84375,2.0,2.543237574151312,6.0,5780.0,,,,,,
1046,sun3d-hotel_uc-scan3,11,0,sagereg_regen,998,0.0400801603206412,1.7045264728996277,0.0434308386109819,True,0.3554053179977927,1.84375,2.0,1.6029772655673038,3.0,4002.0,,,,,,
1047,sun3d-hotel_uc-scan3,18,0,sagereg_regen,1049,0.0266920877025738,2.234174954665184,0.0742953323703701,True,0.3788411350033129,1.84375,2.0,2.110824902402078,6.0,5778.0,,,,,,
1048,sun3d-hotel_uc-scan3,20,0,sagereg_regen,1060,0.020754716981132,2.635531727047509,0.0817503974036294,True,0.3762011119979433,1.8541666666666667,2.0,1.4982574658751364,5.0,5705.0,,,,,,
1049,sun3d-hotel_uc-scan3,34,0,sagereg_regen,920,0.0152173913043478,3.6718918901462434,0.1649135173278106,True,0.3309154689995921,1.7708333333333333,2.0,1.4551116938435755,4.0,3068.0,,,,,,
1050,sun3d-hotel_uc-scan3,43,0,sagereg_regen,1019,0.0461236506378802,3.0050930402534943,0.135179828318195,True,0.3634066160011571,1.8020833333333333,2.0,2.1947047692108197,6.0,5497.0,,,,,,
1051,sun3d-hotel_uc-scan3,46,0,sagereg_regen,1019,0.113837095191364,4.178597252017025,0.1769666977857441,True,0.3907567500064033,1.8854166666666667,2.0,1.4201052856293783,3.0,4039.0,,,,,,
1052,sun3d-hotel_uc-scan3,53,0,sagereg_regen,1091,0.0430797433547204,2.8498268977633234,0.1146942959973777,True,0.3841505630043684,1.7708333333333333,2.0,1.3268544967455742,5.0,3051.0,,,,,,
1053,sun3d-hotel_uc-scan3,9,1,sagereg_regen,941,0.0786397449521785,1.002101623451531,0.0183581446857739,True,0.3555114390037488,1.8125,2.0,2.383566819346844,5.0,5118.0,,,,,,
1054,sun3d-hotel_uc-scan3,11,1,sagereg_regen,1014,0.1104536489151873,0.904802190894357,0.0278562241094419,True,0.3622340959991561,1.9166666666666667,2.0,1.6052534693605665,5.0,4955.0,,,,,,
1055,sun3d-hotel_uc-scan3,18,1,sagereg_regen,1116,0.0367383512544802,5.474325938402375,0.1668665648718871,True,0.3925368739946862,1.8854166666666667,2.0,1.865588263784581,6.0,5127.0,,,,,,
1056,sun3d-hotel_uc-scan3,20,1,sagereg_regen,1125,0.0195555555555555,5.5062521047888735,0.1696516533077093,True,0.4060270990012213,1.7604166666666667,2.0,1.4457920243653213,6.0,5269.0,,,,,,
1057,sun3d-hotel_uc-scan3,34,1,sagereg_regen,835,0.0359281437125748,3.951063562482713,0.1839818337809318,True,0.3097744929982582,1.7916666666666667,2.0,1.7756334971205463,4.0,4442.0,,,,,,
1058,sun3d-hotel_uc-scan3,36,1,sagereg_regen,1198,0.0425709515859766,3.389594001944675,0.1069038744363181,True,0.4215556849958375,1.7083333333333333,2.0,1.905247149944284,4.0,6337.0,,,,,,
1059,sun3d-hotel_uc-scan3,43,1,sagereg_regen,1061,0.0103675777568331,2.5581444554270822,0.1489821955204296,True,0.3843047359914635,1.7604166666666667,2.0,2.1217321350747627,6.0,5979.0,,,,,,
1060,sun3d-hotel_uc-scan3,46,1,sagereg_regen,1108,0.1398916967509025,4.461740508833503,0.1684711433150114,True,0.4072077900054864,1.8333333333333333,2.0,1.6271956837939456,5.0,5260.0,,,,,,
1061,sun3d-hotel_uc-scan3,53,1,sagereg_regen,1263,0.0839271575613618,4.845586028825907,0.1527731159657719,True,0.4341363700004876,1.84375,2.0,1.6287075547136571,3.0,4365.0,,,,,,
1062,sun3d-hotel_uc-scan3,18,2,sagereg_regen,1045,0.0736842105263157,4.335120240493781,0.1425040961874561,True,0.363980416994309,1.8645833333333333,2.0,1.7075043972611543,5.0,4042.0,,,,,,
1063,sun3d-hotel_uc-scan3,19,2,sagereg_regen,785,0.0063694267515923,117.92454344981678,3.04298287766477,False,0.2774992129998281,1.8125,2.0,1.3780418971886512,6.0,1287.0,,,,,,
1064,sun3d-hotel_uc-scan3,20,2,sagereg_regen,1008,0.0426587301587301,3.66891837364593,0.1185391867846017,True,0.3467264670034637,1.75,2.0,1.5029885723792895,4.0,2635.0,,,,,,
1065,sun3d-hotel_uc-scan3,21,2,sagereg_regen,942,0.0552016985138004,4.345666701385156,0.1234184805389223,True,0.311394267999276,1.8229166666666667,2.0,1.649193503731054,3.0,1993.0,,,,,,
1066,sun3d-hotel_uc-scan3,36,2,sagereg_regen,1097,0.0291704649042844,2.129626970473612,0.0737894043468656,True,0.3712223859984078,1.7604166666666667,2.0,1.8046897844832104,4.0,2923.0,,,,,,
1067,sun3d-hotel_uc-scan3,43,2,sagereg_regen,989,0.0293225480283114,2.2979041309752954,0.070559109396812,True,0.3518683959991904,1.7291666666666667,2.0,1.7792285660915188,3.0,5667.0,,,,,,
1068,sun3d-hotel_uc-scan3,47,2,sagereg_regen,1052,0.0085551330798479,7.168624651591873,0.2295045070809885,True,0.362102885999775,1.78125,2.0,2.522557325195751,2.0,2465.0,,,,,,
1069,sun3d-hotel_uc-scan3,11,3,sagereg_regen,1039,0.066410009624639,2.2970211037835044,0.0942798131118905,True,0.3871890009977505,1.84375,2.0,1.966663687236585,6.0,5354.0,,,,,,
1070,sun3d-hotel_uc-scan3,18,3,sagereg_regen,1090,0.0128440366972477,131.19336532153724,2.29163874006405,False,0.3712962509962381,1.7395833333333333,2.0,2.047000696147093,6.0,2203.0,,,,,,
1071,sun3d-hotel_uc-scan3,20,3,sagereg_regen,1166,0.0137221269296741,128.0205131397246,4.345173416883897,False,0.3825658760033548,1.75,2.0,1.898657652027988,4.0,4542.0,,,,,,
1072,sun3d-hotel_uc-scan3,34,3,sagereg_regen,983,0.0162767039674465,1.6978230981553168,0.0848491751270219,True,0.3521565389964962,1.6666666666666667,2.0,1.937475461575431,6.0,4215.0,,,,,,
1073,sun3d-hotel_uc-scan3,36,3,sagereg_regen,1155,0.0225108225108225,1.8909098969225409,0.0575772906216904,True,0.4003991920035332,1.8229166666666667,2.0,2.499000482990178,5.0,4597.0,,,,,,
1074,sun3d-hotel_uc-scan3,43,3,sagereg_regen,946,0.0169133192389006,6.4407363648624525,0.2455268024844319,True,0.3385783610065118,1.71875,2.0,1.730890615488061,6.0,4112.0,,,,,,
1075,sun3d-hotel_uc-scan3,44,3,sagereg_regen,1021,0.0646425073457394,3.202036592301376,0.1669160293091331,True,0.3762114339988329,1.8645833333333333,2.0,2.189689271890205,5.0,6055.0,,,,,,
1076,sun3d-hotel_uc-scan3,46,3,sagereg_regen,1174,0.06984667802385,5.003323555578566,0.2052747740800211,True,0.4242883880069712,1.875,2.0,2.0134121033880024,5.0,4823.0,,,,,,
1077,sun3d-hotel_uc-scan3,53,3,sagereg_regen,1289,0.0488750969743987,5.599810622837165,0.1965331519020672,True,0.4605865580015233,1.875,2.0,1.8299724889800268,6.0,3957.0,,,,,,
1078,sun3d-hotel_uc-scan3,7,4,sagereg_regen,530,0.020754716981132,3.931714152737408,0.1003674154117819,True,0.1920567129927803,1.7395833333333333,2.0,2.403616661707677,6.0,2607.0,,,,,,
1079,sun3d-hotel_uc-scan3,8,4,sagereg_regen,605,0.0413223140495867,1.5985201082870029,0.0349482752140834,True,0.2146831159989233,1.7395833333333333,2.0,1.4682761844924292,3.0,2979.0,,,,,,
1080,sun3d-hotel_uc-scan3,10,4,sagereg_regen,843,0.0723606168446026,1.9978805467208736,0.0541776602849087,True,0.3099267700017662,1.8854166666666667,2.0,1.8866477576913332,6.0,4423.0,,,,,,
1081,sun3d-hotel_uc-scan3,19,4,sagereg_regen,676,0.0162721893491124,0.8434518435320484,0.0779429679120646,True,0.2536780489972443,1.8229166666666667,2.0,2.1361797664390934,6.0,4243.0,,,,,,
1082,sun3d-hotel_uc-scan3,38,4,sagereg_regen,381,0.0236220472440944,10.835732949501384,0.1033054763839513,True,0.1356381860023248,1.71875,2.0,2.0416046999081567,6.0,2505.0,,,,,,
1083,sun3d-hotel_uc-scan3,39,4,sagereg_regen,471,0.0424628450106157,2.09663283582404,0.0434209337846342,True,0.1673622000016621,1.7395833333333333,2.0,2.1946519491099235,4.0,2804.0,,,,,,
1084,sun3d-hotel_uc-scan3,40,4,sagereg_regen,518,0.0289575289575289,9.41438330938184,0.2302819502780666,True,0.1794796410031267,1.8541666666666667,2.0,2.392197656984932,3.0,2230.0,,,,,,
1085,sun3d-hotel_uc-scan3,41,4,sagereg_regen,533,0.0281425891181988,7.02329539629415,0.1737969576631484,True,0.1961147129986784,1.78125,2.0,1.2710966213367347,5.0,2358.0,,,,,,
1086,sun3d-hotel_uc-scan3,43,4,sagereg_regen,722,0.0013850415512465,172.23331961125842,3.858121094901528,False,0.2566269710005144,1.75,2.0,2.308289231834307,4.0,1338.0,,,,,,
1087,sun3d-hotel_uc-scan3,44,4,sagereg_regen,741,0.0188933873144399,7.317870254779374,0.1679116216447896,True,0.2697908430054667,1.7291666666666667,2.0,1.147776923973371,6.0,3539.0,,,,,,
1088,sun3d-hotel_uc-scan3,45,4,sagereg_regen,754,0.0358090185676392,5.0793876399471145,0.1237243622394986,True,0.2723843129933812,1.8125,2.0,1.6387336760214006,3.0,2955.0,,,,,,
1089,sun3d-hotel_uc-scan3,36,5,sagereg_regen,697,0.0416068866571018,1.4181595725546472,0.0156553184950146,True,0.2495134150012745,1.7708333333333333,2.0,2.2460061900425075,3.0,2502.0,,,,,,
1090,sun3d-hotel_uc-scan3,42,5,sagereg_regen,406,0.0270935960591133,15.575033358439535,0.3433366472443007,False,0.1454987020042608,1.8333333333333333,2.0,1.7389524565346623,3.0,2044.0,,,,,,
1091,sun3d-hotel_uc-scan3,43,5,sagereg_regen,646,0.0077399380804953,134.69700482570937,1.5754960747436706,False,0.2273082340034307,1.71875,2.0,1.1252790410548044,2.0,1815.0,,,,,,
1092,sun3d-hotel_uc-scan3,44,5,sagereg_regen,615,0.008130081300813,162.62149891312393,3.070220155929944,False,0.2270608350008842,1.6145833333333333,2.0,1.9245944927660876,6.0,3056.0,,,,,,
1093,sun3d-hotel_uc-scan3,36,6,sagereg_regen,821,0.02557856272838,2.572980643213976,0.1225344012337017,True,0.3004828499979339,1.75,2.0,1.5778908396934133,5.0,2923.0,,,,,,
1094,sun3d-hotel_uc-scan3,42,6,sagereg_regen,464,0.0258620689655172,176.11340717417306,2.377746838360133,False,0.17847912000434,1.8854166666666667,2.0,1.7400408638548022,5.0,3059.0,,,,,,
1095,sun3d-hotel_uc-scan3,43,6,sagereg_regen,653,0.006125574272588,78.07895531985162,1.900211232105517,False,0.2354854069926659,1.7083333333333333,2.0,2.62491593006869,4.0,2614.0,,,,,,
1096,sun3d-hotel_uc-scan3,44,6,sagereg_regen,715,0.0083916083916083,117.32038701734768,2.4393936746987044,False,0.2642804479983169,1.6875,2.0,2.2303400151033896,5.0,3334.0,,,,,,
1097,sun3d-hotel_uc-scan3,36,7,sagereg_regen,733,0.0204638472032742,49.372982766498986,0.5334679125053943,False,0.2926167449986678,1.7916666666666667,2.0,2.116434989744051,6.0,5868.0,,,,,,
1098,sun3d-hotel_uc-scan3,42,7,sagereg_regen,413,0.0266343825665859,112.53101562369186,2.067940592386147,False,0.1539680630012299,1.75,2.0,1.2422697554687807,4.0,2487.0,,,,,,
1099,sun3d-hotel_uc-scan3,43,7,sagereg_regen,641,0.0015600624024961,95.12899089044276,3.6510219821753895,False,0.2399485499990987,1.7916666666666667,2.0,2.027370619989487,6.0,2839.0,,,,,,
1100,sun3d-hotel_uc-scan3,10,8,sagereg_regen,740,0.0202702702702702,5.480675302665965,0.1413664044833969,True,0.2650001189904287,1.7395833333333333,2.0,2.071001073081955,6.0,1815.0,,,,,,
1101,sun3d-hotel_uc-scan3,18,8,sagereg_regen,551,0.0,27.861360745860964,1.2896400837464628,False,0.1879312609962653,1.5729166666666667,2.0,1.4739825608515955,2.0,3798.0,,,,,,
1102,sun3d-hotel_uc-scan3,20,8,sagereg_regen,595,0.0033613445378151,14.817874496435577,1.7856925078695791,False,0.2280484060029266,1.59375,2.0,2.030404654088383,6.0,4377.0,,,,,,
1103,sun3d-hotel_uc-scan3,36,8,sagereg_regen,729,0.0123456790123456,20.30510563242691,0.4182479694486261,False,0.2732302479998907,1.7083333333333333,2.0,1.9995607002164064,6.0,3837.0,,,,,,
1104,sun3d-hotel_uc-scan3,43,8,sagereg_regen,635,0.0157480314960629,6.518642669949836,0.1062190573312761,True,0.231143434997648,1.6666666666666667,2.0,1.2331329298860214,6.0,2815.0,,,,,,
1105,sun3d-hotel_uc-scan3,44,8,sagereg_regen,633,0.0142180094786729,119.34833725219414,3.872165125954555,False,0.2357507819979218,1.6666666666666667,2.0,2.457260453564692,6.0,2597.0,,,,,,
1106,sun3d-hotel_uc-scan3,18,9,sagereg_regen,782,0.0140664961636828,83.32087022507736,2.8717915941907526,False,0.2862483429998974,1.6666666666666667,2.0,2.2880719470636444,6.0,3265.0,,,,,,
1107,sun3d-hotel_uc-scan3,19,9,sagereg_regen,799,0.0250312891113892,1.8689390489094395,0.0317167124942456,True,0.2890996200003428,1.8333333333333333,2.0,1.889738338366664,6.0,3806.0,,,,,,
1108,sun3d-hotel_uc-scan3,20,9,sagereg_regen,788,0.0190355329949238,2.1582488567003826,0.1308333905334835,True,0.300340251000307,1.6770833333333333,2.0,2.179114942195526,6.0,5272.0,,,,,,
1109,sun3d-hotel_uc-scan3,37,9,sagereg_regen,631,0.028526148969889,1.881801922380612,0.0082807729472323,True,0.2422224230031133,1.8020833333333333,2.0,2.3690831648720105,5.0,4113.0,,,,,,
1110,sun3d-hotel_uc-scan3,38,9,sagereg_regen,509,0.0333988212180746,0.7259793413406963,0.046098315994815,True,0.1870129210074083,1.8541666666666667,2.0,2.5009462577862727,5.0,2907.0,,,,,,
1111,sun3d-hotel_uc-scan3,39,9,sagereg_regen,623,0.1492776886035313,2.899859463269161,0.0411834621029826,True,0.2294946160036488,1.9375,2.0,2.4213367989936434,1.0,3468.0,,,,,,
1112,sun3d-hotel_uc-scan3,40,9,sagereg_regen,586,0.0511945392491467,3.444506450684563,0.0814876582008421,True,0.2228366299968911,1.8333333333333333,2.0,2.1459952920717846,5.0,2874.0,,,,,,
1113,sun3d-hotel_uc-scan3,41,9,sagereg_regen,606,0.028052805280528,2.291936668064133,0.0508363478908659,True,0.2307593840014306,1.8541666666666667,2.0,1.8413451335708808,6.0,3105.0,,,,,,
1114,sun3d-hotel_uc-scan3,42,9,sagereg_regen,513,0.0331384015594541,1.5531944460418334,0.0243992157042125,True,0.1965215819946024,1.75,2.0,2.2906478274914166,6.0,3861.0,,,,,,
1115,sun3d-hotel_uc-scan3,11,10,sagereg_regen,984,0.1697154471544715,0.9364870365766788,0.0432581151456035,True,0.325228909998259,1.9375,2.0,1.6599509911609265,2.0,2706.0,,,,,,
1116,sun3d-hotel_uc-scan3,34,10,sagereg_regen,909,0.1122112211221122,2.8480385615717188,0.1336028343400342,True,0.3021550500052399,1.8854166666666667,2.0,1.6465384444515985,4.0,2818.0,,,,,,
1117,sun3d-hotel_uc-scan3,46,10,sagereg_regen,938,0.1236673773987206,3.358092734594168,0.1431981067202027,True,0.3215073760002269,1.8541666666666667,2.0,1.6574713151118534,2.0,2918.0,,,,,,
1118,sun3d-hotel_uc-scan3,53,10,sagereg_regen,976,0.0512295081967213,4.110885734665823,0.1500557464548564,True,0.3173158229983528,1.84375,2.0,1.7730876704741472,2.0,2313.0,,,,,,
1119,sun3d-hotel_uc-scan3,18,11,sagereg_regen,921,0.0933767643865363,3.624742876427507,0.1139778262750149,True,0.3173118400081876,1.8645833333333333,2.0,1.8518548765163036,5.0,2638.0,,,,,,
1120,sun3d-hotel_uc-scan3,19,11,sagereg_regen,765,0.0039215686274509,115.84097066078188,1.2784036184268155,False,0.2591850589960813,1.7291666666666667,2.0,1.8175817554533324,4.0,1066.0,,,,,,
1121,sun3d-hotel_uc-scan3,20,11,sagereg_regen,880,0.059090909090909,3.4713707625990877,0.0971682958708488,True,0.3011341179953888,1.84375,2.0,1.7617685401821164,4.0,1690.0,,,,,,
1122,sun3d-hotel_uc-scan3,21,11,sagereg_regen,820,0.0560975609756097,3.6550270520187778,0.0789382338679414,True,0.2755257950047962,1.8645833333333333,2.0,1.6664010794030142,3.0,1856.0,,,,,,
1123,sun3d-hotel_uc-scan3,33,11,sagereg_regen,639,0.0109546165884194,36.91279154966811,1.4895166508219952,False,0.2276671650033677,1.7708333333333333,2.0,1.8240344944256888,5.0,1439.0,,,,,,
1124,sun3d-hotel_uc-scan3,43,11,sagereg_regen,762,0.0039370078740157,148.6591208284461,4.342887963938886,False,0.2832222810029634,1.75,2.0,1.833063363649256,6.0,3109.0,,,,,,
1125,sun3d-hotel_uc-scan3,44,11,sagereg_regen,820,0.0670731707317073,2.2395724192234905,0.0473170819677153,True,0.2907041639991803,1.84375,2.0,1.504257514958334,4.0,2265.0,,,,,,
1126,sun3d-hotel_uc-scan3,45,11,sagereg_regen,994,0.1026156941649899,0.6660199073586486,0.0392412793264568,True,0.3502391409929259,1.9166666666666667,2.0,1.7723908580308465,6.0,3657.0,,,,,,
1127,sun3d-hotel_uc-scan3,52,11,sagereg_regen,952,0.0252100840336134,3.4504558569916477,0.1404861102747056,True,0.3218657190009253,1.8125,2.0,2.198011964524036,5.0,2333.0,,,,,,
1128,sun3d-hotel_uc-scan3,22,12,sagereg_regen,847,0.0035419126328217,155.9513344943849,2.6391412371327068,False,0.306667111995921,1.9166666666666667,2.0,2.15491543318315,6.0,4243.0,,,,,,
1129,sun3d-hotel_uc-scan3,25,12,sagereg_regen,688,0.001453488372093,46.647706891068,0.7604957848514983,False,0.2604162089992314,1.90625,2.0,1.8734836441489235,6.0,3109.0,,,,,,
1130,sun3d-hotel_uc-scan3,30,12,sagereg_regen,727,0.0041265474552957,81.31035876570544,3.02569394151546,False,0.2657749770005466,1.96875,2.0,1.5840686616167008,6.0,3863.0,,,,,,
1131,sun3d-hotel_uc-scan3,34,12,sagereg_regen,781,0.0051216389244558,95.11858383270403,1.5200256928713536,False,0.2776657520080334,1.84375,2.0,1.658742163958155,4.0,4336.0,,,,,,
1132,sun3d-hotel_uc-scan3,46,12,sagereg_regen,587,0.0034071550255536,46.41122322604292,1.7931349324055237,False,0.2065751640038797,1.7708333333333333,2.0,1.211315325027514,2.0,3171.0,,,,,,
1133,sun3d-hotel_uc-scan3,15,13,sagereg_regen,1053,0.0341880341880341,2.408813163215621,0.0641114244162152,True,0.3668737999978475,1.84375,2.0,1.57681479766088,6.0,4462.0,,,,,,
1134,sun3d-hotel_uc-scan3,16,13,sagereg_regen,963,0.0373831775700934,3.749917966344148,0.1309036869612276,True,0.3260596940017422,1.9270833333333333,2.0,2.13003979344904,1.0,3275.0,,,,,,
1135,sun3d-hotel_uc-scan3,23,13,sagereg_regen,1000,0.022,83.3869994348916,1.412690412324225,False,0.3531614449966582,1.90625,2.0,2.036615727727339,6.0,5171.0,,,,,,
1136,sun3d-hotel_uc-scan3,27,13,sagereg_regen,807,0.0,19.62481827018926,2.1267169240830968,False,0.2850311410002177,1.8958333333333333,2.0,1.3367008921513444,6.0,2664.0,,,,,,
1137,sun3d-hotel_uc-scan3,30,13,sagereg_regen,650,0.0046153846153846,87.9241347706619,2.7871882710464555,False,0.2253967149954405,1.8854166666666667,2.0,1.0569099967615814,5.0,3331.0,,,,,,
1138,sun3d-hotel_uc-scan3,31,13,sagereg_regen,435,0.0045977011494252,128.37107212221957,1.22918857126617,False,0.1562549910013331,1.8958333333333333,2.0,1.6807459201104202,6.0,2042.0,,,,,,
1139,sun3d-hotel_uc-scan3,33,13,sagereg_regen,829,0.0277442702050663,60.19379422787074,1.8457937920751235,False,0.2970485510013532,1.9166666666666667,2.0,2.1056301668247586,4.0,2526.0,,,,,,
1140,sun3d-hotel_uc-scan3,47,13,sagereg_regen,728,0.0068681318681318,173.830164531091,6.191041906426193,False,0.2777848269906826,1.7083333333333333,2.0,1.2104050161834763,6.0,2948.0,,,,,,
1141,sun3d-hotel_uc-scan3,51,13,sagereg_regen,1002,0.0399201596806387,0.7902221850122945,0.0576363056895733,True,0.3536393260073964,1.7916666666666667,2.0,1.6049703059114726,5.0,3669.0,,,,,,
1142,sun3d-hotel_uc-scan3,22,14,sagereg_regen,1145,0.0061135371179039,179.7354747208536,3.5679646326598498,False,0.4093186099926242,1.90625,2.0,1.5211042391777556,6.0,3974.0,,,,,,
1143,sun3d-hotel_uc-scan3,27,14,sagereg_regen,891,0.0448933782267115,1.254974254266557,0.0391922399579,True,0.3208942749988637,1.8958333333333333,2.0,1.759326393350965,6.0,3937.0,,,,,,
1144,sun3d-hotel_uc-scan3,28,14,sagereg_regen,622,0.0434083601286173,0.8734756163829359,0.039589033952966,True,0.2289141709989053,1.875,2.0,2.275050502961719,3.0,2771.0,,,,,,
1145,sun3d-hotel_uc-scan3,48,14,sagereg_regen,1283,0.0381917381137957,7.2616409225534,0.3540396650655683,False,0.4339481930001057,1.8854166666666667,2.0,1.9165333493121144,2.0,4681.0,,,,,,
1146,sun3d-hotel_uc-scan3,50,14,sagereg_regen,1010,0.0188118811881188,43.39518376954623,2.1622837653597857,False,0.3800450399940018,1.6875,2.0,1.5147419446903665,6.0,3257.0,,,,,,
1147,sun3d-hotel_uc-scan3,52,14,sagereg_regen,1112,0.0071942446043165,120.80327862699596,0.8231464388282791,False,0.3779351069897529,1.7291666666666667,2.0,1.2648107883844957,5.0,3516.0,,,,,,
1148,sun3d-hotel_uc-scan3,17,15,sagereg_regen,1068,0.0037453183520599,3.857572338293427,0.3020253073567708,False,0.3708508190029533,1.8645833333333333,2.0,2.2062727510952347,6.0,4392.0,,,,,,
1149,sun3d-hotel_uc-scan3,26,15,sagereg_regen,1083,0.0212373037857802,178.4213292451961,2.931090147112932,False,0.3589634629970533,1.8854166666666667,2.0,1.2315262291593343,6.0,4112.0,,,,,,
1150,sun3d-hotel_uc-scan3,48,15,sagereg_regen,1196,0.0250836120401337,0.9913581179558691,0.0284724709619706,True,0.408627830001933,1.9375,2.0,1.2995968603760877,6.0,5083.0,,,,,,
1151,sun3d-hotel_uc-scan3,50,15,sagereg_regen,1075,0.0083720930232558,7.203497708960759,0.5042263673146143,False,0.3826612100019702,1.78125,2.0,1.616902764042779,6.0,3751.0,,,,,,
1152,sun3d-hotel_uc-scan3,52,15,sagereg_regen,1109,0.0063119927862939,77.59336853403825,3.819264194694816,False,0.3664087500001187,1.6979166666666667,2.0,2.6208060081702835,5.0,1881.0,,,,,,
1153,sun3d-hotel_uc-scan3,21,16,sagereg_regen,888,0.081081081081081,2.2241875803570266,0.0364910460500148,True,0.3185946749945287,1.9166666666666667,2.0,1.622854144894472,6.0,3253.0,,,,,,
1154,sun3d-hotel_uc-scan3,25,16,sagereg_regen,629,0.027027027027027,1.5322834148649438,0.0272842336705513,True,0.2340843090059934,1.8854166666666667,2.0,1.2772472496642464,6.0,3761.0,,,,,,
1155,sun3d-hotel_uc-scan3,47,16,sagereg_regen,861,0.0011614401858304,96.75009057027572,3.2350497590564022,False,0.3077000210032565,1.7291666666666667,2.0,1.3427014349951203,5.0,2251.0,,,,,,
1156,sun3d-hotel_uc-scan3,50,16,sagereg_regen,900,0.0033333333333333,117.64812070808333,2.9638702402598947,False,0.3237493740089121,1.8020833333333333,2.0,1.0538925875513152,6.0,3935.0,,,,,,
1157,sun3d-hotel_uc-scan3,52,16,sagereg_regen,1019,0.0235525024533856,0.6612041962706916,0.0751512933703683,True,0.3485891640011687,1.8229166666666667,2.0,1.8744247262264764,6.0,3898.0,,,,,,
1158,sun3d-hotel_uc-scan3,18,17,sagereg_regen,960,0.021875,2.519475183979041,0.0796692469935171,True,0.3284964760023285,1.8020833333333333,2.0,1.2025762766307804,4.0,2641.0,,,,,,
1159,sun3d-hotel_uc-scan3,23,17,sagereg_regen,998,0.0070140280561122,3.6223807528739793,0.2399165488519922,True,0.3515184830030193,1.9375,2.0,2.410734800888004,5.0,3888.0,,,,,,
1160,sun3d-hotel_uc-scan3,34,17,sagereg_regen,816,0.017156862745098,1.0545186545449026,0.0773165915232222,True,0.2703815730055794,1.8020833333333333,2.0,1.8133334840268869,4.0,2042.0,,,,,,
1161,sun3d-hotel_uc-scan3,47,17,sagereg_regen,1107,0.007226738934056,142.6539933924388,3.593842239353213,False,0.3832539860013639,1.6666666666666667,2.0,1.730683844410249,6.0,1228.0,,,,,,
1162,sun3d-hotel_uc-scan3,53,17,sagereg_regen,1018,0.0088408644400785,163.5809529441743,3.4958632633738858,False,0.3444826810009544,1.8125,2.0,1.921445143034069,5.0,2384.0,,,,,,
1163,sun3d-hotel_uc-scan3,21,18,sagereg_regen,905,0.0994475138121546,2.3331013243629424,0.0485646399173985,True,0.3333013329975074,1.8958333333333333,2.0,2.002494645438613,6.0,4000.0,,,,,,
1164,sun3d-hotel_uc-scan3,34,18,sagereg_regen,841,0.0737217598097502,0.5963949232539013,0.0296248030035655,True,0.2834806050086627,1.875,2.0,1.7682355220263766,4.0,2877.0,,,,,,
1165,sun3d-hotel_uc-scan3,35,18,sagereg_regen,1138,0.0755711775043936,4.49026278478846,0.1840539746548259,True,0.3825105700016138,1.7708333333333333,2.0,1.8692105015050424,4.0,3619.0,,,,,,
1166,sun3d-hotel_uc-scan3,43,18,sagereg_regen,906,0.0033112582781456,98.71178494522871,0.8174897467815907,False,0.3195917840057518,1.65625,2.0,1.5217164986016254,6.0,2452.0,,,,,,
1167,sun3d-hotel_uc-scan3,44,18,sagereg_regen,882,0.0453514739229024,1.2467595274632104,0.0564754838226193,True,0.3260321650013793,1.8125,2.0,1.8842158789785477,5.0,5723.0,,,,,,
1168,sun3d-hotel_uc-scan3,46,18,sagereg_regen,953,0.0661070304302203,1.5765561499592164,0.0812440049351552,True,0.3137848709957325,1.8541666666666667,2.0,1.8473471048044463,2.0,2627.0,,,,,,
1169,sun3d-hotel_uc-scan3,53,18,sagereg_regen,1054,0.0351043643263757,1.1816789681226048,0.0777964696240829,True,0.3560317770024994,1.8020833333333333,2.0,1.8025831877880896,5.0,2218.0,,,,,,
1170,sun3d-hotel_uc-scan3,54,18,sagereg_regen,947,0.0348468848996832,1.8819178386302864,0.0580435377663084,True,0.3243165439998847,1.8020833333333333,2.0,1.591037970082518,4.0,3537.0,,,,,,
1171,sun3d-hotel_uc-scan3,35,19,sagereg_regen,846,0.0035460992907801,120.12416390921092,6.195759406287036,False,0.3178298890052247,1.8020833333333333,2.0,1.599479375181034,5.0,4202.0,,,,,,
1172,sun3d-hotel_uc-scan3,44,19,sagereg_regen,752,0.0079787234042553,114.16728552383394,3.653261180168896,False,0.2901510030060308,1.8333333333333333,2.0,2.1331183788223336,6.0,4267.0,,,,,,
1173,sun3d-hotel_uc-scan3,45,19,sagereg_regen,765,0.0130718954248366,101.77889437570931,3.5163562890397566,False,0.3020176630016067,1.8333333333333333,2.0,1.9124332738712384,6.0,5806.0,,,,,,
1174,sun3d-hotel_uc-scan3,54,19,sagereg_regen,650,0.0015384615384615,9.245061089468724,1.2636787378846026,False,0.2508398790014325,1.7291666666666667,2.0,1.8952287477368217,6.0,4160.0,,,,,,
1175,sun3d-hotel_uc-scan3,21,20,sagereg_regen,953,0.0640083945435466,2.567701537066296,0.0376055399754818,True,0.3286828140044235,1.875,2.0,1.6171584125548004,4.0,3416.0,,,,,,
1176,sun3d-hotel_uc-scan3,34,20,sagereg_regen,759,0.0408432147562582,0.7621828676857981,0.0387539976197015,True,0.2592461469976115,1.6979166666666667,2.0,1.8016292533026557,4.0,1917.0,,,,,,
1177,sun3d-hotel_uc-scan3,35,20,sagereg_regen,1084,0.0544280442804428,4.717219217525144,0.2053106083192139,True,0.3614787810001871,1.8645833333333333,2.0,1.7235812604943583,2.0,2193.0,,,,,,
1178,sun3d-hotel_uc-scan3,37,20,sagereg_regen,621,0.003220611916264,148.52905309158024,2.8394209537878363,False,0.2246022350082057,1.5729166666666667,2.0,1.7906084563794424,4.0,2987.0,,,,,,
1179,sun3d-hotel_uc-scan3,43,20,sagereg_regen,892,0.0044843049327354,8.179023785125775,0.3875404221158565,False,0.3160640880014398,1.6666666666666667,2.0,1.2077183650440264,5.0,3637.0,,,,,,
1180,sun3d-hotel_uc-scan3,44,20,sagereg_regen,965,0.0300518134715025,2.188129068340518,0.0340844264516303,True,0.3509321689998614,1.7708333333333333,2.0,2.015905698317983,6.0,5227.0,,,,,,
1181,sun3d-hotel_uc-scan3,45,20,sagereg_regen,954,0.0335429769392033,1.3464516643977396,0.0508887362033176,True,0.3453831129954778,1.78125,2.0,1.673516992543897,6.0,5127.0,,,,,,
1182,sun3d-hotel_uc-scan3,46,20,sagereg_regen,903,0.0420819490586932,2.060188125527222,0.0947555695815421,True,0.3055684370046947,1.8333333333333333,2.0,1.9209892200348384,3.0,1961.0,,,,,,
1183,sun3d-hotel_uc-scan3,53,20,sagereg_regen,965,0.0176165803108808,2.3782020194753373,0.1067504642420422,True,0.3218450860003941,1.75,2.0,1.7489766786429364,6.0,1882.0,,,,,,
1184,sun3d-hotel_uc-scan3,54,20,sagereg_regen,988,0.0364372469635627,1.5627006572831186,0.0620029891272359,True,0.3410426900009042,1.8333333333333333,2.0,1.8780714372165448,6.0,2305.0,,,,,,
1185,sun3d-hotel_uc-scan3,34,21,sagereg_regen,686,0.0583090379008746,1.4245736909658702,0.0886083327969554,True,0.2355821959936292,1.8125,2.0,1.3939948248018188,6.0,2487.0,,,,,,
1186,sun3d-hotel_uc-scan3,35,21,sagereg_regen,939,0.0170394036208732,5.0156584232354255,0.2667051542866642,True,0.3123566740032402,1.90625,2.0,1.4375626365944676,6.0,1815.0,,,,,,
1187,sun3d-hotel_uc-scan3,36,21,sagereg_regen,940,0.0244680851063829,1.682682884016793,0.0847566340335088,True,0.3198434230071143,1.8229166666666667,2.0,1.2910280611434155,6.0,2770.0,,,,,,
1188,sun3d-hotel_uc-scan3,43,21,sagereg_regen,824,0.0048543689320388,86.48282747465842,2.661408409685872,False,0.2955528860038612,1.6666666666666667,2.0,2.3624089564562265,6.0,2090.0,,,,,,
1189,sun3d-hotel_uc-scan3,45,21,sagereg_regen,830,0.0626506024096385,3.5825052471657544,0.1641317154391818,True,0.2805293670026003,1.8125,2.0,1.4014138188587493,4.0,2259.0,,,,,,
1190,sun3d-hotel_uc-scan3,46,21,sagereg_regen,861,0.089430894308943,1.6932798384963368,0.0843136584188763,True,0.2888985769968712,1.8645833333333333,2.0,1.7716429613259808,3.0,2616.0,,,,,,
1191,sun3d-hotel_uc-scan3,47,21,sagereg_regen,802,0.0074812967581047,151.30965677130175,2.9317660930524734,False,0.2892149589970358,1.7604166666666667,2.0,1.0604963754857577,4.0,1832.0,,,,,,
1192,sun3d-hotel_uc-scan3,53,21,sagereg_regen,890,0.0528089887640449,1.8182828291903876,0.0971621127325499,True,0.303570372001559,1.7291666666666667,2.0,2.101103206987456,6.0,2788.0,,,,,,
1193,sun3d-hotel_uc-scan3,54,21,sagereg_regen,877,0.0399087799315849,3.651238776620117,0.1623211098433974,True,0.2845645530032925,1.78125,2.0,1.6586837843320303,2.0,2167.0,,,,,,
1194,sun3d-hotel_uc-scan3,24,22,sagereg_regen,1147,0.006102877070619,127.90685979222016,2.1258407901801437,False,0.3913671409973176,1.7916666666666667,2.0,1.735495344056568,6.0,2981.0,,,,,,
1195,sun3d-hotel_uc-scan3,33,22,sagereg_regen,926,0.0032397408207343,156.27522307357555,2.2928275032060816,False,0.3346680870017735,1.90625,2.0,2.522387477721058,6.0,4730.0,,,,,,
1196,sun3d-hotel_uc-scan3,47,22,sagereg_regen,771,0.0012970168612191,55.008845704183024,2.3342243735728405,False,0.2840205409956979,1.7395833333333333,2.0,1.3431954906186048,6.0,2791.0,,,,,,
1197,sun3d-hotel_uc-scan3,48,22,sagereg_regen,1113,0.0008984725965858,172.6503784829175,3.915848531302755,False,0.3810716839943779,1.8854166666666667,2.0,1.262804905887824,6.0,3329.0,,,,,,
1198,sun3d-hotel_uc-scan3,49,22,sagereg_regen,1084,0.0027675276752767,83.98426676224236,2.6112704891651446,False,0.3935128020020784,1.6458333333333333,2.0,2.0352955493471803,6.0,4958.0,,,,,,
1199,sun3d-hotel_uc-scan3,51,22,sagereg_regen,940,0.0,179.85041907943622,4.69694503192,False,0.3373769799945876,1.78125,2.0,1.3154348774015432,6.0,2499.0,,,,,,
1200,sun3d-hotel_uc-scan3,52,22,sagereg_regen,941,0.0,78.92340663784623,2.806469509792377,False,0.3380859940007212,1.6770833333333333,2.0,1.3159696210813987,6.0,4960.0,,,,,,
1201,sun3d-hotel_uc-scan3,25,23,sagereg_regen,544,0.0165441176470588,178.2725703349289,4.462970165953343,False,0.2163341049963492,1.8645833333333333,2.0,1.3890542781478317,6.0,3460.0,,,,,,
1202,sun3d-hotel_uc-scan3,48,23,sagereg_regen,1163,0.0051590713671539,77.08136679829822,3.041541240759256,False,0.3851188180051395,1.8854166666666667,2.0,2.0092634463940016,4.0,1816.0,,,,,,
1203,sun3d-hotel_uc-scan3,50,23,sagereg_regen,1092,0.0054945054945054,89.77934020575132,2.8570495662861624,False,0.3886759570086724,1.71875,2.0,1.797196085252076,3.0,3362.0,,,,,,
1204,sun3d-hotel_uc-scan3,26,24,sagereg_regen,1008,0.0386904761904761,0.9689175309032544,0.0194891721126709,True,0.3385806789956405,1.8541666666666667,2.0,2.1683566270564776,4.0,3529.0,,,,,,
1205,sun3d-hotel_uc-scan3,48,24,sagereg_regen,1095,0.0337899543378995,11.298891628557332,0.6139174509290068,False,0.3910936989996116,1.8645833333333333,2.0,1.682866793055484,5.0,4343.0,,,,,,
1206,sun3d-hotel_uc-scan3,50,24,sagereg_regen,1042,0.0134357005758157,92.47715789248394,2.978259074673276,False,0.3700299069969333,1.6458333333333333,2.0,1.656395989325493,6.0,2450.0,,,,,,
1207,sun3d-hotel_uc-scan3,52,24,sagereg_regen,1024,0.0146484375,179.53029317841555,4.814083443337489,False,0.3527000750036677,1.8125,2.0,1.194235183765349,5.0,3199.0,,,,,,
1208,sun3d-hotel_uc-scan3,27,25,sagereg_regen,683,0.027818448023426,2.996103825654008,0.0933500055104442,True,0.2596011330024339,1.84375,2.0,2.529549518996732,6.0,2694.0,,,,,,
1209,sun3d-hotel_uc-scan3,28,25,sagereg_regen,494,0.0323886639676113,27.373460569553487,0.5815628907205076,False,0.1847988839945173,1.8333333333333333,2.0,1.5171342600473727,5.0,1847.0,,,,,,
1210,sun3d-hotel_uc-scan3,31,25,sagereg_regen,446,0.0134529147982062,93.13934528631845,1.3518748417737343,False,0.1629440260003321,1.9375,2.0,1.8459915528533613,6.0,2456.0,,,,,,
1211,sun3d-hotel_uc-scan3,32,25,sagereg_regen,643,0.0077760497667185,89.76861821484056,0.3504790510786322,False,0.2510908910044236,1.90625,2.0,1.9501177684472448,6.0,3470.0,,,,,,
1212,sun3d-hotel_uc-scan3,33,25,sagereg_regen,699,0.0042918454935622,104.78343613838972,0.9082897191729684,False,0.274208381997596,1.8541666666666667,2.0,1.2728891143323966,6.0,4261.0,,,,,,
1213,sun3d-hotel_uc-scan3,47,25,sagereg_regen,419,0.0,178.4233888719405,4.793865355214031,False,0.144724217003386,1.7395833333333333,2.0,1.5952435842996011,3.0,366.0,,,,,,
1214,sun3d-hotel_uc-scan3,50,25,sagereg_regen,313,0.0,131.39890640765503,5.095875503299906,False,0.1308712889949674,1.4479166666666667,2.0,1.6596533755537353,6.0,2585.0,,,,,,
1215,sun3d-hotel_uc-scan3,29,26,sagereg_regen,796,0.050251256281407,3.0139970471867383,0.0608559471878572,True,0.2764907299933838,1.9479166666666667,2.0,1.8088690908059948,4.0,3421.0,,,,,,
1216,sun3d-hotel_uc-scan3,49,26,sagereg_regen,1084,0.0092250922509225,5.219463847306989,2.3210237029254297,False,0.3960865480039501,1.65625,2.0,1.2455988222103964,5.0,5648.0,,,,,,
1217,sun3d-hotel_uc-scan3,30,29,sagereg_regen,581,0.0292598967297762,179.9420115982505,2.89970176670022,False,0.2171244839992141,1.9479166666666667,2.0,1.8324869799029195,6.0,2868.0,,,,,,
1218,sun3d-hotel_uc-scan3,31,30,sagereg_regen,374,0.0775401069518716,2.2877366527498437,0.0711500084854052,True,0.1315634570055408,1.9166666666666667,2.0,2.015614728323267,3.0,2131.0,,,,,,
1219,sun3d-hotel_uc-scan3,32,30,sagereg_regen,442,0.0226244343891402,15.01831365365363,0.6235161152297156,False,0.1534916069940664,1.875,2.0,1.8203583242417176,4.0,2763.0,,,,,,
1220,sun3d-hotel_uc-scan3,33,30,sagereg_regen,701,0.0199714693295292,4.729376268754576,0.1575221899438116,True,0.229999647999648,1.9375,2.0,1.831640447714548,2.0,2493.0,,,,,,
1221,sun3d-hotel_uc-scan3,48,30,sagereg_regen,675,0.0,179.1277698352214,6.082162450379652,False,0.2355680580003536,1.9270833333333333,2.0,1.360307977257119,6.0,3031.0,,,,,,
1222,sun3d-hotel_uc-scan3,34,31,sagereg_regen,355,0.0084507042253521,132.49404209328603,1.8858412529381128,False,0.1317079800064675,1.84375,2.0,1.2856904533386255,5.0,3112.0,,,,,,
1223,sun3d-hotel_uc-scan3,53,31,sagereg_regen,240,0.0,179.88827581526513,7.078526331246955,False,0.1054400710054324,1.5416666666666667,1.0,1.7609034642885566,6.0,2490.0,,,,,,
1224,sun3d-hotel_uc-scan3,34,32,sagereg_regen,470,0.002127659574468,160.72687512347093,2.7706809721325447,False,0.1555760880073649,1.7916666666666667,2.0,1.715436714612918,4.0,1382.0,,,,,,
1225,sun3d-hotel_uc-scan3,53,32,sagereg_regen,313,0.0,112.44399500147696,3.293242995337201,False,0.1067460349950124,1.1979166666666667,1.0,1.0051941038171688,5.0,1356.0,,,,,,
1226,sun3d-hotel_uc-scan3,35,33,sagereg_regen,604,0.0,7.689488381695637,0.2432717759743245,True,0.2255738680032664,1.5729166666666667,2.0,1.2587840093213607,6.0,1561.0,,,,,,
1227,sun3d-hotel_uc-scan3,46,33,sagereg_regen,629,0.027027027027027,4.889064308433539,0.1597944082864712,True,0.2215396960018552,1.6458333333333333,2.0,1.9541435988243772,3.0,3165.0,,,,,,
1228,sun3d-hotel_uc-scan3,43,34,sagereg_regen,733,0.0109140518417462,13.529980468738296,2.319570961314146,False,0.2815332289974321,1.6458333333333333,2.0,1.3807670005882628,6.0,4109.0,,,,,,
1229,sun3d-hotel_uc-scan3,44,34,sagereg_regen,748,0.052139037433155,2.1931323811124126,0.0788424362662318,True,0.2679553900088649,1.8229166666666667,2.0,1.4263470113687926,4.0,2446.0,,,,,,
1230,sun3d-hotel_uc-scan3,45,34,sagereg_regen,942,0.1231422505307855,4.259555739591908,0.133499952965033,True,0.3468745089921867,1.9270833333333333,2.0,1.6517850485417047,4.0,4302.0,,,,,,
1231,sun3d-hotel_uc-scan3,52,34,sagereg_regen,879,0.0204778156996587,2.4190464629199333,0.0971987473770528,True,0.3120518309951876,1.7708333333333333,2.0,2.598657354584949,4.0,3950.0,,,,,,
1232,sun3d-hotel_uc-scan3,36,35,sagereg_regen,1172,0.0563139931740614,4.111263515867024,0.124272127224855,True,0.3968316600003163,1.8854166666666667,2.0,1.665627710229734,5.0,2548.0,,,,,,
1233,sun3d-hotel_uc-scan3,43,35,sagereg_regen,988,0.0020242914979757,78.83914208746182,5.876431206589711,False,0.3503124689959804,1.6875,2.0,1.591703263868948,6.0,2497.0,,,,,,
1234,sun3d-hotel_uc-scan3,44,35,sagereg_regen,1155,0.0242424242424242,3.505712227685016,0.2049518586958123,True,0.4100178480075556,1.8541666666666667,2.0,1.65564159587842,6.0,3986.0,,,,,,
1235,sun3d-hotel_uc-scan3,45,35,sagereg_regen,1237,0.1083265966046887,2.1510429440146246,0.1294352359862711,True,0.4400431449976167,1.9375,2.0,1.852886866553267,6.0,5702.0,,,,,,
1236,sun3d-hotel_uc-scan3,46,35,sagereg_regen,1145,0.0960698689956331,4.889953107258777,0.1984177650847493,True,0.4201209530074266,1.9479166666666667,2.0,1.7902626909650317,3.0,5964.0,,,,,,
1237,sun3d-hotel_uc-scan3,53,35,sagereg_regen,1246,0.0385232744783306,4.699177260621181,0.1662109699585934,True,0.4507916669972474,1.8645833333333333,2.0,2.015386976418836,6.0,5403.0,,,,,,
1238,sun3d-hotel_uc-scan3,37,36,sagereg_regen,795,0.0188679245283018,1.8661319119142303,0.024755886135609,True,0.2888785579998512,1.75,2.0,2.496664689618372,6.0,3782.0,,,,,,
1239,sun3d-hotel_uc-scan3,43,36,sagereg_regen,1057,0.0047303689687795,78.61111079178461,1.7203921569251792,False,0.3560092449915828,1.6041666666666667,2.0,1.0441690007097209,5.0,2204.0,,,,,,
1240,sun3d-hotel_uc-scan3,44,36,sagereg_regen,1031,0.0397672162948593,1.5331300156362269,0.0562829228117782,True,0.3857046729972353,1.84375,2.0,2.313521952642516,5.0,7112.0,,,,,,
1241,sun3d-hotel_uc-scan3,45,36,sagereg_regen,1088,0.046875,2.162197374715748,0.0812452544630455,True,0.3851629709970439,1.8125,2.0,2.4267189446893824,4.0,6548.0,,,,,,
1242,sun3d-hotel_uc-scan3,42,37,sagereg_regen,466,0.0236051502145922,2.357472792405389,0.0447852092441078,True,0.1634619219985325,1.7604166666666667,2.0,1.4990399315845584,4.0,2251.0,,,,,,
1243,sun3d-hotel_uc-scan3,43,37,sagereg_regen,694,0.0028818443804034,177.87499239217806,3.2042322056365293,False,0.258329311007401,1.7916666666666667,2.0,1.9134227865922693,6.0,2887.0,,,,,,
1244,sun3d-hotel_uc-scan3,44,37,sagereg_regen,655,0.0198473282442748,5.204041736098996,0.1167146024453148,True,0.2357233159928,1.6666666666666667,2.0,2.07512414166743,5.0,1917.0,,,,,,
1245,sun3d-hotel_uc-scan3,42,38,sagereg_regen,338,0.0207100591715976,92.65636129921016,0.5489329698696127,False,0.1235917589947348,1.7916666666666667,2.0,2.307375242934421,6.0,1466.0,,,,,,
1246,sun3d-hotel_uc-scan3,44,39,sagereg_regen,522,0.0325670498084291,1.5698024393210566,0.0306847877792385,True,0.1814825130059034,1.7604166666666667,2.0,1.831293910608647,3.0,2063.0,,,,,,
1247,sun3d-hotel_uc-scan3,43,40,sagereg_regen,607,0.0313014827018121,1.2801780424715978,0.0341205032292623,True,0.2177407749986741,1.8333333333333333,2.0,2.1510903044149945,6.0,2615.0,,,,,,
1248,sun3d-hotel_uc-scan3,44,40,sagereg_regen,574,0.0313588850174216,2.4006865269198445,0.0498767265313108,True,0.2058822849940043,1.7708333333333333,2.0,1.4800013002537993,4.0,1630.0,,,,,,
1249,sun3d-hotel_uc-scan3,44,41,sagereg_regen,575,0.0452173913043478,3.700760243595464,0.0741321621204216,True,0.2153156970016425,1.7291666666666667,2.0,1.749510597028024,6.0,1942.0,,,,,,
1250,sun3d-hotel_uc-scan3,45,42,sagereg_regen,575,0.0417391304347826,2.4493534345833115,0.0976002745443621,True,0.2180627060079132,1.8125,2.0,2.1179491474246617,6.0,2590.0,,,,,,
1251,sun3d-hotel_uc-scan3,54,42,sagereg_regen,504,0.0039682539682539,107.44849524311432,2.851078056251973,False,0.1758069689967669,1.6666666666666667,2.0,2.0502694250779814,6.0,1138.0,,,,,,
1252,sun3d-hotel_uc-scan3,46,43,sagereg_regen,845,0.0153846153846153,163.16782247118556,5.682637581519556,False,0.2863515689969063,1.7708333333333333,2.0,1.4804900683132338,6.0,2007.0,,,,,,
1253,sun3d-hotel_uc-scan3,53,43,sagereg_regen,925,0.0205405405405405,3.2922464066484545,0.0782660335620383,True,0.3198857829993358,1.75,2.0,1.5754733680937096,6.0,2747.0,,,,,,
1254,sun3d-hotel_uc-scan3,46,44,sagereg_regen,819,0.0866910866910866,2.3982892210475173,0.0581613284508887,True,0.2900976339951739,1.8020833333333333,2.0,1.402599716536883,5.0,2605.0,,,,,,
1255,sun3d-hotel_uc-scan3,53,44,sagereg_regen,909,0.0484048404840484,3.042804543489011,0.0637129077381892,True,0.3142361729987897,1.8854166666666667,2.0,1.4377911135808146,4.0,2075.0,,,,,,
1256,sun3d-hotel_uc-scan3,53,45,sagereg_regen,1110,0.1261261261261261,2.9505649428187173,0.0699549780505194,True,0.386354524998751,1.875,2.0,2.2270459217203924,3.0,3850.0,,,,,,
1257,sun3d-hotel_uc-scan3,48,46,sagereg_regen,884,0.003393665158371,49.001253182521005,1.4370161115667024,False,0.3246068640000885,1.8125,2.0,1.8784483849430171,6.0,4514.0,,,,,,
1258,sun3d-hotel_uc-scan3,54,47,sagereg_regen,1065,0.04037558685446,7.126626207611278,0.2292807791473755,True,0.3816897720025736,1.7395833333333333,2.0,2.3844314595116645,6.0,3391.0,,,,,,
1259,sun3d-hotel_uc-scan3,53,48,sagereg_regen,877,0.0091220068415051,39.59283048396616,1.7684118952740835,False,0.3033721989995683,1.8020833333333333,2.0,1.8896154805030223,6.0,1956.0,,,,,,
1260,sun3d-hotel_uc-scan3,52,49,sagereg_regen,1408,0.0326704545454545,4.249035585034068,0.1819200171662348,True,0.4713012979991617,1.75,2.0,2.5272251337113527,5.0,3729.0,,,,,,
1261,sun3d-hotel_uc-scan3,52,51,sagereg_regen,1094,0.0767824497257769,1.8024451036562443,0.0348974663591441,True,0.3900258549983846,1.8229166666666667,2.0,2.6304230145944416,4.0,3682.0,,,,,,
1262,sun3d-hotel_umd-maryland_hotel1,8,0,sagereg_regen,1207,0.028169014084507,6.6494241066507,0.0438864148024367,True,0.4243337849984527,1.65625,2.0,1.991433427783136,5.0,2866.0,,,,,,
1263,sun3d-hotel_umd-maryland_hotel1,9,0,sagereg_regen,896,0.1696428571428571,2.493176117218284,0.0601469201505602,True,0.3419243479947909,1.90625,2.0,2.345578716523815,3.0,3257.0,,,,,,
1264,sun3d-hotel_umd-maryland_hotel1,10,0,sagereg_regen,797,0.0953575909661229,2.228893906922306,0.057320584745125,True,0.2919418769961339,1.8541666666666667,2.0,2.483747436993424,4.0,3174.0,,,,,,
1265,sun3d-hotel_umd-maryland_hotel1,15,0,sagereg_regen,771,0.0350194552529182,3.7062398524437152,0.0957177634911729,True,0.2775079159982851,1.7395833333333333,2.0,2.3998652428953027,4.0,2888.0,,,,,,
1266,sun3d-hotel_umd-maryland_hotel1,23,0,sagereg_regen,766,0.0182767624020887,4.984584890366159,0.1721176952352935,True,0.2785750780021772,1.6770833333333333,2.0,1.7254612211087663,6.0,4162.0,,,,,,
1267,sun3d-hotel_umd-maryland_hotel1,29,0,sagereg_regen,852,0.0011737089201877,175.01244871123836,5.15816245020469,False,0.3099897479987703,1.7604166666666667,2.0,1.871458242071786,6.0,4118.0,,,,,,
1268,sun3d-hotel_umd-maryland_hotel1,26,1,sagereg_regen,1089,0.0183654729109274,5.2939472431240215,0.2352437658303099,True,0.3795214239944471,1.7604166666666667,2.0,1.933710190573359,5.0,3606.0,,,,,,
1269,sun3d-hotel_umd-maryland_hotel1,3,2,sagereg_regen,1217,0.0443714050944946,3.856554426676964,0.1705344341622723,True,0.4332513440022012,1.7395833333333333,2.0,1.9398987417636084,6.0,4414.0,,,,,,
1270,sun3d-hotel_umd-maryland_hotel1,12,2,sagereg_regen,976,0.0102459016393442,55.25726990961218,1.5490509893593134,False,0.3487383329993463,1.7291666666666667,2.0,1.9444932579894096,6.0,2954.0,,,,,,
1271,sun3d-hotel_umd-maryland_hotel1,23,2,sagereg_regen,1227,0.0309698451507742,2.4354674740400504,0.1141304356155457,True,0.4613909760009846,1.7916666666666667,2.0,2.1704589655627906,6.0,7535.0,,,,,,
1272,sun3d-hotel_umd-maryland_hotel1,24,2,sagereg_regen,933,0.022508038585209,8.345711198976051,0.4888167732747722,False,0.33132177600055,1.84375,2.0,1.9105593592683896,4.0,3563.0,,,,,,
1273,sun3d-hotel_umd-maryland_hotel1,25,2,sagereg_regen,1052,0.023764258555133,5.529403049702721,0.229677645414181,True,0.3744583970037638,1.65625,2.0,1.7146961265171918,6.0,3229.0,,,,,,
1274,sun3d-hotel_umd-maryland_hotel1,11,3,sagereg_regen,897,0.0122630992196209,99.60562214490308,0.6141451685144472,False,0.3180733009940013,1.5729166666666667,1.0,1.1536072686748269,4.0,1007.0,,,,,,
1275,sun3d-hotel_umd-maryland_hotel1,15,3,sagereg_regen,1012,0.0128458498023715,31.58007484661897,0.6421928017643106,False,0.3694874660068308,1.6979166666666667,2.0,1.3569307016252938,6.0,5247.0,,,,,,
1276,sun3d-hotel_umd-maryland_hotel1,23,3,sagereg_regen,1001,0.0079920079920079,55.650465853614335,2.7770703304951905,False,0.3454793689961661,1.6875,2.0,1.19500275476814,4.0,3787.0,,,,,,
1277,sun3d-hotel_umd-maryland_hotel1,27,3,sagereg_regen,872,0.0240825688073394,96.10502869650075,3.592451949285697,False,0.3260777820032672,1.7291666666666667,2.0,2.2005557683494743,5.0,5166.0,,,,,,
1278,sun3d-hotel_umd-maryland_hotel1,28,3,sagereg_regen,973,0.0061664953751284,3.408906638895919,1.6925131321402993,False,0.3536919100006344,1.7291666666666667,2.0,2.23863096083081,4.0,5549.0,,,,,,
1279,sun3d-hotel_umd-maryland_hotel1,11,4,sagereg_regen,1087,0.0055197792088316,95.47636386682012,2.487173271341476,False,0.3971161209992715,1.8020833333333333,2.0,2.0343671805381733,6.0,2734.0,,,,,,
1280,sun3d-hotel_umd-maryland_hotel1,12,4,sagereg_regen,972,0.0360082304526749,1.8473311798666856,0.0669907987049975,True,0.3637323799994192,1.8020833333333333,2.0,2.1248928007943912,3.0,5444.0,,,,,,
1281,sun3d-hotel_umd-maryland_hotel1,16,4,sagereg_regen,1018,0.0157170923379174,115.82218957172633,0.7857442655482928,False,0.3774542299943277,1.6770833333333333,2.0,2.2864582448457136,5.0,7062.0,,,,,,
1282,sun3d-hotel_umd-maryland_hotel1,28,4,sagereg_regen,908,0.0220264317180616,0.4388390575654737,0.0511317202010882,True,0.3324383839935763,1.7708333333333333,2.0,1.7727192364962894,5.0,3647.0,,,,,,
1283,sun3d-hotel_umd-maryland_hotel1,7,5,sagereg_regen,942,0.0031847133757961,178.55858395319987,3.5661277520531613,False,0.3197047930007102,1.875,2.0,1.6729718413301362,5.0,1626.0,,,,,,
1284,sun3d-hotel_umd-maryland_hotel1,27,5,sagereg_regen,769,0.0247074122236671,179.51972086047945,3.2432530636233428,False,0.2634140650043264,1.8645833333333333,2.0,1.528443865178508,3.0,2656.0,,,,,,
1285,sun3d-hotel_umd-maryland_hotel1,33,5,sagereg_regen,583,0.0497427101200686,3.160304496205882,0.0227430241133656,True,0.2267007430054946,1.8229166666666667,2.0,2.0656044238812465,6.0,3157.0,,,,,,
1286,sun3d-hotel_umd-maryland_hotel1,34,5,sagereg_regen,325,0.003076923076923,83.76871670946707,1.2067923906583533,False,0.117043073005334,1.78125,2.0,1.1274602920719785,5.0,994.0,,,,,,
1287,sun3d-hotel_umd-maryland_hotel1,35,5,sagereg_regen,462,0.0432900432900432,2.0409501276990816,0.0354829173023484,True,0.1859673260041745,1.78125,2.0,2.099968472814222,6.0,2085.0,,,,,,
1288,sun3d-hotel_umd-maryland_hotel1,7,6,sagereg_regen,1038,0.0009633911368015,119.98868880041964,4.107581735470682,False,0.3704540559992892,1.6875,2.0,1.2131771504978208,4.0,3625.0,,,,,,
1289,sun3d-hotel_umd-maryland_hotel1,19,6,sagereg_regen,1309,0.0022918258212375,91.29017337558533,2.125928761071996,False,0.4426458419984556,1.71875,2.0,1.1228689918750865,6.0,2237.0,,,,,,
1290,sun3d-hotel_umd-maryland_hotel1,22,6,sagereg_regen,1197,0.0258980785296574,2.1772746659258404,0.1813207805411766,True,0.4346293689959566,1.75,2.0,1.572036412641269,4.0,7821.0,,,,,,
1291,sun3d-hotel_umd-maryland_hotel1,33,6,sagereg_regen,615,0.0146341463414634,95.18555572809602,1.3881507066775294,False,0.2414006780018098,1.7395833333333333,2.0,1.1625631562741463,6.0,4576.0,,,,,,
1292,sun3d-hotel_umd-maryland_hotel1,34,6,sagereg_regen,343,0.0466472303206997,2.687176366020286,0.067354460718589,True,0.1407418309972854,1.7604166666666667,2.0,2.343056373352014,6.0,4317.0,,,,,,
1293,sun3d-hotel_umd-maryland_hotel1,35,6,sagereg_regen,605,0.0165289256198347,0.9088767551420822,0.0536045734228185,True,0.2461661580018699,1.8333333333333333,2.0,1.3341160109024008,6.0,4947.0,,,,,,
1294,sun3d-hotel_umd-maryland_hotel1,36,6,sagereg_regen,756,0.0,119.86655189058744,1.554203473754002,False,0.2929691999961505,1.84375,2.0,1.5011761677387858,6.0,5539.0,,,,,,
1295,sun3d-hotel_umd-maryland_hotel1,37,6,sagereg_regen,867,0.0,124.95986039840764,1.983284332762177,False,0.3267345049971482,1.8541666666666667,2.0,1.806695200421925,6.0,4190.0,,,,,,
1296,sun3d-hotel_umd-maryland_hotel1,8,7,sagereg_regen,1230,0.0121951219512195,3.393983898683081,0.1811568665711063,True,0.4324069020003662,1.6979166666666667,2.0,1.971153911980752,4.0,4346.0,,,,,,
1297,sun3d-hotel_umd-maryland_hotel1,9,7,sagereg_regen,790,0.0012658227848101,161.37594182416933,5.061949683471134,False,0.2853722630025004,1.8229166666666667,2.0,1.5629652871002655,5.0,2125.0,,,,,,
1298,sun3d-hotel_umd-maryland_hotel1,10,7,sagereg_regen,828,0.0120772946859903,9.13468191072842,0.4780843175766188,False,0.3006162419987959,1.7083333333333333,2.0,1.4212556628157076,6.0,2460.0,,,,,,
1299,sun3d-hotel_umd-maryland_hotel1,11,7,sagereg_regen,1008,0.0128968253968253,101.54251702225568,5.303212498292016,False,0.3461137019985472,1.84375,2.0,1.441478509847101,6.0,2089.0,,,,,,
1300,sun3d-hotel_umd-maryland_hotel1,13,7,sagereg_regen,1084,0.03690036900369,1.609502492142225,0.1112982709465511,True,0.3770333150023361,1.9270833333333333,2.0,2.5044167237538177,6.0,3177.0,,,,,,
1301,sun3d-hotel_umd-maryland_hotel1,18,7,sagereg_regen,1268,0.0126182965299684,6.875841776710612,0.345013851154752,False,0.4406336700048996,1.78125,2.0,1.9018491955118224,6.0,5590.0,,,,,,
1302,sun3d-hotel_umd-maryland_hotel1,20,7,sagereg_regen,372,0.032258064516129,26.090952153876607,0.6597132012507195,False,0.131662364998192,1.65625,2.0,1.4316302559543654,6.0,2370.0,,,,,,
1303,sun3d-hotel_umd-maryland_hotel1,21,7,sagereg_regen,742,0.0283018867924528,1.5155172874884637,0.0603252671546015,True,0.2734264969985815,1.8333333333333333,2.0,1.6566577492145058,6.0,3215.0,,,,,,
1304,sun3d-hotel_umd-maryland_hotel1,22,7,sagereg_regen,1104,0.0063405797101449,79.79094632773264,1.6222850714662882,False,0.3883882250011083,1.8020833333333333,2.0,2.022214125448268,6.0,4121.0,,,,,,
1305,sun3d-hotel_umd-maryland_hotel1,29,7,sagereg_regen,1034,0.0077369439071566,178.617003777333,1.381506566479284,False,0.365532063995488,1.8541666666666667,2.0,2.1026443941178377,5.0,3134.0,,,,,,
1306,sun3d-hotel_umd-maryland_hotel1,30,7,sagereg_regen,799,0.016270337922403,87.29536444505015,2.1170547340442187,False,0.2971596790011972,1.8645833333333333,2.0,2.361202963627655,4.0,4790.0,,,,,,
1307,sun3d-hotel_umd-maryland_hotel1,31,7,sagereg_regen,1001,0.0249750249750249,1.9718572822704508,0.0336704199385199,True,0.3597764829974039,1.8333333333333333,2.0,1.7350917432407296,6.0,4565.0,,,,,,
1308,sun3d-hotel_umd-maryland_hotel1,32,7,sagereg_regen,1156,0.0017301038062283,129.18978011479317,3.1734465023097216,False,0.3871836770049413,1.8645833333333333,2.0,2.134233955541702,4.0,1676.0,,,,,,
1309,sun3d-hotel_umd-maryland_hotel1,36,7,sagereg_regen,829,0.0012062726176115,47.69226749025696,1.3812901244152942,False,0.2978903930052183,1.8958333333333333,2.0,2.137100767943464,6.0,3527.0,,,,,,
1310,sun3d-hotel_umd-maryland_hotel1,37,7,sagereg_regen,1034,0.0009671179883945,36.19127005795989,1.3495187132505535,False,0.3627983579935971,1.84375,2.0,2.004275251208772,6.0,4191.0,,,,,,
1311,sun3d-hotel_umd-maryland_hotel1,10,8,sagereg_regen,1295,0.0664092664092664,2.668700624095019,0.1173111179122094,True,0.490484768000897,1.8229166666666667,2.0,2.434315585695398,6.0,8036.0,,,,,,
1312,sun3d-hotel_umd-maryland_hotel1,19,8,sagereg_regen,1473,0.0142566191446028,163.93033729654914,3.265755839160273,False,0.4776889790009591,1.8541666666666667,2.0,2.0810672685255835,2.0,4912.0,,,,,,
1313,sun3d-hotel_umd-maryland_hotel1,20,8,sagereg_regen,571,0.0472854640980735,2.335672722785901,0.0611677919030547,True,0.2132786229994963,1.7708333333333333,2.0,1.8271591733582884,4.0,3637.0,,,,,,
1314,sun3d-hotel_umd-maryland_hotel1,21,8,sagereg_regen,1149,0.0243690165361183,3.627104584721061,0.102795648815789,True,0.4175299689886742,1.7083333333333333,2.0,2.3148058877504245,6.0,5863.0,,,,,,
1315,sun3d-hotel_umd-maryland_hotel1,26,8,sagereg_regen,1463,0.0218728639781271,2.5169918832254985,0.1492842980594461,True,0.5148573620026582,1.7395833333333333,2.0,2.445826646451802,3.0,5921.0,,,,,,
1316,sun3d-hotel_umd-maryland_hotel1,31,8,sagereg_regen,1460,0.0157534246575342,8.40371976631636,0.2924406032876393,True,0.5090563010016922,1.8125,2.0,2.3867893536855243,4.0,7252.0,,,,,,
1317,sun3d-hotel_umd-maryland_hotel1,14,9,sagereg_regen,922,0.150759219088937,2.6004457311258142,0.0321193480063312,True,0.3341429470019648,1.9375,2.0,2.088074311335216,3.0,3417.0,,,,,,
1318,sun3d-hotel_umd-maryland_hotel1,19,9,sagereg_regen,899,0.0066740823136818,6.702023973667144,2.222419539648073,False,0.3057970399968326,1.8020833333333333,2.0,1.7266620194424578,5.0,2166.0,,,,,,
1319,sun3d-hotel_umd-maryland_hotel1,20,9,sagereg_regen,460,0.0956521739130434,1.7684330604804674,0.0457308854816523,True,0.1736423120019026,1.9270833333333333,2.0,1.9622504967930008,5.0,2431.0,,,,,,
1320,sun3d-hotel_umd-maryland_hotel1,21,9,sagereg_regen,685,0.0218978102189781,34.48288623206132,0.743706388938283,False,0.2580248060039594,1.8229166666666667,2.0,1.506172623265174,6.0,2208.0,,,,,,
1321,sun3d-hotel_umd-maryland_hotel1,24,9,sagereg_regen,721,0.0180305131761442,137.79354734592104,1.7591120681783146,False,0.253180459003488,1.8541666666666667,2.0,1.8038571697647476,2.0,4157.0,,,,,,
1322,sun3d-hotel_umd-maryland_hotel1,25,9,sagereg_regen,824,0.0242718446601941,1.90178612404567,0.0167960216867372,True,0.3009726049931487,1.8020833333333333,2.0,1.8814952248786032,5.0,4252.0,,,,,,
1323,sun3d-hotel_umd-maryland_hotel1,29,9,sagereg_regen,898,0.0077951002227171,102.13370695037696,3.440642767984257,False,0.3146029730050941,1.8229166666666667,2.0,2.1459273476333665,3.0,2606.0,,,,,,
1324,sun3d-hotel_umd-maryland_hotel1,31,9,sagereg_regen,920,0.0206521739130434,40.823866963772666,0.2557884064019224,False,0.3044904929993208,1.90625,2.0,1.71038042878657,0.0,2153.0,,,,,,
1325,sun3d-hotel_umd-maryland_hotel1,13,10,sagereg_regen,819,0.0183150183150183,149.250723625372,3.6386012415664646,False,0.2766681459979736,1.8125,2.0,1.44131565657793,3.0,2356.0,,,,,,
1326,sun3d-hotel_umd-maryland_hotel1,14,10,sagereg_regen,804,0.1194029850746268,2.85042853737786,0.0871186569254044,True,0.2967889069986995,1.9166666666666667,2.0,2.3992244524648223,4.0,3425.0,,,,,,
1327,sun3d-hotel_umd-maryland_hotel1,19,10,sagereg_regen,827,0.0,3.026608090675734,2.166692813008236,False,0.2793315539965988,1.7708333333333333,2.0,1.0821365012727064,4.0,2716.0,,,,,,
1328,sun3d-hotel_umd-maryland_hotel1,20,10,sagereg_regen,391,0.0511508951406649,2.8388847677453,0.0792612793415163,True,0.1418278560013277,1.7916666666666667,2.0,1.8692917413332772,4.0,1801.0,,,,,,
1329,sun3d-hotel_umd-maryland_hotel1,21,10,sagereg_regen,664,0.003012048192771,5.1562054526991,2.229409417533049,False,0.2495176960073877,1.875,2.0,1.7450542568754606,6.0,3115.0,,,,,,
1330,sun3d-hotel_umd-maryland_hotel1,23,10,sagereg_regen,750,0.012,167.62665793117242,2.371841272688056,False,0.2811021119996439,1.6458333333333333,2.0,1.124161744992715,6.0,2804.0,,,,,,
1331,sun3d-hotel_umd-maryland_hotel1,24,10,sagereg_regen,701,0.0156918687589158,4.873023825986421,0.1063753046856587,True,0.2574514260049909,1.8020833333333333,2.0,1.8411517723062805,6.0,2629.0,,,,,,
1332,sun3d-hotel_umd-maryland_hotel1,25,10,sagereg_regen,853,0.0105509964830011,114.02047159508128,4.498820664509963,False,0.2956085979967611,1.8020833333333333,2.0,1.4708471377030323,5.0,1499.0,,,,,,
1333,sun3d-hotel_umd-maryland_hotel1,29,10,sagereg_regen,857,0.0035005834305717,179.1271495290342,3.4291635364868736,False,0.3120487629930721,1.9166666666666667,2.0,1.6833637191797468,3.0,3086.0,,,,,,
1334,sun3d-hotel_umd-maryland_hotel1,17,11,sagereg_regen,1208,0.0041390728476821,178.5042393936749,2.7255712409774078,False,0.4131079710059566,1.6145833333333333,2.0,1.4500166857084296,6.0,3464.0,,,,,,
1335,sun3d-hotel_umd-maryland_hotel1,18,11,sagereg_regen,1234,0.0226904376012965,2.375202007321099,0.0678095527957267,True,0.4407189240009757,1.8020833333333333,2.0,1.7382705314514335,6.0,4496.0,,,,,,
1336,sun3d-hotel_umd-maryland_hotel1,27,11,sagereg_regen,955,0.0052356020942408,179.02748627265248,4.429155003016449,False,0.3386835560013423,1.84375,2.0,1.1814647180235902,4.0,4028.0,,,,,,
1337,sun3d-hotel_umd-maryland_hotel1,28,11,sagereg_regen,942,0.0021231422505307,162.0109324830163,4.165666748701402,False,0.3210628140004701,1.7916666666666667,2.0,1.486883647764132,3.0,2542.0,,,,,,
1338,sun3d-hotel_umd-maryland_hotel1,32,11,sagereg_regen,947,0.0031678986272439,120.8210185061953,2.971139214247212,False,0.3514447060006205,1.71875,2.0,1.4346244908443768,6.0,4754.0,,,,,,
1339,sun3d-hotel_umd-maryland_hotel1,15,12,sagereg_regen,854,0.0,167.29276385912135,3.8905599374439137,False,0.3040835700012394,1.8125,2.0,2.212560550738049,6.0,2388.0,,,,,,
1340,sun3d-hotel_umd-maryland_hotel1,23,12,sagereg_regen,858,0.0011655011655011,179.62501016612202,4.903448737840809,False,0.2941516339997179,1.71875,2.0,1.8445892998707831,6.0,1045.0,,,,,,
1341,sun3d-hotel_umd-maryland_hotel1,27,12,sagereg_regen,715,0.0069930069930069,45.90641563776516,2.4253494286474893,False,0.2598523459964781,1.6666666666666667,2.0,1.9168915548378584,5.0,2496.0,,,,,,
1342,sun3d-hotel_umd-maryland_hotel1,28,12,sagereg_regen,793,0.0201765447667087,54.21276704429449,2.4308123237067973,False,0.2821186470027896,1.7916666666666667,2.0,1.776297378594053,6.0,2818.0,,,,,,
1343,sun3d-hotel_umd-maryland_hotel1,29,12,sagereg_regen,731,0.0,96.98700565552288,3.4183971711329515,False,0.2646889900133828,1.6666666666666667,2.0,1.77452022336561,4.0,3302.0,,,,,,
1344,sun3d-hotel_umd-maryland_hotel1,25,13,sagereg_regen,937,0.0213447171824973,179.62511286377338,3.0636767258140645,False,0.305428227999073,1.9166666666666667,2.0,1.668082928754802,5.0,2277.0,,,,,,
1345,sun3d-hotel_umd-maryland_hotel1,26,13,sagereg_regen,932,0.0010729613733905,91.77001004038756,0.9572420296497788,False,0.3284024669992504,1.7604166666666667,2.0,1.768868247636683,6.0,2855.0,,,,,,
1346,sun3d-hotel_umd-maryland_hotel1,15,14,sagereg_regen,766,0.0352480417754569,2.0495690280463883,0.050926831484499,True,0.274384287004068,1.6875,2.0,2.084237210763541,4.0,4070.0,,,,,,
1347,sun3d-hotel_umd-maryland_hotel1,29,14,sagereg_regen,790,0.0050632911392405,69.18977583390605,3.935648520667118,False,0.2820950790046481,1.7291666666666667,2.0,1.30623106294192,6.0,2019.0,,,,,,
1348,sun3d-hotel_umd-maryland_hotel1,24,15,sagereg_regen,841,0.0237812128418549,3.8712087511151134,0.1253840636334235,True,0.3003880719988956,1.7916666666666667,2.0,2.232751782837981,5.0,3755.0,,,,,,
1349,sun3d-hotel_umd-maryland_hotel1,25,15,sagereg_regen,942,0.0456475583864118,2.8996199343852034,0.1485883318781329,True,0.3346164399990812,1.875,2.0,2.306372745073044,5.0,3939.0,,,,,,
1350,sun3d-hotel_umd-maryland_hotel1,18,17,sagereg_regen,1430,0.0104895104895104,4.4235776562777325,0.2489754138465873,True,0.4841923150015645,1.75,2.0,1.763645736699794,5.0,2858.0,,,,,,
1351,sun3d-hotel_umd-maryland_hotel1,22,17,sagereg_regen,1421,0.0337790288529204,0.952387992331772,0.0365346845038051,True,0.4662030679974123,1.78125,2.0,2.1818514583887243,2.0,4052.0,,,,,,
1352,sun3d-hotel_umd-maryland_hotel1,27,17,sagereg_regen,1082,0.0499075785582255,1.387621578522191,0.0304985038327636,True,0.3899737180036027,1.8854166666666667,2.0,1.3944887999523965,6.0,6476.0,,,,,,
1353,sun3d-hotel_umd-maryland_hotel1,29,17,sagereg_regen,1096,0.0027372262773722,72.90216611470302,1.343570484300979,False,0.4076487019992783,1.7291666666666667,2.0,1.364384670622138,5.0,5347.0,,,,,,
1354,sun3d-hotel_umd-maryland_hotel1,32,17,sagereg_regen,1031,0.0126091173617846,56.95230365385637,2.36771169769356,False,0.3702682870061835,1.78125,2.0,1.7600572078046448,6.0,5590.0,,,,,,
1355,sun3d-hotel_umd-maryland_hotel1,19,18,sagereg_regen,1115,0.0125560538116591,1.398525044827995,0.0301203466148649,True,0.3884006080043036,1.6666666666666667,2.0,1.483249107758594,6.0,4009.0,,,,,,
1356,sun3d-hotel_umd-maryland_hotel1,27,18,sagereg_regen,1058,0.0056710775047258,179.2327309257325,3.423726258216341,False,0.3662408399977721,1.8958333333333333,2.0,1.0907698835843664,6.0,4434.0,,,,,,
1357,sun3d-hotel_umd-maryland_hotel1,28,18,sagereg_regen,1099,0.0045495905368516,79.90535322108713,0.5557457758315513,False,0.3948544929953641,1.7604166666666667,2.0,2.4152924693732234,6.0,4084.0,,,,,,
1358,sun3d-hotel_umd-maryland_hotel1,32,18,sagereg_regen,1206,0.0074626865671641,1.80724001666566,0.1513603146825842,True,0.405384954996407,1.8541666666666667,2.0,2.110100322127386,6.0,5700.0,,,,,,
1359,sun3d-hotel_umd-maryland_hotel1,33,18,sagereg_regen,644,0.0201863354037267,177.93999899027366,3.749196542029092,False,0.2349523750017397,1.8541666666666667,2.0,1.5407641205840314,5.0,1945.0,,,,,,
1360,sun3d-hotel_umd-maryland_hotel1,35,18,sagereg_regen,546,0.0347985347985348,8.245633709296754,0.1394853309612157,True,0.2213413530043908,1.7395833333333333,2.0,2.2306456560917813,6.0,4826.0,,,,,,
1361,sun3d-hotel_umd-maryland_hotel1,36,18,sagereg_regen,850,0.0,178.88141322338083,3.508205487483393,False,0.3036906990018906,1.8854166666666667,2.0,1.7331873274052318,5.0,4022.0,,,,,,
1362,sun3d-hotel_umd-maryland_hotel1,20,19,sagereg_regen,484,0.1198347107438016,1.8384730578011912,0.0581326386604777,True,0.17440317600267,1.8645833333333333,2.0,1.9841001761862849,6.0,2432.0,,,,,,
1363,sun3d-hotel_umd-maryland_hotel1,30,19,sagereg_regen,661,0.0302571860816944,6.098175070069258,0.2584310360564877,True,0.235234647996549,1.8229166666666667,2.0,1.6076512781902783,4.0,3981.0,,,,,,
1364,sun3d-hotel_umd-maryland_hotel1,35,19,sagereg_regen,425,0.0070588235294117,85.2497004164408,3.192811160246073,False,0.136824239998532,1.625,2.0,1.872136344941454,6.0,1740.0,,,,,,
1365,sun3d-hotel_umd-maryland_hotel1,36,19,sagereg_regen,563,0.0035523978685612,117.67982469409228,1.2098058567529375,False,0.2061727660038741,1.7708333333333333,2.0,1.9060576299324536,6.0,3808.0,,,,,,
1366,sun3d-hotel_umd-maryland_hotel1,37,19,sagereg_regen,656,0.0,179.22175868257995,3.0158522970414645,False,0.2321332599967718,1.75,2.0,1.251595556539539,6.0,1787.0,,,,,,
1367,sun3d-hotel_umd-maryland_hotel1,27,22,sagereg_regen,945,0.0148148148148148,78.10209103274117,0.6946076480131036,False,0.3392608659996767,1.8854166666666667,2.0,1.2071075393801447,6.0,3980.0,,,,,,
1368,sun3d-hotel_umd-maryland_hotel1,33,22,sagereg_regen,589,0.0101867572156196,48.46366836362443,2.0809372844054743,False,0.2202899839976453,1.7395833333333333,2.0,1.87605574972385,6.0,2415.0,,,,,,
1369,sun3d-hotel_umd-maryland_hotel1,35,22,sagereg_regen,505,0.0316831683168316,3.2299102618205464,0.0784352276419608,True,0.1960461719936574,1.7604166666666667,2.0,1.5198012961715612,6.0,4405.0,,,,,,
1370,sun3d-hotel_umd-maryland_hotel1,24,23,sagereg_regen,935,0.0737967914438502,1.922146430339006,0.0567951807215709,True,0.3311564129980979,1.84375,2.0,2.0352673508896046,2.0,6486.0,,,,,,
1371,sun3d-hotel_umd-maryland_hotel1,25,23,sagereg_regen,1077,0.1039925719591457,1.8238084627098363,0.0798529996258701,True,0.3467893499982892,1.9270833333333333,2.0,2.14433588708433,1.0,7288.0,,,,,,
1372,sun3d-hotel_umd-maryland_hotel1,26,23,sagereg_regen,1011,0.0118694362017804,1.6518099306821803,0.0860119627534424,True,0.3642986510021728,1.7083333333333333,2.0,1.7510819044473158,6.0,4799.0,,,,,,
1373,sun3d-hotel_umd-maryland_hotel1,29,23,sagereg_regen,775,0.0025806451612903,180.0,3.9391745199878767,False,0.26824962500541,1.8229166666666667,2.0,1.347015810447714,4.0,4196.0,,,,,,
1374,sun3d-hotel_umd-maryland_hotel1,27,25,sagereg_regen,866,0.0034642032332563,131.88329174967103,5.441681280921847,False,0.2968962679951801,1.8645833333333333,2.0,1.446306730114198,6.0,2634.0,,,,,,
1375,sun3d-hotel_umd-maryland_hotel1,29,25,sagereg_regen,910,0.0681318681318681,0.5158511076740426,0.0491430858641802,True,0.3226279269947554,1.8229166666666667,2.0,2.2017882111493123,3.0,4051.0,,,,,,
1376,sun3d-hotel_umd-maryland_hotel1,32,25,sagereg_regen,760,0.0013157894736842,93.33880783185862,4.201660507204963,False,0.2792949170034262,1.8333333333333333,2.0,1.4746818509936563,6.0,3698.0,,,,,,
1377,sun3d-hotel_umd-maryland_hotel1,27,26,sagereg_regen,921,0.0618892508143322,0.3279631075202059,0.0328521983266612,True,0.318836573002045,1.8854166666666667,2.0,2.1140032791501517,2.0,3728.0,,,,,,
1378,sun3d-hotel_umd-maryland_hotel1,32,26,sagereg_regen,896,0.0770089285714285,0.7563130821318265,0.0410687632507771,True,0.318861638996168,1.8541666666666667,2.0,2.5201200548275158,4.0,4364.0,,,,,,
1379,sun3d-hotel_umd-maryland_hotel1,33,28,sagereg_regen,577,0.0173310225303292,86.55776251629845,0.94566499172738,False,0.2077813379946747,1.8020833333333333,2.0,1.7324503983937378,3.0,2136.0,,,,,,
1380,sun3d-hotel_umd-maryland_hotel1,33,32,sagereg_regen,604,0.009933774834437,180.0,2.9524617293870747,False,0.2158786840082029,1.8333333333333333,2.0,1.440486013637595,2.0,2137.0,,,,,,
1381,sun3d-hotel_umd-maryland_hotel1,36,35,sagereg_regen,408,0.0049019607843137,90.17074501285296,1.2605177116823063,False,0.1459467459935695,1.8645833333333333,2.0,1.505181056729743,4.0,2771.0,,,,,,
1382,sun3d-hotel_umd-maryland_hotel1,37,35,sagereg_regen,460,0.0,88.26605763199869,1.7568151112734232,False,0.1773714709997875,1.9375,2.0,1.4165547755513632,6.0,4166.0,,,,,,
1383,sun3d-hotel_umd-maryland_hotel1,38,36,sagereg_regen,455,0.0483516483516483,3.865207242001581,0.1272053963345452,True,0.1711104899950442,1.9791666666666667,2.0,2.518298133181468,5.0,3058.0,,,,,,
1384,sun3d-hotel_umd-maryland_hotel1,39,36,sagereg_regen,492,0.0101626016260162,88.09151979086572,0.9590545658052434,False,0.1860933279967866,1.8958333333333333,2.0,2.0683090233708894,6.0,2421.0,,,,,,
1385,sun3d-hotel_umd-maryland_hotel1,42,36,sagereg_regen,628,0.001592356687898,101.43004241399288,1.3348182787723804,False,0.2468303119967458,1.9375,2.0,1.631625828687988,6.0,5501.0,,,,,,
1386,sun3d-hotel_umd-maryland_hotel1,53,36,sagereg_regen,330,0.003030303030303,69.5311576680577,2.30878374622452,False,0.1243602270042174,1.6979166666666667,2.0,1.425990592102922,6.0,2115.0,,,,,,
1387,sun3d-hotel_umd-maryland_hotel1,55,36,sagereg_regen,457,0.0043763676148796,35.058155444702265,1.9724074636061704,False,0.1678016430014395,1.8333333333333333,2.0,1.350726295241962,6.0,2445.0,,,,,,
1388,sun3d-hotel_umd-maryland_hotel1,56,36,sagereg_regen,717,0.00278940027894,41.890544119661634,1.827820258784883,False,0.2668465319948154,1.75,2.0,2.482292175947576,6.0,2702.0,,,,,,
1389,sun3d-hotel_umd-maryland_hotel1,38,37,sagereg_regen,453,0.0463576158940397,1.3405093561770989,0.0458223189895383,True,0.1659142169955885,1.90625,2.0,2.715740372014405,3.0,3893.0,,,,,,
1390,sun3d-hotel_umd-maryland_hotel1,39,37,sagereg_regen,526,0.0019011406844106,91.89569237970385,1.0264718351292523,False,0.2039140820052125,1.8125,2.0,1.4979356199495737,6.0,3051.0,,,,,,
1391,sun3d-hotel_umd-maryland_hotel1,41,37,sagereg_regen,469,0.0319829424307036,6.219689083316549,0.3780666852683429,False,0.1790439600008539,1.9270833333333333,2.0,1.92578827706989,6.0,2982.0,,,,,,
1392,sun3d-hotel_umd-maryland_hotel1,42,37,sagereg_regen,718,0.0055710306406685,121.10049818123856,1.9690388143541568,False,0.2692999310020241,1.875,2.0,1.5255051476807304,6.0,4076.0,,,,,,
1393,sun3d-hotel_umd-maryland_hotel1,55,37,sagereg_regen,536,0.0,52.96477408998162,0.9039229905495504,False,0.2029033969956799,1.8541666666666667,2.0,1.21349917886434,6.0,2911.0,,,,,,
1394,sun3d-hotel_umd-maryland_hotel1,56,37,sagereg_regen,822,0.0012165450121654,10.205260454920046,0.4351107186376864,False,0.296970629999123,1.7083333333333333,2.0,1.4192809198062943,6.0,2376.0,,,,,,
1395,sun3d-hotel_umd-maryland_hotel1,55,38,sagereg_regen,443,0.0045146726862302,135.79987582628488,2.636056677159187,False,0.1570001110012526,1.90625,2.0,2.624519642510392,6.0,2483.0,,,,,,
1396,sun3d-hotel_umd-maryland_hotel1,41,40,sagereg_regen,313,0.0447284345047923,1.157495505043399,0.0299884886611469,True,0.1214626939981826,1.8541666666666667,2.0,1.9167940811708333,4.0,2032.0,,,,,,
1397,sun3d-hotel_umd-maryland_hotel1,42,41,sagereg_regen,449,0.0022271714922048,76.63681977353222,0.4695574608767685,False,0.1648714070106507,1.9479166666666667,2.0,1.4469405100971746,6.0,1538.0,,,,,,
1398,sun3d-hotel_umd-maryland_hotel1,53,41,sagereg_regen,310,0.0,92.49835975920774,3.475424950668435,False,0.1185489199997391,1.90625,2.0,1.84741714587104,3.0,1196.0,,,,,,
1399,sun3d-hotel_umd-maryland_hotel1,55,41,sagereg_regen,458,0.0131004366812227,179.57291348223123,4.235015826485638,False,0.1619733719999203,1.8854166666666667,2.0,1.8483763789903644,2.0,1382.0,,,,,,
1400,sun3d-hotel_umd-maryland_hotel1,53,42,sagereg_regen,406,0.0024630541871921,108.4216257497917,1.125957692751293,False,0.1474761220015352,1.875,2.0,1.2157153159151757,6.0,1487.0,,,,,,
1401,sun3d-hotel_umd-maryland_hotel1,55,42,sagereg_regen,580,0.0189655172413793,11.008906890648808,0.2865757652785896,True,0.2206856779957888,1.8958333333333333,2.0,1.940657127506996,2.0,3929.0,,,,,,
1402,sun3d-hotel_umd-maryland_hotel1,45,43,sagereg_regen,454,0.0198237885462555,4.2422846176533895,0.0650533432197441,True,0.1543539740014239,1.6770833333333333,2.0,1.5845933846515152,6.0,2465.0,,,,,,
1403,sun3d-hotel_umd-maryland_hotel1,48,43,sagereg_regen,450,0.0355555555555555,4.170031537297524,0.0708587693521861,True,0.1618977949910913,1.9270833333333333,2.0,1.661269297890814,1.0,2543.0,,,,,,
1404,sun3d-hotel_umd-maryland_hotel1,49,43,sagereg_regen,463,0.060475161987041,120.13842241304025,2.5003064883053265,False,0.1731452969979727,1.9479166666666667,2.0,1.9795360564111968,5.0,1521.0,,,,,,
1405,sun3d-hotel_umd-maryland_hotel1,53,43,sagereg_regen,437,0.0,116.86538734672187,1.0638884833245728,False,0.1679584989979048,1.8125,2.0,1.9625552382520015,6.0,2669.0,,,,,,
1406,sun3d-hotel_umd-maryland_hotel1,55,43,sagereg_regen,667,0.0044977511244377,80.9570067692783,1.6462244239242994,False,0.2421476449962938,1.90625,2.0,1.8850914859208567,6.0,3670.0,,,,,,
1407,sun3d-hotel_umd-maryland_hotel1,45,44,sagereg_regen,409,0.097799511002445,2.937508204237009,0.0503314784753885,True,0.1435042439989047,1.84375,2.0,1.5169409690138802,4.0,1748.0,,,,,,
1408,sun3d-hotel_umd-maryland_hotel1,47,44,sagereg_regen,375,0.0773333333333333,4.475763893193738,0.0687295712980543,True,0.1391253779947874,1.90625,2.0,2.0396105746765376,6.0,1896.0,,,,,,
1409,sun3d-hotel_umd-maryland_hotel1,52,44,sagereg_regen,378,0.0105820105820105,86.73015964739807,2.2617501719971744,False,0.138048795000941,1.9270833333333333,2.0,1.3554285494885296,6.0,1643.0,,,,,,
1410,sun3d-hotel_umd-maryland_hotel1,46,45,sagereg_regen,252,0.1468253968253968,2.7300453260173487,0.0372819213618071,True,0.095861829999194,1.8645833333333333,2.0,2.3665272190434794,2.0,1037.0,,,,,,
1411,sun3d-hotel_umd-maryland_hotel1,48,47,sagereg_regen,309,0.0485436893203883,33.22222787183009,0.6848933013319886,False,0.1136431230042944,1.9166666666666667,2.0,2.2464821255891105,6.0,1183.0,,,,,,
1412,sun3d-hotel_umd-maryland_hotel1,56,47,sagereg_regen,510,0.0098039215686274,173.7583345724447,3.453459398935683,False,0.1813001909977174,1.6979166666666667,2.0,1.9347417907370408,6.0,1768.0,,,,,,
1413,sun3d-hotel_umd-maryland_hotel1,49,48,sagereg_regen,336,0.0,117.25711234654251,1.0257954056635394,False,0.132370967992756,1.8229166666666667,2.0,1.6781818332900844,6.0,2170.0,,,,,,
1414,sun3d-hotel_umd-maryland_hotel1,54,49,sagereg_regen,401,0.0049875311720698,87.00802503571335,0.8452349153714452,False,0.1414689130106126,1.8958333333333333,2.0,2.1556366366456445,6.0,1322.0,,,,,,
1415,sun3d-hotel_umd-maryland_hotel1,55,50,sagereg_regen,457,0.1028446389496717,0.6463038381266116,0.0274961379147533,True,0.1631703899984131,1.9479166666666667,2.0,2.640337853808586,5.0,1858.0,,,,,,
1416,sun3d-hotel_umd-maryland_hotel1,55,51,sagereg_regen,428,0.0350467289719626,1.641358773267308,0.0698248476958136,True,0.1536488870042376,1.9479166666666667,2.0,1.7827686940051954,4.0,1400.0,,,,,,
1417,sun3d-hotel_umd-maryland_hotel1,53,52,sagereg_regen,281,0.0071174377224199,177.53985494743617,2.418635317597837,False,0.1140451690007466,1.90625,2.0,1.119791764183382,5.0,1028.0,,,,,,
1418,sun3d-hotel_umd-maryland_hotel1,54,52,sagereg_regen,362,0.0,177.0772089207792,2.6017671584891784,False,0.1338063570001395,1.9270833333333333,2.0,1.7221561934959917,6.0,2175.0,,,,,,
1419,sun3d-hotel_umd-maryland_hotel1,55,54,sagereg_regen,573,0.0122164048865619,150.85205335359043,2.1211670043737656,False,0.2079608170024585,1.9166666666666667,2.0,1.5674504478634252,5.0,2687.0,,,,,,
1420,sun3d-hotel_umd-maryland_hotel3,11,0,sagereg_regen,1224,0.0032679738562091,3.6761103943607742,0.0841722819319864,True,0.4357193500036374,1.84375,2.0,2.2045757451206045,6.0,5012.0,,,,,,
1421,sun3d-hotel_umd-maryland_hotel3,27,0,sagereg_regen,786,0.0012722646310432,17.99638133888636,1.5559926846369925,False,0.2692925439987448,1.8333333333333333,2.0,1.954383192937171,5.0,2519.0,,,,,,
1422,sun3d-hotel_umd-maryland_hotel3,11,1,sagereg_regen,1015,0.0088669950738916,101.01150152044268,3.077066577637986,False,0.3711093840029207,1.7708333333333333,2.0,1.9361151515218469,6.0,3909.0,,,,,,
1423,sun3d-hotel_umd-maryland_hotel3,12,1,sagereg_regen,1458,0.0240054869684499,3.9216144229105576,0.0882700757268877,True,0.5057785479948507,1.8541666666666667,2.0,1.882133157028381,6.0,4607.0,,,,,,
1424,sun3d-hotel_umd-maryland_hotel3,13,1,sagereg_regen,1244,0.0168810289389067,4.949860483778777,0.1567253643910479,True,0.4363236800054437,1.75,2.0,1.8985356393181847,6.0,3932.0,,,,,,
1425,sun3d-hotel_umd-maryland_hotel3,5,3,sagereg_regen,1251,0.0799360511590727,1.2113245510168429,0.0781351455023501,True,0.4520255410025129,1.7395833333333333,2.0,2.1054014127000977,4.0,6237.0,,,,,,
1426,sun3d-hotel_umd-maryland_hotel3,7,5,sagereg_regen,704,0.0198863636363636,10.069169602818292,0.3297089633849066,False,0.2561678919955739,1.8541666666666667,2.0,2.085537961394448,6.0,2516.0,,,,,,
1427,sun3d-hotel_umd-maryland_hotel3,14,8,sagereg_regen,1111,0.0135013501350135,51.615059061742286,0.8351283122335322,False,0.3747449680013233,1.8125,2.0,2.1559321985443987,3.0,3665.0,,,,,,
1428,sun3d-hotel_umd-maryland_hotel3,16,8,sagereg_regen,894,0.0369127516778523,4.9071710957442765,0.1252575054110625,True,0.3151645430043572,1.8229166666666667,2.0,2.115525489210752,4.0,3974.0,,,,,,
1429,sun3d-hotel_umd-maryland_hotel3,10,9,sagereg_regen,1255,0.0637450199203187,1.1883146717761035,0.0452695996550474,True,0.4574832479993347,1.90625,2.0,1.7068905503100846,6.0,4589.0,,,,,,
1430,sun3d-hotel_umd-maryland_hotel3,15,9,sagereg_regen,801,0.0986267166042447,2.3542260412134106,0.0238593302556193,True,0.3206718530054786,1.8541666666666667,2.0,2.043953476454258,6.0,4489.0,,,,,,
1431,sun3d-hotel_umd-maryland_hotel3,16,9,sagereg_regen,1150,0.0139130434782608,2.56430821466355,0.3780606609915666,False,0.4121885839995229,1.9166666666666667,2.0,1.843335448691928,6.0,4849.0,,,,,,
1432,sun3d-hotel_umd-maryland_hotel3,11,10,sagereg_regen,1161,0.0981912144702842,1.0888747464983528,0.0238284187324642,True,0.3945368389977375,1.8333333333333333,2.0,2.0889436222529567,5.0,4120.0,,,,,,
1433,sun3d-hotel_umd-maryland_hotel3,13,10,sagereg_regen,1173,0.0196078431372549,1.298993042649519,0.0403158265932461,True,0.3938032899968675,1.7604166666666667,2.0,1.9821789931041875,3.0,2513.0,,,,,,
1434,sun3d-hotel_umd-maryland_hotel3,17,10,sagereg_regen,1002,0.0059880239520958,19.58365190076216,1.3676407886907296,False,0.3539057529924321,1.8958333333333333,2.0,1.197503370831452,3.0,4951.0,,,,,,
1435,sun3d-hotel_umd-maryland_hotel3,14,11,sagereg_regen,1032,0.1308139534883721,1.8330429529589984,0.051138602328891,True,0.3714808560034726,1.8541666666666667,2.0,2.158692432261198,6.0,4953.0,,,,,,
1436,sun3d-hotel_umd-maryland_hotel3,27,11,sagereg_regen,689,0.0043541364296081,83.81308123545172,0.9875951625193828,False,0.2497126750022289,1.8229166666666667,2.0,1.7239714205286956,4.0,3433.0,,,,,,
1437,sun3d-hotel_umd-maryland_hotel3,27,12,sagereg_regen,801,0.0024968789013732,98.66235143113434,3.197962498985236,False,0.2774365020013647,1.84375,2.0,1.6515730629640963,6.0,3130.0,,,,,,
1438,sun3d-hotel_umd-maryland_hotel3,14,13,sagereg_regen,1030,0.0563106796116504,0.525624514001338,0.033725445078727,True,0.3549852569994982,1.8541666666666667,2.0,1.691889572756858,4.0,3635.0,,,,,,
1439,sun3d-hotel_umd-maryland_hotel3,27,13,sagereg_regen,881,0.0011350737797956,175.8879244538176,5.096578042909155,False,0.3057395399955567,1.8645833333333333,2.0,1.6536211730423938,6.0,2797.0,,,,,,
1440,sun3d-hotel_umd-maryland_hotel3,16,14,sagereg_regen,866,0.0127020785219399,148.560011772978,2.8961819585898474,False,0.301651416993991,1.8854166666666667,2.0,1.88439096619968,6.0,2533.0,,,,,,
1441,sun3d-hotel_umd-maryland_hotel3,17,14,sagereg_regen,973,0.0082219938335046,26.21419289672468,1.097018728691953,False,0.3355855809932109,1.8854166666666667,2.0,1.4280883016548591,4.0,3526.0,,,,,,
1442,sun3d-hotel_umd-maryland_hotel3,18,16,sagereg_regen,518,0.0231660231660231,88.40477017127579,1.6574153034444412,False,0.2015701970012742,1.8854166666666667,2.0,1.81250073133746,5.0,2044.0,,,,,,
1443,sun3d-hotel_umd-maryland_hotel3,19,16,sagereg_regen,541,0.0203327171903881,88.0782669734389,2.407137460243119,False,0.1895845929975621,1.9270833333333333,2.0,1.7929740056447585,2.0,3823.0,,,,,,
1444,sun3d-hotel_umd-maryland_hotel3,20,18,sagereg_regen,474,0.050632911392405,3.357683934379978,0.0495051294177116,True,0.1767957850024686,1.84375,2.0,1.6707448251761214,3.0,2851.0,,,,,,
1445,sun3d-hotel_umd-maryland_hotel3,33,20,sagereg_regen,380,0.0,31.502129155183475,2.3327315604135035,False,0.1476643109999713,1.8854166666666667,2.0,1.692075955337189,5.0,2823.0,,,,,,
1446,sun3d-hotel_umd-maryland_hotel3,34,20,sagereg_regen,424,0.0047169811320754,175.30736515105448,3.279879090268923,False,0.1640647530002752,1.9375,2.0,1.85689425781286,5.0,1814.0,,,,,,
1447,sun3d-hotel_umd-maryland_hotel3,36,20,sagereg_regen,424,0.0,134.06827189734008,2.9914642436452645,False,0.1568745869954,1.9583333333333333,2.0,1.7261389844259696,6.0,2193.0,,,,,,
1448,sun3d-hotel_umd-maryland_hotel3,24,21,sagereg_regen,646,0.1222910216718266,4.487676401635169,0.0783987374810662,True,0.2498749070000485,1.78125,2.0,2.509429158354263,6.0,3857.0,,,,,,
1449,sun3d-hotel_umd-maryland_hotel3,29,21,sagereg_regen,566,0.1325088339222614,2.706452009947657,0.0235582139371308,True,0.2336332449995097,1.8854166666666667,2.0,1.4984251319014634,5.0,3356.0,,,,,,
1450,sun3d-hotel_umd-maryland_hotel3,30,21,sagereg_regen,535,0.0429906542056074,13.066088323676464,0.3454278966551783,False,0.2086620400004903,1.84375,2.0,2.487590111513344,6.0,3762.0,,,,,,
1451,sun3d-hotel_umd-maryland_hotel3,31,21,sagereg_regen,585,0.0905982905982906,2.977579524530571,0.0498512911942601,True,0.2225487999967299,1.9375,2.0,1.9277539638924783,2.0,4299.0,,,,,,
1452,sun3d-hotel_umd-maryland_hotel3,24,22,sagereg_regen,661,0.2541603630862329,4.154256555464731,0.0741437480558249,True,0.2628830770045169,1.8333333333333333,2.0,2.24627748409566,5.0,4421.0,,,,,,
1453,sun3d-hotel_umd-maryland_hotel3,27,22,sagereg_regen,665,0.0285714285714285,2.833039915666767,0.0752408339883821,True,0.2472546489880187,1.7708333333333333,2.0,2.132912227827478,6.0,4011.0,,,,,,
1454,sun3d-hotel_umd-maryland_hotel3,30,22,sagereg_regen,584,0.0976027397260274,4.486558526817417,0.1188890272097122,True,0.2437631369975861,1.8541666666666667,2.0,1.6715322974968525,6.0,4751.0,,,,,,
1455,sun3d-hotel_umd-maryland_hotel3,31,22,sagereg_regen,646,0.0278637770897832,84.40992754889417,0.5051223936302309,False,0.2447187080033472,1.8958333333333333,2.0,2.145590486252281,6.0,3818.0,,,,,,
1456,sun3d-hotel_umd-maryland_hotel3,24,23,sagereg_regen,595,0.2605042016806723,2.0368152896601357,0.031470611355534,True,0.2342104039998958,1.8645833333333333,2.0,2.257807176617632,3.0,3174.0,,,,,,
1457,sun3d-hotel_umd-maryland_hotel3,27,23,sagereg_regen,568,0.1109154929577464,2.950617677343938,0.0913699413746959,True,0.2255774100049166,1.8333333333333333,2.0,1.9020285322063943,4.0,3524.0,,,,,,
1458,sun3d-hotel_umd-maryland_hotel3,25,24,sagereg_regen,289,0.1107266435986159,3.780790147569839,0.0280337709158179,True,0.1045463100017514,1.8854166666666667,2.0,2.0098917493893462,6.0,1837.0,,,,,,
1459,sun3d-hotel_umd-maryland_hotel3,30,24,sagereg_regen,411,0.0024330900243309,75.2586889851662,0.3850219781440407,False,0.1380056710040662,1.7395833333333333,2.0,1.0842084992921377,6.0,1791.0,,,,,,
1460,sun3d-hotel_umd-maryland_hotel3,26,25,sagereg_regen,179,0.1284916201117318,5.398047284925855,0.0506187430842451,True,0.0811175359995104,1.9479166666666667,2.0,2.2013384546536106,2.0,794.0,,,,,,
1461,sun3d-hotel_umd-maryland_hotel3,28,25,sagereg_regen,257,0.0622568093385214,176.04666950361695,2.1379019495842035,False,0.094341305004491,1.71875,2.0,1.5337721329651264,3.0,1061.0,,,,,,
1462,sun3d-hotel_umd-maryland_hotel3,28,27,sagereg_regen,415,0.1156626506024096,1.2193955312564335,0.0226531249226255,True,0.1568154670021613,1.875,2.0,2.1252367129866547,5.0,1929.0,,,,,,
1463,sun3d-hotel_umd-maryland_hotel3,31,28,sagereg_regen,395,0.0075949367088607,90.9005263635497,2.8165309234153137,False,0.1459096409962512,1.8645833333333333,2.0,1.8483768523522228,3.0,1164.0,,,,,,
1464,sun3d-hotel_umd-maryland_hotel3,31,29,sagereg_regen,371,0.0754716981132075,6.059043577098525,0.1053594647435212,True,0.1362027200011653,1.8958333333333333,2.0,2.4375591347880032,4.0,1313.0,,,,,,
1465,sun3d-hotel_umd-maryland_hotel3,32,30,sagereg_regen,232,0.0129310344827586,90.41846730312076,0.7659559981491374,False,0.1083546430018032,1.7916666666666667,2.0,1.4587314121732289,5.0,3699.0,,,,,,
1466,sun3d-hotel_umd-maryland_hotel3,33,30,sagereg_regen,419,0.0,89.49105691726753,1.0383543410829628,False,0.1582173350034281,1.84375,2.0,1.709098636489773,4.0,3129.0,,,,,,
1467,sun3d-hotel_umd-maryland_hotel3,35,31,sagereg_regen,396,0.0,177.54248316405182,2.102902397539749,False,0.1450190120012848,1.8958333333333333,2.0,1.9358446071267368,5.0,1856.0,,,,,,
1468,sun3d-hotel_umd-maryland_hotel3,36,31,sagereg_regen,470,0.0106382978723404,89.53137126421535,0.9583505761319552,False,0.163525813994056,1.9270833333333333,2.0,1.4575713443520466,6.0,2079.0,,,,,,
1469,sun3d-mit_76_studyroom-76-1studyroom2,3,0,sagereg_regen,789,0.0240811153358681,7.484718045243835,0.3256407153503329,False,0.280975451991253,1.9479166666666667,2.0,2.393141381253902,4.0,2623.0,,,,,,
1470,sun3d-mit_76_studyroom-76-1studyroom2,8,0,sagereg_regen,548,0.0091240875912408,65.9073486217309,0.6203425943609753,False,0.1852745950018288,1.7395833333333333,2.0,1.9149087822077109,4.0,1116.0,,,,,,
1471,sun3d-mit_76_studyroom-76-1studyroom2,18,0,sagereg_regen,729,0.0054869684499314,108.6091646205704,3.834701950617948,False,0.2775539639987983,1.8958333333333333,2.0,1.75392357423025,6.0,4728.0,,,,,,
1472,sun3d-mit_76_studyroom-76-1studyroom2,19,0,sagereg_regen,726,0.0013774104683195,178.1777918433331,4.11042826423744,False,0.246860546991229,1.8229166666666667,2.0,1.8619671294845224,2.0,1546.0,,,,,,
1473,sun3d-mit_76_studyroom-76-1studyroom2,21,0,sagereg_regen,628,0.0143312101910828,178.93302624974297,3.0989586858308824,False,0.2344287089945282,1.84375,2.0,1.718764804909832,5.0,1313.0,,,,,,
1474,sun3d-mit_76_studyroom-76-1studyroom2,22,0,sagereg_regen,566,0.0053003533568904,94.76513188258004,2.5295919537804914,False,0.2043262730003334,1.9270833333333333,2.0,1.2840333730465687,6.0,2250.0,,,,,,
1475,sun3d-mit_76_studyroom-76-1studyroom2,33,0,sagereg_regen,788,0.0101522842639593,138.49448215183952,4.1086072654313295,False,0.3049929199987673,1.78125,2.0,1.365619652218093,5.0,4535.0,,,,,,
1476,sun3d-mit_76_studyroom-76-1studyroom2,39,0,sagereg_regen,857,0.0081680280046674,87.11839117762885,0.2455773356547806,False,0.3294805269979406,1.9583333333333333,2.0,2.885553262299084,5.0,4672.0,,,,,,
1477,sun3d-mit_76_studyroom-76-1studyroom2,44,0,sagereg_regen,818,0.0061124694376528,84.59686086051893,0.4688786192967544,False,0.3079129279940389,1.875,2.0,2.7231012033327966,6.0,3027.0,,,,,,
1478,sun3d-mit_76_studyroom-76-1studyroom2,45,0,sagereg_regen,632,0.0253164556962025,7.701067126283045,0.2834342773155914,True,0.2423438690020702,1.7708333333333333,2.0,2.034087887987869,5.0,2169.0,,,,,,
1479,sun3d-mit_76_studyroom-76-1studyroom2,50,0,sagereg_regen,541,0.0240295748613678,6.800702952715643,0.2051640218241399,True,0.1972778560011647,1.8333333333333333,2.0,1.5860841280734344,5.0,1656.0,,,,,,
1480,sun3d-mit_76_studyroom-76-1studyroom2,51,0,sagereg_regen,549,0.0072859744990892,147.33634623986987,3.842231214359935,False,0.1960957690025679,1.6666666666666667,2.0,1.1944151348469525,6.0,2860.0,,,,,,
1481,sun3d-mit_76_studyroom-76-1studyroom2,64,0,sagereg_regen,769,0.0,97.68783782699676,6.259757800987194,False,0.2749060429996461,1.7291666666666667,2.0,1.566972232972045,4.0,2524.0,,,,,,
1482,sun3d-mit_76_studyroom-76-1studyroom2,8,1,sagereg_regen,565,0.0283185840707964,3.2954597768476,0.1110482386219953,True,0.1966716030074167,1.84375,2.0,1.4999183766943174,4.0,2306.0,,,,,,
1483,sun3d-mit_76_studyroom-76-1studyroom2,19,1,sagereg_regen,706,0.0028328611898017,121.47175920247284,1.638407978417954,False,0.2581621259960229,1.8229166666666667,2.0,1.9235851623486573,4.0,3177.0,,,,,,
1484,sun3d-mit_76_studyroom-76-1studyroom2,20,1,sagereg_regen,709,0.005641748942172,109.79268930598714,3.69650663199312,False,0.2602626490042894,1.8333333333333333,2.0,1.2108091115509008,6.0,3411.0,,,,,,
1485,sun3d-mit_76_studyroom-76-1studyroom2,21,1,sagereg_regen,657,0.0228310502283105,8.798470182151286,0.2183406235758369,True,0.245391312004358,1.78125,2.0,1.5997481506398463,6.0,2434.0,,,,,,
1486,sun3d-mit_76_studyroom-76-1studyroom2,22,1,sagereg_regen,595,0.0067226890756302,178.07460533662118,3.2273213807439625,False,0.2112809289974393,1.8854166666666667,2.0,1.9522899205217208,6.0,1028.0,,,,,,
1487,sun3d-mit_76_studyroom-76-1studyroom2,33,1,sagereg_regen,763,0.018348623853211,172.69956781373418,3.647165525218452,False,0.2918279139994411,1.7291666666666667,2.0,1.5577261229058523,5.0,4146.0,,,,,,
1488,sun3d-mit_76_studyroom-76-1studyroom2,39,1,sagereg_regen,899,0.0077864293659621,92.38025322133898,0.3370215691934456,False,0.3271788339989143,1.9583333333333333,2.0,2.219655785319389,6.0,3132.0,,,,,,
1489,sun3d-mit_76_studyroom-76-1studyroom2,44,1,sagereg_regen,767,0.0039113428943937,88.7397869522377,0.7266392213156283,False,0.2906008639984065,1.84375,2.0,1.8297751264009603,6.0,2919.0,,,,,,
1490,sun3d-mit_76_studyroom-76-1studyroom2,50,1,sagereg_regen,552,0.0144927536231884,81.89826321854619,3.2362874098016023,False,0.2032663249992765,1.8958333333333333,2.0,2.5665197105828104,6.0,1707.0,,,,,,
1491,sun3d-mit_76_studyroom-76-1studyroom2,51,1,sagereg_regen,509,0.005893909626719,172.11379444264384,3.106594590297389,False,0.1702121520065702,1.7916666666666667,2.0,1.320131572290147,6.0,1170.0,,,,,,
1492,sun3d-mit_76_studyroom-76-1studyroom2,64,1,sagereg_regen,751,0.0026631158455392,159.43126671764728,4.217270312364144,False,0.2843378869947628,1.7083333333333333,2.0,1.0549385243852287,5.0,3713.0,,,,,,
1493,sun3d-mit_76_studyroom-76-1studyroom2,4,2,sagereg_regen,613,0.0032626427406199,4.013474098852609,0.8118262440057067,False,0.2351545080091455,1.9375,2.0,1.965173978690841,5.0,3653.0,,,,,,
1494,sun3d-mit_76_studyroom-76-1studyroom2,21,2,sagereg_regen,652,0.0015337423312883,100.35778871070951,3.5914649288600438,False,0.2492901309960871,1.8854166666666667,2.0,1.7997359259756482,6.0,2906.0,,,,,,
1495,sun3d-mit_76_studyroom-76-1studyroom2,34,2,sagereg_regen,705,0.0127659574468085,116.43715244286676,1.2865618831621974,False,0.2559405139982118,1.8333333333333333,2.0,2.0443550087764635,5.0,4400.0,,,,,,
1496,sun3d-mit_76_studyroom-76-1studyroom2,43,2,sagereg_regen,864,0.0,91.3573970378987,4.248011734188443,False,0.2910886290046619,1.875,2.0,1.4719948080247565,4.0,2545.0,,,,,,
1497,sun3d-mit_76_studyroom-76-1studyroom2,51,2,sagereg_regen,551,0.0362976406533575,8.92670083244392,0.1869601898598528,True,0.1991152990012779,1.6875,2.0,1.4855908395338324,4.0,1622.0,,,,,,
1498,sun3d-mit_76_studyroom-76-1studyroom2,8,3,sagereg_regen,689,0.0217706821480406,3.637125327117757,1.9390901824042508,False,0.2411376590025611,1.8333333333333333,2.0,1.600323234963801,2.0,5138.0,,,,,,
1499,sun3d-mit_76_studyroom-76-1studyroom2,35,3,sagereg_regen,743,0.0067294751009421,179.24963515361236,2.9263004062185765,False,0.2637474310031393,1.84375,2.0,1.7243202974511538,5.0,2627.0,,,,,,
1500,sun3d-mit_76_studyroom-76-1studyroom2,36,3,sagereg_regen,693,0.0101010101010101,103.54228430837256,0.3824587451153579,False,0.2493386170099256,1.84375,2.0,1.8604357242481924,5.0,3139.0,,,,,,
1501,sun3d-mit_76_studyroom-76-1studyroom2,37,3,sagereg_regen,800,0.01125,87.59360080296617,1.348016137530084,False,0.2782205799958319,1.8229166666666667,2.0,1.7775968254970855,3.0,3867.0,,,,,,
1502,sun3d-mit_76_studyroom-76-1studyroom2,41,3,sagereg_regen,783,0.0063856960408684,171.07584360949608,3.773612432315493,False,0.2858952699971269,1.8645833333333333,2.0,1.604014347172233,6.0,3469.0,,,,,,
1503,sun3d-mit_76_studyroom-76-1studyroom2,42,3,sagereg_regen,1080,0.0055555555555555,91.96919206985692,4.305253577471051,False,0.363825207001355,1.8020833333333333,2.0,1.8781231248760928,5.0,3628.0,,,,,,
1504,sun3d-mit_76_studyroom-76-1studyroom2,6,4,sagereg_regen,639,0.0250391236306729,17.202033862973042,0.9650448683748616,False,0.2402840169961564,1.9270833333333333,2.0,2.376575353137857,6.0,2917.0,,,,,,
1505,sun3d-mit_76_studyroom-76-1studyroom2,7,4,sagereg_regen,496,0.0161290322580645,96.17403912565996,2.5129810525350886,False,0.1934788300059153,1.8854166666666667,2.0,1.7554759248591474,6.0,4455.0,,,,,,
1506,sun3d-mit_76_studyroom-76-1studyroom2,38,4,sagereg_regen,716,0.0055865921787709,93.4292380184496,1.7863128729037925,False,0.2576642269996227,1.8541666666666667,2.0,1.4681089401344831,6.0,2368.0,,,,,,
1507,sun3d-mit_76_studyroom-76-1studyroom2,45,4,sagereg_regen,601,0.0,91.93810393557004,1.4450016616134882,False,0.2274062119977316,1.7604166666666667,2.0,1.095295351839774,6.0,2604.0,,,,,,
1508,sun3d-mit_76_studyroom-76-1studyroom2,49,4,sagereg_regen,643,0.0,2.520392021237289,1.430776165128831,False,0.2521746599959442,1.875,2.0,1.6228950212172923,6.0,3664.0,,,,,,
1509,sun3d-mit_76_studyroom-76-1studyroom2,8,5,sagereg_regen,721,0.0138696255201109,31.31420982036642,2.5743966579391726,False,0.2516008980019251,1.875,2.0,1.6846617871970182,3.0,2801.0,,,,,,
1510,sun3d-mit_76_studyroom-76-1studyroom2,34,5,sagereg_regen,767,0.0013037809647979,66.96653488093366,0.9862953336127496,False,0.284947327003465,1.7604166666666667,2.0,1.3177457218488753,6.0,6382.0,,,,,,
1511,sun3d-mit_76_studyroom-76-1studyroom2,35,5,sagereg_regen,761,0.0118265440210249,97.1388822722277,1.1424611410952628,False,0.272364235992427,1.7708333333333333,2.0,1.1499518454675923,6.0,3080.0,,,,,,
1512,sun3d-mit_76_studyroom-76-1studyroom2,36,5,sagereg_regen,663,0.0075414781297134,95.79152542242494,3.169397978558311,False,0.2581694879991119,1.8125,2.0,1.8626105222654332,6.0,5652.0,,,,,,
1513,sun3d-mit_76_studyroom-76-1studyroom2,41,5,sagereg_regen,724,0.0151933701657458,178.8218218269008,3.029237529550432,False,0.2651958860005834,1.8229166666666667,2.0,1.5491621599222627,6.0,1834.0,,,,,,
1514,sun3d-mit_76_studyroom-76-1studyroom2,42,5,sagereg_regen,1057,0.0198675496688741,3.084025336432584,0.1024653733834366,True,0.3707382810025592,1.71875,2.0,2.1824528455519525,4.0,4585.0,,,,,,
1515,sun3d-mit_76_studyroom-76-1studyroom2,50,5,sagereg_regen,737,0.0217096336499321,3.431590479210814,1.184324043514074,False,0.268423815992719,1.875,2.0,2.453139602022018,4.0,2695.0,,,,,,
1516,sun3d-mit_76_studyroom-76-1studyroom2,34,6,sagereg_regen,741,0.0134952766531713,160.16208633470197,2.234853266738461,False,0.2653272269963054,1.8958333333333333,2.0,1.4115517612982749,6.0,4571.0,,,,,,
1517,sun3d-mit_76_studyroom-76-1studyroom2,40,6,sagereg_regen,542,0.003690036900369,94.70915811440774,1.8362398511618592,False,0.2014235200040275,1.8020833333333333,2.0,1.6472358093792412,6.0,2276.0,,,,,,
1518,sun3d-mit_76_studyroom-76-1studyroom2,43,6,sagereg_regen,885,0.0090395480225988,19.806467735056533,0.8931031341778968,False,0.3074288880088716,1.875,2.0,1.8205954411382608,6.0,2897.0,,,,,,
1519,sun3d-mit_76_studyroom-76-1studyroom2,50,6,sagereg_regen,742,0.0808625336927223,1.5055154348319235,0.0501832773813466,True,0.2781896020023851,1.9375,2.0,1.6023366405867514,6.0,2550.0,,,,,,
1520,sun3d-mit_76_studyroom-76-1studyroom2,51,6,sagereg_regen,693,0.0216450216450216,4.119329476943649,0.0672941219541393,True,0.2483579740001005,1.8854166666666667,2.0,1.47305617078631,6.0,1392.0,,,,,,
1521,sun3d-mit_76_studyroom-76-1studyroom2,34,7,sagereg_regen,595,0.0,130.7052859679102,1.5310656207494335,False,0.2264409999988856,1.7604166666666667,2.0,2.010854896151513,6.0,4303.0,,,,,,
1522,sun3d-mit_76_studyroom-76-1studyroom2,40,7,sagereg_regen,510,0.0078431372549019,85.79829162499368,1.5350712472511858,False,0.191847019996203,1.7604166666666667,2.0,1.71709490181506,6.0,3039.0,,,,,,
1523,sun3d-mit_76_studyroom-76-1studyroom2,43,7,sagereg_regen,828,0.0096618357487922,11.575633621091988,0.2626834695983193,True,0.2962638169992715,1.90625,2.0,1.5118491316140967,6.0,3106.0,,,,,,
1524,sun3d-mit_76_studyroom-76-1studyroom2,9,8,sagereg_regen,806,0.043424317617866,0.8744788014000259,0.0555502535388285,True,0.2890702660006354,1.875,2.0,1.5283287640598704,3.0,3941.0,,,,,,
1525,sun3d-mit_76_studyroom-76-1studyroom2,10,8,sagereg_regen,901,0.0077691453940066,6.165532285054965,1.1409601993344791,False,0.3221886770043056,1.8125,2.0,1.2302767049847587,5.0,5021.0,,,,,,
1526,sun3d-mit_76_studyroom-76-1studyroom2,34,8,sagereg_regen,706,0.0084985835694051,85.6422167641175,1.7834835777885325,False,0.241217882001365,1.6354166666666667,2.0,1.7749050501127464,5.0,1827.0,,,,,,
1527,sun3d-mit_76_studyroom-76-1studyroom2,35,8,sagereg_regen,603,0.0149253731343283,1.032994946135179,0.0505904786360062,True,0.2208258259997819,1.8229166666666667,2.0,1.967904392042007,5.0,3082.0,,,,,,
1528,sun3d-mit_76_studyroom-76-1studyroom2,36,8,sagereg_regen,601,0.0083194675540765,36.592974580934936,2.1760875319448054,False,0.2103484249964822,1.6666666666666667,2.0,2.116145270887584,6.0,1673.0,,,,,,
1529,sun3d-mit_76_studyroom-76-1studyroom2,52,8,sagereg_regen,870,0.0114942528735632,6.461802597039258,0.1981798816983475,True,0.3055903939966811,1.7291666666666667,2.0,1.141459467928189,5.0,2404.0,,,,,,
1530,sun3d-mit_76_studyroom-76-1studyroom2,53,8,sagereg_regen,846,0.0059101654846335,26.53474281897564,2.3209168025626687,False,0.30032320600003,1.8229166666666667,2.0,1.4109880423742938,4.0,4400.0,,,,,,
1531,sun3d-mit_76_studyroom-76-1studyroom2,55,8,sagereg_regen,708,0.0070621468926553,11.903384866700929,1.7087875791252136,False,0.2548717790050432,1.7395833333333333,2.0,1.158987233212729,6.0,4843.0,,,,,,
1532,sun3d-mit_76_studyroom-76-1studyroom2,12,9,sagereg_regen,830,0.0096385542168674,179.63748063092427,3.4949636066459413,False,0.2871167929988587,1.8020833333333333,2.0,1.4199012082030429,5.0,1854.0,,,,,,
1533,sun3d-mit_76_studyroom-76-1studyroom2,36,9,sagereg_regen,696,0.0014367816091954,6.186011953436638,0.3319022132353178,False,0.2484981460002018,1.9270833333333333,2.0,1.8438138636416008,6.0,3067.0,,,,,,
1534,sun3d-mit_76_studyroom-76-1studyroom2,37,9,sagereg_regen,862,0.0081206496519721,87.50903714009111,4.061372068059503,False,0.3161895279990858,1.78125,2.0,1.8161145746152705,6.0,5420.0,,,,,,
1535,sun3d-mit_76_studyroom-76-1studyroom2,38,9,sagereg_regen,1006,0.0019880715705765,21.646168530005824,2.386847892518832,False,0.3581817200029036,1.8020833333333333,2.0,1.7999125535706193,6.0,5934.0,,,,,,
1536,sun3d-mit_76_studyroom-76-1studyroom2,39,9,sagereg_regen,967,0.0289555325749741,14.64232141916984,0.8282580939245044,False,0.3305654000068898,1.7708333333333333,2.0,1.85052202685754,3.0,3461.0,,,,,,
1537,sun3d-mit_76_studyroom-76-1studyroom2,50,9,sagereg_regen,707,0.0169731258840169,165.6231237522792,6.655051765606352,False,0.2460759850000613,1.8125,2.0,1.2532343629853997,6.0,1769.0,,,,,,
1538,sun3d-mit_76_studyroom-76-1studyroom2,54,9,sagereg_regen,1081,0.0092506938020351,178.36669486654395,3.460860212657497,False,0.3715533959984896,1.7916666666666667,2.0,1.7696872577473692,6.0,2511.0,,,,,,
1539,sun3d-mit_76_studyroom-76-1studyroom2,56,9,sagereg_regen,818,0.0061124694376528,27.23278326095143,3.735823640432116,False,0.2959942739980761,1.78125,2.0,1.7941267947086097,6.0,4231.0,,,,,,
1540,sun3d-mit_76_studyroom-76-1studyroom2,13,10,sagereg_regen,543,0.003683241252302,88.83012869019035,1.9681336992211016,False,0.2094687630014959,1.7916666666666667,2.0,1.23158326868248,6.0,3733.0,,,,,,
1541,sun3d-mit_76_studyroom-76-1studyroom2,37,10,sagereg_regen,1087,0.0018399264029438,47.24666839474386,3.139058159046653,False,0.3916249219983001,1.7916666666666667,2.0,1.20909783762336,6.0,6724.0,,,,,,
1542,sun3d-mit_76_studyroom-76-1studyroom2,39,10,sagereg_regen,1075,0.0046511627906976,7.825028585996125,0.539862635065577,False,0.3743685050067142,1.8020833333333333,2.0,1.9468713428282105,4.0,4485.0,,,,,,
1543,sun3d-mit_76_studyroom-76-1studyroom2,56,10,sagereg_regen,1003,0.011964107676969,89.63225308585197,4.577000704354983,False,0.3379738099974929,1.8645833333333333,2.0,1.9271455142454843,3.0,3036.0,,,,,,
1544,sun3d-mit_76_studyroom-76-1studyroom2,13,11,sagereg_regen,532,0.0037593984962406,176.3420804672826,2.017039160253496,False,0.1941117100068368,1.8229166666666667,2.0,1.4164395348412784,5.0,3044.0,,,,,,
1545,sun3d-mit_76_studyroom-76-1studyroom2,51,11,sagereg_regen,847,0.0106257378984651,49.08512019432164,2.3353819523586794,False,0.3084654709964525,1.7291666666666667,2.0,1.1343470649899945,6.0,2603.0,,,,,,
1546,sun3d-mit_76_studyroom-76-1studyroom2,56,11,sagereg_regen,820,0.0146341463414634,7.393024585376565,0.6306288231582072,False,0.3111293179972563,1.8645833333333333,2.0,1.7900664310291383,4.0,4952.0,,,,,,
1547,sun3d-mit_76_studyroom-76-1studyroom2,14,12,sagereg_regen,698,0.0186246418338108,1.9444919933082392,0.041176036840073,True,0.2506637640035478,1.7395833333333333,2.0,1.388494809891394,6.0,2800.0,,,,,,
1548,sun3d-mit_76_studyroom-76-1studyroom2,15,12,sagereg_regen,853,0.0105509964830011,97.74686489454152,3.5654267412505565,False,0.2995199739962118,1.7604166666666667,2.0,1.3701743064844567,6.0,2363.0,,,,,,
1549,sun3d-mit_76_studyroom-76-1studyroom2,51,12,sagereg_regen,620,0.014516129032258,5.968192575736211,0.1562383829024769,True,0.2218809690093621,1.6458333333333333,2.0,2.683775649576878,3.0,2757.0,,,,,,
1550,sun3d-mit_76_studyroom-76-1studyroom2,52,12,sagereg_regen,884,0.0226244343891402,3.4741022004517865,0.1297893898970572,True,0.3173905199946603,1.75,2.0,1.8830610910682035,2.0,4209.0,,,,,,
1551,sun3d-mit_76_studyroom-76-1studyroom2,57,12,sagereg_regen,740,0.0324324324324324,0.7229476043239869,0.0492598246758233,True,0.2610501730014221,1.7395833333333333,2.0,1.617615015427056,5.0,2625.0,,,,,,
1552,sun3d-mit_76_studyroom-76-1studyroom2,53,13,sagereg_regen,730,0.0054794520547945,103.93390127903756,2.789520302948699,False,0.2669318420012132,1.8541666666666667,2.0,1.300434618997314,6.0,3303.0,,,,,,
1553,sun3d-mit_76_studyroom-76-1studyroom2,58,13,sagereg_regen,534,0.0037453183520599,179.12662295513425,3.1632008142484445,False,0.206025873994804,1.75,2.0,1.625312145278606,6.0,3887.0,,,,,,
1554,sun3d-mit_76_studyroom-76-1studyroom2,18,14,sagereg_regen,715,0.0083916083916083,10.123477351084444,0.4611620145807852,False,0.2580827830024645,1.8854166666666667,2.0,2.3496792980225245,6.0,2392.0,,,,,,
1555,sun3d-mit_76_studyroom-76-1studyroom2,55,14,sagereg_regen,731,0.0314637482900136,0.6628207829765741,0.0218178669039364,True,0.2584716720011784,1.875,2.0,1.4437570771117367,3.0,2975.0,,,,,,
1556,sun3d-mit_76_studyroom-76-1studyroom2,61,14,sagereg_regen,569,0.0,161.67359743615506,2.171183721192716,False,0.211357312000473,1.8020833333333333,2.0,1.1747013681738736,2.0,3801.0,,,,,,
1557,sun3d-mit_76_studyroom-76-1studyroom2,62,14,sagereg_regen,700,0.0028571428571428,40.43741586287824,2.583550425687005,False,0.2521475029934663,1.8020833333333333,2.0,1.6179528217289194,6.0,2494.0,,,,,,
1558,sun3d-mit_76_studyroom-76-1studyroom2,63,14,sagereg_regen,630,0.0063492063492063,176.80064743675595,3.571764382669232,False,0.2379151540080784,1.6979166666666667,2.0,2.232925156245868,6.0,3997.0,,,,,,
1559,sun3d-mit_76_studyroom-76-1studyroom2,16,15,sagereg_regen,501,0.0678642714570858,1.7493771587023312,0.104570869514301,True,0.1851635519997216,1.75,2.0,1.3293791626182387,4.0,3190.0,,,,,,
1560,sun3d-mit_76_studyroom-76-1studyroom2,17,15,sagereg_regen,539,0.098330241187384,1.9499079450402024,0.1331851777207101,True,0.199805539996305,1.78125,2.0,1.9134282064281185,6.0,3333.0,,,,,,
1561,sun3d-mit_76_studyroom-76-1studyroom2,19,15,sagereg_regen,950,0.0242105263157894,2.434824611837639,0.0586347021406661,True,0.3225874200070393,1.8125,2.0,2.1752884245818493,5.0,3751.0,,,,,,
1562,sun3d-mit_76_studyroom-76-1studyroom2,55,15,sagereg_regen,938,0.0010660980810234,140.4607500566814,1.6337303922748605,False,0.318930053996155,1.78125,2.0,1.7544863911686588,5.0,2540.0,,,,,,
1563,sun3d-mit_76_studyroom-76-1studyroom2,60,15,sagereg_regen,525,0.0019047619047619,51.70798276238844,1.7720718126362598,False,0.1912626720004482,1.7604166666666667,2.0,1.2956948233001313,6.0,3698.0,,,,,,
1564,sun3d-mit_76_studyroom-76-1studyroom2,61,15,sagereg_regen,644,0.0046583850931677,68.30479236251698,2.0540835950755683,False,0.2281312069972045,1.84375,2.0,1.7967041390678804,3.0,3635.0,,,,,,
1565,sun3d-mit_76_studyroom-76-1studyroom2,63,15,sagereg_regen,824,0.0242718446601941,2.899847645630074,0.1130896841030647,True,0.2889838100018096,1.8229166666666667,2.0,2.1762972280916077,6.0,4723.0,,,,,,
1566,sun3d-mit_76_studyroom-76-1studyroom2,64,15,sagereg_regen,1002,0.0159680638722554,98.95678446161128,2.952204065033974,False,0.3482301170006394,1.8854166666666667,2.0,2.260703604538998,6.0,6246.0,,,,,,
1567,sun3d-mit_76_studyroom-76-1studyroom2,18,16,sagereg_regen,595,0.0218487394957983,1.2100810519023095,0.0609436639886142,True,0.2019003969980985,1.625,2.0,1.7034856834630532,6.0,2107.0,,,,,,
1568,sun3d-mit_76_studyroom-76-1studyroom2,19,16,sagereg_regen,644,0.015527950310559,9.575043610142108,0.5733834044813355,False,0.2137275429995497,1.7083333333333333,2.0,2.2543755163174986,5.0,2112.0,,,,,,
1569,sun3d-mit_76_studyroom-76-1studyroom2,57,16,sagereg_regen,409,0.0097799511002444,18.166744459156146,0.2512878432322182,False,0.1461098130021128,1.75,2.0,1.0572153453353443,6.0,1612.0,,,,,,
1570,sun3d-mit_76_studyroom-76-1studyroom2,58,16,sagereg_regen,530,0.0132075471698113,38.16868288077325,1.056546659822758,False,0.1788309870098601,1.65625,2.0,1.6621885369123992,6.0,1943.0,,,,,,
1571,sun3d-mit_76_studyroom-76-1studyroom2,61,16,sagereg_regen,430,0.0069767441860465,90.25989741916533,3.697028291480991,False,0.1425948569958564,1.8125,2.0,2.085771197283307,6.0,1738.0,,,,,,
1572,sun3d-mit_76_studyroom-76-1studyroom2,62,16,sagereg_regen,535,0.0018691588785046,99.95606301501952,3.882588445882992,False,0.175282367003092,1.6041666666666667,2.0,1.1890622614575324,5.0,1765.0,,,,,,
1573,sun3d-mit_76_studyroom-76-1studyroom2,63,16,sagereg_regen,544,0.0,71.497805644777,3.042228233792177,False,0.1685178090046974,1.5625,2.0,1.97123554019762,5.0,1779.0,,,,,,
1574,sun3d-mit_76_studyroom-76-1studyroom2,64,16,sagereg_regen,610,0.0065573770491803,160.23578972027713,3.9527868837907234,False,0.210150122991763,1.7083333333333333,2.0,1.4219801550738995,5.0,1266.0,,,,,,
1575,sun3d-mit_76_studyroom-76-1studyroom2,20,17,sagereg_regen,564,0.0070921985815602,5.244829371805596,1.309923874101979,False,0.1929998959967633,1.7083333333333333,2.0,2.105247888620907,6.0,1617.0,,,,,,
1576,sun3d-mit_76_studyroom-76-1studyroom2,57,17,sagereg_regen,408,0.0049019607843137,88.66315190065255,2.609394357082448,False,0.1418451519930386,1.6458333333333333,2.0,1.4871517277359294,6.0,2180.0,,,,,,
1577,sun3d-mit_76_studyroom-76-1studyroom2,58,17,sagereg_regen,526,0.0,161.03696576186545,1.909304785457175,False,0.1804005490121198,1.7395833333333333,2.0,1.5554137068538882,6.0,1687.0,,,,,,
1578,sun3d-mit_76_studyroom-76-1studyroom2,61,17,sagereg_regen,380,0.0,11.383898605286104,1.3033183403869253,False,0.1217917090034461,1.7708333333333333,2.0,1.7301285160193824,6.0,986.0,,,,,,
1579,sun3d-mit_76_studyroom-76-1studyroom2,62,17,sagereg_regen,526,0.0152091254752851,21.9499350085222,0.2925290125710206,False,0.1836542170058237,1.4895833333333333,2.0,1.669789457639801,6.0,2334.0,,,,,,
1580,sun3d-mit_76_studyroom-76-1studyroom2,63,17,sagereg_regen,518,0.0057915057915057,175.49719097282738,4.045079780127759,False,0.1742596300027799,1.7083333333333333,2.0,1.951375887628765,5.0,2212.0,,,,,,
1581,sun3d-mit_76_studyroom-76-1studyroom2,65,17,sagereg_regen,630,0.0063492063492063,174.8682028597307,2.77683618159825,False,0.2091897440041066,1.71875,2.0,1.8804418550887971,4.0,2088.0,,,,,,
1582,sun3d-mit_76_studyroom-76-1studyroom2,21,18,sagereg_regen,976,0.0317622950819672,3.393690071215373,0.1967253242202154,True,0.340839001997665,1.84375,2.0,2.150407672214732,4.0,3764.0,,,,,,
1583,sun3d-mit_76_studyroom-76-1studyroom2,34,18,sagereg_regen,980,0.0265306122448979,66.97558851815502,3.458825243608754,False,0.3642114260073867,1.8229166666666667,2.0,2.3486902196782826,5.0,3888.0,,,,,,
1584,sun3d-mit_76_studyroom-76-1studyroom2,56,18,sagereg_regen,829,0.0012062726176115,89.41406526996971,0.8710797287007743,False,0.3192021540089627,1.75,2.0,2.4023503454449098,6.0,6047.0,,,,,,
1585,sun3d-mit_76_studyroom-76-1studyroom2,57,18,sagereg_regen,782,0.0025575447570332,173.09452523967184,3.049853788119999,False,0.2713196699987747,1.875,2.0,1.5034696788189954,6.0,2823.0,,,,,,
1586,sun3d-mit_76_studyroom-76-1studyroom2,58,18,sagereg_regen,937,0.0021344717182497,47.29905529802237,1.881982919261136,False,0.3132419920075335,1.8020833333333333,2.0,1.1285634833056646,4.0,4796.0,,,,,,
1587,sun3d-mit_76_studyroom-76-1studyroom2,61,18,sagereg_regen,727,0.0013755158184319,63.45715529663238,3.176070986314173,False,0.2751901379961055,1.6666666666666667,2.0,1.0840042956461744,6.0,4679.0,,,,,,
1588,sun3d-mit_76_studyroom-76-1studyroom2,65,18,sagereg_regen,1097,0.0173199635369188,74.58450763648113,1.6109199166570642,False,0.4032963780045975,1.7708333333333333,2.0,1.6203477741388772,6.0,3877.0,,,,,,
1589,sun3d-mit_76_studyroom-76-1studyroom2,22,19,sagereg_regen,812,0.0332512315270936,8.28946629680651,0.3313818039621048,False,0.2983442680051666,1.78125,2.0,2.3946035819514617,6.0,3338.0,,,,,,
1590,sun3d-mit_76_studyroom-76-1studyroom2,23,19,sagereg_regen,736,0.0190217391304347,2.940640335684181,0.1680916765206353,True,0.2718899390019942,1.7916666666666667,2.0,2.364566228360883,4.0,3680.0,,,,,,
1591,sun3d-mit_76_studyroom-76-1studyroom2,24,19,sagereg_regen,1008,0.0029761904761904,0.5193323909651854,2.140928560602304,False,0.3823143310000887,1.90625,2.0,1.9267647610013103,3.0,8262.0,,,,,,
1592,sun3d-mit_76_studyroom-76-1studyroom2,33,19,sagereg_regen,1242,0.0072463768115942,3.3528118449932367,1.9582540453739503,False,0.4824676700009149,1.78125,2.0,2.170955482435032,6.0,9218.0,,,,,,
1593,sun3d-mit_76_studyroom-76-1studyroom2,34,19,sagereg_regen,982,0.0325865580448065,12.854879295664828,1.8164530353333823,False,0.3580152970025665,1.8541666666666667,2.0,1.872236658410904,6.0,3058.0,,,,,,
1594,sun3d-mit_76_studyroom-76-1studyroom2,62,19,sagereg_regen,1076,0.0083643122676579,82.4954647746138,3.69863148580946,False,0.4063398310099728,1.8125,2.0,2.5396095258291225,6.0,6296.0,,,,,,
1595,sun3d-mit_76_studyroom-76-1studyroom2,24,20,sagereg_regen,884,0.005656108597285,2.659012149928306,1.2190671259363517,False,0.3425371269986499,1.875,2.0,1.7942958085087295,5.0,7518.0,,,,,,
1596,sun3d-mit_76_studyroom-76-1studyroom2,25,20,sagereg_regen,1188,0.0,5.742596524867203,1.8589346143794288,False,0.4266751859977375,1.8645833333333333,2.0,2.1048601710944745,2.0,7718.0,,,,,,
1597,sun3d-mit_76_studyroom-76-1studyroom2,32,20,sagereg_regen,998,0.0,2.689271667174541,2.041479886110977,False,0.3635271189996274,1.8020833333333333,2.0,1.9812237241091968,4.0,7027.0,,,,,,
1598,sun3d-mit_76_studyroom-76-1studyroom2,33,20,sagereg_regen,1209,0.0033085194375516,6.9869573258611535,1.799369745371247,False,0.4391573579996475,1.8229166666666667,2.0,2.176429500979509,6.0,6059.0,,,,,,
1599,sun3d-mit_76_studyroom-76-1studyroom2,35,20,sagereg_regen,718,0.0,73.54884937692714,1.529731866950142,False,0.2650459279975621,1.7291666666666667,2.0,1.1497806465728753,5.0,3931.0,,,,,,
1600,sun3d-mit_76_studyroom-76-1studyroom2,63,20,sagereg_regen,958,0.0031315240083507,133.80850087441297,4.907013135173518,False,0.3485867559938924,1.84375,2.0,2.416632430374805,6.0,3598.0,,,,,,
1601,sun3d-mit_76_studyroom-76-1studyroom2,25,21,sagereg_regen,1207,0.0016570008285004,3.750567658188993,1.8980225820585448,False,0.4381880180008011,1.8854166666666667,2.0,1.886556832766272,5.0,6486.0,,,,,,
1602,sun3d-mit_76_studyroom-76-1studyroom2,32,21,sagereg_regen,960,0.0,15.185185272678185,2.033669429072813,False,0.3468372130009811,1.71875,2.0,1.5718705922743883,6.0,3963.0,,,,,,
1603,sun3d-mit_76_studyroom-76-1studyroom2,35,21,sagereg_regen,726,0.0137741046831955,6.230828868136339,0.150312893661786,True,0.2651829460010049,1.90625,2.0,1.765976433832058,5.0,2570.0,,,,,,
1604,sun3d-mit_76_studyroom-76-1studyroom2,47,21,sagereg_regen,989,0.006066734074823,136.85337386799225,1.3592269388619531,False,0.3457277940033236,1.9270833333333333,2.0,1.7769361167230162,6.0,4698.0,,,,,,
1605,sun3d-mit_76_studyroom-76-1studyroom2,48,21,sagereg_regen,898,0.0044543429844097,179.74649188235145,2.1574103152095603,False,0.3115365530029521,1.9583333333333333,2.0,1.6859718514960675,6.0,3278.0,,,,,,
1606,sun3d-mit_76_studyroom-76-1studyroom2,63,21,sagereg_regen,786,0.0025445292620865,169.09003147090914,5.543991665629185,False,0.2939052419969812,1.78125,2.0,1.9574214021045957,6.0,4114.0,,,,,,
1607,sun3d-mit_76_studyroom-76-1studyroom2,64,21,sagereg_regen,1060,0.0018867924528301,30.58470563203766,2.7187950425298117,False,0.3647840580015327,1.7395833333333333,2.0,1.7594332657969982,3.0,3697.0,,,,,,
1608,sun3d-mit_76_studyroom-76-1studyroom2,65,21,sagereg_regen,1085,0.008294930875576,179.47251445044273,5.9750225879412255,False,0.3701242070019361,1.8541666666666667,2.0,1.7838558702058225,6.0,2308.0,,,,,,
1609,sun3d-mit_76_studyroom-76-1studyroom2,25,22,sagereg_regen,806,0.0,22.069696038782165,2.9521966066866288,False,0.2960312810027972,1.7083333333333333,2.0,2.1019890514405826,6.0,4134.0,,,,,,
1610,sun3d-mit_76_studyroom-76-1studyroom2,26,22,sagereg_regen,942,0.0031847133757961,42.35774623669229,2.77224985064242,False,0.3446084369934397,1.78125,2.0,1.9833054617958763,5.0,4442.0,,,,,,
1611,sun3d-mit_76_studyroom-76-1studyroom2,27,22,sagereg_regen,854,0.0011709601873536,58.99778937428846,0.4308282847596642,False,0.319799070006411,1.8125,2.0,1.8218492569795333,4.0,3926.0,,,,,,
1612,sun3d-mit_76_studyroom-76-1studyroom2,32,22,sagereg_regen,689,0.0,173.3815563952177,2.3387303402097084,False,0.259454746999836,1.7604166666666667,2.0,1.830686410127504,6.0,3192.0,,,,,,
1613,sun3d-mit_76_studyroom-76-1studyroom2,35,22,sagereg_regen,601,0.016638935108153,2.543949977794131,0.0244114636098297,True,0.2167004280054243,1.8125,2.0,1.8591708477588056,3.0,1855.0,,,,,,
1614,sun3d-mit_76_studyroom-76-1studyroom2,48,22,sagereg_regen,667,0.0044977511244377,179.65487533952384,3.985189973092048,False,0.2347646450070897,1.7708333333333333,2.0,2.15776820841812,5.0,854.0,,,,,,
1615,sun3d-mit_76_studyroom-76-1studyroom2,64,22,sagereg_regen,751,0.0039946737683089,90.45266679714553,3.7733469212391113,False,0.2748415049936739,1.6770833333333333,2.0,2.058119932656639,5.0,2728.0,,,,,,
1616,sun3d-mit_76_studyroom-76-1studyroom2,26,23,sagereg_regen,1063,0.0037629350893697,167.66407519914867,5.786155800812719,False,0.3906226270046318,1.7395833333333333,2.0,1.8614503609807485,5.0,4914.0,,,,,,
1617,sun3d-mit_76_studyroom-76-1studyroom2,28,23,sagereg_regen,601,0.0,21.65883820727003,1.12323234046539,False,0.2491280519971042,1.6979166666666667,2.0,1.954202272721832,6.0,5145.0,,,,,,
1618,sun3d-mit_76_studyroom-76-1studyroom2,31,23,sagereg_regen,436,0.0,159.14776186060857,4.512095929614163,False,0.1671864049931173,1.75,2.0,1.4290147578240728,6.0,3789.0,,,,,,
1619,sun3d-mit_76_studyroom-76-1studyroom2,34,23,sagereg_regen,548,0.0255474452554744,14.841197212025348,0.8593559623661806,False,0.2170948290076921,1.6770833333333333,2.0,1.925863858512577,6.0,5820.0,,,,,,
1620,sun3d-mit_76_studyroom-76-1studyroom2,64,23,sagereg_regen,769,0.0039011703511053,52.5312110969723,2.704175738920715,False,0.2942983899993123,1.8020833333333333,2.0,2.0244121218498488,6.0,3325.0,,,,,,
1621,sun3d-mit_76_studyroom-76-1studyroom2,28,24,sagereg_regen,889,0.0033745781777277,51.271763558406455,0.664908745447815,False,0.3406099879939575,1.71875,2.0,1.5230015116557063,6.0,7403.0,,,,,,
1622,sun3d-mit_76_studyroom-76-1studyroom2,29,24,sagereg_regen,639,0.0031298904538341,46.13143698079692,0.6775691646200697,False,0.245735122996848,1.6354166666666667,2.0,2.2554972924921537,6.0,5251.0,,,,,,
1623,sun3d-mit_76_studyroom-76-1studyroom2,31,24,sagereg_regen,597,0.0033500837520938,45.47233019793479,0.6554535773429172,False,0.2350039629964158,1.65625,2.0,2.56642476817886,6.0,5877.0,,,,,,
1624,sun3d-mit_76_studyroom-76-1studyroom2,34,24,sagereg_regen,759,0.0184453227931488,10.127911246817389,0.42272621471639,False,0.2634045680097188,1.8020833333333333,2.0,1.7624439108501304,4.0,3116.0,,,,,,
1625,sun3d-mit_76_studyroom-76-1studyroom2,65,24,sagereg_regen,1001,0.0029970029970029,37.25116933327566,2.3200137255611497,False,0.3708953349996591,1.8020833333333333,2.0,2.422365469808621,6.0,4660.0,,,,,,
1626,sun3d-mit_76_studyroom-76-1studyroom2,29,25,sagereg_regen,826,0.009685230024213,44.39661324614344,0.6722795539321195,False,0.3238170609984081,1.8125,2.0,1.9306589475829887,6.0,5544.0,,,,,,
1627,sun3d-mit_76_studyroom-76-1studyroom2,31,25,sagereg_regen,827,0.0169286577992744,42.00072073735914,0.6830781736032709,False,0.3259449770048377,1.8020833333333333,2.0,2.555494991600508,6.0,5855.0,,,,,,
1628,sun3d-mit_76_studyroom-76-1studyroom2,28,26,sagereg_regen,1496,0.0461229946524064,3.949622952518873,0.2314889193258659,True,0.5481457480054814,1.8125,2.0,2.363653929176883,5.0,7537.0,,,,,,
1629,sun3d-mit_76_studyroom-76-1studyroom2,33,26,sagereg_regen,1809,0.0768380320619126,0.7878449262298569,0.0692229937486489,True,0.6775153350099572,1.7395833333333333,2.0,2.5777821009830384,6.0,8969.0,,,,,,
1630,sun3d-mit_76_studyroom-76-1studyroom2,29,27,sagereg_regen,1190,0.0134453781512605,43.72834001612994,0.6957935086314286,False,0.4541782580054132,1.9166666666666667,2.0,2.448439377462704,6.0,6742.0,,,,,,
1631,sun3d-mit_76_studyroom-76-1studyroom2,30,27,sagereg_regen,979,0.010214504596527,41.80531599558228,0.8153552805177622,False,0.3572966220017406,1.8020833333333333,2.0,2.633436949416556,6.0,5761.0,,,,,,
1632,sun3d-mit_76_studyroom-76-1studyroom2,31,27,sagereg_regen,1051,0.011417697431018,44.560746181964106,0.6905254394295782,False,0.3836937180021778,1.8645833333333333,2.0,2.296543535291652,6.0,5412.0,,,,,,
1633,sun3d-mit_76_studyroom-76-1studyroom2,33,28,sagereg_regen,1504,0.0239361702127659,3.1064673439003525,0.1098078552833831,True,0.4952356510038953,1.875,2.0,1.9275033309774592,3.0,4592.0,,,,,,
1634,sun3d-mit_76_studyroom-76-1studyroom2,32,30,sagereg_regen,822,0.0304136253041362,43.46922074900401,0.7517962870732904,False,0.3121314870004426,1.9270833333333333,2.0,2.450333259794006,6.0,5436.0,,,,,,
1635,sun3d-mit_76_studyroom-76-1studyroom2,34,33,sagereg_regen,1330,0.0172932330827067,41.81231453819387,0.3356878253773116,False,0.4519983120044344,1.8958333333333333,2.0,1.8649810713758732,4.0,7186.0,,,,,,
1636,sun3d-mit_76_studyroom-76-1studyroom2,65,33,sagereg_regen,1310,0.0,70.0258240248845,3.425080609878766,False,0.4724615840095794,1.65625,2.0,2.3190625067647943,6.0,6046.0,,,,,,
1637,sun3d-mit_76_studyroom-76-1studyroom2,36,34,sagereg_regen,932,0.1008583690987124,1.6370850882272632,0.0746144929825865,True,0.3344102889968781,1.96875,2.0,2.2438945628246496,6.0,3484.0,,,,,,
1638,sun3d-mit_76_studyroom-76-1studyroom2,37,34,sagereg_regen,1014,0.1025641025641025,2.7051351859216197,0.1169665832085612,True,0.3583670429943595,1.90625,2.0,2.554936708722605,4.0,3291.0,,,,,,
1639,sun3d-mit_76_studyroom-76-1studyroom2,38,34,sagereg_regen,871,0.0390355912743972,4.19258510528432,0.1790917801939963,True,0.3130629340012092,1.8125,2.0,2.52939814796721,4.0,2491.0,,,,,,
1640,sun3d-mit_76_studyroom-76-1studyroom2,46,34,sagereg_regen,769,0.0169050715214564,31.33758009998821,0.3429335612211965,False,0.279602133006847,1.7708333333333333,2.0,1.4317601773615645,5.0,2961.0,,,,,,
1641,sun3d-mit_76_studyroom-76-1studyroom2,47,34,sagereg_regen,972,0.0072016460905349,179.9029803122726,3.0898321307168666,False,0.3291618569928687,1.9375,2.0,1.1247527500784225,6.0,3552.0,,,,,,
1642,sun3d-mit_76_studyroom-76-1studyroom2,48,34,sagereg_regen,912,0.0054824561403508,72.66447306576764,1.7171175321193677,False,0.3065532010004972,1.8229166666666667,2.0,1.3426642571239646,6.0,2778.0,,,,,,
1643,sun3d-mit_76_studyroom-76-1studyroom2,49,34,sagereg_regen,878,0.010250569476082,85.27050667030323,1.9097160035283136,False,0.2825066770019475,1.90625,2.0,1.4820402737801277,4.0,2460.0,,,,,,
1644,sun3d-mit_76_studyroom-76-1studyroom2,63,34,sagereg_regen,975,0.003076923076923,143.29012441608995,5.3661691983656095,False,0.345986066997284,1.75,2.0,1.301257374984677,6.0,4044.0,,,,,,
1645,sun3d-mit_76_studyroom-76-1studyroom2,64,34,sagereg_regen,1001,0.0069930069930069,71.31780410411241,2.7092950387331003,False,0.3299312889939756,1.78125,2.0,2.2765696133563416,2.0,1969.0,,,,,,
1646,sun3d-mit_76_studyroom-76-1studyroom2,39,35,sagereg_regen,915,0.0153005464480874,90.77375141784304,0.8295887294770742,False,0.3509142990005784,1.9166666666666667,2.0,2.511242587017859,5.0,5658.0,,,,,,
1647,sun3d-mit_76_studyroom-76-1studyroom2,44,35,sagereg_regen,846,0.0035460992907801,90.0669406692316,1.756950813306735,False,0.3437206389935454,1.9479166666666667,2.0,1.7569481475443356,5.0,5366.0,,,,,,
1648,sun3d-mit_76_studyroom-76-1studyroom2,50,35,sagereg_regen,569,0.015817223198594,89.02056539842091,2.3886121808284724,False,0.2154245560013805,1.875,2.0,1.85694281966817,6.0,2889.0,,,,,,
1649,sun3d-mit_76_studyroom-76-1studyroom2,51,35,sagereg_regen,541,0.0092421441774491,175.59117178673986,3.2179909729357856,False,0.1847487799968803,1.8020833333333333,2.0,1.4065575678495066,4.0,1957.0,,,,,,
1650,sun3d-mit_76_studyroom-76-1studyroom2,52,35,sagereg_regen,684,0.0,23.30165529151504,2.8502441897279,False,0.2476136109980871,1.71875,2.0,2.2918069600459323,6.0,2482.0,,,,,,
1651,sun3d-mit_76_studyroom-76-1studyroom2,44,36,sagereg_regen,841,0.0047562425683709,91.27871636025245,0.6243731905841678,False,0.2969675560016185,1.90625,2.0,2.4179971101611573,6.0,2130.0,,,,,,
1652,sun3d-mit_76_studyroom-76-1studyroom2,50,36,sagereg_regen,514,0.0077821011673151,95.94700589510413,2.7227403620518515,False,0.188249287995859,1.6875,2.0,2.064197708225344,6.0,2747.0,,,,,,
1653,sun3d-mit_76_studyroom-76-1studyroom2,51,36,sagereg_regen,543,0.007366482504604,5.520925816486029,0.2922529455775866,True,0.2010976420060615,1.7083333333333333,2.0,2.280181216123,4.0,3812.0,,,,,,
1654,sun3d-mit_76_studyroom-76-1studyroom2,52,36,sagereg_regen,664,0.0015060240963855,3.723682704617734,0.3692852745578464,False,0.2497181819926481,1.75,2.0,1.627085780316621,5.0,3255.0,,,,,,
1655,sun3d-mit_76_studyroom-76-1studyroom2,53,36,sagereg_regen,769,0.0013003901170351,10.63113947672686,0.3347760667809938,False,0.2746127630016417,1.84375,2.0,1.6360463007787756,4.0,2624.0,,,,,,
1656,sun3d-mit_76_studyroom-76-1studyroom2,44,37,sagereg_regen,965,0.0093264248704663,93.08188165062217,0.8759954649768863,False,0.3424017450015526,1.9166666666666667,2.0,2.4147901000385605,6.0,2356.0,,,,,,
1657,sun3d-mit_76_studyroom-76-1studyroom2,50,37,sagereg_regen,685,0.0160583941605839,90.75269597941792,2.5294996068448423,False,0.2470215690045734,1.7708333333333333,2.0,2.7570128734843258,5.0,2210.0,,,,,,
1658,sun3d-mit_76_studyroom-76-1studyroom2,51,37,sagereg_regen,701,0.0114122681883024,67.10518996182518,3.5414009591454687,False,0.2804890179977519,1.7916666666666667,2.0,2.097569205062143,6.0,6568.0,,,,,,
1659,sun3d-mit_76_studyroom-76-1studyroom2,52,37,sagereg_regen,899,0.0077864293659621,79.27216319569989,4.098704733681285,False,0.339986854000017,1.8645833333333333,2.0,1.446915635793226,6.0,6618.0,,,,,,
1660,sun3d-mit_76_studyroom-76-1studyroom2,53,37,sagereg_regen,917,0.0174482006543075,8.505016300245899,0.525841155908176,False,0.3346350360006909,1.8333333333333333,2.0,1.9877546579336387,6.0,4029.0,,,,,,
1661,sun3d-mit_76_studyroom-76-1studyroom2,40,38,sagereg_regen,617,0.0048622366288492,83.99368225461157,0.924328099252538,False,0.250901880004676,1.8229166666666667,2.0,2.063375178880385,6.0,5474.0,,,,,,
1662,sun3d-mit_76_studyroom-76-1studyroom2,43,38,sagereg_regen,948,0.0021097046413502,100.84160299536254,1.763800159682227,False,0.3634119080015807,1.875,2.0,2.280435698082048,6.0,5945.0,,,,,,
1663,sun3d-mit_76_studyroom-76-1studyroom2,51,38,sagereg_regen,1027,0.0185004868549172,1.9191778908365869,0.0498397318266786,True,0.3606725320059922,1.90625,2.0,1.4715966043436326,6.0,5145.0,,,,,,
1664,sun3d-mit_76_studyroom-76-1studyroom2,52,38,sagereg_regen,1099,0.0009099181073703,170.18495400904905,4.922822390914777,False,0.3943748050005524,1.8854166666666667,2.0,1.3134078201453496,6.0,5441.0,,,,,,
1665,sun3d-mit_76_studyroom-76-1studyroom2,41,39,sagereg_regen,1232,0.0243506493506493,1.861077250203776,1.1670914421999934,False,0.4639636929932749,1.90625,2.0,1.9657984225248857,6.0,5656.0,,,,,,
1666,sun3d-mit_76_studyroom-76-1studyroom2,42,39,sagereg_regen,1201,0.0033305578684429,1.4030085915537898,0.8186250378502336,False,0.4440661779881338,1.7708333333333333,2.0,1.9608532493645807,6.0,5742.0,,,,,,
1667,sun3d-mit_76_studyroom-76-1studyroom2,48,39,sagereg_regen,970,0.0061855670103092,148.36735462128829,4.613610546521668,False,0.3433372979998239,1.8645833333333333,2.0,1.5339193595264478,6.0,3668.0,,,,,,
1668,sun3d-mit_76_studyroom-76-1studyroom2,49,39,sagereg_regen,882,0.0340136054421768,1.8107353378612576,0.107579309536763,True,0.3142272429977311,1.8958333333333333,2.0,1.9080793528933,5.0,4815.0,,,,,,
1669,sun3d-mit_76_studyroom-76-1studyroom2,50,39,sagereg_regen,759,0.0329380764163372,3.2163286382707303,0.1041417739845114,True,0.2764003100019181,1.8645833333333333,2.0,1.7500474265583257,5.0,4633.0,,,,,,
1670,sun3d-mit_76_studyroom-76-1studyroom2,51,39,sagereg_regen,708,0.0240112994350282,1.2018934038315348,0.0835299356325651,True,0.2680828289958299,1.84375,2.0,2.663706442342416,6.0,3806.0,,,,,,
1671,sun3d-mit_76_studyroom-76-1studyroom2,52,39,sagereg_regen,933,0.0214362272240085,21.585978844941984,1.252419243422067,False,0.3349497970048105,1.6979166666666667,2.0,1.8140658278402828,6.0,3651.0,,,,,,
1672,sun3d-mit_76_studyroom-76-1studyroom2,53,39,sagereg_regen,1050,0.0285714285714285,5.183091995294272,0.2918245746792909,True,0.3809133280010428,1.7708333333333333,2.0,1.7744825862708993,5.0,4098.0,,,,,,
1673,sun3d-mit_76_studyroom-76-1studyroom2,45,40,sagereg_regen,571,0.0245183887915936,0.6706387349840727,1.1010773366548727,False,0.2361192280004616,1.7083333333333333,2.0,1.865285276324249,3.0,6515.0,,,,,,
1674,sun3d-mit_76_studyroom-76-1studyroom2,46,40,sagereg_regen,551,0.0181488203266787,3.205784177411161,0.3820405916525367,False,0.218364008993376,1.7708333333333333,2.0,1.3028951883523106,6.0,4613.0,,,,,,
1675,sun3d-mit_76_studyroom-76-1studyroom2,47,40,sagereg_regen,630,0.0047619047619047,169.80799017378789,4.8269778235227205,False,0.2387215739945531,1.7604166666666667,2.0,1.2326196693946334,6.0,3161.0,,,,,,
1676,sun3d-mit_76_studyroom-76-1studyroom2,48,40,sagereg_regen,640,0.0,129.39345966520352,4.676815912801714,False,0.2464058780024061,1.59375,2.0,1.428065094929461,6.0,4323.0,,,,,,
1677,sun3d-mit_76_studyroom-76-1studyroom2,49,40,sagereg_regen,614,0.011400651465798,4.898168614231618,0.8284579435034678,False,0.2277402260006056,1.8229166666666667,2.0,2.018643902498165,3.0,3158.0,,,,,,
1678,sun3d-mit_76_studyroom-76-1studyroom2,44,41,sagereg_regen,1205,0.0066390041493775,12.66952827444662,0.6784165979927899,False,0.4356134850022499,1.9166666666666667,2.0,1.7574121139832024,6.0,4176.0,,,,,,
1679,sun3d-mit_76_studyroom-76-1studyroom2,44,42,sagereg_regen,1207,0.0115990057995029,13.550575578963937,1.9333409401665185,False,0.4613387220015283,1.8541666666666667,2.0,1.653557118896811,6.0,8366.0,,,,,,
1680,sun3d-mit_76_studyroom-76-1studyroom2,45,43,sagereg_regen,1020,0.0068627450980392,0.4897780396456835,0.9813242705325512,False,0.3895438909967197,1.875,2.0,1.9648466352537264,6.0,7758.0,,,,,,
1681,sun3d-mit_76_studyroom-76-1studyroom2,46,43,sagereg_regen,1060,0.0188679245283018,20.05899326211776,1.0008676238068897,False,0.393251285997394,1.84375,2.0,1.8155000019687724,5.0,3446.0,,,,,,
1682,sun3d-mit_76_studyroom-76-1studyroom2,47,43,sagereg_regen,990,0.001010101010101,162.28313596685186,4.296192214620179,False,0.3514678189967526,1.8541666666666667,2.0,1.920452733467424,4.0,5794.0,,,,,,
1683,sun3d-mit_76_studyroom-76-1studyroom2,48,43,sagereg_regen,897,0.0044593088071348,142.07177378841064,5.370856383373258,False,0.3099563200012198,1.8854166666666667,2.0,1.8027313025780705,4.0,3226.0,,,,,,
1684,sun3d-mit_76_studyroom-76-1studyroom2,48,44,sagereg_regen,960,0.0104166666666666,89.4551950053302,5.628271989557934,False,0.3347207929982687,1.8854166666666667,2.0,1.1412203727780543,4.0,3333.0,,,,,,
1685,sun3d-mit_76_studyroom-76-1studyroom2,51,44,sagereg_regen,607,0.014827018121911,44.74815033987245,1.3342659894721651,False,0.2322894220051239,1.75,1.0,1.4466017341905273,6.0,3377.0,,,,,,
1686,sun3d-mit_76_studyroom-76-1studyroom2,50,47,sagereg_regen,789,0.0798479087452471,2.3605651752290586,0.0523440524372491,True,0.3021970900081214,1.875,2.0,1.4994541568025488,5.0,4562.0,,,,,,
1687,sun3d-mit_76_studyroom-76-1studyroom2,50,48,sagereg_regen,679,0.0706921944035346,1.9969535659673665,0.0721879717513223,True,0.2528897730007884,1.84375,2.0,2.0978395896225885,2.0,3416.0,,,,,,
1688,sun3d-mit_76_studyroom-76-1studyroom2,51,49,sagereg_regen,576,0.0503472222222222,1.4395622430109352,0.0535168205907675,True,0.2119897279990255,1.7916666666666667,2.0,1.3123298688371965,5.0,2033.0,,,,,,
1689,sun3d-mit_76_studyroom-76-1studyroom2,52,50,sagereg_regen,804,0.0087064676616915,18.614068404551727,1.905482800700084,False,0.2975850260045263,1.8125,2.0,1.402056166764892,6.0,3892.0,,,,,,
1690,sun3d-mit_76_studyroom-76-1studyroom2,55,51,sagereg_regen,679,0.01620029455081,64.5972001660646,1.6332529373116544,False,0.2372035509979468,1.78125,2.0,1.0880679282349912,3.0,3190.0,,,,,,
1691,sun3d-mit_76_studyroom-76-1studyroom2,56,51,sagereg_regen,501,0.0019960079840319,46.98528669904027,1.1289083922564014,False,0.1887326950018177,1.75,2.0,1.2889108379599183,6.0,2885.0,,,,,,
1692,sun3d-mit_76_studyroom-76-1studyroom2,54,52,sagereg_regen,1040,0.0384615384615384,0.5875475345690047,0.0306481499957573,True,0.3643286579972482,1.8125,2.0,1.6248105788072658,5.0,3507.0,,,,,,
1693,sun3d-mit_76_studyroom-76-1studyroom2,56,52,sagereg_regen,752,0.0106382978723404,18.89163017694758,1.3197181110014249,False,0.2790810319929733,1.7708333333333333,2.0,2.132463187256411,6.0,4356.0,,,,,,
1694,sun3d-mit_76_studyroom-76-1studyroom2,56,53,sagereg_regen,885,0.0112994350282485,19.070040606061607,0.3856090039087887,False,0.3220708379958523,1.78125,2.0,1.653189457695014,6.0,3861.0,,,,,,
1695,sun3d-mit_76_studyroom-76-1studyroom2,56,54,sagereg_regen,802,0.0037406483790523,4.902560090339747,0.6408175253621563,False,0.2844151219978812,1.84375,2.0,1.4393246741274304,6.0,3089.0,,,,,,
1696,sun3d-mit_76_studyroom-76-1studyroom2,57,55,sagereg_regen,821,0.0401948842874543,4.365460735658234,0.1265562337620955,True,0.2869673410023097,1.7604166666666667,2.0,2.441963492275449,5.0,2682.0,,,,,,
1697,sun3d-mit_76_studyroom-76-1studyroom2,59,57,sagereg_regen,578,0.0,43.22135999897719,1.2038538871655855,False,0.2250940700032515,1.7604166666666667,2.0,1.3919716324832374,6.0,4295.0,,,,,,
1698,sun3d-mit_76_studyroom-76-1studyroom2,60,57,sagereg_regen,476,0.0,65.39966781948785,1.6064020304931397,False,0.175233340007253,1.7291666666666667,2.0,1.2511758959738246,4.0,3553.0,,,,,,
1699,sun3d-mit_76_studyroom-76-1studyroom2,61,57,sagereg_regen,698,0.0014326647564469,97.20743427067931,2.0918087776915963,False,0.2587487799974042,1.84375,2.0,1.7648388357006612,5.0,4628.0,,,,,,
1700,sun3d-mit_76_studyroom-76-1studyroom2,62,57,sagereg_regen,916,0.0021834061135371,178.22945407995027,3.929142505438217,False,0.3193278939943411,1.9270833333333333,2.0,1.905356506419765,6.0,5064.0,,,,,,
1701,sun3d-mit_76_studyroom-76-1studyroom2,63,57,sagereg_regen,745,0.0067114093959731,177.77380973980084,4.077784696929824,False,0.2594783370004734,1.75,2.0,1.7082995174531648,5.0,4739.0,,,,,,
1702,sun3d-mit_76_studyroom-76-1studyroom2,62,58,sagereg_regen,1310,0.0106870229007633,95.7918338004871,2.006344995236468,False,0.4502775389992166,1.875,2.0,1.6024623245891971,6.0,6036.0,,,,,,
1703,sun3d-mit_76_studyroom-76-1studyroom2,63,58,sagereg_regen,1068,0.0065543071161048,178.88337900792908,3.490882669715708,False,0.3602023900093627,1.90625,2.0,1.4819605632698416,6.0,4178.0,,,,,,
1704,sun3d-mit_76_studyroom-76-1studyroom2,63,59,sagereg_regen,959,0.0427528675703858,2.1172499682664165,0.0358028354855699,True,0.3342919030037592,1.9375,2.0,2.232687957245409,6.0,3661.0,,,,,,
1705,sun3d-mit_76_studyroom-76-1studyroom2,64,60,sagereg_regen,580,0.0017241379310344,176.97682672492013,2.161683886291442,False,0.2292483730052481,1.6875,2.0,1.2196480565158214,6.0,3407.0,,,,,,
1706,sun3d-mit_76_studyroom-76-1studyroom2,64,61,sagereg_regen,872,0.0114678899082568,87.72566413270005,3.4418553086131496,False,0.306761744999676,1.6875,2.0,1.948703841087131,4.0,2431.0,,,,,,
1707,sun3d-mit_76_studyroom-76-1studyroom2,65,62,sagereg_regen,1227,0.0008149959250203,2.503803878837763,1.1449348278511806,False,0.4691399080038536,1.75,2.0,2.430195910721642,5.0,9056.0,,,,,,
1708,sun3d-mit_76_studyroom-76-1studyroom2,65,63,sagereg_regen,1050,0.0504761904761904,3.630140927525674,1.1885127208232311,False,0.427854102999845,1.8125,2.0,1.8057729240967215,5.0,9087.0,,,,,,
1709,sun3d-mit_lab_hj-lab_hj_tea_nov_2_2012_scan1_erika,2,0,sagereg_regen,819,0.0122100122100122,4.029813091361628,0.5678322161604588,False,0.2740801730033126,1.9166666666666667,2.0,2.359269558847111,4.0,3247.0,,,,,,
1710,sun3d-mit_lab_hj-lab_hj_tea_nov_2_2012_scan1_erika,6,0,sagereg_regen,703,0.0,175.99881447919452,4.205574391052108,False,0.2526908560030279,1.9375,2.0,1.676237411189793,5.0,2367.0,,,,,,
1711,sun3d-mit_lab_hj-lab_hj_tea_nov_2_2012_scan1_erika,7,0,sagereg_regen,677,0.0073855243722304,89.50891940402956,3.306685343296756,False,0.2456506839953363,1.7708333333333333,2.0,1.9614061687751816,6.0,1635.0,,,,,,
1712,sun3d-mit_lab_hj-lab_hj_tea_nov_2_2012_scan1_erika,11,0,sagereg_regen,744,0.0067204301075268,160.3893758612403,4.778372737819804,False,0.2628135960039799,1.8333333333333333,2.0,1.1731661525144987,4.0,2713.0,,,,,,
1713,sun3d-mit_lab_hj-lab_hj_tea_nov_2_2012_scan1_erika,24,0,sagereg_regen,578,0.0017301038062283,135.38305725967902,1.714703442469598,False,0.2001672460028203,1.84375,2.0,1.690994779409256,4.0,1040.0,,,,,,
1714,sun3d-mit_lab_hj-lab_hj_tea_nov_2_2012_scan1_erika,26,0,sagereg_regen,488,0.0327868852459016,1.3486588825998416,0.0730883846460958,True,0.1663788779987953,1.875,2.0,1.5599586400799923,2.0,1678.0,,,,,,
1715,sun3d-mit_lab_hj-lab_hj_tea_nov_2_2012_scan1_erika,5,1,sagereg_regen,768,0.0065104166666666,102.5141375892304,0.9423685091967876,False,0.2891217959986534,1.7604166666666667,2.0,1.9400428798084224,6.0,2340.0,,,,,,
1716,sun3d-mit_lab_hj-lab_hj_tea_nov_2_2012_scan1_erika,7,1,sagereg_regen,778,0.0077120822622107,135.99319920841464,3.578943166584664,False,0.2727288009991753,1.8229166666666667,2.0,1.860317472649512,4.0,1725.0,,,,,,
1717,sun3d-mit_lab_hj-lab_hj_tea_nov_2_2012_scan1_erika,26,1,sagereg_regen,466,0.0021459227467811,179.88112883420916,5.987681213541912,False,0.1652634200072498,1.875,2.0,1.7484685895897312,5.0,2216.0,,,,,,
1718,sun3d-mit_lab_hj-lab_hj_tea_nov_2_2012_scan1_erika,6,2,sagereg_regen,1043,0.0268456375838926,3.0141541298656835,0.0731579621895951,True,0.3959382050015847,1.8854166666666667,2.0,2.467873656436361,6.0,7612.0,,,,,,
1719,sun3d-mit_lab_hj-lab_hj_tea_nov_2_2012_scan1_erika,7,2,sagereg_regen,1159,0.0120793787748058,92.43375624586665,4.509693304209188,False,0.4061638330022106,1.8645833333333333,2.0,1.952614421600295,6.0,3794.0,,,,,,
1720,sun3d-mit_lab_hj-lab_hj_tea_nov_2_2012_scan1_erika,9,2,sagereg_regen,892,0.0190582959641255,117.39157557249302,4.406632161031661,False,0.3082973879936617,1.7604166666666667,2.0,1.750860209468589,5.0,1024.0,,,,,,
1721,sun3d-mit_lab_hj-lab_hj_tea_nov_2_2012_scan1_erika,28,2,sagereg_regen,817,0.03671970624235,4.3846197682016745,0.2189436826662991,True,0.2964957860021968,1.84375,2.0,1.96663818844108,5.0,3182.0,,,,,,
1722,sun3d-mit_lab_hj-lab_hj_tea_nov_2_2012_scan1_erika,30,2,sagereg_regen,830,0.0048192771084337,149.80284923912475,4.050178824024972,False,0.29792458400334,1.7083333333333333,2.0,1.123533794297364,6.0,2343.0,,,,,,
1723,sun3d-mit_lab_hj-lab_hj_tea_nov_2_2012_scan1_erika,5,3,sagereg_regen,943,0.0402969247083775,2.085424362468287,0.0889328169048989,True,0.3567011870036367,1.8229166666666667,2.0,2.3469198395495967,6.0,6446.0,,,,,,
1724,sun3d-mit_lab_hj-lab_hj_tea_nov_2_2012_scan1_erika,6,3,sagereg_regen,866,0.0450346420323325,3.066410498128915,0.1445939670130802,True,0.3298422240040963,1.8541666666666667,2.0,2.3475627099139267,6.0,6323.0,,,,,,
1725,sun3d-mit_lab_hj-lab_hj_tea_nov_2_2012_scan1_erika,7,3,sagereg_regen,874,0.005720823798627,104.11209458718642,2.4773347915391137,False,0.3180923539985087,1.8020833333333333,2.0,1.2496901415833104,6.0,4494.0,,,,,,
1726,sun3d-mit_lab_hj-lab_hj_tea_nov_2_2012_scan1_erika,8,3,sagereg_regen,773,0.0181112548512289,3.389878381251769,0.1041344865977819,True,0.2824949589994503,1.6979166666666667,2.0,1.584431274780173,6.0,3456.0,,,,,,
1727,sun3d-mit_lab_hj-lab_hj_tea_nov_2_2012_scan1_erika,30,3,sagereg_regen,604,0.0,36.1804337965118,5.113041749742454,False,0.2138169090030715,1.6666666666666667,2.0,1.3341134649636777,3.0,924.0,,,,,,
1728,sun3d-mit_lab_hj-lab_hj_tea_nov_2_2012_scan1_erika,7,4,sagereg_regen,743,0.0094212651413189,27.212963141392787,0.8815456493976969,False,0.2635206020058831,1.7916666666666667,2.0,1.537873717088577,3.0,2919.0,,,,,,
1729,sun3d-mit_lab_hj-lab_hj_tea_nov_2_2012_scan1_erika,8,4,sagereg_regen,671,0.0029806259314456,111.74501729880082,2.351269677510375,False,0.2078138670040061,1.5729166666666667,2.0,1.169160410192676,0.0,1286.0,,,,,,
1730,sun3d-mit_lab_hj-lab_hj_tea_nov_2_2012_scan1_erika,9,5,sagereg_regen,829,0.0072376357056694,177.09511811992195,7.109260242088291,False,0.2798212130073807,1.7604166666666667,2.0,1.7898643880074996,5.0,917.0,,,,,,
1731,sun3d-mit_lab_hj-lab_hj_tea_nov_2_2012_scan1_erika,9,6,sagereg_regen,868,0.0172811059907834,6.214296496194135,0.292149145230057,True,0.3034598329977598,1.7916666666666667,2.0,1.626604686085643,6.0,3459.0,,,,,,
1732,sun3d-mit_lab_hj-lab_hj_tea_nov_2_2012_scan1_erika,10,6,sagereg_regen,747,0.0093708165997322,7.987316130206624,0.0995337900361565,True,0.2645497379999142,1.8020833333333333,2.0,2.1564953039405794,5.0,2681.0,,,,,,
1733,sun3d-mit_lab_hj-lab_hj_tea_nov_2_2012_scan1_erika,9,8,sagereg_regen,1077,0.1225626740947075,0.8593197273011473,0.0299861447498845,True,0.4109714670048561,1.8958333333333333,2.0,2.3494248007167373,6.0,6187.0,,,,,,
1734,sun3d-mit_lab_hj-lab_hj_tea_nov_2_2012_scan1_erika,10,8,sagereg_regen,899,0.0511679644048943,1.0358455105699829,0.0549089895965328,True,0.3266719690000172,1.8645833333333333,2.0,2.3820795338509324,4.0,5488.0,,,,,,
1735,sun3d-mit_lab_hj-lab_hj_tea_nov_2_2012_scan1_erika,11,9,sagereg_regen,968,0.0103305785123966,18.14531349791265,0.585017680405706,False,0.327245173000847,1.9375,2.0,1.989833306447319,0.0,4744.0,,,,,,
1736,sun3d-mit_lab_hj-lab_hj_tea_nov_2_2012_scan1_erika,27,9,sagereg_regen,768,0.01171875,68.62773543052771,3.2703236622602208,False,0.2518998449959326,1.8645833333333333,2.0,1.2224823453252471,4.0,1784.0,,,,,,
1737,sun3d-mit_lab_hj-lab_hj_tea_nov_2_2012_scan1_erika,28,9,sagereg_regen,884,0.0090497737556561,51.44263979315842,3.1342688407512598,False,0.3031126009955187,1.96875,2.0,1.7467150543061816,5.0,3403.0,,,,,,
1738,sun3d-mit_lab_hj-lab_hj_tea_nov_2_2012_scan1_erika,27,10,sagereg_regen,737,0.0013568521031207,54.1643624567094,3.005706468116325,False,0.2548397880018456,1.7916666666666667,2.0,1.908919195144294,5.0,3010.0,,,,,,
1739,sun3d-mit_lab_hj-lab_hj_tea_nov_2_2012_scan1_erika,28,10,sagereg_regen,821,0.0060901339829476,179.66564272984712,3.9922637801774346,False,0.2713118210012908,1.90625,2.0,1.315168686355187,6.0,2683.0,,,,,,
1740,sun3d-mit_lab_hj-lab_hj_tea_nov_2_2012_scan1_erika,16,13,sagereg_regen,868,0.0161290322580645,31.928578696941727,0.4988790883781592,False,0.3005935210021562,1.7708333333333333,2.0,2.1902117682307654,6.0,3163.0,,,,,,
1741,sun3d-mit_lab_hj-lab_hj_tea_nov_2_2012_scan1_erika,17,13,sagereg_regen,715,0.0055944055944055,114.8876035247693,1.4894687924580992,False,0.2632707859957008,1.7708333333333333,2.0,1.9272945609031324,6.0,4140.0,,,,,,
1742,sun3d-mit_lab_hj-lab_hj_tea_nov_2_2012_scan1_erika,18,13,sagereg_regen,767,0.0,56.27426122898419,1.629275218782786,False,0.2689826559944777,1.8020833333333333,2.0,1.6791463786891585,6.0,3243.0,,,,,,
1743,sun3d-mit_lab_hj-lab_hj_tea_nov_2_2012_scan1_erika,18,14,sagereg_regen,778,0.0025706940874035,20.67350043936074,1.0168337765117297,False,0.2872483329992974,1.8333333333333333,2.0,1.8148833918169365,6.0,4469.0,,,,,,
1744,sun3d-mit_lab_hj-lab_hj_tea_nov_2_2012_scan1_erika,18,15,sagereg_regen,771,0.0012970168612191,45.7592516710596,1.369134592419415,False,0.2897281429977738,1.84375,2.0,1.8853511201514392,6.0,4375.0,,,,,,
1745,sun3d-mit_lab_hj-lab_hj_tea_nov_2_2012_scan1_erika,20,17,sagereg_regen,822,0.0024330900243309,81.46858995161253,2.087449501312996,False,0.3175631760022952,1.8645833333333333,2.0,2.0339828780770515,6.0,6782.0,,,,,,
1746,sun3d-mit_lab_hj-lab_hj_tea_nov_2_2012_scan1_erika,21,19,sagereg_regen,992,0.0211693548387096,4.996690500453281,0.4684102713807889,False,0.3629336380035965,1.84375,2.0,1.89449112613182,6.0,5312.0,,,,,,
1747,sun3d-mit_lab_hj-lab_hj_tea_nov_2_2012_scan1_erika,22,20,sagereg_regen,1001,0.0029970029970029,178.7215687708235,4.611950328973588,False,0.3218712439993396,1.9375,2.0,1.7408939397653247,4.0,2617.0,,,,,,
1748,sun3d-mit_lab_hj-lab_hj_tea_nov_2_2012_scan1_erika,23,21,sagereg_regen,1053,0.0541310541310541,2.281083508955368,0.0499539896106825,True,0.37302409500262,1.90625,2.0,1.9204392085707964,6.0,5180.0,,,,,,
1749,sun3d-mit_lab_hj-lab_hj_tea_nov_2_2012_scan1_erika,24,21,sagereg_regen,979,0.0296220633299285,2.450313352635322,0.0957891645566227,True,0.3314401840034406,1.8333333333333333,2.0,2.153748696248472,6.0,3040.0,,,,,,
1750,sun3d-mit_lab_hj-lab_hj_tea_nov_2_2012_scan1_erika,25,21,sagereg_regen,949,0.0337197049525816,8.109834172189009,0.2272148286401154,True,0.323557190997235,1.8958333333333333,2.0,1.9850051848878685,6.0,2682.0,,,,,,
1751,sun3d-mit_lab_hj-lab_hj_tea_nov_2_2012_scan1_erika,25,22,sagereg_regen,949,0.0453108535300316,10.75007666200862,0.303853344110027,False,0.3262467610038584,1.9270833333333333,2.0,2.2030407781923924,6.0,4005.0,,,,,,
1752,sun3d-mit_lab_hj-lab_hj_tea_nov_2_2012_scan1_erika,26,22,sagereg_regen,739,0.0108254397834912,50.054522717070014,1.5767727772702298,False,0.2559298400010448,1.8958333333333333,2.0,1.8647604980109385,5.0,3678.0,,,,,,
1753,sun3d-mit_lab_hj-lab_hj_tea_nov_2_2012_scan1_erika,26,23,sagereg_regen,751,0.0093209054593874,51.95786856067633,1.641117023496903,False,0.2658488939996459,1.9791666666666667,2.0,2.1930360140572485,4.0,3656.0,,,,,,
1754,sun3d-mit_lab_hj-lab_hj_tea_nov_2_2012_scan1_erika,27,23,sagereg_regen,885,0.0,77.52200884385913,2.1766124082076748,False,0.3030277259967988,1.9895833333333333,2.0,1.814492620595985,6.0,4343.0,,,,,,
1755,sun3d-mit_lab_hj-lab_hj_tea_nov_2_2012_scan1_erika,26,24,sagereg_regen,741,0.0229419703103913,1.878289349142683,0.0387099463170346,True,0.2681227609937195,1.9166666666666667,2.0,2.2780422698528366,6.0,3832.0,,,,,,
1756,sun3d-mit_lab_hj-lab_hj_tea_nov_2_2012_scan1_erika,27,24,sagereg_regen,825,0.0036363636363636,178.18392082694498,4.075406572818226,False,0.2756172989975312,1.9375,2.0,1.4675723098158804,1.0,3868.0,,,,,,
1757,sun3d-mit_lab_hj-lab_hj_tea_nov_2_2012_scan1_erika,33,24,sagereg_regen,536,0.0111940298507462,122.06107490585548,3.311430191688048,False,0.1816493540027295,1.7604166666666667,2.0,1.3951147258054477,4.0,1134.0,,,,,,
1758,sun3d-mit_lab_hj-lab_hj_tea_nov_2_2012_scan1_erika,34,24,sagereg_regen,454,0.0044052863436123,161.66569713634442,3.0913060478812726,False,0.1470297659980133,1.6145833333333333,2.0,1.8680371734942136,2.0,3175.0,,,,,,
1759,sun3d-mit_lab_hj-lab_hj_tea_nov_2_2012_scan1_erika,35,24,sagereg_regen,604,0.0066225165562913,100.80044319054866,3.5300866525505854,False,0.2214392140012933,1.6979166666666667,2.0,1.2908928965395114,5.0,3964.0,,,,,,
1760,sun3d-mit_lab_hj-lab_hj_tea_nov_2_2012_scan1_erika,36,24,sagereg_regen,512,0.00390625,98.80545251966554,5.02274735016233,False,0.1748247779978555,1.7395833333333333,2.0,1.97862502358484,6.0,1476.0,,,,,,
1761,sun3d-mit_lab_hj-lab_hj_tea_nov_2_2012_scan1_erika,37,24,sagereg_regen,416,0.0048076923076923,57.52822585323754,2.162948024211718,False,0.1370261609990848,1.5416666666666667,2.0,1.4131480137518506,6.0,1762.0,,,,,,
1762,sun3d-mit_lab_hj-lab_hj_tea_nov_2_2012_scan1_erika,27,25,sagereg_regen,724,0.0041436464088397,147.6540497932706,3.403067432543536,False,0.2606319689948577,1.96875,2.0,1.863196574101856,5.0,4038.0,,,,,,
1763,sun3d-mit_lab_hj-lab_hj_tea_nov_2_2012_scan1_erika,30,25,sagereg_regen,537,0.0,14.093147233505723,1.907984433187381,False,0.2062459910011966,1.8229166666666667,2.0,1.729174589977232,6.0,2367.0,,,,,,
1764,sun3d-mit_lab_hj-lab_hj_tea_nov_2_2012_scan1_erika,31,25,sagereg_regen,446,0.0,135.1015844764986,3.7764265695274166,False,0.1701537500048289,1.8125,2.0,1.084257051816684,6.0,4703.0,,,,,,
1765,sun3d-mit_lab_hj-lab_hj_tea_nov_2_2012_scan1_erika,32,25,sagereg_regen,422,0.0047393364928909,29.734128707474,2.3127605377866,False,0.1480855259942473,1.78125,2.0,1.2068129295825158,6.0,1826.0,,,,,,
1766,sun3d-mit_lab_hj-lab_hj_tea_nov_2_2012_scan1_erika,33,25,sagereg_regen,591,0.0304568527918781,2.476134856268693,0.0716773404460404,True,0.2150999969962868,1.8020833333333333,2.0,2.172066262507892,5.0,2312.0,,,,,,
1767,sun3d-mit_lab_hj-lab_hj_tea_nov_2_2012_scan1_erika,34,25,sagereg_regen,475,0.0084210526315789,125.99954443925506,3.4320922939367327,False,0.1711830689964699,1.6354166666666667,2.0,1.11379809988889,6.0,2760.0,,,,,,
1768,sun3d-mit_lab_hj-lab_hj_tea_nov_2_2012_scan1_erika,35,25,sagereg_regen,587,0.0017035775127768,97.61628590065592,3.606764543313144,False,0.2130821499958983,1.71875,2.0,1.5863473759823925,5.0,2413.0,,,,,,
1769,sun3d-mit_lab_hj-lab_hj_tea_nov_2_2012_scan1_erika,36,25,sagereg_regen,562,0.0142348754448398,88.12138549789628,4.349532993007436,False,0.1910061429953202,1.78125,2.0,1.349790247164642,2.0,1714.0,,,,,,
1770,sun3d-mit_lab_hj-lab_hj_tea_nov_2_2012_scan1_erika,37,25,sagereg_regen,427,0.0070257611241217,90.3507280302861,3.485220351113669,False,0.1577061760035576,1.8020833333333333,2.0,1.7935895842169944,6.0,3647.0,,,,,,
1771,sun3d-mit_lab_hj-lab_hj_tea_nov_2_2012_scan1_erika,29,28,sagereg_regen,724,0.0013812154696132,32.76082574454309,0.920192708214877,False,0.2431282089964952,1.78125,2.0,1.047557738964255,6.0,2591.0,,,,,,
1772,sun3d-mit_lab_hj-lab_hj_tea_nov_2_2012_scan1_erika,30,28,sagereg_regen,702,0.0014245014245014,179.97688270980365,2.6435690279498494,False,0.2431874079993576,1.7291666666666667,2.0,1.6284295711102286,5.0,1303.0,,,,,,
1773,sun3d-mit_lab_hj-lab_hj_tea_nov_2_2012_scan1_erika,31,29,sagereg_regen,574,0.019163763066202,166.2736109307077,5.198528069075729,False,0.2045672630047192,1.6770833333333333,2.0,1.3311491234781418,6.0,3149.0,,,,,,
1774,sun3d-mit_lab_hj-lab_hj_tea_nov_2_2012_scan1_erika,32,30,sagereg_regen,962,0.0592515592515592,1.1065292503402322,0.0184530450121252,True,0.3535481719954987,1.7291666666666667,2.0,2.0393017433127985,4.0,6824.0,,,,,,
1775,sun3d-mit_lab_hj-lab_hj_tea_nov_2_2012_scan1_erika,33,30,sagereg_regen,1111,0.0216021602160216,4.634791893571533,0.0707209401988911,True,0.3970161469987943,1.5625,2.0,1.9396715336858863,6.0,6672.0,,,,,,
1776,sun3d-mit_lab_hj-lab_hj_tea_nov_2_2012_scan1_erika,34,30,sagereg_regen,1032,0.0096899224806201,4.41443493241886,0.1160486456459929,True,0.3704342030032421,1.65625,2.0,1.9491317364882812,6.0,4974.0,,,,,,
1777,sun3d-mit_lab_hj-lab_hj_tea_nov_2_2012_scan1_erika,35,30,sagereg_regen,1066,0.0065666041275797,127.07430284472932,3.628887712057917,False,0.3727211219957098,1.6354166666666667,2.0,1.387078658205343,6.0,3825.0,,,,,,
1778,sun3d-mit_lab_hj-lab_hj_tea_nov_2_2012_scan1_erika,36,30,sagereg_regen,1184,0.0092905405405405,88.72029218282442,1.986328786661547,False,0.4331150670041097,1.6770833333333333,2.0,1.3575014747814047,6.0,7950.0,,,,,,
1779,sun3d-mit_lab_hj-lab_hj_tea_nov_2_2012_scan1_erika,37,30,sagereg_regen,1018,0.0117878192534381,0.8820412591109518,0.0428893086561463,True,0.3676110930027789,1.6666666666666667,2.0,2.0169263759170266,5.0,6110.0,,,,,,
1780,sun3d-mit_lab_hj-lab_hj_tea_nov_2_2012_scan1_erika,35,31,sagereg_regen,903,0.0199335548172757,3.0843629363468072,0.0871209946528382,True,0.3229334179995931,1.7395833333333333,2.0,2.161135631949491,4.0,5749.0,,,,,,
