trial,method,inlier_ratio,noise_sigma,rotation_error_deg,translation_error,success,runtime_seconds
0,one_hop,0.02,0.005,0.4045989239552092,0.0021397608266349,True,0.2259039799999982
0,sagereg,0.02,0.005,0.4045989235264224,0.0021397608238133,True,0.2513621489999877
1,one_hop,0.02,0.005,0.184985848568658,0.0035461648168711,True,0.2211016530000051
1,sagereg,0.02,0.005,0.1849858495340725,0.0035461648861226,True,0.2493188700000246
2,one_hop,0.02,0.005,0.2834090217784195,0.0019309557833854,True,0.2165928580000127
2,sagereg,0.02,0.005,0.2834090195304779,0.0019309557495634,True,0.2440496739999957
3,one_hop,0.02,0.005,0.4241779996657833,0.0025095342878906,True,0.2151702840000098
3,sagereg,0.02,0.005,0.4241779997345219,0.0025095343030697,True,0.2424888099999975
4,one_hop,0.02,0.005,69.67185807234974,0.7374176811735573,False,0.2213887289999547
4,sagereg,0.02,0.005,69.67183382129454,0.7374234193738408,False,0.249814146999995
5,one_hop,0.02,0.005,0.2539948684524554,0.0038240454844088,True,0.2225788309999643
5,sagereg,0.02,0.005,0.2539948672069326,0.0038240454960736,True,0.2508895440000174
6,one_hop,0.02,0.005,145.5257617616959,0.2247277811161746,False,0.2242274089999796
6,sagereg,0.02,0.005,147.7754627339397,0.1804570287488806,False,0.2513105269999869
7,one_hop,0.02,0.005,171.38282528162304,0.7069745933993968,False,0.2208086950000165
7,sagereg,0.02,0.005,0.2204262184096188,0.0029733654496829,True,0.2502193850000367
8,one_hop,0.02,0.005,0.225703265599553,0.0031973796623865,True,0.2167074149999734
8,sagereg,0.02,0.005,0.2257032664489378,0.0031973796648239,True,0.2442770509999832
9,one_hop,0.02,0.005,0.2241087878867041,0.0020480076660109,True,0.2164330189999646
9,sagereg,0.02,0.005,0.2241087913572047,0.0020480076960049,True,0.2447711269999786
10,one_hop,0.02,0.005,135.18930325782546,1.7755219254987482,False,0.2147738840000101
10,sagereg,0.02,0.005,144.90174485441483,1.7146498726426571,False,0.2424594929999557
11,one_hop,0.02,0.005,163.8783285713141,1.793543481714644,False,0.2181049369999641
11,sagereg,0.02,0.005,163.75892121723973,1.789856520669289,False,0.2479763009999942
12,one_hop,0.02,0.005,15.235262072445078,0.5649990153274058,False,0.2298451099999852
12,sagereg,0.02,0.005,14.984042202316658,0.5674861537197584,False,0.258375252999997
13,one_hop,0.02,0.005,112.9533442623973,0.9900674416328478,False,0.2233640430000036
13,sagereg,0.02,0.005,112.6429116085466,0.9954709531822028,False,0.2518644219999828
14,one_hop,0.02,0.005,0.186108135915589,0.0017622850762949,True,0.222616768000023
14,sagereg,0.02,0.005,0.1861081355200017,0.001762285071476,True,0.2520647099999564
15,one_hop,0.02,0.005,163.12307423114638,0.9105121550734732,False,0.2214784220000183
15,sagereg,0.02,0.005,116.35176213266992,0.803954698372876,False,0.2491632179999783
16,one_hop,0.02,0.005,125.61984338890032,0.3283253357749506,False,0.2276771370000005
16,sagereg,0.02,0.005,125.61985673871636,0.3283253424339453,False,0.256897016000039
17,one_hop,0.02,0.005,125.65135807074788,0.2226595762273144,False,0.2236634150000327
17,sagereg,0.02,0.005,110.30891278651852,0.2796619195645822,False,0.2517578609999873
18,one_hop,0.02,0.005,108.10395235738346,1.2690816633471718,False,0.2175129699999729
18,sagereg,0.02,0.005,108.10400299379695,1.2690759908917446,False,0.2457757499999502
19,one_hop,0.02,0.005,135.1549086402951,1.1944497421775355,False,0.2187104150000323
19,sagereg,0.02,0.005,135.17571955809493,1.194131917082435,False,0.2477595689999816
20,one_hop,0.02,0.005,0.2944937336038288,0.0046534053762746,True,0.2122363340000106
20,sagereg,0.02,0.005,0.2944937321459325,0.0046534053962431,True,0.2403226149999682
21,one_hop,0.02,0.005,0.2124559768799838,0.0057259046888724,True,0.2161210290000212
21,sagereg,0.02,0.005,0.2124559761937888,0.0057259046441666,True,0.2438383319999957
22,one_hop,0.02,0.005,59.944109193263934,0.5446290940965718,False,0.2120154490000345
22,sagereg,0.02,0.005,59.91129762964712,0.5446957015594877,False,0.2403709880000519
23,one_hop,0.02,0.005,0.120148757898199,0.000943421940089,True,0.2213127459999668
23,sagereg,0.02,0.005,0.1201487632674015,0.0009434219779085,True,0.2501336000000265
24,one_hop,0.02,0.005,0.1572722137324759,0.0017264454681857,True,0.2152963049999812
24,sagereg,0.02,0.005,0.1572722134914646,0.0017264454621326,True,0.2431010690000334
25,one_hop,0.02,0.005,0.5545881391370239,0.0059157651598833,True,0.22098212100002
25,sagereg,0.02,0.005,0.5545881381275782,0.0059157651295487,True,0.249523474
26,one_hop,0.02,0.005,156.77416079108394,1.6251555703609606,False,0.2168029350000324
26,sagereg,0.02,0.005,154.90236355324282,1.690577789101364,False,0.2457239249999929
27,one_hop,0.02,0.005,162.55649725540815,0.6344033393083962,False,0.2175113339999939
27,sagereg,0.02,0.005,162.0201006756309,0.6428316633781928,False,0.2450127089999796
28,one_hop,0.02,0.005,143.6716935458143,0.8889291661235889,False,0.2161868700000013
28,sagereg,0.02,0.005,0.0973287118589928,0.002995486666133,True,0.2456877410000402
29,one_hop,0.02,0.005,161.328680415293,0.7473463602503032,False,0.2297353689999681
29,sagereg,0.02,0.005,161.3560279473436,0.7406584346054621,False,0.2592396379999968
30,one_hop,0.02,0.005,0.1091798674551974,0.0026952651850434,True,0.2143748540000274
30,sagereg,0.02,0.005,15.211172867036522,0.1886779966652425,False,0.2428009589999646
31,one_hop,0.02,0.005,0.127501868049455,0.0016502344327534,True,0.2112532769999688
31,sagereg,0.02,0.005,0.1275018681923804,0.0016502344282297,True,0.2405364730000201
32,one_hop,0.02,0.005,113.69666790140008,0.9542518719061772,False,0.2258242169999675
32,sagereg,0.02,0.005,112.46334611145124,0.9583140792708512,False,0.2545567939999955
33,one_hop,0.02,0.005,138.78131220247784,0.8309674750640755,False,0.2192755180000176
33,sagereg,0.02,0.005,138.78199267727544,0.830987620711735,False,0.2472659079999744
34,one_hop,0.02,0.005,0.2134607039341347,0.0020753679371541,True,0.2108537269999715
34,sagereg,0.02,0.005,0.2134607027969977,0.0020753679503091,True,0.2395542849999969
35,one_hop,0.02,0.005,164.0584584386659,0.6018729528970711,False,0.2157274440000378
35,sagereg,0.02,0.005,0.2964230683290392,0.0025477364948181,True,0.2446077380000133
36,one_hop,0.02,0.005,169.2711619317954,1.4906941494197994,False,0.2195950009999592
36,sagereg,0.02,0.005,165.87703340616946,1.492513348040459,False,0.2490125979999788
37,one_hop,0.02,0.005,96.1324153850478,0.1568309498972256,False,0.2217489349999937
37,sagereg,0.02,0.005,150.93613507720312,1.0366619198568074,False,0.2515708600000153
38,one_hop,0.02,0.005,0.1667764592952341,0.0012390504034074,True,0.2133347949999802
38,sagereg,0.02,0.005,0.166776460431617,0.0012390504013469,True,0.2410782169999947
39,one_hop,0.02,0.005,104.35293163591234,0.8853067565951231,False,0.2105430569999953
39,sagereg,0.02,0.005,107.47179678862516,0.8889363072987578,False,0.2381657610000047
40,one_hop,0.02,0.005,0.1847323449904294,0.0024875054442409,True,0.2118009249999772
40,sagereg,0.02,0.005,156.39171432541752,0.8508012197173147,False,0.2396307799999704
41,one_hop,0.02,0.005,142.6157196153324,2.023850048130879,False,0.2128314459999956
41,sagereg,0.02,0.005,144.89951889283995,2.035667492023092,False,0.2401108259999773
42,one_hop,0.02,0.005,109.31041193127014,0.5449028920829823,False,0.2247471669999754
42,sagereg,0.02,0.005,177.5583859894669,0.9956022781247654,False,0.2531850610000106
43,one_hop,0.02,0.005,160.09165901159892,0.9166659277249972,False,0.216075289999992
43,sagereg,0.02,0.005,0.1948226880101078,0.0017067527375674,True,0.2440848350000237
44,one_hop,0.02,0.005,0.1812295955776397,0.0015933753220193,True,0.2191922950000275
44,sagereg,0.02,0.005,0.1812295954167541,0.001593375318451,True,0.2469356970000262
45,one_hop,0.02,0.005,91.58157766730322,0.3856314448380437,False,0.2219825789999845
45,sagereg,0.02,0.005,0.1605593141774872,0.0011050902869547,True,0.250785105000034
46,one_hop,0.02,0.005,89.34937587525607,1.743024784119837,False,0.2143186650000075
46,sagereg,0.02,0.005,93.99708304842451,1.7202513789893752,False,0.2416254610000123
47,one_hop,0.02,0.005,0.420717651316263,0.0069602683899406,True,0.2208385099999645
47,sagereg,0.02,0.005,0.4207176520508859,0.0069602684065669,True,0.2496611369999755
48,one_hop,0.02,0.005,0.1705332516045247,0.0031254232696423,True,0.2172432670000148
48,sagereg,0.02,0.005,0.1705332521772968,0.0031254232710768,True,0.2453283389999683
49,one_hop,0.02,0.005,0.3586577837942478,0.0035633365995153,True,0.2156461040000294
49,sagereg,0.02,0.005,0.3586577859973637,0.0035633365545678,True,0.2451191910000147
50,one_hop,0.02,0.01,158.14112085513236,0.7756009771164079,False,0.2245190180000236
50,sagereg,0.02,0.01,157.7452851554623,0.7894900277945844,False,0.2528158560000406
51,one_hop,0.02,0.01,142.47099136193108,1.2435113594549234,False,0.2138725389999649
51,sagereg,0.02,0.01,141.84657328376548,1.2436063683276428,False,0.2425166490000379
52,one_hop,0.02,0.01,164.47263727393636,1.5732193989956196,False,0.2196977549999701
52,sagereg,0.02,0.01,163.3872765227396,1.9061439997666876,False,0.2471767579999664
53,one_hop,0.02,0.01,0.3986440432958282,0.0051473645929822,True,0.2196128840000142
53,sagereg,0.02,0.01,177.91876413575366,0.373732020140564,False,0.2461220540000113
54,one_hop,0.02,0.01,107.15962601941624,0.7501843253843179,False,0.2210756620000324
54,sagereg,0.02,0.01,108.2535522069798,0.7710943586222773,False,0.2489405559999795
55,one_hop,0.02,0.01,0.2975614287563979,0.0039075218606436,True,0.2228792210000278
55,sagereg,0.02,0.01,85.38932066105902,1.5085161804623126,False,0.2514594740000007
56,one_hop,0.02,0.01,0.5143545105069087,0.0035562279834432,True,0.2178922589999956
56,sagereg,0.02,0.01,0.5143544828178057,0.0035562275372578,True,0.2471878129999822
57,one_hop,0.02,0.01,168.49981422423065,0.5040129176843314,False,0.2190983620000111
57,sagereg,0.02,0.01,168.72435227275764,0.5540501872663625,False,0.2483970989999875
58,one_hop,0.02,0.01,0.4500117208450169,0.0025379229256054,True,0.2200376409999762
58,sagereg,0.02,0.01,0.4500117071575575,0.0025379229627607,True,0.249778311
59,one_hop,0.02,0.01,59.91765848085055,0.4318573571763385,False,0.2254456919999938
59,sagereg,0.02,0.01,59.64542175920295,0.4338513779100831,False,0.2544557209999993
60,one_hop,0.02,0.01,154.95239977477058,1.2302512461202666,False,0.215495642999997
60,sagereg,0.02,0.01,151.4160746070375,1.2698152902007385,False,0.243114343000002
61,one_hop,0.02,0.01,0.5686367782950321,0.0044465180778087,True,0.2223872679999772
61,sagereg,0.02,0.01,0.5686367753389466,0.0044465169385486,True,0.2511332409999909
62,one_hop,0.02,0.01,162.46508614482795,1.2738595620418185,False,0.2204389990000095
62,sagereg,0.02,0.01,162.42681661592408,1.274163539638334,False,0.2498473070000386
63,one_hop,0.02,0.01,130.87914928319566,1.2568191356363136,False,0.2203321680000272
63,sagereg,0.02,0.01,130.20258656443764,1.2554860569530517,False,0.2473861870000178
64,one_hop,0.02,0.01,0.5925877434663255,0.0098240693706029,True,0.2178980460000161
64,sagereg,0.02,0.01,0.5925877434909276,0.0098240693824631,True,0.2462324329999887
65,one_hop,0.02,0.01,127.50296041288696,1.0995424058074588,False,0.2157055480000167
65,sagereg,0.02,0.01,128.60969064147872,1.1268689336985802,False,0.2449478500000168
66,one_hop,0.02,0.01,0.285391129390413,0.0036330152713276,True,0.2224288879999676
66,sagereg,0.02,0.01,0.2853909955017101,0.0036330162469827,True,0.2512630090000129
67,one_hop,0.02,0.01,114.03005426908187,0.5709606393300662,False,0.2183511790000238
67,sagereg,0.02,0.01,167.86198104885074,1.279895939009894,False,0.2472682939999799
68,one_hop,0.02,0.01,0.9000581283436836,0.0038226453185636,True,0.2191858509999633
68,sagereg,0.02,0.01,0.9000582069163812,0.0038226440817561,True,0.2477130430000329
69,one_hop,0.02,0.01,84.64428406353308,0.7139093451513928,False,0.2174099490000003
69,sagereg,0.02,0.01,102.15409050745168,0.6267190951558474,False,0.2460395159999961
70,one_hop,0.02,0.01,0.5415724224390283,0.0053794697616261,True,0.2165886570000452
70,sagereg,0.02,0.01,0.5415724376498363,0.0053794700642432,True,0.2456481350000103
71,one_hop,0.02,0.01,0.2737817511612421,0.0015902733647396,True,0.2188311349999594
71,sagereg,0.02,0.01,0.2737817569174747,0.0015902749817875,True,0.2473948409999593
72,one_hop,0.02,0.01,171.45084802399634,1.0610272972523334,False,0.218244535999986
72,sagereg,0.02,0.01,173.74919410182142,1.072526757900318,False,0.2449622749999775
73,one_hop,0.02,0.01,0.4277462331195313,0.0015651408787272,True,0.2211286499999687
73,sagereg,0.02,0.01,0.4277462235644609,0.0015651409952637,True,0.2495897890000264
74,one_hop,0.02,0.01,0.1933968242097132,0.005557588527349,True,0.2227195639999877
74,sagereg,0.02,0.01,0.1933969580577355,0.0055575877411851,True,0.2501573719999896
75,one_hop,0.02,0.01,108.7484514590432,1.3939619447744016,False,0.2188252720000036
75,sagereg,0.02,0.01,109.44599079378344,1.371558070668501,False,0.2461333409999611
76,one_hop,0.02,0.01,114.0588604116595,0.5238057789194948,False,0.2232514540000352
76,sagereg,0.02,0.01,168.33330326756854,0.861091045987719,False,0.2533196690000068
77,one_hop,0.02,0.01,81.16479847574232,1.5673448999565538,False,0.2176954010000145
77,sagereg,0.02,0.01,79.63969317358718,1.5604559166682976,False,0.246454443999994
78,one_hop,0.02,0.01,110.680641006611,1.0187693371522537,False,0.2184069610000278
78,sagereg,0.02,0.01,110.61561686813542,1.018843865565316,False,0.2473782380000102
79,one_hop,0.02,0.01,0.8876351055870207,0.0113981802168781,True,0.2218494100000043
79,sagereg,0.02,0.01,0.8876353167368272,0.0113981667013022,True,0.2521710999999982
80,one_hop,0.02,0.01,126.7256568729446,0.5536226648310653,False,0.2186689200000273
80,sagereg,0.02,0.01,142.19700741244947,0.6469098292954701,False,0.2471089570000231
81,one_hop,0.02,0.01,0.8094619395799794,0.0075694625857727,True,0.2207605790000002
81,sagereg,0.02,0.01,160.81341653509543,0.9260548105646172,False,0.2506745289999799
82,one_hop,0.02,0.01,132.76143339303906,0.4979643100553673,False,0.2190879480000376
82,sagereg,0.02,0.01,14.134645836118503,0.0663092430767385,False,0.2480185329999926
83,one_hop,0.02,0.01,168.33420801148932,1.9580508194020805,False,0.2197462899999891
83,sagereg,0.02,0.01,162.1334868780941,2.091551727083302,False,0.2472129829999971
84,one_hop,0.02,0.01,91.59941379227826,1.6308225934222,False,0.2144226509999498
84,sagereg,0.02,0.01,172.07982267427326,0.7301116899210423,False,0.243572467999968
85,one_hop,0.02,0.01,0.2159670785167672,0.0054925589253794,True,0.2216852299999914
85,sagereg,0.02,0.01,0.2159630200420104,0.0054925838928736,True,0.2510995900000239
86,one_hop,0.02,0.01,111.2707814557654,0.6960401877722358,False,0.2163038119999782
86,sagereg,0.02,0.01,160.15957853320234,0.2866090399670563,False,0.2441812509999863
87,one_hop,0.02,0.01,145.03297219004307,0.5599496470764588,False,0.219588793000014
87,sagereg,0.02,0.01,147.65417402519392,0.5683760095320698,False,0.2480840730000295
88,one_hop,0.02,0.01,0.2013774966061074,0.0035720114142388,True,0.2237105809999775
88,sagereg,0.02,0.01,0.2013778803869694,0.0035720152690233,True,0.2527803679999465
89,one_hop,0.02,0.01,0.4127797504300997,0.0011277081737082,True,0.214997621000009
89,sagereg,0.02,0.01,0.4127780524986935,0.0011276319775126,True,0.2429830120000247
90,one_hop,0.02,0.01,172.948364029066,0.6824057904204311,False,0.2233998209999868
90,sagereg,0.02,0.01,161.5706346695002,0.731349501456542,False,0.2513780399999632
91,one_hop,0.02,0.01,156.9123126941477,2.1546259222151765,False,0.2154733830000168
91,sagereg,0.02,0.01,161.9978866324468,2.170258270698263,False,0.2430433730000345
92,one_hop,0.02,0.01,116.30245194991842,1.0480838245343067,False,0.2191831869999987
92,sagereg,0.02,0.01,96.69286935835076,0.9744975752543682,False,0.2470645110000191
93,one_hop,0.02,0.01,127.847406974303,0.7672648922543822,False,0.2178614280000488
93,sagereg,0.02,0.01,134.6272830370675,0.698593665300852,False,0.2451865979999752
94,one_hop,0.02,0.01,172.06972762558863,0.8958735630704958,False,0.218589484000006
94,sagereg,0.02,0.01,101.09294915132284,0.3518343986156115,False,0.2476092470000139
95,one_hop,0.02,0.01,100.04099015496296,1.1873160061181625,False,0.2209332190000168
95,sagereg,0.02,0.01,152.65685864254027,0.8489519664398549,False,0.2492234300000291
96,one_hop,0.02,0.01,86.1022573688531,1.4278437560467436,False,0.2217884919999733
96,sagereg,0.02,0.01,86.10818285989721,1.4280204336379734,False,0.252069457999994
97,one_hop,0.02,0.01,134.403395018161,1.2706914364060928,False,0.2184240209999757
97,sagereg,0.02,0.01,142.8819220074671,1.3088819861187402,False,0.2472387219999632
98,one_hop,0.02,0.01,138.89402987364986,0.671420928076147,False,0.2197400539999989
98,sagereg,0.02,0.01,158.06239415050425,0.6880370603309124,False,0.2484585760000186
99,one_hop,0.02,0.01,120.2683529898016,1.3820940128147416,False,0.2226761339999825
99,sagereg,0.02,0.01,120.2757353592276,1.3816095086727118,False,0.2511935530000073
100,one_hop,0.02,0.02,85.82875477144832,1.1769140347946851,False,0.2138068009999756
100,sagereg,0.02,0.02,89.01301173604183,1.1984322039685984,False,0.2437254699999584
101,one_hop,0.02,0.02,132.3493587681352,1.560188663213094,False,0.2188379199999985
101,sagereg,0.02,0.02,122.62416923429664,0.9053643057223824,False,0.2458743599999593
102,one_hop,0.02,0.02,142.5445513532401,0.7215285884143734,False,0.2238425360000064
102,sagereg,0.02,0.02,144.1627871706495,0.7181299344566835,False,0.2521383870000022
103,one_hop,0.02,0.02,145.00239069829425,1.0446302026552703,False,0.2224006939999867
103,sagereg,0.02,0.02,144.9555325181316,1.041792030708954,False,0.2508487220000006
104,one_hop,0.02,0.02,132.53110550044707,1.183685927288148,False,0.2173303220000093
104,sagereg,0.02,0.02,158.94614540609555,1.0876022973888564,False,0.2440615219999813
105,one_hop,0.02,0.02,21.92809475906392,0.4716333894831932,False,0.2175834509999958
105,sagereg,0.02,0.02,134.83831216130866,1.39926378416328,False,0.2456724159999908
106,one_hop,0.02,0.02,113.176850804057,0.4673892868570491,False,0.2142746849999639
106,sagereg,0.02,0.02,74.07613464220073,0.9051381827158402,False,0.2428241090000256
107,one_hop,0.02,0.02,127.3219615010806,1.480969385001533,False,0.2209464790000197
107,sagereg,0.02,0.02,126.71741742583094,1.2643823777118255,False,0.2493858739999837
108,one_hop,0.02,0.02,170.25289519922248,0.3534252929034058,False,0.2243428579999999
108,sagereg,0.02,0.02,177.89831580881912,0.3451963876645842,False,0.2515747040000065
109,one_hop,0.02,0.02,90.69386468418928,1.310437886936366,False,0.2201274349999948
109,sagereg,0.02,0.02,92.72984477194264,1.2888640766976975,False,0.247258773999988
110,one_hop,0.02,0.02,144.4985033035758,0.9250812209762762,False,0.2149418129999958
110,sagereg,0.02,0.02,1.3957618269649306,0.0109711332724228,True,0.2438541380000174
111,one_hop,0.02,0.02,75.0946851347725,0.4964099674635573,False,0.2187286090000384
111,sagereg,0.02,0.02,73.67249317293182,0.5222517752122048,False,0.2463458150000406
112,one_hop,0.02,0.02,116.06864273175776,0.3628915150321347,False,0.2240087239999866
112,sagereg,0.02,0.02,177.62291598770625,0.7073465927541135,False,0.2529237349999675
113,one_hop,0.02,0.02,47.02258548500935,0.9931751565901912,False,0.2194529799999713
113,sagereg,0.02,0.02,63.93494595995858,0.8690818668410164,False,0.2520089380000172
114,one_hop,0.02,0.02,80.6918728256423,0.8685539769395129,False,0.2161614199999917
114,sagereg,0.02,0.02,80.10928944274858,0.8689109070908122,False,0.2440197699999657
115,one_hop,0.02,0.02,73.97234185338327,1.047097343019814,False,0.2200200789999939
115,sagereg,0.02,0.02,83.10974927239558,0.8783781050304437,False,0.2492811860000188
116,one_hop,0.02,0.02,160.1711349560772,0.4445071286482996,False,0.2169519790000436
116,sagereg,0.02,0.02,161.35154434857876,0.9473936648950116,False,0.2440124920000244
117,one_hop,0.02,0.02,92.19073351686424,0.8666755871613255,False,0.2251782970000135
117,sagereg,0.02,0.02,125.23172652994744,1.1743661266234435,False,0.2535567660000311
118,one_hop,0.02,0.02,169.83469161930893,0.5086437772536726,False,0.2222378409999805
118,sagereg,0.02,0.02,168.8179783442814,0.5024017833066643,False,0.2511282869999718
119,one_hop,0.02,0.02,116.02301226219936,0.8777039062564678,False,0.2195185289999699
119,sagereg,0.02,0.02,115.9695865309512,0.8839781220552264,False,0.2480169620000083
120,one_hop,0.02,0.02,67.25403325501438,1.261545681006816,False,0.2163261229999875
120,sagereg,0.02,0.02,79.96889918446149,1.4716086009301337,False,0.2454705960000183
121,one_hop,0.02,0.02,161.2738271561783,0.2230627678287623,False,0.2209889650000036
121,sagereg,0.02,0.02,157.1290435395615,0.2129889371146793,False,0.2485237459999894
122,one_hop,0.02,0.02,46.31703664532736,0.7124350510956717,False,0.2194161150000013
122,sagereg,0.02,0.02,45.64512265096909,0.7087761007690814,False,0.2481234009999866
123,one_hop,0.02,0.02,103.85275788940896,1.2353569687897854,False,0.2155173849999982
123,sagereg,0.02,0.02,124.24793156640996,1.015370873833057,False,0.2441368579999903
124,one_hop,0.02,0.02,65.66298429911528,1.4689133397556962,False,0.2194295670000201
124,sagereg,0.02,0.02,75.4621312348939,1.506549571103047,False,0.2489313289999586
125,one_hop,0.02,0.02,169.67578544645585,0.479880148269269,False,0.2199372620000304
125,sagereg,0.02,0.02,156.85746683004538,0.6410509286205359,False,0.2490527400000246
126,one_hop,0.02,0.02,148.87285995468915,0.69390863868928,False,0.2192674209999836
126,sagereg,0.02,0.02,131.769615885582,0.8094705764646803,False,0.2471577069999853
127,one_hop,0.02,0.02,76.56193052070053,0.7041025506059806,False,0.2240803010000149
127,sagereg,0.02,0.02,73.1651690725273,0.7205705983920729,False,0.2513155949999941
128,one_hop,0.02,0.02,103.34987863332816,0.8646806479826785,False,0.2146665789999815
128,sagereg,0.02,0.02,97.55106933231043,1.1676882203624712,False,0.2424173649999943
129,one_hop,0.02,0.02,114.04435031322768,0.128228152655708,False,0.2271003629999768
129,sagereg,0.02,0.02,68.77474012001971,0.1730459021937564,False,0.2561758680000139
130,one_hop,0.02,0.02,168.6587476311773,0.9450933116821754,False,0.2157828599999902
130,sagereg,0.02,0.02,163.39141932599148,1.1465960614626116,False,0.2440927240000405
131,one_hop,0.02,0.02,154.67844446037927,0.698231965372361,False,0.2143623800000114
131,sagereg,0.02,0.02,141.00705706102994,0.7564330466408954,False,0.241086236000001
132,one_hop,0.02,0.02,144.67496697491208,0.7473866405862506,False,0.2208711369999605
132,sagereg,0.02,0.02,167.53718033239917,0.4508462235939308,False,0.2476685110000289
133,one_hop,0.02,0.02,157.51245855829058,0.5512753906428374,False,0.2202846110000109
133,sagereg,0.02,0.02,66.42884534277789,0.8062343829528158,False,0.2495358589999909
134,one_hop,0.02,0.02,153.16066243604877,1.188752791646701,False,0.2166890350000017
134,sagereg,0.02,0.02,152.18599510178413,1.1946015084328356,False,0.2451421700000082
135,one_hop,0.02,0.02,147.73523743082396,0.9736402573528086,False,0.2247497829999929
135,sagereg,0.02,0.02,76.84190270347419,1.1004216416520702,False,0.2522531959999696
136,one_hop,0.02,0.02,47.4022121749848,0.3434407854756482,False,0.2226581730000134
136,sagereg,0.02,0.02,103.63495022326286,0.7023896560030692,False,0.2511163390000206
137,one_hop,0.02,0.02,134.21673816450576,0.8792120003374244,False,0.2202745779999873
137,sagereg,0.02,0.02,118.43544257014074,0.5845911173236167,False,0.2500054310000337
138,one_hop,0.02,0.02,105.93132832513248,0.8178064911900741,False,0.2230332159999761
138,sagereg,0.02,0.02,95.30372819234331,1.3078060882084763,False,0.2503665709999723
139,one_hop,0.02,0.02,74.23212616527564,0.7941136770710828,False,0.2203724980000174
139,sagereg,0.02,0.02,74.1083432196075,0.7851510377842098,False,0.2480180910000058
140,one_hop,0.02,0.02,75.97225146299952,0.657181291960597,False,0.2212357210000277
140,sagereg,0.02,0.02,176.01063147386424,0.9494436165415232,False,0.2500299860000154
141,one_hop,0.02,0.02,173.39561881327177,0.8396133911489134,False,0.2249510799999825
141,sagereg,0.02,0.02,176.49523830897226,1.627032007043546,False,0.2515272269999968
142,one_hop,0.02,0.02,144.27373618409348,0.9074664453021488,False,0.2162417299999788
142,sagereg,0.02,0.02,143.757005090926,0.9091432312538535,False,0.2437296120000383
143,one_hop,0.02,0.02,170.6251788949388,0.8385369182349516,False,0.2267723609999734
143,sagereg,0.02,0.02,170.60590554164585,0.8364229844807984,False,0.2545789469999704
144,one_hop,0.02,0.02,37.83232244046071,0.6953021630095673,False,0.215332558
144,sagereg,0.02,0.02,77.06015242469644,0.2914832959488295,False,0.244120080000016
145,one_hop,0.02,0.02,107.34545056282349,1.704257492106278,False,0.2190743770000267
145,sagereg,0.02,0.02,106.82881933823946,1.6982930100508091,False,0.2471754949999649
146,one_hop,0.02,0.02,112.90765039734649,0.5509302688589272,False,0.2209579610000105
146,sagereg,0.02,0.02,64.15919194373787,0.713043996204941,False,0.249326572999962
147,one_hop,0.02,0.02,105.37277515610616,1.0719577820352784,False,0.2214440010000089
147,sagereg,0.02,0.02,105.37151438772304,1.0719840759832195,False,0.2503070010000101
148,one_hop,0.02,0.02,41.36174196102202,0.6395346233568081,False,0.2251192800000012
148,sagereg,0.02,0.02,41.57631101762309,0.6344107552792617,False,0.2523692629999914
149,one_hop,0.02,0.02,163.1400149154883,0.5863405411547208,False,0.2225348380000014
149,sagereg,0.02,0.02,150.952853492698,0.533566897512858,False,0.2500323979999734
150,one_hop,0.03,0.005,0.0988522934389109,0.0008981294546652,True,0.2187843329999736
150,sagereg,0.03,0.005,0.0988522932545627,0.0008981294579701,True,0.2486041700000214
151,one_hop,0.03,0.005,102.05523432869344,0.3689848042055999,False,0.2193342909999955
151,sagereg,0.03,0.005,0.3594491184137096,0.002881292953889,True,0.2476637849999861
152,one_hop,0.03,0.005,0.212621421089764,0.0030954426627007,True,0.2196716999999921
152,sagereg,0.03,0.005,0.2126214211034773,0.0030954426586044,True,0.2472670660000062
153,one_hop,0.03,0.005,177.7971652005403,0.6625123562711379,False,0.2231187159999876
153,sagereg,0.03,0.005,0.1901711390452084,0.0004011829615639,True,0.250936304999982
154,one_hop,0.03,0.005,62.33275075894687,0.8739905576745173,False,0.2214972219999822
154,sagereg,0.03,0.005,62.9926420198104,0.8577088601123101,False,0.247791186000029
155,one_hop,0.03,0.005,0.212176188355402,0.0025080384096552,True,0.2183039170000142
155,sagereg,0.03,0.005,0.2121761875892857,0.0025080384009574,True,0.2477819099999578
156,one_hop,0.03,0.005,130.7001719866884,1.495140510144566,False,0.2195450129999585
156,sagereg,0.03,0.005,127.24498362127105,1.4831802342393807,False,0.2454516930000068
157,one_hop,0.03,0.005,91.96913022560284,1.1110280258353715,False,0.2173969049999868
157,sagereg,0.03,0.005,105.1856183365326,1.2084594594056817,False,0.2454674969999928
158,one_hop,0.03,0.005,168.72349781699953,1.4488522869865856,False,0.2203331339999863
158,sagereg,0.03,0.005,0.3086321941946843,0.0016576741627603,True,0.2477638710000178
159,one_hop,0.03,0.005,0.0932742668865818,0.0024189625827398,True,0.2194811440000421
159,sagereg,0.03,0.005,0.0932742668396923,0.0024189625838545,True,0.2476796850000369
160,one_hop,0.03,0.005,0.2062436063000668,0.0026733020184324,True,0.2144882219999999
160,sagereg,0.03,0.005,0.2062436053599375,0.0026733020124333,True,0.2422067110000512
161,one_hop,0.03,0.005,0.2069217816399695,0.0029401219222463,True,0.2187809640000182
161,sagereg,0.03,0.005,0.2069217813475824,0.0029401219042257,True,0.2449077659999829
162,one_hop,0.03,0.005,0.3306742040664536,0.0031143988537008,True,0.2181679199999848
162,sagereg,0.03,0.005,0.330674203508744,0.0031143989056166,True,0.2462929139999801
163,one_hop,0.03,0.005,165.44245934764152,1.0946874649074323,False,0.2196432650000019
163,sagereg,0.03,0.005,168.4562658601393,1.043800182893125,False,0.2479761260000259
164,one_hop,0.03,0.005,0.0631960173125727,0.0021037858399793,True,0.2242117870000015
164,sagereg,0.03,0.005,0.0631960156977535,0.0021037858384296,True,0.2504076849999705
165,one_hop,0.03,0.005,112.22215646802988,1.4722803701545832,False,0.2241797759999713
165,sagereg,0.03,0.005,93.53043384647,1.1627841429003614,False,0.2533243909999783
166,one_hop,0.03,0.005,0.2989237495633428,0.0040970851203707,True,0.2160673939999924
166,sagereg,0.03,0.005,0.29892375212867,0.0040970850950716,True,0.2454850049999777
167,one_hop,0.03,0.005,0.197742384610582,0.0017866093442823,True,0.2188681089999704
167,sagereg,0.03,0.005,0.1977423834051732,0.0017866093553148,True,0.246050590999971
168,one_hop,0.03,0.005,0.0986854964492673,0.0011569814332109,True,0.2188947820000066
168,sagereg,0.03,0.005,0.0986854917219761,0.0011569814083415,True,0.2453667780000046
169,one_hop,0.03,0.005,0.2199144964969386,0.0013614347463287,True,0.2229284569999663
169,sagereg,0.03,0.005,0.2199144958041847,0.0013614347348645,True,0.2498595289999912
170,one_hop,0.03,0.005,0.0674294158399711,0.0029694304461567,True,0.214545567000016
170,sagereg,0.03,0.005,0.0674294163372432,0.0029694304398482,True,0.242756001000032
171,one_hop,0.03,0.005,0.1551638421114411,0.001410064434065,True,0.2183782680000376
171,sagereg,0.03,0.005,0.1551638427127609,0.0014100644328427,True,0.2450560199999927
172,one_hop,0.03,0.005,124.57245124404974,2.070384823960244,False,0.2153800560000149
172,sagereg,0.03,0.005,165.5834714936409,1.373719301373386,False,0.2425316069999894
173,one_hop,0.03,0.005,177.36397553457414,1.3203014644340685,False,0.2187949930000172
173,sagereg,0.03,0.005,0.1312506779772268,0.0010088023882707,True,0.2471991799999955
174,one_hop,0.03,0.005,0.2750958238352669,0.0028933327031555,True,0.2201071899999647
174,sagereg,0.03,0.005,0.2750958214981967,0.0028933326817567,True,0.249684177000006
175,one_hop,0.03,0.005,0.3637229428371596,0.0024456072216511,True,0.226723604999961
175,sagereg,0.03,0.005,0.3637229404623102,0.0024456071918799,True,0.2559652169999822
176,one_hop,0.03,0.005,127.22539400726836,1.500270426469159,False,0.2233692120000228
176,sagereg,0.03,0.005,0.3290252266457823,0.004415278211633,True,0.2512638599999945
177,one_hop,0.03,0.005,0.3121614196077147,0.0015787301087231,True,0.2177404040000397
177,sagereg,0.03,0.005,0.3121614191780534,0.0015787301294038,True,0.2439794910000046
178,one_hop,0.03,0.005,0.1663727254336516,0.0021645138103249,True,0.220960932999958
178,sagereg,0.03,0.005,0.1663727256001414,0.0021645138095892,True,0.2507158489999597
179,one_hop,0.03,0.005,81.5935151033239,0.8125360513903395,False,0.2184137599999758
179,sagereg,0.03,0.005,0.1032234433082621,0.00057364425976,True,0.2457421280000176
180,one_hop,0.03,0.005,0.2166551129612364,0.0024973699533737,True,0.2198572149999904
180,sagereg,0.03,0.005,0.2166551130419838,0.002497369962753,True,0.2481289059999767
181,one_hop,0.03,0.005,54.58571350817014,1.007289991185178,False,0.2233417680000116
181,sagereg,0.03,0.005,55.60535756292764,1.0170336129450723,False,0.2508963379999613
182,one_hop,0.03,0.005,177.453186186479,1.1568971972368514,False,0.2270603609999852
182,sagereg,0.03,0.005,177.45318403164,1.156897197647317,False,0.2556031560000065
183,one_hop,0.03,0.005,0.2022415005960967,0.0011397383065307,True,0.2145423250000249
183,sagereg,0.03,0.005,0.2022415009781482,0.0011397383046218,True,0.2430061349999732
184,one_hop,0.03,0.005,0.1306372997902971,0.0008902612758866,True,0.2156462629999964
184,sagereg,0.03,0.005,0.130637299204418,0.0008902612947688,True,0.2436600880000128
185,one_hop,0.03,0.005,1.4733064189661125,0.0423281685931941,True,0.2178387810000117
185,sagereg,0.03,0.005,1.2547246594526469,0.0383333053055668,True,0.2461452430000008
186,one_hop,0.03,0.005,0.1799284475184904,0.0016977100612377,True,0.2162360170000283
186,sagereg,0.03,0.005,0.1799284484340673,0.0016977100643432,True,0.2433318710000094
187,one_hop,0.03,0.005,169.24635367115647,1.0168627226749678,False,0.2173816160000115
187,sagereg,0.03,0.005,0.2560351690021337,0.002168851063375,True,0.2451353440000048
188,one_hop,0.03,0.005,0.2984595908222966,0.0031111617045643,True,0.2169389079999746
188,sagereg,0.03,0.005,0.2984595830459613,0.0031111616550055,True,0.2451218859999926
189,one_hop,0.03,0.005,112.19978471369036,0.8293578928852854,False,0.2249426719999974
189,sagereg,0.03,0.005,167.51407935820058,1.264712821110442,False,0.2521174010000209
190,one_hop,0.03,0.005,0.2190718731578313,0.0028448774887259,True,0.2143774630000052
190,sagereg,0.03,0.005,0.2190718731511766,0.0028448774892246,True,0.242776597000045
191,one_hop,0.03,0.005,166.28718095980705,1.7321079977121014,False,0.2171514820000197
191,sagereg,0.03,0.005,165.9828707532789,1.7306238345566878,False,0.2461796819999904
192,one_hop,0.03,0.005,122.05233621184648,0.333014086485097,False,0.2193289039999513
192,sagereg,0.03,0.005,0.1510358622444259,0.0021876754772137,True,0.2467036300000131
193,one_hop,0.03,0.005,0.1148299740212604,0.0012740628858285,True,0.2153572749999739
193,sagereg,0.03,0.005,0.1148299739577813,0.0012740628291578,True,0.2408280710000099
194,one_hop,0.03,0.005,0.1790251073691082,0.0025256984726688,True,0.2163079449999827
194,sagereg,0.03,0.005,0.1790251112860518,0.0025256984885723,True,0.2451833819999933
195,one_hop,0.03,0.005,45.782357608995454,0.6173437189951027,False,0.2175606480000169
195,sagereg,0.03,0.005,46.05852008083763,0.6162902514451136,False,0.2453845789999604
196,one_hop,0.03,0.005,0.1351875334365426,0.0013989264605391,True,0.2244706830000495
196,sagereg,0.03,0.005,95.76341148690275,0.800423566772295,False,0.2516364570000178
197,one_hop,0.03,0.005,140.22685404975883,1.2340158027663166,False,0.2222622280000337
197,sagereg,0.03,0.005,147.07276647092343,1.2686903216856933,False,0.2509490950000099
198,one_hop,0.03,0.005,136.10605956415537,1.0876123639644486,False,0.2200761590000297
198,sagereg,0.03,0.005,165.01857402890485,0.962836301409116,False,0.2461355510000089
199,one_hop,0.03,0.005,0.2795948683406648,0.0031464070114245,True,0.2168440179999606
199,sagereg,0.03,0.005,0.2795948684970908,0.0031464070136776,True,0.2446538820000228
200,one_hop,0.03,0.01,0.4743471360963217,0.0049564374547571,True,0.218586216999995
200,sagereg,0.03,0.01,0.4743485304691261,0.0049564444002683,True,0.2471887949999995
201,one_hop,0.03,0.01,68.66564543809659,0.4495161862577635,False,0.2180232800000112
201,sagereg,0.03,0.01,77.04303273509652,0.4720923896837923,False,0.2459331989999782
202,one_hop,0.03,0.01,0.277247413185814,0.0030240995408155,True,0.2186149939999495
202,sagereg,0.03,0.01,0.2772474175292129,0.0030240996045683,True,0.2475755240000126
203,one_hop,0.03,0.01,148.2393553011258,0.8701486939588503,False,0.2198179770000479
203,sagereg,0.03,0.01,153.36796118915032,0.8721127731415492,False,0.2496834879999596
204,one_hop,0.03,0.01,69.48486217734552,0.9309265511401272,False,0.2151161940000179
204,sagereg,0.03,0.01,69.66291984859782,0.9400772293536384,False,0.2417099080000184
205,one_hop,0.03,0.01,0.3822596958479497,0.0018291648887868,True,0.220469563999984
205,sagereg,0.03,0.01,0.3822595908210517,0.0018291670718685,True,0.2477301389999979
206,one_hop,0.03,0.01,161.49518984230687,0.7060196015597342,False,0.2212932019999698
206,sagereg,0.03,0.01,132.84360876432126,0.7646018384275748,False,0.2503999159999921
207,one_hop,0.03,0.01,65.0686752596927,0.4865989553363602,False,0.2161081899999999
207,sagereg,0.03,0.01,151.2260163197642,1.3386669411632754,False,0.2443557590000296
208,one_hop,0.03,0.01,175.91265107416976,0.5675336949459574,False,0.2231826419999834
208,sagereg,0.03,0.01,176.26757754806496,0.5615306285572446,False,0.2508750700000064
209,one_hop,0.03,0.01,131.61198374146562,1.022721200029144,False,0.219828925999991
209,sagereg,0.03,0.01,170.20365259035785,0.6150979980284765,False,0.248973071000023
210,one_hop,0.03,0.01,0.4281689986645342,0.0043472032460748,True,0.2200236770000287
210,sagereg,0.03,0.01,0.4281680019454152,0.0043471897699451,True,0.2477514989999463
211,one_hop,0.03,0.01,0.1377032670750227,0.0021300231896842,True,0.2210887399999705
211,sagereg,0.03,0.01,0.1377030935915386,0.0021300246359644,True,0.248976730000038
212,one_hop,0.03,0.01,0.6903468429158585,0.003618099631163,True,0.2191154579999761
212,sagereg,0.03,0.01,0.6903463852814102,0.0036181038291639,True,0.2467833679999671
213,one_hop,0.03,0.01,167.12444807200407,0.932277915805738,False,0.2233280219999756
213,sagereg,0.03,0.01,42.006695197154485,0.603900119209656,False,0.2518435540000041
214,one_hop,0.03,0.01,178.98740848036084,1.1952925472592544,False,0.2191260589999615
214,sagereg,0.03,0.01,144.39908620113107,1.0870317101194722,False,0.2470614320000095
215,one_hop,0.03,0.01,0.395433953352102,0.0024734775161251,True,0.2195647319999807
215,sagereg,0.03,0.01,0.3954339745177959,0.0024734774762928,True,0.2467236520000142
216,one_hop,0.03,0.01,0.1799571879033448,0.0033389329835811,True,0.2159622529999865
216,sagereg,0.03,0.01,0.1799572128549039,0.0033389282649314,True,0.2448055279999721
217,one_hop,0.03,0.01,123.21337169292536,1.5202592625139977,False,0.2175855820000265
217,sagereg,0.03,0.01,124.69130364934205,1.5164192473088334,False,0.2457870939999793
218,one_hop,0.03,0.01,0.2167104204866779,0.003511871235727,True,0.2162315699999908
218,sagereg,0.03,0.01,0.2167103941259982,0.0035118712098323,True,0.244497688000024
219,one_hop,0.03,0.01,107.95003300618475,0.5559042054432844,False,0.2188645400000268
219,sagereg,0.03,0.01,108.0309373843492,0.5555220199598301,False,0.2468445269999506
220,one_hop,0.03,0.01,0.5773957940026404,0.0045494416891084,True,0.2242295309999917
220,sagereg,0.03,0.01,0.5773958127199409,0.0045494415719787,True,0.2513704140000072
221,one_hop,0.03,0.01,1.0575637647403937,0.0054945909090817,True,0.2209837710000215
221,sagereg,0.03,0.01,1.0575643821733318,0.0054945905440581,True,0.2490286959999821
222,one_hop,0.03,0.01,0.2838427883280242,0.0038920901749308,True,0.2160462169999846
222,sagereg,0.03,0.01,179.3532430963072,2.3631651256230786,False,0.2434184539999933
223,one_hop,0.03,0.01,60.7285988700181,0.7445565416868702,False,0.2193152230000237
223,sagereg,0.03,0.01,134.40285250632672,0.772005578244744,False,0.2475566379999918
224,one_hop,0.03,0.01,117.5944963786139,0.4371727890919102,False,0.2214097680000009
224,sagereg,0.03,0.01,116.98682376012344,0.4374429629450937,False,0.249893749000023
225,one_hop,0.03,0.01,0.4964578873019393,0.0035122007062493,True,0.2216028419999816
225,sagereg,0.03,0.01,0.4964585185909181,0.0035122057719072,True,0.2509783360000028
226,one_hop,0.03,0.01,0.2860212977587941,0.0012488838792008,True,0.2208191670000019
226,sagereg,0.03,0.01,0.2860212817005368,0.001248884738218,True,0.2468435569999769
227,one_hop,0.03,0.01,0.2626142815884865,0.0038455525134701,True,0.226477444000011
227,sagereg,0.03,0.01,0.2626141849977417,0.0038455524621642,True,0.2546779959999981
228,one_hop,0.03,0.01,1.0640365482897765,0.0029458475640095,True,0.2171574870000086
228,sagereg,0.03,0.01,1.0640364997463363,0.002945847774384,True,0.2440757470000107
229,one_hop,0.03,0.01,80.29623863281435,1.169941432654633,False,0.2226146130000188
229,sagereg,0.03,0.01,154.8428535977417,1.1052854947936392,False,0.2502749710000103
230,one_hop,0.03,0.01,128.49279321214442,0.3279003637527981,False,0.2217865089999691
230,sagereg,0.03,0.01,129.4854212920139,0.3341054753483421,False,0.249775833000001
231,one_hop,0.03,0.01,0.2842445001353622,0.0029407114426162,True,0.2179514900000185
231,sagereg,0.03,0.01,0.2842445291008878,0.0029407125679122,True,0.2454883569999992
232,one_hop,0.03,0.01,1.1872119061547832,0.014978798458749,True,0.2175009250000243
232,sagereg,0.03,0.01,1.1872117510469486,0.0149787968326006,True,0.246082868999963
233,one_hop,0.03,0.01,176.91840664783248,1.156663778155647,False,0.2222239380000132
233,sagereg,0.03,0.01,176.92760107907355,1.1561685216108275,False,0.2507294920000049
234,one_hop,0.03,0.01,145.96453326449975,1.2632657342824014,False,0.2237763800000038
234,sagereg,0.03,0.01,145.52482654593828,1.2629960147648809,False,0.2513075580000077
235,one_hop,0.03,0.01,158.1042413809091,1.0950690647181052,False,0.2243632540000248
235,sagereg,0.03,0.01,161.51769334004078,1.0667344381443062,False,0.2512396429999626
236,one_hop,0.03,0.01,0.3636922165543838,0.0047365599267625,True,0.2210914610000145
236,sagereg,0.03,0.01,0.3636923056798765,0.0047365599514407,True,0.247779545999947
237,one_hop,0.03,0.01,0.232878820094231,0.0039613311707692,True,0.2191074360000016
237,sagereg,0.03,0.01,0.2328788303452724,0.0039613311893847,True,0.2475593339999591
238,one_hop,0.03,0.01,170.72453184538668,0.7700752990647589,False,0.2292010119999759
238,sagereg,0.03,0.01,171.01504892961017,0.7691052903076286,False,0.2581493559999899
239,one_hop,0.03,0.01,120.009052617842,0.5965142717089891,False,0.2235809219999964
239,sagereg,0.03,0.01,118.99123597256552,0.6344466985604906,False,0.2517316299999947
240,one_hop,0.03,0.01,131.44799928412894,1.25961519206052,False,0.2190511329999935
240,sagereg,0.03,0.01,131.46668231829076,1.2665477253059536,False,0.2493029849999857
241,one_hop,0.03,0.01,0.6584614525387951,0.0048874540555129,True,0.2180291689999762
241,sagereg,0.03,0.01,0.6584614171001169,0.0048874550372752,True,0.2459162900000251
242,one_hop,0.03,0.01,125.83966424637016,0.2033343053270343,False,0.2228439159999879
242,sagereg,0.03,0.01,162.13043717710892,1.2257592189427085,False,0.2514371099999835
243,one_hop,0.03,0.01,77.07153101464043,0.796061801459222,False,0.2176473989999863
243,sagereg,0.03,0.01,70.22572420794538,0.5318505718579674,False,0.2458329469999967
244,one_hop,0.03,0.01,60.72154989157793,1.4491583993120618,False,0.2241107800000463
244,sagereg,0.03,0.01,60.79530867237688,1.451163270434475,False,0.2527183689999788
245,one_hop,0.03,0.01,2.946404480500027,0.037189989108136,True,0.2220538899999837
245,sagereg,0.03,0.01,1.98483478897808,0.028008476001643,True,0.2513785900000016
246,one_hop,0.03,0.01,0.5524717370267743,0.0080952858012077,True,0.213958821999995
246,sagereg,0.03,0.01,0.5524717505521203,0.0080952857694804,True,0.2404157889999965
247,one_hop,0.03,0.01,116.47604551898242,0.7632705101479105,False,0.216722156000003
247,sagereg,0.03,0.01,114.0721421507828,0.7738264202994399,False,0.2425293819999865
248,one_hop,0.03,0.01,0.4321850675372251,0.0075692499449542,True,0.2212062109999806
248,sagereg,0.03,0.01,0.4321438519520981,0.0075692385395274,True,0.2496282890000429
249,one_hop,0.03,0.01,0.7688917251541689,0.0036980086717922,True,0.2127384669999514
249,sagereg,0.03,0.01,0.7688801631273957,0.0036979591281472,True,0.2400617540000098
250,one_hop,0.03,0.02,144.63110212422683,0.6124931115449125,False,0.2214998150000156
250,sagereg,0.03,0.02,0.6240155534687344,0.0035767962430059,True,0.2504972119999706
251,one_hop,0.03,0.02,100.5390453155884,0.2417473978426919,False,0.2259439360000215
251,sagereg,0.03,0.02,155.6965995984032,1.0490115170088443,False,0.2523132629999622
252,one_hop,0.03,0.02,135.40135603123275,0.7869582445800619,False,0.2273020249999717
252,sagereg,0.03,0.02,131.8144046158826,0.7823652485733246,False,0.2555012850000366
253,one_hop,0.03,0.02,52.58644947899738,0.7150541302379066,False,0.223799237000037
253,sagereg,0.03,0.02,50.7515083321582,1.2068347744791008,False,0.2498186259999784
254,one_hop,0.03,0.02,178.8628303046611,1.417409842565996,False,0.2189865189999977
254,sagereg,0.03,0.02,179.61163006578678,1.4173861467555244,False,0.2468756570000323
255,one_hop,0.03,0.02,154.3814734524364,0.7767642446965208,False,0.222017755999957
255,sagereg,0.03,0.02,154.77369033813886,0.8529356688468326,False,0.2500290169999744
256,one_hop,0.03,0.02,32.47564500241453,0.6575393367188779,False,0.2262408729999947
256,sagereg,0.03,0.02,98.6039565011546,0.7705482323733137,False,0.254633675999969
257,one_hop,0.03,0.02,70.20338133599438,0.8940026101501168,False,0.2190930630000025
257,sagereg,0.03,0.02,74.19856732878863,0.6114702712497068,False,0.2464448810000021
258,one_hop,0.03,0.02,76.63904509977971,0.5319035062313455,False,0.2218153019999817
258,sagereg,0.03,0.02,76.3751422753751,0.5379330623586627,False,0.2501573289999896
259,one_hop,0.03,0.02,103.7482927717186,0.4398328434794089,False,0.2213444289999984
259,sagereg,0.03,0.02,84.97155607011153,0.8622358977398179,False,0.2495541299999786
260,one_hop,0.03,0.02,104.56816228047526,0.3837570672295745,False,0.2249567509999792
260,sagereg,0.03,0.02,155.24928543149952,0.6792021563376818,False,0.2519159619999982
261,one_hop,0.03,0.02,151.108071654719,1.0165602205800803,False,0.2219235459999708
261,sagereg,0.03,0.02,151.42174352751738,1.0168444058320043,False,0.2492671429999973
262,one_hop,0.03,0.02,130.40093706575053,0.7698331912478713,False,0.2243535670000369
262,sagereg,0.03,0.02,130.13394343786567,0.7664595040994489,False,0.2537172269999814
263,one_hop,0.03,0.02,41.02070626468088,0.3629677872505979,False,0.2196784029999889
263,sagereg,0.03,0.02,41.01219361849113,0.3628707807069032,False,0.2469182749999845
264,one_hop,0.03,0.02,152.24772545962486,1.1788437332202584,False,0.2200278499999512
264,sagereg,0.03,0.02,95.91319725681466,1.0484851454864246,False,0.2472018079999998
265,one_hop,0.03,0.02,129.5475121146117,1.4827701089599978,False,0.2264916410000523
265,sagereg,0.03,0.02,129.77627853306507,1.489698150102596,False,0.2544067659999882
266,one_hop,0.03,0.02,79.05192337936371,0.3083514439762278,False,0.223579812999958
266,sagereg,0.03,0.02,102.59631103221407,0.7944840791960069,False,0.2508975639999562
267,one_hop,0.03,0.02,110.77067937300718,0.7151908665141641,False,0.217361043999972
267,sagereg,0.03,0.02,130.14208284113067,1.1664069956202172,False,0.2447255060000088
268,one_hop,0.03,0.02,67.41027015296498,0.4513410940007485,False,0.2279285729999856
268,sagereg,0.03,0.02,122.28706817648668,1.0670106305437193,False,0.2542727969999987
269,one_hop,0.03,0.02,162.33055018543104,0.9308719002494378,False,0.2272375870000473
269,sagereg,0.03,0.02,170.54789845804572,0.5764467216150904,False,0.2562059170000452
270,one_hop,0.03,0.02,176.7819547729011,0.8739614101580688,False,0.2189808340000354
270,sagereg,0.03,0.02,152.0585919685617,1.2012332261535563,False,0.2469755889999874
271,one_hop,0.03,0.02,153.86766235717184,1.0570144186739685,False,0.2167038639999532
271,sagereg,0.03,0.02,154.82294492052864,1.0604485787891085,False,0.2433689179999874
272,one_hop,0.03,0.02,104.86396970976216,1.5591776553329586,False,0.2154243520000136
272,sagereg,0.03,0.02,106.04185453340578,1.2188206107215795,False,0.2433205230000226
273,one_hop,0.03,0.02,114.49951535054971,0.776543240338712,False,0.2237209610000263
273,sagereg,0.03,0.02,136.01798790602396,0.5517164827972952,False,0.2509084419999681
274,one_hop,0.03,0.02,129.55592342752945,1.0400369649304584,False,0.2197890229999757
274,sagereg,0.03,0.02,129.410826301607,1.05131856415131,False,0.2464246850000222
275,one_hop,0.03,0.02,108.71222904937328,0.3686355553143703,False,0.2266085129999737
275,sagereg,0.03,0.02,108.42071886877716,0.3789221707429305,False,0.2550697780000064
276,one_hop,0.03,0.02,143.75534875905905,0.9448187235983756,False,0.2193966680000016
276,sagereg,0.03,0.02,169.887714926925,0.541936517949244,False,0.2484001139999918
277,one_hop,0.03,0.02,146.8273925989424,0.8560497230731989,False,0.2177891799999542
277,sagereg,0.03,0.02,142.18528862964496,0.8472532556510642,False,0.2459359779999772
278,one_hop,0.03,0.02,140.36908305211253,1.197810682284098,False,0.2173954990000197
278,sagereg,0.03,0.02,140.40797864499302,1.19548738509335,False,0.2445554209999727
279,one_hop,0.03,0.02,150.44910684066883,0.6074821536619321,False,0.2209804820000158
279,sagereg,0.03,0.02,153.1809169366229,0.6264639714832801,False,0.2498075110000286
280,one_hop,0.03,0.02,144.6366567222385,1.0218872117431823,False,0.2235229460000027
280,sagereg,0.03,0.02,79.42904476062543,1.0408586450177797,False,0.2515521379999654
281,one_hop,0.03,0.02,102.67411946786078,0.4779894394695927,False,0.2200940420000279
281,sagereg,0.03,0.02,102.95409564056926,0.4695173327409604,False,0.2489268080000215
282,one_hop,0.03,0.02,156.7293337151353,1.866772568141733,False,0.2176738850000106
282,sagereg,0.03,0.02,156.0160126865629,1.8614495164339548,False,0.2448514050000199
283,one_hop,0.03,0.02,167.13948087900388,0.9594621507804592,False,0.2172556429999872
283,sagereg,0.03,0.02,174.65402020487372,0.71500792495003,False,0.2434520850000012
284,one_hop,0.03,0.02,137.93760637771734,0.4367306075549971,False,0.224518516000046
284,sagereg,0.03,0.02,1.3058463140032712,0.0091078250533218,True,0.2514794350000215
285,one_hop,0.03,0.02,63.54934440346796,1.1233216906032806,False,0.2203114159999586
285,sagereg,0.03,0.02,59.594876987552894,1.1607128087915652,False,0.2490751499999532
286,one_hop,0.03,0.02,17.022458729601784,1.2925664984846037,False,0.2181614489999788
286,sagereg,0.03,0.02,16.309640549682424,1.2908847918813802,False,0.2459442100000046
287,one_hop,0.03,0.02,153.31689704210865,0.9862951055375072,False,0.2267402659999788
287,sagereg,0.03,0.02,133.56094345103068,1.0002498936943185,False,0.2539196129999936
288,one_hop,0.03,0.02,41.30220867465599,0.6199784335305544,False,0.218768424000018
288,sagereg,0.03,0.02,41.266851100528136,0.6189069734434243,False,0.2441258659999903
289,one_hop,0.03,0.02,139.6351139003634,0.2301822993331864,False,0.2233257130000083
289,sagereg,0.03,0.02,84.91727385292457,0.8827344858476472,False,0.2511622349999811
290,one_hop,0.03,0.02,148.35845154391933,1.2292467635572113,False,0.2204620520000162
290,sagereg,0.03,0.02,146.82240979134872,1.2047849352836446,False,0.2484360540000239
291,one_hop,0.03,0.02,113.84111026334278,0.602827658551762,False,0.2227187209999783
291,sagereg,0.03,0.02,106.30627421951633,0.6005266391566731,False,0.2506388159999915
292,one_hop,0.03,0.02,113.77729682192232,1.0107473606031996,False,0.2289878840000483
292,sagereg,0.03,0.02,110.99231611812816,0.9214835005901366,False,0.2553502939999816
293,one_hop,0.03,0.02,177.595646386718,0.8270621285739096,False,0.2222004230000038
293,sagereg,0.03,0.02,101.76944252390422,0.8570460056076914,False,0.2493440249999707
294,one_hop,0.03,0.02,91.09016610456352,0.3034092004453043,False,0.2230485030000295
294,sagereg,0.03,0.02,95.96223789257522,0.9484575513541644,False,0.2506885580000357
295,one_hop,0.03,0.02,132.05385062611268,1.3027504590452998,False,0.2260158430000274
295,sagereg,0.03,0.02,118.79050263894251,0.3552745224205669,False,0.2521482689999743
296,one_hop,0.03,0.02,66.00266753318583,0.636641883081323,False,0.2207688169999642
296,sagereg,0.03,0.02,66.17882445255952,0.6313987646387147,False,0.2481288679999806
297,one_hop,0.03,0.02,67.72409710107945,0.4779636388672003,False,0.2211235679999958
297,sagereg,0.03,0.02,66.19750208612922,0.4671792759211817,False,0.2480447700000354
298,one_hop,0.03,0.02,112.20379745708809,0.2237171612337608,False,0.2160819329999981
298,sagereg,0.03,0.02,112.34911668825212,0.2203956311921594,False,0.2438581470000258
299,one_hop,0.03,0.02,1.2287930029275798,0.0055344928981724,True,0.225498430000016
299,sagereg,0.03,0.02,1.1796852342962414,0.0078209793968733,True,0.2515466800000467
300,one_hop,0.04,0.005,0.1956446878835736,0.0031384400885166,True,0.2268098179999924
300,sagereg,0.04,0.005,0.195644687999073,0.0031384400897439,True,0.2559926339999947
301,one_hop,0.04,0.005,0.1735887844821952,0.0026354226196245,True,0.2213697159999696
301,sagereg,0.04,0.005,0.1735887835499772,0.0026354225970203,True,0.2484771680000221
302,one_hop,0.04,0.005,0.1059935324134591,0.0017400137379281,True,0.2185189439999817
302,sagereg,0.04,0.005,150.69917083442476,0.6997530606429352,False,0.2453564690000007
303,one_hop,0.04,0.005,0.3102268907952965,0.0010643258340073,True,0.2182887700000151
303,sagereg,0.04,0.005,0.3102268936266574,0.001064325808626,True,0.2467127340000274
304,one_hop,0.04,0.005,0.2003562525480767,0.0032992068563657,True,0.2112338019999811
304,sagereg,0.04,0.005,0.2003562536977397,0.0032992068329061,True,0.2379929680000145
305,one_hop,0.04,0.005,0.0992673303440013,0.0010636034562193,True,0.2191149440000117
305,sagereg,0.04,0.005,0.0992673324220982,0.0010636034190801,True,0.2451532639999527
306,one_hop,0.04,0.005,0.1839415706483141,0.0022804148650334,True,0.2216124570000488
306,sagereg,0.04,0.005,0.1839415702916587,0.0022804148922251,True,0.2500159000000508
307,one_hop,0.04,0.005,0.4919887500246664,0.0033277195774254,True,0.2146447189999776
307,sagereg,0.04,0.005,0.545626887064755,0.0071519165341619,True,0.2416586300000176
308,one_hop,0.04,0.005,0.1559373625172283,0.0015632773149003,True,0.2197895389999757
308,sagereg,0.04,0.005,0.1559373660698538,0.0015632773518655,True,0.2450669760000323
309,one_hop,0.04,0.005,0.1186396692030507,0.0016033589070235,True,0.2151521279999997
309,sagereg,0.04,0.005,0.1186396688958475,0.0016033589039304,True,0.2431685710000124
310,one_hop,0.04,0.005,0.2804435339646665,0.0032232921797567,True,0.2196852209999633
310,sagereg,0.04,0.005,0.2804435326676593,0.0032232921685654,True,0.2480453239999747
311,one_hop,0.04,0.005,0.1121571561534428,0.002016329412182,True,0.2141440259999854
311,sagereg,0.04,0.005,0.1121571560819518,0.002016329410659,True,0.2403096780000169
312,one_hop,0.04,0.005,0.0784588874657056,0.0021686745827493,True,0.2185060289999683
312,sagereg,0.04,0.005,0.0784588865459368,0.0021686745718945,True,0.2463897869999982
313,one_hop,0.04,0.005,0.0421218159950537,0.0011292788134028,True,0.2222359880000226
313,sagereg,0.04,0.005,0.0421218155970324,0.0011292788210582,True,0.2511072809999746
314,one_hop,0.04,0.005,0.21355337304104,0.0024242419853168,True,0.2232510370000113
314,sagereg,0.04,0.005,0.213553373566695,0.002424241972349,True,0.2511201609999602
315,one_hop,0.04,0.005,0.1899780926396876,0.0010262066213112,True,0.2184232540000152
315,sagereg,0.04,0.005,0.1899780937946006,0.0010262066260899,True,0.2438776029999871
316,one_hop,0.04,0.005,0.3264513192647872,0.0019763461448075,True,0.2167865979999987
316,sagereg,0.04,0.005,0.3264513194143915,0.0019763461452561,True,0.2442565819999913
317,one_hop,0.04,0.005,0.2903399620356232,0.0023274623628419,True,0.2202841120000016
317,sagereg,0.04,0.005,0.2903399627762553,0.0023274623571339,True,0.2490159619999872
318,one_hop,0.04,0.005,0.3010081402632344,0.002659458783318,True,0.2185184379999896
318,sagereg,0.04,0.005,0.3010081379190887,0.0026594587470399,True,0.2448860700000068
319,one_hop,0.04,0.005,0.1080098837853982,0.001011779200256,True,0.2164511720000064
319,sagereg,0.04,0.005,0.108009883636926,0.0010117792098569,True,0.2440347809999821
320,one_hop,0.04,0.005,0.1405539463370549,0.0017036753732184,True,0.2209751940000046
320,sagereg,0.04,0.005,0.1405539464822664,0.0017036753734556,True,0.2480865109999968
321,one_hop,0.04,0.005,0.0996105698966944,0.0022221001607649,True,0.2150161139999795
321,sagereg,0.04,0.005,0.0996105713895247,0.002222100178343,True,0.2422292769999785
322,one_hop,0.04,0.005,0.145035057106348,0.0013923910233248,True,0.217494213000009
322,sagereg,0.04,0.005,0.1450350578652574,0.0013923910178842,True,0.2463425790000428
323,one_hop,0.04,0.005,0.0571649253879054,0.0014933611920402,True,0.2210811830000238
323,sagereg,0.04,0.005,0.0571649308072259,0.0014933612352599,True,0.2485221140000248
324,one_hop,0.04,0.005,0.0576601378118741,0.0017412320349647,True,0.2291326720000484
324,sagereg,0.04,0.005,0.0576601402770306,0.0017412320762391,True,0.2567288260000282
325,one_hop,0.04,0.005,0.301153918067867,0.0017741097954206,True,0.2236099400000171
325,sagereg,0.04,0.005,0.3011539180581852,0.0017741097961971,True,0.2496190360000127
326,one_hop,0.04,0.005,0.2514840307484004,0.00168652923873,True,0.2175060599999483
326,sagereg,0.04,0.005,0.251484032136792,0.0016865292576372,True,0.2441631770000185
327,one_hop,0.04,0.005,0.1785282225171171,0.0021219445602665,True,0.2182237840000311
327,sagereg,0.04,0.005,0.1785282215331142,0.0021219445687848,True,0.2453767920000018
328,one_hop,0.04,0.005,0.1293675197709448,0.0015248963220513,True,0.2200757539999926
328,sagereg,0.04,0.005,0.1293675181650929,0.0015248963253188,True,0.246304417000033
329,one_hop,0.04,0.005,0.2733894970446701,0.0016192931183085,True,0.2214917790000186
329,sagereg,0.04,0.005,0.27338949887107,0.001619293143197,True,0.2497492809999926
330,one_hop,0.04,0.005,0.1483877959206058,0.0012470325161097,True,0.222419517999981
330,sagereg,0.04,0.005,0.1483877965346474,0.0012470325080765,True,0.250836927000023
331,one_hop,0.04,0.005,0.1502897483674939,0.0023566473515249,True,0.2201307340000085
331,sagereg,0.04,0.005,0.1502897482365394,0.0023566473746935,True,0.2475738800000044
332,one_hop,0.04,0.005,0.2126796768293775,0.0021925576772941,True,0.2215879990000075
332,sagereg,0.04,0.005,166.56243370361744,0.8254755334223834,False,0.2496099180000328
333,one_hop,0.04,0.005,0.1312938457863762,0.0025433844776615,True,0.2284483110000223
333,sagereg,0.04,0.005,0.1312938466524723,0.0025433845289395,True,0.2558012130000406
334,one_hop,0.04,0.005,0.293474901549645,0.0040980237588945,True,0.2151349279999976
334,sagereg,0.04,0.005,0.2934749012714595,0.0040980237467316,True,0.2428161869999598
335,one_hop,0.04,0.005,0.0686475051564954,0.0009159549505241,True,0.2181156589999773
335,sagereg,0.04,0.005,0.0686475057192729,0.0009159549555317,True,0.2432979480000199
336,one_hop,0.04,0.005,0.1339397123591221,0.0014469428124803,True,0.2198476629999959
336,sagereg,0.04,0.005,0.1339397139809052,0.0014469427748294,True,0.2485322160000009
337,one_hop,0.04,0.005,0.3291891590190533,0.0027952889840094,True,0.2159128749999581
337,sagereg,0.04,0.005,0.3291891594021324,0.0027952890539748,True,0.2441587939999863
338,one_hop,0.04,0.005,0.3602659958915655,0.0022841892734835,True,0.2160042589999875
338,sagereg,0.04,0.005,0.360265995606277,0.0022841892728925,True,0.2439337090000322
339,one_hop,0.04,0.005,0.213368223612443,0.0018182859216952,True,0.2147701300000335
339,sagereg,0.04,0.005,0.2133682226934567,0.0018182858981051,True,0.2409665870000026
340,one_hop,0.04,0.005,0.3094467624821623,0.0016087488248908,True,0.2216373260000068
340,sagereg,0.04,0.005,0.3094467595447284,0.0016087488449674,True,0.2496408569999744
341,one_hop,0.04,0.005,0.0786849973708698,0.0025437316129483,True,0.2192706669999893
341,sagereg,0.04,0.005,0.0786849955180904,0.002543731659008,True,0.2451249060000009
342,one_hop,0.04,0.005,0.1666261772390109,0.0013084772766016,True,0.2130316170000128
342,sagereg,0.04,0.005,0.1666261771383941,0.0013084772770702,True,0.2398995709999667
343,one_hop,0.04,0.005,0.1973038761812155,0.002778364842403,True,0.2179378050000195
343,sagereg,0.04,0.005,0.197303876750162,0.0027783648441256,True,0.2447987630000057
344,one_hop,0.04,0.005,0.2196733419050502,0.0034775687746576,True,0.2228124769999908
344,sagereg,0.04,0.005,0.2196733424525616,0.0034775687676045,True,0.2500135189999923
345,one_hop,0.04,0.005,0.1581214058768811,0.0026106991821597,True,0.2148634949999746
345,sagereg,0.04,0.005,0.1581214070939056,0.0026106991542169,True,0.2428926370000113
346,one_hop,0.04,0.005,0.0840687750329303,0.0013395204320815,True,0.2210913449999907
346,sagereg,0.04,0.005,0.0840687757092399,0.0013395204402301,True,0.2496927239999991
347,one_hop,0.04,0.005,124.26271308257392,1.2136261510844943,False,0.2190627029999632
347,sagereg,0.04,0.005,123.6547529096547,1.2006372606163869,False,0.2475419720000218
348,one_hop,0.04,0.005,173.80775728854857,1.3365852210196278,False,0.2152590000000032
348,sagereg,0.04,0.005,173.80131238813956,1.3350695521653997,False,0.2432512459999998
349,one_hop,0.04,0.005,0.1568004268021256,0.0021682169769792,True,0.2193047140000317
349,sagereg,0.04,0.005,0.156800426941589,0.0021682169026779,True,0.2461955900000134
350,one_hop,0.04,0.01,0.349874932105222,0.0023963594832162,True,0.2187369869999997
350,sagereg,0.04,0.01,0.3498643098650734,0.0023962628821227,True,0.2460082460000308
351,one_hop,0.04,0.01,0.3956700861758961,0.0026155459937692,True,0.2228777149999814
351,sagereg,0.04,0.01,0.3956714360197899,0.0026155506833116,True,0.2509932329999742
352,one_hop,0.04,0.01,0.2347183819562978,0.004541923164273,True,0.2166801789999795
352,sagereg,0.04,0.01,0.2347184169062414,0.0045419237118101,True,0.2456212260000256
353,one_hop,0.04,0.01,0.5491215357391948,0.0060209753318698,True,0.2173175739999919
353,sagereg,0.04,0.01,0.5491217472019576,0.0060209772189631,True,0.2450239279999664
354,one_hop,0.04,0.01,0.2854530369558217,0.0061195482901051,True,0.2189664900000139
354,sagereg,0.04,0.01,0.2854530346473686,0.0061195498254342,True,0.2451572589999955
355,one_hop,0.04,0.01,107.9149141757994,1.2266053090126932,False,0.2175659100000189
355,sagereg,0.04,0.01,126.26526692651883,1.4831982657278728,False,0.2442727600000012
356,one_hop,0.04,0.01,0.7515446389834087,0.0076351716336892,True,0.2249655979999829
356,sagereg,0.04,0.01,0.7515446195119395,0.0076351724552348,True,0.2524128839999662
357,one_hop,0.04,0.01,96.31562125331445,0.7962849856156743,False,0.2209731990000136
357,sagereg,0.04,0.01,61.20245779456168,0.8149105836368371,False,0.2492734229999769
358,one_hop,0.04,0.01,0.2156440387062122,0.002547330226667,True,0.2178644840000174
358,sagereg,0.04,0.01,0.2156428264295641,0.0025473460447622,True,0.2456882579999728
359,one_hop,0.04,0.01,0.1886490126005809,0.0018062642640518,True,0.2185324590000164
359,sagereg,0.04,0.01,0.1886490256027794,0.001806264474005,True,0.245647861000009
360,one_hop,0.04,0.01,173.0692636762252,1.185112955807047,False,0.2243719720000285
360,sagereg,0.04,0.01,171.16042613799405,1.1978960806780496,False,0.2515226639999923
361,one_hop,0.04,0.01,157.84818506137364,0.7978369220034035,False,0.223005841000031
361,sagereg,0.04,0.01,29.340892749037035,0.4048831471745033,False,0.2515461879999634
362,one_hop,0.04,0.01,171.19799190237376,1.1735236168729053,False,0.2157407539999667
362,sagereg,0.04,0.01,164.4212904777142,1.099987941707048,False,0.2444836529999747
363,one_hop,0.04,0.01,0.1114778703257862,0.0004959280646317,True,0.2147618000000193
363,sagereg,0.04,0.01,0.1114776352038838,0.0004959272204847,True,0.2413470869999514
364,one_hop,0.04,0.01,40.14339956460648,0.8310890437537636,False,0.2224302380000153
364,sagereg,0.04,0.01,40.269256450593,0.8275530206122355,False,0.2501520600000049
365,one_hop,0.04,0.01,0.2812693069541819,0.0057653347797184,True,0.2162626260000024
365,sagereg,0.04,0.01,0.2812694916872425,0.0057653352797643,True,0.242763095999976
366,one_hop,0.04,0.01,0.1661732928706389,0.003537625825112,True,0.2212870480000219
366,sagereg,0.04,0.01,0.1661732436401781,0.003537625885356,True,0.2501244790000214
367,one_hop,0.04,0.01,0.5227190758499185,0.0058459727456751,True,0.2165685379999899
367,sagereg,0.04,0.01,0.522719131131276,0.0058459732214178,True,0.2439111260000004
368,one_hop,0.04,0.01,0.2251683362869085,0.0039665923919719,True,0.2177690230000166
368,sagereg,0.04,0.01,0.2251688225182734,0.0039665928090324,True,0.2446683430000007
369,one_hop,0.04,0.01,0.2500867580985937,0.0039761125194885,True,0.2184653169999819
369,sagereg,0.04,0.01,0.2500867685769958,0.0039761125517395,True,0.2462340899999731
370,one_hop,0.04,0.01,0.0972118834460408,0.0014511415015966,True,0.2261681119999821
370,sagereg,0.04,0.01,0.0972124467962651,0.0014511373263921,True,0.2532771590000493
371,one_hop,0.04,0.01,0.4095198915013862,0.0062390545678828,True,0.2215637970000443
371,sagereg,0.04,0.01,0.4095198988313279,0.0062390545501081,True,0.2504076449999957
372,one_hop,0.04,0.01,0.4434864316388137,0.0028010431117217,True,0.2211788109999588
372,sagereg,0.04,0.01,0.4434864314843105,0.0028010431605939,True,0.2495814699999528
373,one_hop,0.04,0.01,76.90114950271405,1.8925616744608529,False,0.2221386949998987
373,sagereg,0.04,0.01,0.7024221569092512,0.0049443137964687,True,0.2494329129999641
374,one_hop,0.04,0.01,0.5258608878489974,0.0058702402533,True,0.2281331200000522
374,sagereg,0.04,0.01,0.5258608752416586,0.005870240487826,True,0.2562255689999801
375,one_hop,0.04,0.01,177.03306328027054,0.9770032150453888,False,0.2174893270000666
375,sagereg,0.04,0.01,0.217562303855803,0.0036268030140899,True,0.244637990000001
376,one_hop,0.04,0.01,0.1934048844341037,0.0029809328914399,True,0.2234000899999273
376,sagereg,0.04,0.01,0.1934049464293384,0.002980931989073,True,0.2506905599999527
377,one_hop,0.04,0.01,0.52618745388044,0.0027810165835017,True,0.2253912150000587
377,sagereg,0.04,0.01,0.5261877453953048,0.0027810155560138,True,0.2547162319999643
378,one_hop,0.04,0.01,156.00549686681669,1.6261737180635454,False,0.2176501190000408
378,sagereg,0.04,0.01,159.6720121781889,1.598912971491687,False,0.2439188739999735
379,one_hop,0.04,0.01,0.260720194279856,0.0016186620002877,True,0.2195287700000108
379,sagereg,0.04,0.01,0.2607201106870217,0.0016186578056027,True,0.247137940000016
380,one_hop,0.04,0.01,0.389442998469837,0.0047100982366915,True,0.2218196160000616
380,sagereg,0.04,0.01,0.38944285770018,0.0047100987518195,True,0.2506884250000212
381,one_hop,0.04,0.01,0.7223251250009568,0.0048593902505862,True,0.226433740999937
381,sagereg,0.04,0.01,0.7223251340108253,0.0048593903528715,True,0.2547938139999814
382,one_hop,0.04,0.01,105.29060526373073,0.8737190881420848,False,0.2211338089999799
382,sagereg,0.04,0.01,103.9990563640018,0.8674032901020935,False,0.2467413480000004
383,one_hop,0.04,0.01,0.375401748091852,0.0027432911853623,True,0.2181776349999609
383,sagereg,0.04,0.01,0.3754018612820053,0.0027432914537884,True,0.2446099380000532
384,one_hop,0.04,0.01,0.4250751230592695,0.0034557737965725,True,0.2210538000000497
384,sagereg,0.04,0.01,0.4250751293355864,0.0034557736288995,True,0.2502631429999837
385,one_hop,0.04,0.01,0.2674851711696011,0.0060268736773323,True,0.2215301649999901
385,sagereg,0.04,0.01,0.2675083066306737,0.0060269692397368,True,0.2493711370000255
386,one_hop,0.04,0.01,0.1225742444602476,0.0030146150907792,True,0.2213515700000243
386,sagereg,0.04,0.01,0.1225742512218099,0.0030146155191202,True,0.249052683000059
387,one_hop,0.04,0.01,0.1448987078601361,0.0014345993795256,True,0.2193970000000717
387,sagereg,0.04,0.01,97.49158151814136,0.6005013464941106,False,0.2466107340000007
388,one_hop,0.04,0.01,101.15033364604272,1.4584665372601373,False,0.2178909210000483
388,sagereg,0.04,0.01,100.74670343592445,1.4474240729578702,False,0.244709929999999
389,one_hop,0.04,0.01,0.2948836913519128,0.003801724673287,True,0.2203542190000007
389,sagereg,0.04,0.01,0.2948835390363206,0.0038017242182173,True,0.2468666580000444
390,one_hop,0.04,0.01,0.1122303932447682,0.0020361997090623,True,0.2171026250000522
390,sagereg,0.04,0.01,0.1122304079298314,0.0020361995291452,True,0.2441606349999574
391,one_hop,0.04,0.01,0.2962486480586491,0.0044303160701158,True,0.2119035759999405
391,sagereg,0.04,0.01,0.2962465419686338,0.0044303221446412,True,0.2404802300000028
392,one_hop,0.04,0.01,0.512561607725979,0.0060911181613861,True,0.2195083560000057
392,sagereg,0.04,0.01,0.5125616112500652,0.0060911182241888,True,0.247258798999951
393,one_hop,0.04,0.01,0.4122348222318997,0.0059311154050142,True,0.21734138599993
393,sagereg,0.04,0.01,0.4122350512224517,0.0059311446890191,True,0.2447674150000693
394,one_hop,0.04,0.01,0.1309120085288638,0.0021158854866639,True,0.2138929079999343
394,sagereg,0.04,0.01,0.1309118755627655,0.0021158844863376,True,0.243412807000027
395,one_hop,0.04,0.01,0.3787031969257467,0.0036206794030434,True,0.2199413050000203
395,sagereg,0.04,0.01,0.3787031754332278,0.0036206790829982,True,0.249163216999932
396,one_hop,0.04,0.01,117.42805772820016,0.9561800593786108,False,0.2249436460000424
396,sagereg,0.04,0.01,117.464666744948,0.9550717422010288,False,0.2518226409999897
397,one_hop,0.04,0.01,48.70448606021903,1.5839264571858993,False,0.2146376249999093
397,sagereg,0.04,0.01,0.3265182086191306,0.0037797725047093,True,0.2412925219999806
398,one_hop,0.04,0.01,0.5500756256852524,0.0030018480393617,True,0.2180105769999727
398,sagereg,0.04,0.01,0.550075521812231,0.003001845085903,True,0.2457809510000288
399,one_hop,0.04,0.01,0.3222443219572711,0.0026481031295742,True,0.2154597469999544
399,sagereg,0.04,0.01,0.3222442733729234,0.0026481018364489,True,0.2443558290000282
400,one_hop,0.04,0.02,67.28204946471459,0.7694129634140922,False,0.2194827130000476
400,sagereg,0.04,0.02,67.20196236878812,0.7701405709345622,False,0.2477701919999617
401,one_hop,0.04,0.02,97.16703315717666,0.7720602289748113,False,0.2188616849999789
401,sagereg,0.04,0.02,96.6977587789806,0.771332255657766,False,0.2460613189999776
402,one_hop,0.04,0.02,106.31033884944132,1.2510243822849745,False,0.2218276920000335
402,sagereg,0.04,0.02,134.93744257626935,1.2397389908239762,False,0.249539593999998
403,one_hop,0.04,0.02,147.86404989793863,0.6351021892923642,False,0.2209492670000372
403,sagereg,0.04,0.02,145.74417174923954,0.6012257750701453,False,0.2475231809999059
404,one_hop,0.04,0.02,61.24679267055711,1.042993254489128,False,0.22479983300002
404,sagereg,0.04,0.02,60.1459564578052,1.0526929100912106,False,0.2509712139999465
405,one_hop,0.04,0.02,0.0323794902431065,0.0060343864820252,True,0.221842686000059
405,sagereg,0.04,0.02,0.0324351636581139,0.0060327769087418,True,0.2499811910000744
406,one_hop,0.04,0.02,161.07875825998573,0.970335401423324,False,0.2211331529999824
406,sagereg,0.04,0.02,163.3055630320814,0.9505111310660892,False,0.2489789260000634
407,one_hop,0.04,0.02,114.50829905804086,1.6219309650175904,False,0.2214475030000358
407,sagereg,0.04,0.02,113.1271261151402,1.6287389510570174,False,0.2479567279999628
408,one_hop,0.04,0.02,68.08060714401918,0.9182400831271128,False,0.2206921330000568
408,sagereg,0.04,0.02,65.52233195871122,0.9165594581387132,False,0.2490744689999928
409,one_hop,0.04,0.02,77.41166574319581,1.0952521244533746,False,0.2236912440000651
409,sagereg,0.04,0.02,68.48219229727661,0.914638460118206,False,0.2504451080000081
410,one_hop,0.04,0.02,165.66371121690491,0.6396766068792288,False,0.2281677900000431
410,sagereg,0.04,0.02,0.2741505992582188,0.008633410228853,True,0.2547381780000251
411,one_hop,0.04,0.02,173.2686146285022,0.607267441528671,False,0.2144964310000432
411,sagereg,0.04,0.02,173.28408883122634,0.6070174832934591,False,0.2435369879999598
412,one_hop,0.04,0.02,59.49382472321709,0.5177221541230541,False,0.219897737999986
412,sagereg,0.04,0.02,58.84534674334602,0.5258783399913789,False,0.246825704999992
413,one_hop,0.04,0.02,18.440177310863696,0.4819933031421019,False,0.2186793490000127
413,sagereg,0.04,0.02,0.9848918811155024,0.0077261842737654,True,0.24652310700003
414,one_hop,0.04,0.02,150.33786741592417,0.7936193967346977,False,0.2219937630000004
414,sagereg,0.04,0.02,152.65314808880322,0.7773429108889035,False,0.2505934189999834
415,one_hop,0.04,0.02,136.505576893054,0.7505213305203419,False,0.2252960849999681
415,sagereg,0.04,0.02,136.2243861015845,0.7499269957046765,False,0.2540814679999812
416,one_hop,0.04,0.02,125.00662982402024,1.0699582385841246,False,0.2241983889999801
416,sagereg,0.04,0.02,122.27471259103048,1.0913100602882149,False,0.2507655640000621
417,one_hop,0.04,0.02,113.05676484109512,0.5478085198834483,False,0.2202473579999377
417,sagereg,0.04,0.02,60.06853491473402,1.2744973769410204,False,0.2470087819999662
418,one_hop,0.04,0.02,124.03633549779757,0.2676501933554558,False,0.22563573299999
418,sagereg,0.04,0.02,142.86013987372877,0.4828379546329592,False,0.2518330389999619
419,one_hop,0.04,0.02,0.9193233533112364,0.0047841584536729,True,0.220253816999957
419,sagereg,0.04,0.02,0.919337897052078,0.0047840300967898,True,0.2467780729999731
420,one_hop,0.04,0.02,124.0925019114848,0.7569606937726383,False,0.2222214689999191
420,sagereg,0.04,0.02,170.6447968093183,0.7031325549284843,False,0.249837024000044
421,one_hop,0.04,0.02,56.27441685677117,0.7903316368542174,False,0.2162902290000374
421,sagereg,0.04,0.02,72.04921889248662,0.7460391771879785,False,0.2438569800000323
422,one_hop,0.04,0.02,57.34642626949754,0.2652539026732678,False,0.2234939060000442
422,sagereg,0.04,0.02,0.520590119820003,0.0060778667094076,True,0.2508628850000605
423,one_hop,0.04,0.02,0.3167829639983596,0.0079997800364072,True,0.2179884160000256
423,sagereg,0.04,0.02,0.3167842189995556,0.008000307547604,True,0.2446807290000379
424,one_hop,0.04,0.02,155.696973328722,0.8962802195700742,False,0.2269292439999617
424,sagereg,0.04,0.02,155.39190450767808,0.8943616423453048,False,0.2526820850000604
425,one_hop,0.04,0.02,170.78997148860032,1.1368145955854905,False,0.2183926459999838
425,sagereg,0.04,0.02,170.32698878584273,1.11018930316478,False,0.2444722960000263
426,one_hop,0.04,0.02,151.9575379339,1.0768771009361642,False,0.2184918859999243
426,sagereg,0.04,0.02,153.74846108842874,1.0789850808079662,False,0.246052834000011
427,one_hop,0.04,0.02,108.81781299735675,0.8353232936530804,False,0.2218812200000002
427,sagereg,0.04,0.02,0.2776476803775282,0.0102213287487686,True,0.2484264880000637
428,one_hop,0.04,0.02,25.44218059406351,0.1643237444826064,False,0.2228227289999722
428,sagereg,0.04,0.02,73.67876475167064,1.088345584665318,False,0.2497796160000689
429,one_hop,0.04,0.02,147.7110701420421,0.8974250108797486,False,0.2211833549999937
429,sagereg,0.04,0.02,166.0031344887562,0.5122737288423629,False,0.2495395729999927
430,one_hop,0.04,0.02,137.98072566219346,0.3043789452556431,False,0.2237684320000426
430,sagereg,0.04,0.02,132.3253977890789,0.7817987996236451,False,0.2517857560000038
431,one_hop,0.04,0.02,122.6534722549475,0.4716413005848296,False,0.2201079839999238
431,sagereg,0.04,0.02,100.61462684934006,0.5146269666243267,False,0.247481773000004
432,one_hop,0.04,0.02,57.83036600593586,0.5386633314656735,False,0.2221708029999263
432,sagereg,0.04,0.02,57.66206088076558,0.517834445147075,False,0.2498568949999935
433,one_hop,0.04,0.02,68.06937067363025,0.0997657559481722,False,0.2218891740000117
433,sagereg,0.04,0.02,66.769112582057,0.5213219002394429,False,0.2498792540000067
434,one_hop,0.04,0.02,171.06654263641173,0.8312285186140348,False,0.2187962070000821
434,sagereg,0.04,0.02,0.5630663457790253,0.00578280593807,True,0.2462286429999949
435,one_hop,0.04,0.02,97.23254684871856,0.6480936912894261,False,0.2200593979999894
435,sagereg,0.04,0.02,96.92326454953144,0.610301985754866,False,0.2484183349999966
436,one_hop,0.04,0.02,165.0299240495567,0.3098552078541763,False,0.2240502619999915
436,sagereg,0.04,0.02,114.26268739741776,0.7448739349648396,False,0.2522373589999915
437,one_hop,0.04,0.02,63.74731570333313,0.9361578481492068,False,0.2218838449999793
437,sagereg,0.04,0.02,64.01858296998685,0.9292448284005268,False,0.2493335609999576
438,one_hop,0.04,0.02,105.18317462934608,0.8249545467004082,False,0.2232310419999521
438,sagereg,0.04,0.02,0.751798349570928,0.0034181481206012,True,0.2512017080000532
439,one_hop,0.04,0.02,169.60574959887666,0.8587197754069628,False,0.2308887749999257
439,sagereg,0.04,0.02,111.13957809828548,0.8384366190800282,False,0.2573002410000526
440,one_hop,0.04,0.02,174.74871677264613,0.8602666422553322,False,0.2249189270000897
440,sagereg,0.04,0.02,0.3043886654065707,0.0050316822456127,True,0.2524360830000205
441,one_hop,0.04,0.02,53.073836014358776,1.2391389583771617,False,0.2241104479999194
441,sagereg,0.04,0.02,53.07790164931143,1.2377505441450576,False,0.2521657710000227
442,one_hop,0.04,0.02,177.95238228462097,0.8265232382725674,False,0.2243623649999335
442,sagereg,0.04,0.02,179.05276026648184,0.7893898731492126,False,0.2503982359999099
443,one_hop,0.04,0.02,151.01175904322798,0.5789611060978355,False,0.2218577620000132
443,sagereg,0.04,0.02,148.44387895181546,0.7520876976774227,False,0.2490755649999982
444,one_hop,0.04,0.02,176.7788106328446,1.001780671414518,False,0.2218430660000194
444,sagereg,0.04,0.02,150.64898611940285,1.3045491382479224,False,0.2493488669999806
445,one_hop,0.04,0.02,134.54600634432867,0.5587082063252644,False,0.2198684590000539
445,sagereg,0.04,0.02,132.91762249925404,0.5907449975399606,False,0.2482739920000085
446,one_hop,0.04,0.02,88.3436541245572,1.2746840956710512,False,0.2209061250000559
446,sagereg,0.04,0.02,73.87861374425644,1.2679778081567317,False,0.2468963529998973
447,one_hop,0.04,0.02,112.3554192392226,0.957673857475294,False,0.2233196949999865
447,sagereg,0.04,0.02,1.3155947482519352,0.0090092277175335,True,0.2499886299999616
448,one_hop,0.04,0.02,1.1615203462537935,0.0144099957267632,True,0.2233633890000419
448,sagereg,0.04,0.02,0.7912959486175228,0.0126076245260245,True,0.2495152939999343
449,one_hop,0.04,0.02,171.49509869414425,1.309939999047513,False,0.2157892820000597
449,sagereg,0.04,0.02,0.9853122741455368,0.0100084603126961,True,0.241516813999965
450,one_hop,0.05,0.005,0.1103708347973102,0.0011343319333268,True,0.2163475610000205
450,sagereg,0.05,0.005,0.1103708349954413,0.0011343319434592,True,0.2438730839999152
451,one_hop,0.05,0.005,0.1833384998636693,0.0014825181003733,True,0.214539574000014
451,sagereg,0.05,0.005,0.1833385004163157,0.0014825181059254,True,0.2405692170000293
452,one_hop,0.05,0.005,0.0819955281376578,0.0023218192936836,True,0.2192889799999875
452,sagereg,0.05,0.005,0.0819955294711385,0.0023218192800306,True,0.2444239559999914
453,one_hop,0.05,0.005,0.1161921945984727,0.0004788292520374,True,0.2172274619999825
453,sagereg,0.05,0.005,0.1161921945357379,0.00047882924743,True,0.2433521539999219
454,one_hop,0.05,0.005,0.0920394484311696,0.0015690222626603,True,0.2135236810000833
454,sagereg,0.05,0.005,0.0920394486370832,0.0015690222463158,True,0.2427154399999835
455,one_hop,0.05,0.005,0.0951218159678324,0.0019114049224686,True,0.2205449140000155
455,sagereg,0.05,0.005,0.0951218165962081,0.0019114049070065,True,0.2468734999999924
456,one_hop,0.05,0.005,0.0667047284284265,0.0015643487142236,True,0.2191719139999577
456,sagereg,0.05,0.005,0.0667047282426555,0.0015643486814192,True,0.2441905900000165
457,one_hop,0.05,0.005,0.1649793771440317,0.0014283875623078,True,0.2180340710000337
457,sagereg,0.05,0.005,0.1649793723589992,0.0014283875408208,True,0.2440554339999607
458,one_hop,0.05,0.005,0.0791088288325849,0.001087655774511,True,0.2213089439999294
458,sagereg,0.05,0.005,0.0791088328315756,0.001087655750403,True,0.2495542509999495
459,one_hop,0.05,0.005,0.0752827455741035,0.0017749665304677,True,0.2252060360000314
459,sagereg,0.05,0.005,0.0752827467650583,0.0017749665221553,True,0.2536385889999337
460,one_hop,0.05,0.005,0.0331804147433928,0.0002509848008556,True,0.2196850960000347
460,sagereg,0.05,0.005,0.0331804141941762,0.0002509848170591,True,0.2481068869999489
461,one_hop,0.05,0.005,0.0966924344826196,0.0027224154490544,True,0.2209838420000096
461,sagereg,0.05,0.005,0.09669243436954,0.0027224154483707,True,0.2472917720000396
462,one_hop,0.05,0.005,0.0869866670561596,0.0008092661377983,True,0.2141304430000445
462,sagereg,0.05,0.005,0.0869866658578501,0.0008092661358028,True,0.2413209430000051
463,one_hop,0.05,0.005,0.2998701220217564,0.00244171565968,True,0.2162242919999926
463,sagereg,0.05,0.005,0.2998701223401949,0.0024417156609296,True,0.2426154250000536
464,one_hop,0.05,0.005,0.2577294822294261,0.0022757384719771,True,0.215355422000016
464,sagereg,0.05,0.005,0.2577294817542745,0.0022757384664423,True,0.2435283869999693
465,one_hop,0.05,0.005,0.0670026695021732,0.001326095084904,True,0.2210059440000122
465,sagereg,0.05,0.005,0.0670026695348105,0.0013260950773001,True,0.2479377870000689
466,one_hop,0.05,0.005,0.0583746125061152,0.0011481489877326,True,0.2172441909999634
466,sagereg,0.05,0.005,0.0583746127433701,0.0011481489889374,True,0.2443021009999029
467,one_hop,0.05,0.005,0.0734505209638199,0.001082861520139,True,0.2192841859999816
467,sagereg,0.05,0.005,0.0734505207057935,0.0010828615197981,True,0.247090579000087
468,one_hop,0.05,0.005,0.1986050421673304,0.0028273242813,True,0.2194593660000237
468,sagereg,0.05,0.005,0.1986050431032451,0.0028273243012148,True,0.2455078940000703
469,one_hop,0.05,0.005,0.2628755696792192,0.0026611411315959,True,0.2150860990000183
469,sagereg,0.05,0.005,0.262875570480592,0.0026611411459171,True,0.2433961819999694
470,one_hop,0.05,0.005,0.1214804407859329,0.0016657779637742,True,0.2169509810000818
470,sagereg,0.05,0.005,0.1214804411939594,0.0016657779784696,True,0.2441231100000322
471,one_hop,0.05,0.005,0.0656906949560667,0.001806715842551,True,0.211488399000018
471,sagereg,0.05,0.005,0.0656906941238374,0.0018067158476032,True,0.2380426340000667
472,one_hop,0.05,0.005,0.1861799818632791,0.001299468569118,True,0.2141369789999316
472,sagereg,0.05,0.005,0.1861799821764946,0.0012994685920637,True,0.2405992200000355
473,one_hop,0.05,0.005,0.0274465840991257,0.0007151883867796,True,0.2192591590001029
473,sagereg,0.05,0.005,0.0274465839132189,0.0007151883824718,True,0.2456967250000161
474,one_hop,0.05,0.005,0.1789387366479507,0.0011356393247911,True,0.2130411690000073
474,sagereg,0.05,0.005,0.1789387356376899,0.0011356393424557,True,0.2388868109999293
475,one_hop,0.05,0.005,0.126564430892261,0.0017918705734859,True,0.2151419490000989
475,sagereg,0.05,0.005,0.1265644266360944,0.0017918705452357,True,0.2429011839999475
476,one_hop,0.05,0.005,0.3108895714075959,0.0013042749635126,True,0.2193196969999462
476,sagereg,0.05,0.005,0.3108895718437042,0.0013042749807543,True,0.247896935999961
477,one_hop,0.05,0.005,0.0618603580098721,0.0010098029402688,True,0.2203155409999908
477,sagereg,0.05,0.005,0.0618603567843913,0.0010098029566822,True,0.2457212319999371
478,one_hop,0.05,0.005,0.3823073044488264,0.0040305932985164,True,0.2195868520000203
478,sagereg,0.05,0.005,0.3823073031217823,0.00403059328523,True,0.2455699250000407
479,one_hop,0.05,0.005,0.0690616962693597,0.0011316225439359,True,0.2191523660000029
479,sagereg,0.05,0.005,0.0690616964487906,0.0011316225467555,True,0.2460544829999662
480,one_hop,0.05,0.005,0.1286661185956549,0.0008982598342163,True,0.2231890709999788
480,sagereg,0.05,0.005,0.1286661200233063,0.000898259848993,True,0.2493773239999654
481,one_hop,0.05,0.005,0.6637795951387997,0.0197765668044231,True,0.2210637090000773
481,sagereg,0.05,0.005,0.6640442722260985,0.0197854965111678,True,0.2500626309999916
482,one_hop,0.05,0.005,0.049284699230378,0.0010452707583143,True,0.2166440020000664
482,sagereg,0.05,0.005,0.0492847002804807,0.0010452707721852,True,0.2433013229999687
483,one_hop,0.05,0.005,0.0840398123759304,0.0013593074892339,True,0.2170907130000614
483,sagereg,0.05,0.005,0.0840398105804903,0.0013593074725517,True,0.2440100110000003
484,one_hop,0.05,0.005,0.2287764163968225,0.0017802749805879,True,0.2245876419999604
484,sagereg,0.05,0.005,0.2287764169671554,0.0017802749866589,True,0.2502967480000961
485,one_hop,0.05,0.005,0.2663676200842242,0.0003683949986704,True,0.2141464249999671
485,sagereg,0.05,0.005,0.2663676243970492,0.0003683950227038,True,0.2418615230000114
486,one_hop,0.05,0.005,0.0948391516957749,0.0018572810381964,True,0.2151996399999234
486,sagereg,0.05,0.005,0.0948391524336269,0.001857281047788,True,0.2406535160000658
487,one_hop,0.05,0.005,0.1249751379031485,0.0017709592384275,True,0.2166000759999633
487,sagereg,0.05,0.005,0.1249751388480297,0.0017709592418504,True,0.2427246810000269
488,one_hop,0.05,0.005,0.1432799309677465,0.0025302446314182,True,0.2221606179999753
488,sagereg,0.05,0.005,0.143279931354393,0.0025302446364847,True,0.2492508220000218
489,one_hop,0.05,0.005,0.1044299752690355,0.0011381106470068,True,0.2218652130000009
489,sagereg,0.05,0.005,0.1044299752341351,0.0011381106461169,True,0.249000465999984
490,one_hop,0.05,0.005,0.158830657371075,0.0018453823928133,True,0.2135600400000612
490,sagereg,0.05,0.005,0.1588306572517518,0.0018453824258807,True,0.2388736579999886
491,one_hop,0.05,0.005,0.1005289460865346,0.0012797920641061,True,0.2126512480000428
491,sagereg,0.05,0.005,0.1005289445058287,0.0012797920224695,True,0.2391938270000082
492,one_hop,0.05,0.005,0.2681524915716541,0.0006264031602669,True,0.2201910570000791
492,sagereg,0.05,0.005,0.2681524902777199,0.0006264031303399,True,0.2472838410000122
493,one_hop,0.05,0.005,0.2381444106007005,0.0018814751602111,True,0.2205376269999988
493,sagereg,0.05,0.005,0.2381444089141554,0.0018814751515179,True,0.2463648849999344
494,one_hop,0.05,0.005,0.1060010240792545,0.0008759015385684,True,0.2179165219999959
494,sagereg,0.05,0.005,0.1060010243474431,0.0008759015500296,True,0.2434657239999751
495,one_hop,0.05,0.005,0.044643253162658,0.0013034771241588,True,0.2171243210000284
495,sagereg,0.05,0.005,0.0446432521993132,0.0013034771113819,True,0.2448521640000081
496,one_hop,0.05,0.005,0.1074015115082789,0.0016450831072201,True,0.2120516299999053
496,sagereg,0.05,0.005,0.1074015059904795,0.0016450830750366,True,0.2400689539999803
497,one_hop,0.05,0.005,0.1391287754159788,0.001676748146414,True,0.2179956879999736
497,sagereg,0.05,0.005,0.1391287740747313,0.0016767481014896,True,0.244217117000062
498,one_hop,0.05,0.005,0.2810857709964138,0.0047764398766283,True,0.218205968999996
498,sagereg,0.05,0.005,0.2810857680530481,0.0047764398330888,True,0.2438872960000253
499,one_hop,0.05,0.005,0.0864376461234866,0.0015352801838657,True,0.2229214789999787
499,sagereg,0.05,0.005,0.0864376437538102,0.0015352801977325,True,0.2498724560000482
500,one_hop,0.05,0.01,0.2164576717464203,0.0042166618431799,True,0.2210595980000107
500,sagereg,0.05,0.01,0.2164576027251859,0.00421666130747,True,0.2476965639999662
501,one_hop,0.05,0.01,0.1487215965814101,0.004736367792021,True,0.2238869770000064
501,sagereg,0.05,0.01,0.1487217426697059,0.0047363683363963,True,0.2494245619999446
502,one_hop,0.05,0.01,0.7070525625304622,0.0077843159098752,True,0.2161134460000084
502,sagereg,0.05,0.01,0.7070525643346546,0.0077843157576933,True,0.2439700450000828
503,one_hop,0.05,0.01,161.5795306137881,0.6894863880736618,False,0.2251834710000366
503,sagereg,0.05,0.01,163.73956992002533,0.69509606639173,False,0.2515943610000022
504,one_hop,0.05,0.01,0.4115098776181586,0.004767316098408,True,0.2198620639999262
504,sagereg,0.05,0.01,0.41150993394945,0.0047673155159253,True,0.2462402339999698
505,one_hop,0.05,0.01,0.3268421786766847,0.0017121839110154,True,0.2208922410000013
505,sagereg,0.05,0.01,0.3268421725145578,0.0017121836139934,True,0.2462203219999992
506,one_hop,0.05,0.01,0.2753289957544848,0.0033344116545248,True,0.2189966449999474
506,sagereg,0.05,0.01,0.2753291011856731,0.0033344115081769,True,0.2448186650000252
507,one_hop,0.05,0.01,0.3402990031983098,0.0008342415221097,True,0.2161964419999549
507,sagereg,0.05,0.01,0.3402990702334126,0.00083424332331,True,0.243513839000002
508,one_hop,0.05,0.01,0.1680873489071575,0.0014273435418253,True,0.2177048170000262
508,sagereg,0.05,0.01,0.1680875461710839,0.0014273414618771,True,0.2453364630000578
509,one_hop,0.05,0.01,0.0909577746447761,0.0023925829804365,True,0.2173405570000568
509,sagereg,0.05,0.01,0.0909577758548804,0.0023925826236147,True,0.2457110430000284
510,one_hop,0.05,0.01,0.3167354664736009,0.0024420901735394,True,0.2186116020000099
510,sagereg,0.05,0.01,0.3167353837637856,0.002442090469934,True,0.2447558079999225
511,one_hop,0.05,0.01,0.1850371111275293,0.0023231535531755,True,0.2207254380000449
511,sagereg,0.05,0.01,0.1850371072551229,0.002323153613044,True,0.2481636720000324
512,one_hop,0.05,0.01,0.4927331158153772,0.0043309101999296,True,0.2160817750000205
512,sagereg,0.05,0.01,0.4927331253484876,0.0043309112490301,True,0.2438107289999607
513,one_hop,0.05,0.01,0.1431188374037054,0.0005000822048472,True,0.2203759750000244
513,sagereg,0.05,0.01,0.1431190614220196,0.000500081987693,True,0.2489413040000272
514,one_hop,0.05,0.01,0.1335630406713178,0.000827673359219,True,0.2163602219999347
514,sagereg,0.05,0.01,0.1335630105509667,0.0008276735736592,True,0.2437261039999612
515,one_hop,0.05,0.01,0.1057359715709759,0.0018330587503068,True,0.217421227999921
515,sagereg,0.05,0.01,0.1057352011301397,0.0018330649232146,True,0.2444427909999831
516,one_hop,0.05,0.01,0.8560263040995805,0.0048261021783069,True,0.2123107849999996
516,sagereg,0.05,0.01,0.8560253186234603,0.0048260985516381,True,0.2401736179999716
517,one_hop,0.05,0.01,0.3215523399791605,0.0012127596685292,True,0.2146030279999422
517,sagereg,0.05,0.01,0.3215523321832242,0.0012127588253447,True,0.2412989880000395
518,one_hop,0.05,0.01,0.2309531658878527,0.0019035846094957,True,0.2194537139999965
518,sagereg,0.05,0.01,0.2309533151943934,0.0019035850780313,True,0.2489095820000102
519,one_hop,0.05,0.01,0.178052516424758,0.0025401489429652,True,0.2122489380000161
519,sagereg,0.05,0.01,0.1780525624239018,0.0025401486477015,True,0.239290211000025
520,one_hop,0.05,0.01,0.2742783965969545,0.0054215107019401,True,0.2193247989999918
520,sagereg,0.05,0.01,0.2742784133400627,0.0054215099450685,True,0.2479375949999394
521,one_hop,0.05,0.01,0.3645240425669883,0.0038299943285186,True,0.2157560620000822
521,sagereg,0.05,0.01,0.3645240455505228,0.0038299943602228,True,0.241654928999992
522,one_hop,0.05,0.01,121.8384154264075,1.0293530582706223,False,0.2170643529999552
522,sagereg,0.05,0.01,0.2083264698240536,0.0029516515382233,True,0.2454678049999756
523,one_hop,0.05,0.01,0.2979106470995495,0.0041471227503646,True,0.222846339000057
523,sagereg,0.05,0.01,0.2979105412526904,0.0041471222353271,True,0.2502893770000582
524,one_hop,0.05,0.01,0.1949396388871989,0.0047282631353568,True,0.2172094850000121
524,sagereg,0.05,0.01,133.80716583372907,0.5569771834735326,False,0.2445465370000192
525,one_hop,0.05,0.01,0.2717714629583461,0.0016294929590858,True,0.2234120669999129
525,sagereg,0.05,0.01,0.2717715584670536,0.0016294935466668,True,0.2513748410000289
526,one_hop,0.05,0.01,0.1543686553338827,0.0010926251772404,True,0.2155573609999237
526,sagereg,0.05,0.01,0.1543687485604963,0.0010926256482432,True,0.2421465260000559
527,one_hop,0.05,0.01,0.2699996344227624,0.0031772790463397,True,0.2178821080000261
527,sagereg,0.05,0.01,0.269999593945373,0.0031772794845735,True,0.2442358159999003
528,one_hop,0.05,0.01,0.4511950683952093,0.0018411454241413,True,0.2235356260000571
528,sagereg,0.05,0.01,0.4511952683525814,0.0018411467130628,True,0.250015871999949
529,one_hop,0.05,0.01,0.1973066878210384,0.0026721597367424,True,0.2226328820000844
529,sagereg,0.05,0.01,0.197306614306053,0.0026721599313147,True,0.2497645070000089
530,one_hop,0.05,0.01,0.2920731499879485,0.0042074648147332,True,0.2163303399998994
530,sagereg,0.05,0.01,0.2920729861039993,0.0042074635235228,True,0.2432049620000498
531,one_hop,0.05,0.01,0.3187850941804406,0.0019280564043594,True,0.2192309969999542
531,sagereg,0.05,0.01,0.3187852935465279,0.0019280489952461,True,0.2453071009999803
532,one_hop,0.05,0.01,0.4880970941424362,0.0032096819843563,True,0.2240856309999799
532,sagereg,0.05,0.01,0.488097084936941,0.0032096819332541,True,0.2514719429999559
533,one_hop,0.05,0.01,0.1574790819448024,0.0010212334906592,True,0.2174734920000673
533,sagereg,0.05,0.01,0.1574791577913834,0.0010212332120428,True,0.2458821989999933
534,one_hop,0.05,0.01,0.359976478306793,0.0014544034973623,True,0.2221623589999808
534,sagereg,0.05,0.01,0.3599765352807711,0.0014544041439093,True,0.2504759129999456
535,one_hop,0.05,0.01,0.2144975826283634,0.002769815038697,True,0.2140427930000896
535,sagereg,0.05,0.01,0.2144976089551366,0.0027698146263326,True,0.2403295430000298
536,one_hop,0.05,0.01,0.1881992755561049,0.0021623170563071,True,0.2205700349999233
536,sagereg,0.05,0.01,0.1881992240969522,0.0021623210815714,True,0.2496496769999794
537,one_hop,0.05,0.01,0.2191545606188229,0.0026680864680161,True,0.2189103880000402
537,sagereg,0.05,0.01,0.2191545619958307,0.0026680864885428,True,0.2455092290000493
538,one_hop,0.05,0.01,0.3142464898493841,0.0023655032603277,True,0.2179509720000396
538,sagereg,0.05,0.01,0.3142464524547545,0.0023655038169024,True,0.2451391910000211
539,one_hop,0.05,0.01,0.1147482783000028,0.0036276790473431,True,0.2187712620000184
539,sagereg,0.05,0.01,0.11474845677762,0.003627679351222,True,0.2451089969999884
540,one_hop,0.05,0.01,0.1350897927149258,0.0033318554258864,True,0.2193895929999598
540,sagereg,0.05,0.01,0.1350899157628217,0.0033318545437192,True,0.2446057710000104
541,one_hop,0.05,0.01,136.0944143088963,1.0694805760128745,False,0.2205703060000132
541,sagereg,0.05,0.01,133.09424882210007,1.0619566567039398,False,0.2466312079999397
542,one_hop,0.05,0.01,0.3651067847099706,0.0014574827209293,True,0.2183560729999953
542,sagereg,0.05,0.01,0.3651068622139516,0.0014574830685937,True,0.2438919250000708
543,one_hop,0.05,0.01,0.3724920167962858,0.0071584235355231,True,0.2157843100000036
543,sagereg,0.05,0.01,0.3724923717664871,0.0071584293997636,True,0.242043448000004
544,one_hop,0.05,0.01,0.5497681968685407,0.0056596158466121,True,0.2196591939999734
544,sagereg,0.05,0.01,0.5497683050610852,0.0056596156233867,True,0.2470571769999878
545,one_hop,0.05,0.01,0.3527003237968618,0.0033994369068058,True,0.2154033900000058
545,sagereg,0.05,0.01,0.3527013691709192,0.0033994392430268,True,0.2443207490000531
546,one_hop,0.05,0.01,0.3139405488316178,0.00344975707752,True,0.2193551110000271
546,sagereg,0.05,0.01,0.3139407001068742,0.00344975594035,True,0.2461036879999483
547,one_hop,0.05,0.01,0.2917729373055792,0.0017881501374883,True,0.2177891229999886
547,sagereg,0.05,0.01,0.2917729422072186,0.0017881499105871,True,0.2445302280000305
548,one_hop,0.05,0.01,0.5407614985175919,0.0030033357501271,True,0.219637806000037
548,sagereg,0.05,0.01,0.5407615154833745,0.0030033359340518,True,0.2461673930000643
549,one_hop,0.05,0.01,0.1860197430392065,0.002187104223147,True,0.2153277459999572
549,sagereg,0.05,0.01,0.1860197521537918,0.0021871046341792,True,0.2417874519999259
550,one_hop,0.05,0.02,176.00238390777025,1.2788707750399155,False,0.2225372840000545
550,sagereg,0.05,0.02,176.48585926555037,1.2792059312468724,False,0.2497981210000261
551,one_hop,0.05,0.02,68.98596224466112,1.4492511597071798,False,0.2175378359999058
551,sagereg,0.05,0.02,67.54753431211431,1.4502007893648523,False,0.2432824429999982
552,one_hop,0.05,0.02,0.8087453604538741,0.0073307640557883,True,0.2202880259999347
552,sagereg,0.05,0.02,1.0738012425692738,0.0084543172007902,True,0.2485355690000688
553,one_hop,0.05,0.02,170.68704131879014,0.880436620386456,False,0.2229216440000527
553,sagereg,0.05,0.02,167.16570336627146,0.8503635153711356,False,0.2505596660000719
554,one_hop,0.05,0.02,0.7317573918908461,0.0079327640435686,True,0.2217063989999133
554,sagereg,0.05,0.02,0.7317526527978818,0.0079327557347733,True,0.2480994379999401
555,one_hop,0.05,0.02,28.226529950749335,0.6565883835191297,False,0.2180204000000003
555,sagereg,0.05,0.02,28.192757862652684,0.6567014285019644,False,0.2452491500000633
556,one_hop,0.05,0.02,162.31048144372224,0.9509096209730268,False,0.2230105009999761
556,sagereg,0.05,0.02,176.0345575426371,0.742535352630409,False,0.2494706740000083
557,one_hop,0.05,0.02,58.332313282648,0.448155204865125,False,0.2168017170000666
557,sagereg,0.05,0.02,50.93097462234319,0.4779308542938874,False,0.2442268300000023
558,one_hop,0.05,0.02,157.3181344013261,1.0299109379788698,False,0.2201938240000345
558,sagereg,0.05,0.02,157.5584933595987,0.997443464705532,False,0.245888462000039
559,one_hop,0.05,0.02,110.02161517160032,0.4132644614957949,False,0.2278720549999207
559,sagereg,0.05,0.02,104.44934214088563,0.947440070313306,False,0.2551226509999651
560,one_hop,0.05,0.02,173.83117323762838,1.2084144921487454,False,0.2167499879999468
560,sagereg,0.05,0.02,169.3556259189646,1.161997711148933,False,0.2444837230000303
561,one_hop,0.05,0.02,0.2846969526843226,0.0063711871654797,True,0.219703222000021
561,sagereg,0.05,0.02,0.2847210620980605,0.0063705502969892,True,0.2461155309999867
562,one_hop,0.05,0.02,0.1783727921214515,0.012778028892386,True,0.2258332730000347
562,sagereg,0.05,0.02,0.1783258625290054,0.0127787374846998,True,0.2534310759999698
563,one_hop,0.05,0.02,97.22632173249842,0.2352174713323782,False,0.2187161800000012
563,sagereg,0.05,0.02,93.96357953499728,0.2961010272076808,False,0.2455988009999146
564,one_hop,0.05,0.02,151.14106214856656,0.9694720367333622,False,0.2177646889999778
564,sagereg,0.05,0.02,0.2050338544907148,0.0039473910013562,True,0.2444298829999525
565,one_hop,0.05,0.02,0.3755854644643799,0.0043827869018935,True,0.2279050739999775
565,sagereg,0.05,0.02,0.3756865834540903,0.0043830177731737,True,0.2543648319999647
566,one_hop,0.05,0.02,166.6881638670424,0.9670223854495552,False,0.2230229849999432
566,sagereg,0.05,0.02,166.51431018491277,0.9018824249498704,False,0.250506028000018
567,one_hop,0.05,0.02,120.70595295543724,0.6453523991316209,False,0.219605840999975
567,sagereg,0.05,0.02,120.63985423950326,0.6444347964811546,False,0.2475282829999514
568,one_hop,0.05,0.02,169.82663104066177,0.5630569634945878,False,0.2283817090000184
568,sagereg,0.05,0.02,56.739222197634845,0.7737158589034914,False,0.2545343619999585
569,one_hop,0.05,0.02,62.15813190688706,0.5424186263417083,False,0.2224184320000404
569,sagereg,0.05,0.02,62.32400919183983,0.5448260015143345,False,0.249411321000025
570,one_hop,0.05,0.02,112.27566799274724,1.2111045012803727,False,0.2220311840000022
570,sagereg,0.05,0.02,112.1610892423207,1.2078118947007896,False,0.2481278079999356
571,one_hop,0.05,0.02,0.1337195394276432,0.0043730677315281,True,0.2195820179999827
571,sagereg,0.05,0.02,0.1335999297284151,0.0043753797523154,True,0.2448680580000655
572,one_hop,0.05,0.02,1.1507837491993904,0.0090778177317706,True,0.2272562289999768
572,sagereg,0.05,0.02,1.15077599309282,0.0090784174300275,True,0.2545608330000277
573,one_hop,0.05,0.02,165.40731461793885,1.03083733874129,False,0.2158397700000023
573,sagereg,0.05,0.02,168.7207634299351,1.0122922927590094,False,0.2427630969999654
574,one_hop,0.05,0.02,152.98564760294104,1.277171642297033,False,0.2200477500000488
574,sagereg,0.05,0.02,0.3758595526122485,0.0082638008358932,True,0.2449359390000154
575,one_hop,0.05,0.02,156.77579495388372,1.3657430515103084,False,0.2190642479999951
575,sagereg,0.05,0.02,157.38487665725742,1.371425233278677,False,0.2467670989999533
576,one_hop,0.05,0.02,0.6634502898755987,0.005031744389473,True,0.2270009689999597
576,sagereg,0.05,0.02,0.7008925340982533,0.0084777829167583,True,0.2544610170000396
577,one_hop,0.05,0.02,0.2751060861851885,0.0050017975364126,True,0.2230705800000123
577,sagereg,0.05,0.02,0.3388069185816727,0.0055255699459521,True,0.2498940220000349
578,one_hop,0.05,0.02,1.3237212442394792,0.0059399148986409,True,0.2255709239999532
578,sagereg,0.05,0.02,116.36648456930423,1.0623496229208298,False,0.2506076219999613
579,one_hop,0.05,0.02,73.52568028641123,0.6324365661906114,False,0.2193355699999983
579,sagereg,0.05,0.02,32.26518607190951,1.2467993308298422,False,0.2479058820000546
580,one_hop,0.05,0.02,62.45480709207356,0.4287003905087764,False,0.221493238999983
580,sagereg,0.05,0.02,63.442538032425965,0.4095109432019145,False,0.2485518830000046
581,one_hop,0.05,0.02,151.24850120306806,1.04825150724329,False,0.2183164780000197
581,sagereg,0.05,0.02,149.54104426587924,1.0450374127757276,False,0.2445626149999498
582,one_hop,0.05,0.02,61.76301831781114,0.7065981923379808,False,0.2244037660000231
582,sagereg,0.05,0.02,0.4706083132525106,0.0078856297326775,True,0.2493189360000087
583,one_hop,0.05,0.02,157.17132164570955,1.375056127810593,False,0.2249118400000043
583,sagereg,0.05,0.02,162.0695830553477,1.366556321557765,False,0.2509314559999893
584,one_hop,0.05,0.02,86.33928164445321,0.9420761059017364,False,0.2229830769999807
584,sagereg,0.05,0.02,86.42297474774065,0.9384371540311356,False,0.2506503179999981
585,one_hop,0.05,0.02,0.4630575315927528,0.0063896442653992,True,0.2203569330000618
585,sagereg,0.05,0.02,0.4631828296333848,0.0063921048829311,True,0.248253687999977
586,one_hop,0.05,0.02,154.112703073917,0.4261082857204147,False,0.2225848760000417
586,sagereg,0.05,0.02,159.80535117904884,0.3567338447648821,False,0.2493402309999055
587,one_hop,0.05,0.02,121.36746357480396,0.7306923644021938,False,0.2219727789999979
587,sagereg,0.05,0.02,119.38842907026208,0.7242751509460624,False,0.2486509139999952
588,one_hop,0.05,0.02,131.16288969462036,1.0079347435352886,False,0.2172772759998906
588,sagereg,0.05,0.02,132.82035025469952,1.0266927048936672,False,0.2449079890000121
589,one_hop,0.05,0.02,158.79317403802062,0.5784906786977356,False,0.2208383129999447
589,sagereg,0.05,0.02,158.8795114614736,0.5805973049501444,False,0.2474697169999444
590,one_hop,0.05,0.02,175.98538495188504,1.4077763060389803,False,0.2245936450000272
590,sagereg,0.05,0.02,113.24539114862058,0.6309849847497296,False,0.249561749999998
591,one_hop,0.05,0.02,157.94117052767808,1.2537746703026211,False,0.219382069000062
591,sagereg,0.05,0.02,157.72095200112656,1.245809119134475,False,0.2446515510000608
592,one_hop,0.05,0.02,112.32031726102213,0.3705324075207478,False,0.2219409189999623
592,sagereg,0.05,0.02,42.12031490737942,0.5492077349885187,False,0.2497473959999752
593,one_hop,0.05,0.02,0.8689647168207225,0.0090568320748276,True,0.2182789629999888
593,sagereg,0.05,0.02,0.425925306727673,0.0035760672216918,True,0.2449020550000114
594,one_hop,0.05,0.02,17.07302973087537,0.94771473949727,False,0.2247091320000436
594,sagereg,0.05,0.02,0.6992257783749696,0.0056133206716797,True,0.2512856530000817
595,one_hop,0.05,0.02,22.72985238462289,0.2769616425983719,False,0.2224447620000091
595,sagereg,0.05,0.02,24.24794306467346,0.2760270756304556,False,0.250300272000004
596,one_hop,0.05,0.02,145.3039322486336,0.8797896111743131,False,0.2215353479999748
596,sagereg,0.05,0.02,145.20091839135853,0.8771115963675811,False,0.2481036570000014
597,one_hop,0.05,0.02,126.3449933027242,0.480441789409997,False,0.2228841369999372
597,sagereg,0.05,0.02,0.2974682477335681,0.0124998198957679,True,0.2500100559999509
598,one_hop,0.05,0.02,162.24289495845375,0.8733435335901366,False,0.2137663500000144
598,sagereg,0.05,0.02,162.24255616176842,0.8624907646610358,False,0.2396633109999584
599,one_hop,0.05,0.02,142.8967708226316,1.1153887138722405,False,0.2184938400000646
599,sagereg,0.05,0.02,142.9110757729446,1.1151156806299845,False,0.2454687329999387
600,one_hop,0.075,0.005,0.1758001614075565,0.0015324175180556,True,0.2198043849999749
600,sagereg,0.075,0.005,0.1758001621829256,0.001532417526003,True,0.2475673049999613
601,one_hop,0.075,0.005,0.1288674338734274,0.0013971814858988,True,0.2168922229999452
601,sagereg,0.075,0.005,0.1288674342976599,0.0013971814881752,True,0.2443947529999377
602,one_hop,0.075,0.005,0.192320094219069,0.0010130340215943,True,0.2203131539999958
602,sagereg,0.075,0.005,0.1923200943176141,0.0010130340303643,True,0.2461414789999025
603,one_hop,0.075,0.005,0.1552637808006323,0.0019893654255595,True,0.2204934270000649
603,sagereg,0.075,0.005,0.1552637815424086,0.0019893654193615,True,0.2475829030000795
604,one_hop,0.075,0.005,0.3555178742685229,0.0034165562299592,True,0.2162107969999169
604,sagereg,0.075,0.005,0.3555178698684835,0.0034165561721813,True,0.2424287359999652
605,one_hop,0.075,0.005,0.0600614264412442,0.0008788392344906,True,0.2206679859999667
605,sagereg,0.075,0.005,0.0600614279097488,0.0008788392928082,True,0.2465668259999347
606,one_hop,0.075,0.005,0.1023028495210904,0.001364195982303,True,0.2245456790000162
606,sagereg,0.075,0.005,0.102302850169485,0.001364195995142,True,0.2528837820000262
607,one_hop,0.075,0.005,0.1011968998644735,0.0017319274912907,True,0.2213842740000018
607,sagereg,0.075,0.005,0.101196898207764,0.0017319275060549,True,0.248665130000063
608,one_hop,0.075,0.005,0.0934932463208157,0.0021118280545705,True,0.2231620510000311
608,sagereg,0.075,0.005,0.0934932481997971,0.0021118280783941,True,0.2508241510000744
609,one_hop,0.075,0.005,0.0861495245288335,0.0015313364074319,True,0.2192177680000213
609,sagereg,0.075,0.005,0.0861495238350138,0.0015313364109193,True,0.2465930890000436
610,one_hop,0.075,0.005,0.1163204441131051,0.0005843143722983,True,0.2263459239999292
610,sagereg,0.075,0.005,0.1163204448525601,0.0005843143619835,True,0.2524663909999844
611,one_hop,0.075,0.005,0.0914216927574404,0.0014604703588575,True,0.2217394760000388
611,sagereg,0.075,0.005,0.0914216931002909,0.0014604703606209,True,0.2490108179999879
612,one_hop,0.075,0.005,0.0322330334420549,0.0019250056649473,True,0.2240866949999826
612,sagereg,0.075,0.005,0.0322330318590496,0.0019250056534211,True,0.2508077969999931
613,one_hop,0.075,0.005,0.0435900003418953,0.0013464227673953,True,0.2195575339999322
613,sagereg,0.075,0.005,0.0435900019305235,0.0013464227803286,True,0.2473804290000316
614,one_hop,0.075,0.005,0.1210040836011628,0.0011040791241594,True,0.2190006430000721
614,sagereg,0.075,0.005,0.1210040830710498,0.0011040791301554,True,0.2463122489999705
615,one_hop,0.075,0.005,0.0474634632652279,0.0010476738628068,True,0.2248388770000247
615,sagereg,0.075,0.005,0.0474634627584239,0.0010476738576337,True,0.2510862230000157
616,one_hop,0.075,0.005,0.0632640222370256,0.0006045290827557,True,0.2214352510000026
616,sagereg,0.075,0.005,0.0632640230090012,0.0006045290823751,True,0.2500790469999856
617,one_hop,0.075,0.005,0.1103763028032858,0.0010141399526302,True,0.2209512599999925
617,sagereg,0.075,0.005,0.1103763028759303,0.0010141399539903,True,0.250156281000045
618,one_hop,0.075,0.005,0.2367212486619889,0.0006753719718269,True,0.2243224579999605
618,sagereg,0.075,0.005,0.2367212483047922,0.0006753719752329,True,0.2499749720000181
619,one_hop,0.075,0.005,0.1136106818913667,0.0008123950888956,True,0.221416406000003
619,sagereg,0.075,0.005,0.1136106803515187,0.0008123950762093,True,0.2484948360000771
620,one_hop,0.075,0.005,0.1105209014888536,0.0013564533545653,True,0.2167183120000118
620,sagereg,0.075,0.005,0.110520900070842,0.0013564533246522,True,0.2440118380000058
621,one_hop,0.075,0.005,0.0842002238245094,0.0012770200061148,True,0.2200349470000446
621,sagereg,0.075,0.005,0.0842002251057601,0.0012770200074869,True,0.245303745000001
622,one_hop,0.075,0.005,0.1083811421682591,0.0010402961509267,True,0.2221312870000247
622,sagereg,0.075,0.005,0.1083811426457778,0.001040296161196,True,0.2497591949999105
623,one_hop,0.075,0.005,0.1341459408046403,0.0010292975814959,True,0.2245689349999793
623,sagereg,0.075,0.005,0.134145941739264,0.0010292975805233,True,0.2517188159999932
624,one_hop,0.075,0.005,0.148011898188324,0.0007217302589828,True,0.2161950529999785
624,sagereg,0.075,0.005,0.1480118977056928,0.00072173023725,True,0.2429307230000859
625,one_hop,0.075,0.005,0.1320284646483637,0.0004635127814396,True,0.220994786999995
625,sagereg,0.075,0.005,0.1320284645324225,0.000463512797307,True,0.2473496820000491
626,one_hop,0.075,0.005,0.122313796580017,0.0011029396937574,True,0.2238340130001006
626,sagereg,0.075,0.005,0.1223137983380717,0.001102939722115,True,0.2492957499999875
627,one_hop,0.075,0.005,0.0959064674892818,0.0010265992871134,True,0.2201134079999747
627,sagereg,0.075,0.005,0.0959064681277174,0.0010265992934524,True,0.2463481739999906
628,one_hop,0.075,0.005,0.0544047238755999,0.0017417920580076,True,0.2163749710000502
628,sagereg,0.075,0.005,0.0544047280156673,0.001741792122284,True,0.2427316110000674
629,one_hop,0.075,0.005,0.1224465635316461,0.0013871160169968,True,0.2237360829999488
629,sagereg,0.075,0.005,0.1224465642460116,0.0013871160139526,True,0.2482550189999983
630,one_hop,0.075,0.005,0.0909584047142359,0.0012173330392628,True,0.2180711380000275
630,sagereg,0.075,0.005,0.0909584052511658,0.0012173330332203,True,0.2445527429999856
631,one_hop,0.075,0.005,0.2077541241419161,0.0015777412992499,True,0.2192753130000255
631,sagereg,0.075,0.005,0.2077541222472594,0.0015777412862751,True,0.2471880769999188
632,one_hop,0.075,0.005,0.1980167844599433,0.0013721900196396,True,0.220124960000021
632,sagereg,0.075,0.005,0.1980167861495944,0.0013721900400674,True,0.2465503849999777
633,one_hop,0.075,0.005,0.0342529268950263,0.0003180777435015,True,0.2226315149999891
633,sagereg,0.075,0.005,0.0342529262566025,0.0003180777537574,True,0.2486606860001075
634,one_hop,0.075,0.005,0.0291406314247697,0.0009786653979591,True,0.2219870220000075
634,sagereg,0.075,0.005,0.0291406308494432,0.0009786653979823,True,0.2489622859999372
635,one_hop,0.075,0.005,0.1170087399041212,0.0014846090186563,True,0.2194019140000591
635,sagereg,0.075,0.005,0.1170087383965325,0.0014846090217073,True,0.2459562970000206
636,one_hop,0.075,0.005,0.1170615903056284,0.0014256640303896,True,0.2197854029999462
636,sagereg,0.075,0.005,0.1170615896206702,0.0014256640058535,True,0.2458570640000061
637,one_hop,0.075,0.005,0.0686152437581469,0.000683443229155,True,0.2219161090000625
637,sagereg,0.075,0.005,0.0686152420583972,0.00068344321029,True,0.2484714419999818
638,one_hop,0.075,0.005,0.0784560158484983,0.0005263821803593,True,0.215845403000003
638,sagereg,0.075,0.005,0.0784560141947121,0.0005263822190137,True,0.2432660209999539
639,one_hop,0.075,0.005,0.1768692685982123,0.0024036269923183,True,0.221489699000017
639,sagereg,0.075,0.005,0.1768692701890325,0.0024036270052406,True,0.2478279850000717
640,one_hop,0.075,0.005,0.2651440675050689,0.0015333714489972,True,0.2219898759999523
640,sagereg,0.075,0.005,0.2651440678267244,0.0015333714435844,True,0.2482025489999841
641,one_hop,0.075,0.005,0.1137154794586587,0.0014397586485162,True,0.2206721449999804
641,sagereg,0.075,0.005,0.1137154759971936,0.0014397586079617,True,0.2470741459999317
642,one_hop,0.075,0.005,0.096247670082232,0.0004266167124943,True,0.2209478710000212
642,sagereg,0.075,0.005,0.0962476668332091,0.0004266166941261,True,0.2465649070001063
643,one_hop,0.075,0.005,0.1020484975791444,0.0009557782454289,True,0.2193214750000152
643,sagereg,0.075,0.005,0.1020484983362997,0.0009557782605384,True,0.2449250070000062
644,one_hop,0.075,0.005,0.1833991301671895,0.0012870768068068,True,0.2181732779999947
644,sagereg,0.075,0.005,0.1833991292053462,0.0012870767922825,True,0.2442365739999559
645,one_hop,0.075,0.005,0.1216375024388282,0.0007553906975915,True,0.217773538000074
645,sagereg,0.075,0.005,0.121637502876291,0.0007553906902647,True,0.2442651359999672
646,one_hop,0.075,0.005,0.1134063083095066,0.0010405448142284,True,0.2229212810000262
646,sagereg,0.075,0.005,0.1134063086565968,0.0010405448061102,True,0.2496290260000933
647,one_hop,0.075,0.005,0.1231779045626941,0.0015382876547957,True,0.2149088510000183
647,sagereg,0.075,0.005,0.1231779032134583,0.0015382876181108,True,0.2407626049999862
648,one_hop,0.075,0.005,0.2021692351066938,0.0026166611126666,True,0.2199437190000708
648,sagereg,0.075,0.005,0.2021692364263245,0.0026166611299731,True,0.244279352000035
649,one_hop,0.075,0.005,0.0858652965899149,0.001001090177005,True,0.2202081950000547
649,sagereg,0.075,0.005,0.0858652989414298,0.0010010901677481,True,0.2471437049999849
650,one_hop,0.075,0.01,0.1462570929629986,0.0026000223189799,True,0.2223175950000495
650,sagereg,0.075,0.01,0.1462571047598815,0.0026000230031733,True,0.2490605780000123
651,one_hop,0.075,0.01,0.3967506891517264,0.0019489324074922,True,0.2218648069999744
651,sagereg,0.075,0.01,0.3967508957408459,0.0019489351413509,True,0.2501947669999254
652,one_hop,0.075,0.01,0.2792501489129157,0.001987804681703,True,0.2171363820000351
652,sagereg,0.075,0.01,0.2792501596700453,0.001987804672382,True,0.2446217919999753
653,one_hop,0.075,0.01,0.3957772252094227,0.0010251470360353,True,0.2198853870000903
653,sagereg,0.075,0.01,0.3957772180264742,0.001025146723877,True,0.2477627170000005
654,one_hop,0.075,0.01,0.4470246060703455,0.0039856646446292,True,0.224394253000014
654,sagereg,0.075,0.01,0.4470245673540248,0.0039856652193857,True,0.252563734999967
655,one_hop,0.075,0.01,0.3843203134368303,0.0043500958681706,True,0.2232027569999672
655,sagereg,0.075,0.01,0.3843203223303902,0.0043500960671475,True,0.2500800030001073
656,one_hop,0.075,0.01,0.1131280714778259,0.0026931975973862,True,0.21739479200005
656,sagereg,0.075,0.01,0.1131281093779242,0.0026931983479037,True,0.244214262000014
657,one_hop,0.075,0.01,0.4662500585373263,0.0037376641178786,True,0.2183818569999402
657,sagereg,0.075,0.01,0.4662500366496615,0.0037376639656979,True,0.2448138099999823
658,one_hop,0.075,0.01,0.2580041219521513,0.0023821699480122,True,0.2252747140000792
658,sagereg,0.075,0.01,0.2580042233709316,0.002382168949337,True,0.2524922359999664
659,one_hop,0.075,0.01,0.0929624081420404,0.001728509119026,True,0.2227037379999501
659,sagereg,0.075,0.01,0.0929625123269951,0.0017285087675255,True,0.2503479110000626
660,one_hop,0.075,0.01,0.178328310284733,0.0011768024663938,True,0.2240267199999834
660,sagereg,0.075,0.01,0.1783288820703717,0.0011768111215255,True,0.2504338679999591
661,one_hop,0.075,0.01,0.2515205798092968,0.0035299043962149,True,0.2230979839999918
661,sagereg,0.075,0.01,0.2515204152319429,0.0035299025971532,True,0.2504579019999937
662,one_hop,0.075,0.01,0.1814915504265057,0.0018710093487349,True,0.218980178000038
662,sagereg,0.075,0.01,0.1814914870407137,0.0018710129120372,True,0.2459160129999418
663,one_hop,0.075,0.01,0.203332277663527,0.0017434284961344,True,0.2199771499999769
663,sagereg,0.075,0.01,0.2033322764876715,0.0017434285240602,True,0.2460045239999999
664,one_hop,0.075,0.01,0.391783544023316,0.0047646108205829,True,0.220974301999945
664,sagereg,0.075,0.01,0.3917834724849414,0.0047646106381185,True,0.246744542999977
665,one_hop,0.075,0.01,0.1127119238596479,0.0018267087079961,True,0.2250013980000176
665,sagereg,0.075,0.01,0.1127119936147838,0.0018267085147557,True,0.2518202229999815
666,one_hop,0.075,0.01,0.2890437305405998,0.003501800818687,True,0.2246002379999936
666,sagereg,0.075,0.01,0.2890437071148899,0.0035017998777159,True,0.2510603929999888
667,one_hop,0.075,0.01,0.2042539927537086,0.0018687839894405,True,0.2205539900000985
667,sagereg,0.075,0.01,0.2042540057332439,0.0018687843459027,True,0.2491767989999971
668,one_hop,0.075,0.01,0.2853224382428395,0.0033693627588584,True,0.2174106950000123
668,sagereg,0.075,0.01,0.2853225183143468,0.0033693624963564,True,0.2450169699999378
669,one_hop,0.075,0.01,0.1274097461964118,0.0006705788709583,True,0.2228432580000117
669,sagereg,0.075,0.01,0.1274095953239234,0.0006705771893262,True,0.250677732999975
670,one_hop,0.075,0.01,0.1714253241408213,0.0021283323073641,True,0.2220214330000089
670,sagereg,0.075,0.01,0.1714251682134827,0.0021283291125721,True,0.2489069169999993
671,one_hop,0.075,0.01,0.1797714521249178,0.0037982482486513,True,0.2138440290000289
671,sagereg,0.075,0.01,0.1797714318348825,0.0037982483380792,True,0.240020630999993
672,one_hop,0.075,0.01,0.1423768987864213,0.0030579300736677,True,0.2180974419999302
672,sagereg,0.075,0.01,0.1423769240368897,0.0030579304161392,True,0.2449664460000349
673,one_hop,0.075,0.01,0.4469269090897113,0.0028924356187421,True,0.2224323120000235
673,sagereg,0.075,0.01,0.4469268766426387,0.0028924372390533,True,0.2493033259999038
674,one_hop,0.075,0.01,0.1886066430772245,0.001856532406144,True,0.2243257760000006
674,sagereg,0.075,0.01,0.1886065463523457,0.0018565325387716,True,0.2512024190000375
675,one_hop,0.075,0.01,0.3090465729962031,0.0017526995579932,True,0.2180845039999894
675,sagereg,0.075,0.01,0.3090466046681656,0.001752700163674,True,0.2463576039999679
676,one_hop,0.075,0.01,0.1078442241592951,0.0033595805638455,True,0.2206824019999658
676,sagereg,0.075,0.01,0.1078442910473255,0.0033595809896273,True,0.2465322159999914
677,one_hop,0.075,0.01,0.172543096769912,0.0024225835429682,True,0.2213992629999666
677,sagereg,0.075,0.01,0.1725443796455054,0.0024225849299635,True,0.2485154209999791
678,one_hop,0.075,0.01,0.3954110428462827,0.002834559555157,True,0.2217814220000491
678,sagereg,0.075,0.01,0.3954110405032104,0.0028345595866106,True,0.2491145149999738
679,one_hop,0.075,0.01,0.6161634856577294,0.0043892935259071,True,0.2212013510001043
679,sagereg,0.075,0.01,0.6161637044045672,0.0043892941241045,True,0.2496142580000651
680,one_hop,0.075,0.01,0.4697077483435577,0.0016648841882076,True,0.2185683279999466
680,sagereg,0.075,0.01,0.4697077211807203,0.0016648819625725,True,0.2446277169999575
681,one_hop,0.075,0.01,0.1322015774798651,0.0023000643645124,True,0.2233664610000687
681,sagereg,0.075,0.01,0.1322016028708081,0.0023000638076917,True,0.2496541980000302
682,one_hop,0.075,0.01,0.3678530941631669,0.0047572450474089,True,0.2234367870000824
682,sagereg,0.075,0.01,0.3678540171515118,0.0047572595840575,True,0.2518249969999715
683,one_hop,0.075,0.01,0.2266802486548406,0.001547976717724,True,0.2254697550000628
683,sagereg,0.075,0.01,0.2266802692705698,0.0015479764631207,True,0.2512919229999397
684,one_hop,0.075,0.01,0.5623352956790165,0.0045493265156841,True,0.2219691289999446
684,sagereg,0.075,0.01,0.562335337775543,0.0045493288537253,True,0.2492311080000036
685,one_hop,0.075,0.01,0.1365688257922745,0.0022660291117587,True,0.211407194000003
685,sagereg,0.075,0.01,0.1365687658953276,0.0022660296975173,True,0.236917356000049
686,one_hop,0.075,0.01,0.2904612507987558,0.0046905947668633,True,0.211511210000026
686,sagereg,0.075,0.01,0.2904612671310306,0.0046905951742043,True,0.2383950180000056
687,one_hop,0.075,0.01,0.2247744042298691,0.0040045755806898,True,0.2232384440000032
687,sagereg,0.075,0.01,0.2247743909954051,0.004004575603441,True,0.2506013779999421
688,one_hop,0.075,0.01,0.2281520271447989,0.0030463748457516,True,0.2233853590000762
688,sagereg,0.075,0.01,0.2281520425635647,0.0030463751684001,True,0.2496504590000086
689,one_hop,0.075,0.01,0.2083145650016212,0.0020986405160949,True,0.2149559469999076
689,sagereg,0.075,0.01,0.2083146268776871,0.0020986421584935,True,0.2416851980000274
690,one_hop,0.075,0.01,0.0657042414419912,0.0027397329551504,True,0.2206479560001071
690,sagereg,0.075,0.01,0.0657042378918782,0.002739733038111,True,0.2483423319999929
691,one_hop,0.075,0.01,0.1438360542790386,0.0011333864927083,True,0.2190579360000129
691,sagereg,0.075,0.01,0.1438359627092015,0.0011333879768329,True,0.2452133159999903
692,one_hop,0.075,0.01,0.2500604110519174,0.0022571224797942,True,0.2223235540000132
692,sagereg,0.075,0.01,0.2500603001877527,0.0022571237136703,True,0.2498529109999481
693,one_hop,0.075,0.01,0.1631373779054391,0.000954549614108,True,0.2176782090000415
693,sagereg,0.075,0.01,0.1631370369546174,0.0009545471655162,True,0.2448209020000149
694,one_hop,0.075,0.01,0.3780704909446294,0.0010365275289232,True,0.2247898429999395
694,sagereg,0.075,0.01,0.3780704106996292,0.0010365268497271,True,0.2522731560000011
695,one_hop,0.075,0.01,0.1869584842132682,0.001436422106375,True,0.2162617909999653
695,sagereg,0.075,0.01,0.1869585882980307,0.0014364235715328,True,0.2437934050000194
696,one_hop,0.075,0.01,0.2581732730315447,0.0024891393169284,True,0.2205167920000121
696,sagereg,0.075,0.01,0.2581732561785428,0.0024891391457847,True,0.2466379869999855
697,one_hop,0.075,0.01,0.0841719510513453,0.0024722992473549,True,0.2248617970000168
697,sagereg,0.075,0.01,0.0841719466001015,0.0024722993762319,True,0.2510595449999755
698,one_hop,0.075,0.01,0.2349050681538928,0.0036906066676462,True,0.2223619860000099
698,sagereg,0.075,0.01,0.2349054157182928,0.0036906138800858,True,0.2492449409999153
699,one_hop,0.075,0.01,0.3811720477812745,0.0038573716716236,True,0.2213558810000222
699,sagereg,0.075,0.01,0.3811721501608937,0.0038573715881563,True,0.2492534719999639
700,one_hop,0.075,0.02,135.82248812307506,1.2001965396510963,False,0.2242428480000171
700,sagereg,0.075,0.02,133.22857443057595,1.1903309060711322,False,0.2503551370000423
701,one_hop,0.075,0.02,1.1231424052122263,0.0076394041940999,True,0.2240311609999707
701,sagereg,0.075,0.02,1.1243951940780428,0.0076405983302561,True,0.2507724710000047
702,one_hop,0.075,0.02,142.53298031598945,0.6465034861610376,False,0.2195981470000561
702,sagereg,0.075,0.02,142.56234683763788,0.6475067168676738,False,0.2487049210000123
703,one_hop,0.075,0.02,0.8687602056383059,0.0069822272758762,True,0.2265298400000119
703,sagereg,0.075,0.02,0.8687966744666318,0.0069723573838712,True,0.2547542510000085
704,one_hop,0.075,0.02,0.6395567000665662,0.0074118232994165,True,0.2195648219999384
704,sagereg,0.075,0.02,0.5105772923251786,0.006872936378034,True,0.2463361949999125
705,one_hop,0.075,0.02,0.4018979727668141,0.0053032193410459,True,0.21969680899997
705,sagereg,0.075,0.02,0.4018904260905516,0.005303227176544,True,0.2452128099999981
706,one_hop,0.075,0.02,0.8356593585426085,0.0059379360477274,True,0.2243537640000568
706,sagereg,0.075,0.02,0.731839797296363,0.0058262222396307,True,0.2497946729999967
707,one_hop,0.075,0.02,0.2946585526452761,0.0058173469769661,True,0.2174421299999949
707,sagereg,0.075,0.02,0.2949577957586629,0.005829933648156,True,0.2436991219999527
708,one_hop,0.075,0.02,0.808702721518109,0.0040927203338572,True,0.2235894529999313
708,sagereg,0.075,0.02,0.80822303491308,0.0041062722094713,True,0.2519735260000288
709,one_hop,0.075,0.02,0.180503947942239,0.0040204833354243,True,0.2195620310000094
709,sagereg,0.075,0.02,0.1563581323321121,0.0047277310697826,True,0.2449428090000083
710,one_hop,0.075,0.02,1.3618525105893355,0.0126582109397101,True,0.2229488719999608
710,sagereg,0.075,0.02,1.3912496057397885,0.0134513250351253,True,0.2501669140000331
711,one_hop,0.075,0.02,60.98067987028523,0.9476224723880884,False,0.22547505
711,sagereg,0.075,0.02,0.3782813868796759,0.0051055853873884,True,0.2547821269999986
712,one_hop,0.075,0.02,0.2499509912168123,0.0059509280229166,True,0.2229837550000866
712,sagereg,0.075,0.02,0.2504318658602913,0.0059518926776395,True,0.2511654769999722
713,one_hop,0.075,0.02,82.09947004245012,1.2340673006843894,False,0.219377326999961
713,sagereg,0.075,0.02,82.94808136124836,1.2206406100830272,False,0.2474023050000369
714,one_hop,0.075,0.02,0.7449278497079584,0.0075006496414672,True,0.2274731329999895
714,sagereg,0.075,0.02,0.7454826185770499,0.0075062654329322,True,0.2542937129999245
715,one_hop,0.075,0.02,0.3455087916071952,0.005009892252671,True,0.2230980680000129
715,sagereg,0.075,0.02,0.3453498392937861,0.005013140728449,True,0.2505379330000323
716,one_hop,0.075,0.02,0.8644332190004635,0.0072369053497275,True,0.2237150009999595
716,sagereg,0.075,0.02,0.8644427417427933,0.0072368019499843,True,0.250981908999961
717,one_hop,0.075,0.02,136.0945302732582,0.4996839087335889,False,0.2266004410000732
717,sagereg,0.075,0.02,0.9711440245682073,0.0090958146015699,True,0.2547966289999976
718,one_hop,0.075,0.02,0.1588707160953945,0.0038417815444672,True,0.2203801809999959
718,sagereg,0.075,0.02,0.1588543368600032,0.0038416097732299,True,0.2480961140000772
719,one_hop,0.075,0.02,0.1837139247715848,0.0039093451622961,True,0.2261804490000258
719,sagereg,0.075,0.02,0.1837950913407304,0.0039095835956772,True,0.2537738490000265
720,one_hop,0.075,0.02,0.8547551291208685,0.0096259100695043,True,0.222124866999934
720,sagereg,0.075,0.02,0.8549943132266191,0.0096265630807637,True,0.2487711569999646
721,one_hop,0.075,0.02,0.8889020388976514,0.0097915558003099,True,0.2260798300000033
721,sagereg,0.075,0.02,0.9500735835568483,0.0105730804815441,True,0.2559287849999236
722,one_hop,0.075,0.02,0.4111307568934049,0.0053740665690445,True,0.225796841000033
722,sagereg,0.075,0.02,60.39360451884388,0.7731783376175992,False,0.2532898800000112
723,one_hop,0.075,0.02,166.9793045211701,0.4558078717704304,False,0.2260794679999662
723,sagereg,0.075,0.02,164.8331349882054,0.4505513932900726,False,0.257150012000011
724,one_hop,0.075,0.02,132.29671847604507,1.0663474039647904,False,0.215233688000012
724,sagereg,0.075,0.02,132.21237307470196,1.0674649589188925,False,0.2412793460000557
725,one_hop,0.075,0.02,0.5715400718080547,0.0043542609269972,True,0.2223771240001042
725,sagereg,0.075,0.02,0.5714550338869494,0.0043551559413746,True,0.2497256620000598
726,one_hop,0.075,0.02,130.46236000486695,0.7292968141797711,False,0.223565858000029
726,sagereg,0.075,0.02,0.848834293978069,0.0070803710323554,True,0.2506164650000073
727,one_hop,0.075,0.02,0.2465454437392501,0.0035734872781359,True,0.2227602799999886
727,sagereg,0.075,0.02,0.2465364994568593,0.0035733096693453,True,0.2493459589999247
728,one_hop,0.075,0.02,150.23347953381855,0.5311698492028455,False,0.2199623280000651
728,sagereg,0.075,0.02,135.65485474688677,0.7311583538401191,False,0.2482345049999139
729,one_hop,0.075,0.02,110.69546234774838,1.364156203317772,False,0.227925396000046
729,sagereg,0.075,0.02,158.49227740622248,0.6760867566605855,False,0.2559000250000736
730,one_hop,0.075,0.02,0.2912072209934953,0.0041049328652447,True,0.2232200839999905
730,sagereg,0.075,0.02,0.2196455489808203,0.0047506933261031,True,0.2504211319999285
731,one_hop,0.075,0.02,0.7448817140018498,0.0080840241000219,True,0.2265332969999463
731,sagereg,0.075,0.02,0.7448715821162963,0.0080838499788036,True,0.2534035520000088
732,one_hop,0.075,0.02,0.436842584669367,0.0043376459994027,True,0.2205276560000584
732,sagereg,0.075,0.02,150.1928518181141,0.7796730891288379,False,0.2476249699999471
733,one_hop,0.075,0.02,132.97863674701208,0.9434737008027912,False,0.2175555869999925
733,sagereg,0.075,0.02,161.79804322746722,1.2953819201373773,False,0.244155767000052
734,one_hop,0.075,0.02,176.7586417993538,0.6098365871153367,False,0.2299917859999141
734,sagereg,0.075,0.02,162.74735168041664,0.6075150729182478,False,0.2575755960000379
735,one_hop,0.075,0.02,0.4272869960484932,0.0048029555948524,True,0.2185856120000835
735,sagereg,0.075,0.02,0.4278741704086274,0.0047991339125948,True,0.2465071019998959
736,one_hop,0.075,0.02,0.6726271767187704,0.0067555893686671,True,0.2193723079999472
736,sagereg,0.075,0.02,0.6726550406201053,0.0067555582916539,True,0.2452634449999777
737,one_hop,0.075,0.02,0.1321502641373583,0.0061979872440866,True,0.2195121909999215
737,sagereg,0.075,0.02,0.132172693356344,0.0061974843193367,True,0.2452927560000262
738,one_hop,0.075,0.02,0.495772082902055,0.007240466895944,True,0.2218717150000202
738,sagereg,0.075,0.02,0.4961521840445684,0.0072410744317558,True,0.2487167529999396
739,one_hop,0.075,0.02,0.2611805883416677,0.0058622962135025,True,0.2232973600000605
739,sagereg,0.075,0.02,0.2598615640387901,0.0058650200110151,True,0.2492726949999451
740,one_hop,0.075,0.02,0.7687471739510708,0.0099682437765748,True,0.2223818500000334
740,sagereg,0.075,0.02,0.7683105348838525,0.0099730446176219,True,0.2497531269999626
741,one_hop,0.075,0.02,95.32766467411808,0.5408828001241701,False,0.2233691259999659
741,sagereg,0.075,0.02,95.4887580240578,0.5381836777446669,False,0.2496703589999924
742,one_hop,0.075,0.02,0.7688286422005459,0.0036751479450908,True,0.2196592799999734
742,sagereg,0.075,0.02,0.7293892863529038,0.0040811658102484,True,0.2470050819999869
743,one_hop,0.075,0.02,0.7427727078178309,0.0065334098714517,True,0.2281869880000613
743,sagereg,0.075,0.02,0.74266183417792,0.0065321734630747,True,0.2547269670000105
744,one_hop,0.075,0.02,0.1751516962627979,0.00439459980396,True,0.2185730730000159
744,sagereg,0.075,0.02,0.1755581475142051,0.0043989115476647,True,0.2454163700000435
745,one_hop,0.075,0.02,0.3960810780351953,0.0059411340266723,True,0.2160267639999347
745,sagereg,0.075,0.02,0.395655487501915,0.0059388248669842,True,0.2426001989999804
746,one_hop,0.075,0.02,101.7038504369297,0.9284263024148576,False,0.2199673960000154
746,sagereg,0.075,0.02,17.77176736123104,0.1654590159332805,False,0.2501544689999946
747,one_hop,0.075,0.02,0.5755780275284169,0.0036233612252559,True,0.2263308809999671
747,sagereg,0.075,0.02,0.5760085460702903,0.0036305267837084,True,0.2543080729999474
748,one_hop,0.075,0.02,1.0142067567955533,0.0054852989903429,True,0.2219068370000059
748,sagereg,0.075,0.02,1.0141938994833015,0.005486908440965,True,0.2483763579999731
749,one_hop,0.075,0.02,0.5812117837982766,0.0016084901892601,True,0.2283450140000695
749,sagereg,0.075,0.02,0.5812419438030878,0.0016075804110396,True,0.2556283490000623
750,one_hop,0.1,0.005,0.047037762545964,0.0008599453286443,True,0.2180437729999766
750,sagereg,0.1,0.005,0.0470377622670236,0.000859945323434,True,0.2445723900000302
751,one_hop,0.1,0.005,0.0392696815635865,0.0006680188838386,True,0.2213870599999836
751,sagereg,0.1,0.005,0.0392696814522136,0.0006680188844854,True,0.2493191419999902
752,one_hop,0.1,0.005,0.1175433855504893,0.0010312993706333,True,0.2217185859999517
752,sagereg,0.1,0.005,0.1175433854078578,0.001031299388939,True,0.2496384760000864
753,one_hop,0.1,0.005,0.0826497078011875,0.0010690920590362,True,0.2194406900000558
753,sagereg,0.1,0.005,0.0826497104382201,0.0010690920805291,True,0.2486106160000645
754,one_hop,0.1,0.005,0.0214160625558541,0.0005089967715176,True,0.2257228950001035
754,sagereg,0.1,0.005,0.0214160637811708,0.0005089967745589,True,0.2543986809999978
755,one_hop,0.1,0.005,0.0098872449999787,0.0006950782864678,True,0.2199182269999937
755,sagereg,0.1,0.005,0.0098872455897724,0.0006950782767715,True,0.2462822510000251
756,one_hop,0.1,0.005,0.1205241586464008,0.0009237147812482,True,0.2296063530000083
756,sagereg,0.1,0.005,0.1205241587189768,0.0009237147663938,True,0.2567967019999742
757,one_hop,0.1,0.005,0.0672720698997703,0.0018262318526208,True,0.2246716240000523
757,sagereg,0.1,0.005,0.0672720677760033,0.0018262318436839,True,0.2518543099999988
758,one_hop,0.1,0.005,0.0639275637998132,0.0005063189342632,True,0.214668240999913
758,sagereg,0.1,0.005,0.0639275639708497,0.000506318935123,True,0.2424620079999613
759,one_hop,0.1,0.005,0.0769513174917635,0.0008025778910887,True,0.2186576569999943
759,sagereg,0.1,0.005,0.076951318154846,0.0008025778841059,True,0.2462590290000434
760,one_hop,0.1,0.005,0.1075511952680314,0.0014000691101372,True,0.213988178999898
760,sagereg,0.1,0.005,0.1075511947800503,0.0014000690726517,True,0.2425539439999511
761,one_hop,0.1,0.005,0.0628112270132693,0.0006609562826737,True,0.2152994419999458
761,sagereg,0.1,0.005,0.0628112255510287,0.0006609562728589,True,0.2424916969999913
762,one_hop,0.1,0.005,0.1732507393810315,0.0010038225019519,True,0.2207312089999504
762,sagereg,0.1,0.005,0.1732507383039439,0.0010038224896595,True,0.247913290999918
763,one_hop,0.1,0.005,0.1299517654591528,0.0010092197252957,True,0.2215080859999716
763,sagereg,0.1,0.005,0.1299517656162113,0.0010092197257993,True,0.2503396529999691
764,one_hop,0.1,0.005,0.1273321103162878,0.0009177069313953,True,0.2181446089999781
764,sagereg,0.1,0.005,0.1273321099327372,0.000917706987571,True,0.2471694380000144
765,one_hop,0.1,0.005,0.0970178255253309,0.0009751967087779,True,0.2210557710000102
765,sagereg,0.1,0.005,0.0970178248341019,0.0009751966290235,True,0.2467472450000514
766,one_hop,0.1,0.005,0.0745008811817816,0.0009160953973977,True,0.2243638060000421
766,sagereg,0.1,0.005,0.0745008822776091,0.0009160953948281,True,0.2527579420000165
767,one_hop,0.1,0.005,0.0592449996072538,0.0004814176932721,True,0.2221741869999505
767,sagereg,0.1,0.005,0.0592449992996626,0.0004814176910017,True,0.2498009409999895
768,one_hop,0.1,0.005,0.1046624618967239,0.001134591073929,True,0.2266204090000201
768,sagereg,0.1,0.005,0.104662462356386,0.0011345910832112,True,0.2524585510000179
769,one_hop,0.1,0.005,0.0829407289317551,0.0006053708610263,True,0.2254184539999641
769,sagereg,0.1,0.005,0.0829407297227256,0.0006053708869371,True,0.2528126769999517
770,one_hop,0.1,0.005,0.0494230995753777,0.0009989165145181,True,0.2227183939999122
770,sagereg,0.1,0.005,0.0494230993983926,0.0009989165223878,True,0.249371946999986
771,one_hop,0.1,0.005,0.0708438148656053,0.0006881313773098,True,0.2208448919999455
771,sagereg,0.1,0.005,0.0708438160385796,0.0006881313812086,True,0.2493818120000241
772,one_hop,0.1,0.005,0.1377357395743795,0.0012186554137126,True,0.2189510680000239
772,sagereg,0.1,0.005,0.13773574137374,0.0012186553759681,True,0.2447739939999564
773,one_hop,0.1,0.005,0.0202679794665351,0.0008696503728135,True,0.2231093550000196
773,sagereg,0.1,0.005,0.0202679791788185,0.0008696503826686,True,0.249134650999963
774,one_hop,0.1,0.005,0.0856529998737379,0.0009351290652094,True,0.2198893639999823
774,sagereg,0.1,0.005,0.08565299994182,0.0009351290623913,True,0.2482617550000441
775,one_hop,0.1,0.005,0.109919187926388,0.0007858567457975,True,0.2205114710000089
775,sagereg,0.1,0.005,0.1099191843122165,0.0007858567623045,True,0.246098083999982
776,one_hop,0.1,0.005,0.1142289392529489,0.001161461250732,True,0.2208996589999969
776,sagereg,0.1,0.005,0.1142289398783169,0.0011614612471046,True,0.2483008250000011
777,one_hop,0.1,0.005,0.1445470155914902,0.0017236521761394,True,0.2164801650000072
777,sagereg,0.1,0.005,0.1445470146131755,0.0017236522127558,True,0.2432795400000031
778,one_hop,0.1,0.005,0.061564885521502,0.0001473063488612,True,0.2220072110000046
778,sagereg,0.1,0.005,0.0615648841480595,0.0001473063502936,True,0.2498778909999828
779,one_hop,0.1,0.005,0.0978373156303878,0.0012195658587607,True,0.2225668969999787
779,sagereg,0.1,0.005,0.0978373167703031,0.001219565861073,True,0.250118739999948
780,one_hop,0.1,0.005,0.0593833410439834,0.0009543789142918,True,0.2234409320000168
780,sagereg,0.1,0.005,0.0593833417068326,0.0009543789074679,True,0.2500461249999262
781,one_hop,0.1,0.005,0.1946532424548284,0.001014015181649,True,0.2249970440000197
781,sagereg,0.1,0.005,0.1946532382007743,0.0010140152055476,True,0.2519213460000173
782,one_hop,0.1,0.005,0.1396885193560103,0.0008552712706913,True,0.2198339169999599
782,sagereg,0.1,0.005,0.1396885226017642,0.0008552713050192,True,0.2473770289999493
783,one_hop,0.1,0.005,0.0961911443809087,0.0002138987720568,True,0.2244332520000398
783,sagereg,0.1,0.005,0.0961911459646961,0.0002138987608469,True,0.2507598209999742
784,one_hop,0.1,0.005,0.2191107992779739,0.0006142722933103,True,0.2268215340000097
784,sagereg,0.1,0.005,0.2191107990650607,0.000614272317308,True,0.2557888669999784
785,one_hop,0.1,0.005,0.0604251852079513,0.0011847012726678,True,0.2243786469999804
785,sagereg,0.1,0.005,0.0604251836155904,0.0011847012714098,True,0.2533717769999839
786,one_hop,0.1,0.005,0.0316843629821806,0.0011520788746852,True,0.2254454599999462
786,sagereg,0.1,0.005,0.0316843633042642,0.0011520788684419,True,0.2513956559999997
787,one_hop,0.1,0.005,0.0706769754056723,0.0010668778408897,True,0.2209524580000561
787,sagereg,0.1,0.005,0.0706769745909028,0.0010668778530799,True,0.2492629599998963
788,one_hop,0.1,0.005,0.1442565661333652,0.0006824205654126,True,0.2207890760000737
788,sagereg,0.1,0.005,0.1442565570581547,0.0006824205430893,True,0.2464083889999528
789,one_hop,0.1,0.005,0.0637080089424446,0.0005233847258161,True,0.2212993250000181
789,sagereg,0.1,0.005,0.0637080094344388,0.0005233847478095,True,0.2486848739999914
790,one_hop,0.1,0.005,0.1423055712664876,0.0008853265231682,True,0.221683119999966
790,sagereg,0.1,0.005,0.1423055681879922,0.0008853265410202,True,0.2492067870000482
791,one_hop,0.1,0.005,0.2773143564433326,0.0013415381576172,True,0.2199351159999878
791,sagereg,0.1,0.005,0.2773143568218426,0.0013415381586129,True,0.2475051760000042
792,one_hop,0.1,0.005,0.082363841118438,0.0008746982494447,True,0.2211622429999806
792,sagereg,0.1,0.005,0.0823638405874309,0.0008746982512722,True,0.2462985860000799
793,one_hop,0.1,0.005,0.0937164682386953,0.0010289646427539,True,0.2221565919999193
793,sagereg,0.1,0.005,0.0937164688998281,0.0010289646488084,True,0.2487759880000339
794,one_hop,0.1,0.005,0.0867302149583398,0.0016517224415315,True,0.2212455159999535
794,sagereg,0.1,0.005,0.0867302201607653,0.0016517224883026,True,0.2486938260000215
795,one_hop,0.1,0.005,0.1185210696375878,0.0001341637220951,True,0.2257216570000082
795,sagereg,0.1,0.005,0.1185210702218581,0.0001341636982584,True,0.2537606230000619
796,one_hop,0.1,0.005,0.1533211957141479,0.0012909605434509,True,0.2219273150000162
796,sagereg,0.1,0.005,0.1533211963892543,0.0012909605482464,True,0.2489599609999686
797,one_hop,0.1,0.005,0.1021330494709012,0.0005393362665801,True,0.2185090309999395
797,sagereg,0.1,0.005,0.1021330495279976,0.0005393362658118,True,0.245709531999978
798,one_hop,0.1,0.005,0.0859098975663542,0.001758524871455,True,0.2281641660000559
798,sagereg,0.1,0.005,0.0859099011214922,0.0017585248846488,True,0.2556052929999168
799,one_hop,0.1,0.005,0.0439355199368345,0.0014397378708426,True,0.2236998900000344
799,sagereg,0.1,0.005,0.0439355243334209,0.0014397379260833,True,0.2496811649999699
800,one_hop,0.1,0.01,0.1763792754800731,0.0023348555955015,True,0.2190331650000416
800,sagereg,0.1,0.01,0.1763791751452585,0.0023348557946132,True,0.2463212959999055
801,one_hop,0.1,0.01,0.3568381445889678,0.0023410557652866,True,0.2268817299999455
801,sagereg,0.1,0.01,0.3568381156941477,0.002341056263996,True,0.2547388509999564
802,one_hop,0.1,0.01,0.077648237096331,0.0018335286567046,True,0.2289719430000332
802,sagereg,0.1,0.01,0.0776483014669956,0.0018335289631496,True,0.2576396749999503
803,one_hop,0.1,0.01,0.1795603128791433,0.002354862900674,True,0.2227869820000023
803,sagereg,0.1,0.01,0.1795603139427404,0.0023548629094599,True,0.2499625899999955
804,one_hop,0.1,0.01,0.2101905150488689,0.0026650157419977,True,0.2209285149999686
804,sagereg,0.1,0.01,0.2101904969461473,0.0026650156299693,True,0.2498194820000208
805,one_hop,0.1,0.01,0.2809082016746941,0.0038900980013694,True,0.2163623530000222
805,sagereg,0.1,0.01,0.280908162649794,0.0038900974585909,True,0.2441671589999714
806,one_hop,0.1,0.01,0.3141416687501028,0.0039664431251221,True,0.2225720129999899
806,sagereg,0.1,0.01,0.3141416891742282,0.0039664420703988,True,0.249770642000044
807,one_hop,0.1,0.01,0.2527729715006555,0.001946853821328,True,0.2167494619999388
807,sagereg,0.1,0.01,0.2527730107137638,0.0019468541219711,True,0.2438152080000009
808,one_hop,0.1,0.01,0.0799685637593737,0.0029692125871728,True,0.2229205480000473
808,sagereg,0.1,0.01,0.0799685299693098,0.0029692117188818,True,0.2506907009999395
809,one_hop,0.1,0.01,0.1437694659986812,0.0016367562077175,True,0.2251111049999963
809,sagereg,0.1,0.01,0.1437694983207706,0.0016367568943366,True,0.2542845969999234
810,one_hop,0.1,0.01,0.16671104923024,0.0003230859840988,True,0.2198033300001043
810,sagereg,0.1,0.01,0.1667109159195205,0.0003230966263896,True,0.2468726149999156
811,one_hop,0.1,0.01,0.1475417500841447,0.0019472750452609,True,0.2184234650000007
811,sagereg,0.1,0.01,0.1475417771531502,0.0019472750355205,True,0.2456246929999679
812,one_hop,0.1,0.01,0.1873432559658931,0.0014964627667168,True,0.2213865510000232
812,sagereg,0.1,0.01,0.187343141896834,0.0014964643685186,True,0.249481353999954
813,one_hop,0.1,0.01,0.2135997052829048,0.0008069973235485,True,0.2193930029999364
813,sagereg,0.1,0.01,0.213599678862526,0.0008069982402365,True,0.2461744039999303
814,one_hop,0.1,0.01,0.2713899489534809,0.0026844427788755,True,0.2224112790000845
814,sagereg,0.1,0.01,0.2713899996126461,0.0026844420537948,True,0.2496971460000168
815,one_hop,0.1,0.01,0.1865061204275062,0.0019927814423321,True,0.2189985269999397
815,sagereg,0.1,0.01,0.1865061127749617,0.0019927810640672,True,0.2472088690000191
816,one_hop,0.1,0.01,0.0975413672741533,0.0014126923476979,True,0.2188417899999422
816,sagereg,0.1,0.01,0.0975413791413279,0.0014126927746478,True,0.2467203620000191
817,one_hop,0.1,0.01,0.07728787026544,0.0019263330631654,True,0.2223234069999762
817,sagereg,0.1,0.01,0.0772878609661194,0.0019263329837813,True,0.249793238000052
818,one_hop,0.1,0.01,0.2053112810191679,0.0022727357320651,True,0.2189670689999729
818,sagereg,0.1,0.01,0.2053112205137546,0.0022727361543793,True,0.2459219140000641
819,one_hop,0.1,0.01,0.244562340845211,0.0023493424770801,True,0.2244537709999576
819,sagereg,0.1,0.01,0.2445621054825449,0.0023493423153177,True,0.2523483439999836
820,one_hop,0.1,0.01,0.2491517800578969,0.0019263703191963,True,0.226829668999926
820,sagereg,0.1,0.01,0.2491518037527621,0.0019263697045852,True,0.2540310519999593
821,one_hop,0.1,0.01,0.1063268517546463,0.0016571138951159,True,0.2179907359999333
821,sagereg,0.1,0.01,0.1063267933727017,0.0016571130228391,True,0.24498138499996
822,one_hop,0.1,0.01,0.2501731064164996,0.001740694386564,True,0.2321962829998938
822,sagereg,0.1,0.01,0.2501731187764549,0.0017406947636336,True,0.2595849350000208
823,one_hop,0.1,0.01,0.0691910476061606,0.0014268589750362,True,0.2253185250000342
823,sagereg,0.1,0.01,0.0691910441928115,0.0014268589475517,True,0.252352195999947
824,one_hop,0.1,0.01,0.307595726137777,0.0011826130589758,True,0.2171331459999237
824,sagereg,0.1,0.01,0.3075957056937196,0.0011826130535764,True,0.2447332300000653
825,one_hop,0.1,0.01,0.1311810424655821,0.0029003760489669,True,0.218505395999955
825,sagereg,0.1,0.01,0.1311811038112308,0.0029003764243841,True,0.2473584890000211
826,one_hop,0.1,0.01,0.1940329527577368,0.0029534095163755,True,0.2193979920000401
826,sagereg,0.1,0.01,0.1940329663383417,0.002953410191473,True,0.2470481169999629
827,one_hop,0.1,0.01,0.2286830498922957,0.0034282029827677,True,0.2298706359999869
827,sagereg,0.1,0.01,0.2286830533156902,0.0034282030235337,True,0.2567028039999286
828,one_hop,0.1,0.01,0.1318592831312622,0.000682403767005,True,0.2194242959999428
828,sagereg,0.1,0.01,0.1318592578457727,0.0006824035416456,True,0.2477597859999605
829,one_hop,0.1,0.01,0.1751113698272867,0.002237668135052,True,0.2246491600000126
829,sagereg,0.1,0.01,0.1751113495051382,0.0022376681254158,True,0.2509195089999139
830,one_hop,0.1,0.01,0.117953487179318,0.0014342383578843,True,0.2244899250000571
830,sagereg,0.1,0.01,0.1179534681825854,0.0014342383885557,True,0.2518909770000164
831,one_hop,0.1,0.01,0.2371153265392264,0.0028385562941022,True,0.2262647720000359
831,sagereg,0.1,0.01,0.2371153233175019,0.0028385560775605,True,0.2528285379999033
832,one_hop,0.1,0.01,0.0643959943678894,0.0030385149273077,True,0.2185544449999952
832,sagereg,0.1,0.01,0.0643960443320837,0.0030385148578648,True,0.2460092900000745
833,one_hop,0.1,0.01,0.2047112188020369,0.0016206764536311,True,0.2205387870000095
833,sagereg,0.1,0.01,0.2047112610613334,0.0016206756598287,True,0.2488425609999467
834,one_hop,0.1,0.01,0.2639413724713178,0.0010579826832625,True,0.2238296279999758
834,sagereg,0.1,0.01,0.2639414251373021,0.001057983434651,True,0.2524970289999828
835,one_hop,0.1,0.01,0.0947807267415845,0.0022745374034155,True,0.2233385630000839
835,sagereg,0.1,0.01,0.0947806781133001,0.0022745375314703,True,0.2507296420000102
836,one_hop,0.1,0.01,0.070237675604372,0.0018372883074948,True,0.2209866829999782
836,sagereg,0.1,0.01,0.0702372411470119,0.0018372880167975,True,0.2497586800000135
837,one_hop,0.1,0.01,0.1456415110040627,0.0023357386690293,True,0.2232122730000583
837,sagereg,0.1,0.01,0.145641055366627,0.0023357401915677,True,0.2515158240000801
838,one_hop,0.1,0.01,0.3700593686680957,0.0032653037751287,True,0.2199579549999271
838,sagereg,0.1,0.01,0.3700593240959746,0.0032653028196466,True,0.24866694800005
839,one_hop,0.1,0.01,0.1639411183342078,0.0027214697724537,True,0.2228579179999315
839,sagereg,0.1,0.01,0.1639410675352894,0.0027214701969036,True,0.2493241629999829
840,one_hop,0.1,0.01,0.3856490277847618,0.0034584803117234,True,0.2247586580000415
840,sagereg,0.1,0.01,0.3856490877781538,0.0034584809719706,True,0.2536210409999739
841,one_hop,0.1,0.01,0.2631870122441841,0.0029271125704358,True,0.2190980210000361
841,sagereg,0.1,0.01,0.2631870137203997,0.0029271125874078,True,0.2472736890000533
842,one_hop,0.1,0.01,0.291243993231973,0.0026181717289872,True,0.2241359460000467
842,sagereg,0.1,0.01,0.2912439684414961,0.0026181713758404,True,0.2521085890000449
843,one_hop,0.1,0.01,0.0606252711477205,0.0022497958342069,True,0.2225477140000293
843,sagereg,0.1,0.01,0.060625288353385,0.0022497960114988,True,0.2501384009999583
844,one_hop,0.1,0.01,0.2348403475745137,0.0022405969665925,True,0.221376409999948
844,sagereg,0.1,0.01,0.2348403360247347,0.002240597326893,True,0.2486895890000369
845,one_hop,0.1,0.01,0.1017273526318532,0.0019618506485558,True,0.2262121419998948
845,sagereg,0.1,0.01,0.1017272237669817,0.0019618510718958,True,0.2519646469999088
846,one_hop,0.1,0.01,0.1207695505332533,0.0022528211204369,True,0.2234767190000184
846,sagereg,0.1,0.01,0.120770088506955,0.0022528182653465,True,0.2509958680000181
847,one_hop,0.1,0.01,0.1252535403616249,0.0002871668120403,True,0.2279947260000199
847,sagereg,0.1,0.01,0.1252535851378967,0.0002871674129905,True,0.2564102469999625
848,one_hop,0.1,0.01,0.1248612591632415,0.0023035013861281,True,0.2244303230000923
848,sagereg,0.1,0.01,0.1248612936011256,0.0023035014938529,True,0.2518795510000018
849,one_hop,0.1,0.01,0.1573753561472437,0.002032655167535,True,0.224377972999946
849,sagereg,0.1,0.01,0.1573756010624665,0.0020326536493311,True,0.252334430000019
850,one_hop,0.1,0.02,0.2833621847560692,0.0054670442381896,True,0.2224210220000486
850,sagereg,0.1,0.02,0.3613133835426916,0.0073164331304134,True,0.2494928479999316
851,one_hop,0.1,0.02,0.2357326862999622,0.0038002075632808,True,0.2256011950000811
851,sagereg,0.1,0.02,0.2302496945954246,0.004480316283355,True,0.2503141890000506
852,one_hop,0.1,0.02,0.5718138739649412,0.0107499832974872,True,0.2250817810000853
852,sagereg,0.1,0.02,0.5718189897713587,0.0107501307991207,True,0.254652190999991
853,one_hop,0.1,0.02,0.3855379294191286,0.0050879541193399,True,0.2217858449999994
853,sagereg,0.1,0.02,0.3859389724079984,0.0050862476558025,True,0.2494051490000401
854,one_hop,0.1,0.02,0.7763408719242187,0.0059846536923613,True,0.2226692530000491
854,sagereg,0.1,0.02,0.7763466234819586,0.0059845785635978,True,0.2502237729999024
855,one_hop,0.1,0.02,0.2187035970544905,0.0042828060555386,True,0.2305919249999988
855,sagereg,0.1,0.02,0.2187381947934489,0.004282783925146,True,0.2572397479999608
856,one_hop,0.1,0.02,0.1623537369922042,0.0040882501643976,True,0.2274606830000038
856,sagereg,0.1,0.02,0.1623566333553249,0.00408822613629,True,0.2553839590000279
857,one_hop,0.1,0.02,1.6761900543119597,0.0182875892594161,True,0.2203728920000003
857,sagereg,0.1,0.02,1.6691278724492475,0.0182403976542187,True,0.2488575559999617
858,one_hop,0.1,0.02,0.2897448720686235,0.0045331176967166,True,0.2225302990000273
858,sagereg,0.1,0.02,122.05584446674844,0.3270375145678882,False,0.2499072120000391
859,one_hop,0.1,0.02,0.8233941438990076,0.0083706669545366,True,0.2254000059999725
859,sagereg,0.1,0.02,0.826903440893205,0.0083804483856125,True,0.2546469490000618
860,one_hop,0.1,0.02,0.5483116971344746,0.0062799736731925,True,0.2224654119999058
860,sagereg,0.1,0.02,0.5479564137999898,0.0062810875912268,True,0.2495568409999577
861,one_hop,0.1,0.02,0.4338739396957952,0.0049043011799996,True,0.2230196860000433
861,sagereg,0.1,0.02,0.4043446501736732,0.0051979901909832,True,0.2501262509999833
862,one_hop,0.1,0.02,0.3407672544338144,0.0035863588908833,True,0.224490818999925
862,sagereg,0.1,0.02,0.3440262373433194,0.0035574345939816,True,0.2530180569999629
863,one_hop,0.1,0.02,0.2523930382906481,0.0017943368067579,True,0.2242755050000369
863,sagereg,0.1,0.02,0.2524939311102249,0.0017954747679189,True,0.2512542360000225
864,one_hop,0.1,0.02,130.91950200076317,0.8189849709268981,False,0.2252095310000186
864,sagereg,0.1,0.02,131.21973986800495,0.8162527296343165,False,0.254098732999978
865,one_hop,0.1,0.02,0.4172126258927659,0.0041292616378838,True,0.2245936030000166
865,sagereg,0.1,0.02,0.4172886318169365,0.0041299478177209,True,0.2516611030000604
866,one_hop,0.1,0.02,0.3725155405052845,0.0022995121693344,True,0.2153511970000181
866,sagereg,0.1,0.02,0.3726450358282505,0.002295068166786,True,0.2423197080000818
867,one_hop,0.1,0.02,0.7565888049390976,0.0015187533613973,True,0.2239854620000869
867,sagereg,0.1,0.02,0.7556861114205454,0.0015263020424512,True,0.2500574550000465
868,one_hop,0.1,0.02,0.2535354660903446,0.0031578742649511,True,0.2233245620000161
868,sagereg,0.1,0.02,0.2531632974133317,0.00313881895256,True,0.249668020999934
869,one_hop,0.1,0.02,0.9593814090778215,0.0042140427853543,True,0.2307487780000201
869,sagereg,0.1,0.02,0.9593892428518808,0.0042143002050413,True,0.2575510660000191
870,one_hop,0.1,0.02,0.156010249958843,0.0021398141940409,True,0.21793229900004
870,sagereg,0.1,0.02,0.1560886405834199,0.0021401849401026,True,0.2458901869999863
871,one_hop,0.1,0.02,0.4792313720586098,0.0046497638220637,True,0.2207363089999034
871,sagereg,0.1,0.02,80.4148071448609,0.7124037546002557,False,0.248380419
872,one_hop,0.1,0.02,0.3990895560272149,0.0056676333315912,True,0.2222421120000035
872,sagereg,0.1,0.02,0.3995222734562537,0.0056675201187023,True,0.2490993210000169
873,one_hop,0.1,0.02,0.5014147010980166,0.0070034262596489,True,0.2201952819999633
873,sagereg,0.1,0.02,0.5014204091151189,0.0070035716586109,True,0.2469210460000113
874,one_hop,0.1,0.02,0.9269937908283312,0.0087670586775342,True,0.2230634520000194
874,sagereg,0.1,0.02,0.9270035993545664,0.0087671570602301,True,0.2492258749999791
875,one_hop,0.1,0.02,0.220083958434629,0.0042695370891732,True,0.2234715739999728
875,sagereg,0.1,0.02,0.2200938200340374,0.0042699523507258,True,0.2506900130000531
876,one_hop,0.1,0.02,0.5388625958719999,0.004361122224493,True,0.2217298760000403
876,sagereg,0.1,0.02,0.5390604786257132,0.0043627569294282,True,0.2486130429999775
877,one_hop,0.1,0.02,157.60087785959394,1.085880467073533,False,0.2262836740000011
877,sagereg,0.1,0.02,158.45197754133693,1.08325536060426,False,0.2542945259999669
878,one_hop,0.1,0.02,0.3910007550525647,0.0001620089216795,True,0.2245811540000204
878,sagereg,0.1,0.02,0.3909986879533506,0.0001621242929897,True,0.2501642979999587
879,one_hop,0.1,0.02,0.2456659065384427,0.0037198074980327,True,0.2268315669999765
879,sagereg,0.1,0.02,0.2472780683588862,0.0037158566166686,True,0.254933823999977
880,one_hop,0.1,0.02,0.4343987933440386,0.0055807371408062,True,0.2204648540000562
880,sagereg,0.1,0.02,0.4344530916530099,0.0055805099125051,True,0.2461251659999561
881,one_hop,0.1,0.02,0.2660611029940951,0.0021434532866389,True,0.2188590770000473
881,sagereg,0.1,0.02,0.2660822378145567,0.0021437847776104,True,0.2447396530000105
882,one_hop,0.1,0.02,0.6515685984942069,0.0069827261627437,True,0.22356812299995
882,sagereg,0.1,0.02,0.6571065431796529,0.0074473282373435,True,0.2509018230000492
883,one_hop,0.1,0.02,0.3807156942468419,0.0023226691138202,True,0.2290849339999567
883,sagereg,0.1,0.02,0.3793230513604234,0.0023840186065554,True,0.2550874700000349
884,one_hop,0.1,0.02,0.4508815609820392,0.0029767572185451,True,0.2267558180000151
884,sagereg,0.1,0.02,0.4508605128822986,0.0029777659012317,True,0.25438972500001
885,one_hop,0.1,0.02,0.2928155332163604,0.0024296614142955,True,0.2249253840000165
885,sagereg,0.1,0.02,0.29412504764248,0.0024293586779985,True,0.2531241299999465
886,one_hop,0.1,0.02,0.7516096641125322,0.0092669470991537,True,0.2264631360000066
886,sagereg,0.1,0.02,0.7513702870344083,0.0092642689005828,True,0.25509566300002
887,one_hop,0.1,0.02,0.5149222550575288,0.0020763166704502,True,0.2165726829999812
887,sagereg,0.1,0.02,0.5149127740336367,0.0020766915203164,True,0.2434403729999985
888,one_hop,0.1,0.02,0.7164110378448681,0.0072736842608576,True,0.2285571810000419
888,sagereg,0.1,0.02,0.7161787237066082,0.0072632975683306,True,0.2550661700000773
889,one_hop,0.1,0.02,0.4495189281315619,0.005450451307935,True,0.2252881189999698
889,sagereg,0.1,0.02,0.4494256314115547,0.0054498230026123,True,0.2516877900000054
890,one_hop,0.1,0.02,0.5492484501495496,0.0051504824102684,True,0.2250032789999068
890,sagereg,0.1,0.02,0.5492850588560039,0.0051505557006827,True,0.2507026700000097
891,one_hop,0.1,0.02,53.188835520337726,0.4967857366068085,False,0.2264894500000309
891,sagereg,0.1,0.02,54.09288089881805,0.4887266645588686,False,0.2561571939999112
892,one_hop,0.1,0.02,0.268338499021152,0.0060009733766194,True,0.2205123150000645
892,sagereg,0.1,0.02,0.2630033961265681,0.0060251847156178,True,0.246441462000007
893,one_hop,0.1,0.02,0.3960176297718462,0.0059922718000458,True,0.2216039229999751
893,sagereg,0.1,0.02,0.3967557533302567,0.0060233725492005,True,0.249653391000038
894,one_hop,0.1,0.02,0.3377208556219388,0.0081376928354762,True,0.2247439079999367
894,sagereg,0.1,0.02,0.3377384395995069,0.0081377708355648,True,0.2517523850000316
895,one_hop,0.1,0.02,0.5486526651856514,0.0039279840517288,True,0.227777844000002
895,sagereg,0.1,0.02,0.6525447929380955,0.0037966782086572,True,0.2553710349999392
896,one_hop,0.1,0.02,0.3128146621098133,0.0065942654601298,True,0.223093004999896
896,sagereg,0.1,0.02,0.3128172468007124,0.0065946807673737,True,0.2503738460000022
897,one_hop,0.1,0.02,0.7604085479444882,0.001015066707734,True,0.2266576910000139
897,sagereg,0.1,0.02,0.7604655971294395,0.0010136196279681,True,0.2547787879999532
898,one_hop,0.1,0.02,0.4628209219423801,0.0046197305879767,True,0.2245118360000333
898,sagereg,0.1,0.02,0.4631302561072804,0.0046174988621709,True,0.2525222470000017
899,one_hop,0.1,0.02,0.5854272770750364,0.0046295526593322,True,0.226340094999955
899,sagereg,0.1,0.02,0.5854349828212357,0.0046294430584452,True,0.2539053340000237
900,one_hop,0.15,0.005,0.0502938890808681,0.0006278326469326,True,0.2167426080000041
900,sagereg,0.15,0.005,0.0502938897475645,0.0006278326222676,True,0.2448832869999933
901,one_hop,0.15,0.005,0.0086353601724441,0.0005719179456516,True,0.2283944530000781
901,sagereg,0.15,0.005,0.0086353610165657,0.000571917925539,True,0.256838958000003
902,one_hop,0.15,0.005,0.1480294944088987,0.0017607947418437,True,0.2207682409999734
902,sagereg,0.15,0.005,0.1480294923998156,0.0017607947231557,True,0.2482819109999354
903,one_hop,0.15,0.005,0.1569178527070115,0.0015910113476432,True,0.2265105730000414
903,sagereg,0.15,0.005,0.1569178523400329,0.0015910113494233,True,0.2557016759999442
904,one_hop,0.15,0.005,0.2110781734656868,0.0016674227455138,True,0.2265309550000438
904,sagereg,0.15,0.005,0.2110781773058345,0.0016674228027894,True,0.2547489449999602
905,one_hop,0.15,0.005,0.1215474382215068,0.0006424881223959,True,0.2251392570000234
905,sagereg,0.15,0.005,0.1215474359666038,0.0006424881228783,True,0.2524511589999747
906,one_hop,0.15,0.005,0.1056017618739705,0.0024846128132499,True,0.2278230859999439
906,sagereg,0.15,0.005,0.1056017618739705,0.0024846128130181,True,0.2560285829999884
907,one_hop,0.15,0.005,0.0818147892393824,0.0007553164897855,True,0.2230303430000049
907,sagereg,0.15,0.005,0.0818147895333962,0.0007553164852486,True,0.2500991209999483
908,one_hop,0.15,0.005,0.0771104170280615,0.0004334271963702,True,0.2286360030000196
908,sagereg,0.15,0.005,0.0771104171604044,0.0004334272164076,True,0.2559299199999714
909,one_hop,0.15,0.005,0.0797396847160088,0.0009205072582434,True,0.2198592969999708
909,sagereg,0.15,0.005,0.0797396846885847,0.0009205072654692,True,0.2465406269999448
910,one_hop,0.15,0.005,0.078686586446566,0.0005316919918254,True,0.2248284459999467
910,sagereg,0.15,0.005,0.0786865868078506,0.0005316920011867,True,0.2551427280000098
911,one_hop,0.15,0.005,0.0696634015939817,0.0005987335981606,True,0.2225861839999652
911,sagereg,0.15,0.005,0.0696633985072212,0.0005987336084523,True,0.2508275769999954
912,one_hop,0.15,0.005,0.1014469734231897,0.0010499061362112,True,0.2224501910000071
912,sagereg,0.15,0.005,0.1014469712891472,0.00104990613163,True,0.2495824650000031
913,one_hop,0.15,0.005,0.0327251897897239,0.0003821667144569,True,0.2266194000000041
913,sagereg,0.15,0.005,0.0327251902129348,0.0003821667177093,True,0.2550722879999512
914,one_hop,0.15,0.005,0.0261158485484377,0.0005520348907485,True,0.2228100280000262
914,sagereg,0.15,0.005,0.0261158486321718,0.0005520349043725,True,0.2513283169998885
915,one_hop,0.15,0.005,0.033088520943742,0.0005691234454476,True,0.2256803640000271
915,sagereg,0.15,0.005,0.0330885220892852,0.0005691234587347,True,0.2526805139999624
916,one_hop,0.15,0.005,0.0895023939396094,0.0004677231716376,True,0.2259867890001032
916,sagereg,0.15,0.005,0.0895023944282643,0.0004677231891264,True,0.2525291009999364
917,one_hop,0.15,0.005,0.0407171329834751,0.0019007264029673,True,0.2186487490000672
917,sagereg,0.15,0.005,0.0407171325180159,0.0019007263866156,True,0.2476582740000594
918,one_hop,0.15,0.005,0.0950485500767581,0.000490413672806,True,0.2306880200000023
918,sagereg,0.15,0.005,0.0950485480751424,0.0004904137241126,True,0.2588153570000031
919,one_hop,0.15,0.005,0.0657744918939039,0.0008581169237245,True,0.2219216049999204
919,sagereg,0.15,0.005,0.0657744933235146,0.0008581169290827,True,0.2496406779999915
920,one_hop,0.15,0.005,0.0679788521954628,0.0006820499629832,True,0.2273939689999906
920,sagereg,0.15,0.005,0.067978851691487,0.0006820499868113,True,0.2548827450000317
921,one_hop,0.15,0.005,0.0952100447528954,0.0005671014121679,True,0.2256597900000088
921,sagereg,0.15,0.005,0.0952100440408858,0.0005671014035867,True,0.2537178090000225
922,one_hop,0.15,0.005,0.0627980534201167,0.0006145110355921,True,0.2273677709999901
922,sagereg,0.15,0.005,0.0627980531879664,0.0006145110411113,True,0.2554454410000062
923,one_hop,0.15,0.005,0.1475990589790963,0.0010032527898147,True,0.2218259169999328
923,sagereg,0.15,0.005,0.1475990599569358,0.001003252791724,True,0.2502306650000037
924,one_hop,0.15,0.005,0.1018416978015384,0.0018540942198027,True,0.2271315279999726
924,sagereg,0.15,0.005,0.1018416985029714,0.0018540942165079,True,0.254687653000019
925,one_hop,0.15,0.005,0.033513864212729,0.0013665183574108,True,0.2257943130000512
925,sagereg,0.15,0.005,0.0335138640169782,0.0013665183509883,True,0.2551721759999736
926,one_hop,0.15,0.005,0.1001398879952163,0.00117283726075,True,0.2239983919999986
926,sagereg,0.15,0.005,0.1001398907903967,0.0011728372744634,True,0.2497607950000429
927,one_hop,0.15,0.005,0.0998494075939176,0.0010835458320771,True,0.2279970289999937
927,sagereg,0.15,0.005,0.0998494081779409,0.001083545854989,True,0.2551597479999827
928,one_hop,0.15,0.005,0.0273281069415163,0.0003653598257647,True,0.2258399180000196
928,sagereg,0.15,0.005,0.0273281073949616,0.000365359807752,True,0.2532629169999154
929,one_hop,0.15,0.005,0.0948142582749724,0.0015798994387738,True,0.2241560600000411
929,sagereg,0.15,0.005,0.0948142574446709,0.0015798994422307,True,0.2511998100000028
930,one_hop,0.15,0.005,0.078517162981486,0.0012607635137137,True,0.2227877330000183
930,sagereg,0.15,0.005,0.0785171623594783,0.0012607635096362,True,0.2512852879999627
931,one_hop,0.15,0.005,0.2135975549086372,0.0025646333036383,True,0.2223420469999837
931,sagereg,0.15,0.005,0.2135975548540349,0.0025646332871108,True,0.250583526000014
932,one_hop,0.15,0.005,0.0793863845131783,0.0007355243870622,True,0.2254606030001014
932,sagereg,0.15,0.005,0.0793863802159792,0.0007355244130703,True,0.2546886119999954
933,one_hop,0.15,0.005,0.0535916156874656,0.0011001026021931,True,0.2254005920000281
933,sagereg,0.15,0.005,0.0535916134432082,0.0011001026008488,True,0.2537232099999755
934,one_hop,0.15,0.005,0.0207493641280846,0.0008235089741486,True,0.2297227049999719
934,sagereg,0.15,0.005,0.020749364373996,0.0008235089581408,True,0.2586519509999334
935,one_hop,0.15,0.005,0.1335122729650598,0.0009087157408824,True,0.222234129999947
935,sagereg,0.15,0.005,0.1335122730141967,0.0009087157412443,True,0.2502110240000093
936,one_hop,0.15,0.005,0.0733360236779201,0.0012684635981313,True,0.2221365819999619
936,sagereg,0.15,0.005,0.0733360276636935,0.0012684636739089,True,0.2497789220000186
937,one_hop,0.15,0.005,0.0323614872629137,0.0010694716341577,True,0.2274270890000025
937,sagereg,0.15,0.005,0.0323614870151431,0.0010694716359875,True,0.2558912789999112
938,one_hop,0.15,0.005,0.0553986480780716,0.0006238853522868,True,0.2255315620000146
938,sagereg,0.15,0.005,0.0553986472622822,0.0006238853526231,True,0.2526055860000724
939,one_hop,0.15,0.005,0.0461444746560235,0.0008428534419271,True,0.2182091710000122
939,sagereg,0.15,0.005,0.0461444727604219,0.0008428534394346,True,0.245856164000088
940,one_hop,0.15,0.005,0.0710784195858289,0.0007810498962517,True,0.2152577520000704
940,sagereg,0.15,0.005,0.0710784204780389,0.0007810499013202,True,0.2432068499999786
941,one_hop,0.15,0.005,0.248099996242791,0.0027457361288179,True,0.2253297989999509
941,sagereg,0.15,0.005,0.2480999952556041,0.0027457361026256,True,0.2538055019999774
942,one_hop,0.15,0.005,0.103971220267088,0.0006424162511877,True,0.2258587630000192
942,sagereg,0.15,0.005,0.1039712213537745,0.000642416264712,True,0.2554409690000057
943,one_hop,0.15,0.005,0.0333490737119619,0.0012359382806877,True,0.2259391750000077
943,sagereg,0.15,0.005,0.0333490734278136,0.0012359382848618,True,0.2536841449999656
944,one_hop,0.15,0.005,0.0395304358879967,0.0003236317727255,True,0.2215249669999366
944,sagereg,0.15,0.005,0.0395304351872879,0.0003236317565552,True,0.2496735229999558
945,one_hop,0.15,0.005,0.1489225731021809,0.00094403305671,True,0.2247164630000497
945,sagereg,0.15,0.005,0.1489225720694006,0.0009440330482463,True,0.2536064669999405
946,one_hop,0.15,0.005,0.0911342465013891,0.0017252261652592,True,0.2197624709999672
946,sagereg,0.15,0.005,0.0911342437899255,0.0017252262036076,True,0.2481441499999164
947,one_hop,0.15,0.005,0.072001792665652,0.0007428319081922,True,0.2234668060000331
947,sagereg,0.15,0.005,0.0720017922505774,0.0007428318730305,True,0.250870144999908
948,one_hop,0.15,0.005,0.1022068753138748,0.0013857630323318,True,0.2298093250000192
948,sagereg,0.15,0.005,0.1022068789226191,0.0013857630042073,True,0.2577329430000645
949,one_hop,0.15,0.005,0.0580196885421983,0.0009718079787366,True,0.2195973340000137
949,sagereg,0.15,0.005,0.058019690162888,0.0009718080006138,True,0.2470962040000586
950,one_hop,0.15,0.01,0.1726503564988768,0.0020502961774859,True,0.2254509140000209
950,sagereg,0.15,0.01,0.1726503764351798,0.0020502958783056,True,0.252359542000022
951,one_hop,0.15,0.01,0.2326514671230584,0.0028284994142624,True,0.2256498839999494
951,sagereg,0.15,0.01,0.2326514543899452,0.0028284995994668,True,0.2544381879999946
952,one_hop,0.15,0.01,0.1946344875048645,0.0015927300030206,True,0.2301634230000218
952,sagereg,0.15,0.01,0.1946345633099619,0.0015927286734824,True,0.257267299000091
953,one_hop,0.15,0.01,0.1613540685725147,0.0012987860798597,True,0.2263549749999356
953,sagereg,0.15,0.01,0.1613542601630974,0.001298786338625,True,0.2545016039999836
954,one_hop,0.15,0.01,0.1840657853555183,0.0019188631605721,True,0.2250900730000467
954,sagereg,0.15,0.01,0.1840658888860561,0.0019188628657463,True,0.253654503000007
955,one_hop,0.15,0.01,0.2887211069558169,0.0028541350886429,True,0.2245008510000161
955,sagereg,0.15,0.01,0.288721109589073,0.0028541350935459,True,0.2534172480000052
956,one_hop,0.15,0.01,0.0820353545386507,0.001307318056952,True,0.2245760479999035
956,sagereg,0.15,0.01,0.0820354374941541,0.0013073181288373,True,0.2530754230000411
957,one_hop,0.15,0.01,0.1232206879926405,0.0014360223559386,True,0.2260079289999339
957,sagereg,0.15,0.01,0.1232207510534134,0.001436021438133,True,0.2548595289999866
958,one_hop,0.15,0.01,0.113097968913328,0.0006187856784201,True,0.2283579229999759
958,sagereg,0.15,0.01,0.1130979656327622,0.0006187855144862,True,0.256511756000009
959,one_hop,0.15,0.01,0.1973570734088986,0.0017895301830492,True,0.2265578220000179
959,sagereg,0.15,0.01,0.1973570358685458,0.0017895308203456,True,0.2535815389999243
960,one_hop,0.15,0.01,0.3183306968738619,0.0016469284085098,True,0.2247361769999543
960,sagereg,0.15,0.01,0.318330748201102,0.0016469281519335,True,0.2523588929999505
961,one_hop,0.15,0.01,0.2074208448989885,0.0011755481977138,True,0.2241506369999797
961,sagereg,0.15,0.01,0.2074209352752246,0.0011755486387165,True,0.2515539629999921
962,one_hop,0.15,0.01,0.0893223326810121,0.0017955724698003,True,0.2226899379999167
962,sagereg,0.15,0.01,0.0893223690775756,0.0017955727419132,True,0.2518952379999746
963,one_hop,0.15,0.01,0.1350764223245548,0.0012858513704186,True,0.2186185909999949
963,sagereg,0.15,0.01,0.1350763589974637,0.0012858516700755,True,0.245501355999977
964,one_hop,0.15,0.01,0.0795395340249312,0.0018825507374407,True,0.2242015110000466
964,sagereg,0.15,0.01,0.0795395319171262,0.0018825507036754,True,0.251726265000002
965,one_hop,0.15,0.01,0.236236698996259,0.0013951708797759,True,0.2236651890000303
965,sagereg,0.15,0.01,0.236236742080461,0.0013951713869934,True,0.2518839749999415
966,one_hop,0.15,0.01,0.1932888332632381,0.0009271729909012,True,0.2200183500000321
966,sagereg,0.15,0.01,0.1932888372041419,0.0009271728506407,True,0.2481128660000422
967,one_hop,0.15,0.01,0.1627491160801299,0.0007503337620824,True,0.2260955939999576
967,sagereg,0.15,0.01,0.1627491116281435,0.0007503332809216,True,0.2552373299999999
968,one_hop,0.15,0.01,0.1587589488905023,0.0005708981760324,True,0.2270566390000112
968,sagereg,0.15,0.01,0.1587589704105264,0.0005708981789107,True,0.2537356649999083
969,one_hop,0.15,0.01,0.1770698473753046,0.0025975726088454,True,0.2290344189999587
969,sagereg,0.15,0.01,0.1770698776613304,0.0025975728239673,True,0.2567408229999728
970,one_hop,0.15,0.01,0.3742383119702183,0.0038210602264595,True,0.2197031160000051
970,sagereg,0.15,0.01,0.3742382428999169,0.0038210598258863,True,0.2485078529999782
971,one_hop,0.15,0.01,0.0895253922645543,0.0017676617880937,True,0.2242812590000085
971,sagereg,0.15,0.01,0.0895254154941232,0.0017676614390015,True,0.2526045429999612
972,one_hop,0.15,0.01,0.3421212930458915,0.0013052061657254,True,0.2243604750000258
972,sagereg,0.15,0.01,0.342121293589202,0.0013052059996601,True,0.2512777309999592
973,one_hop,0.15,0.01,0.1461174992099207,0.0006538082205422,True,0.2225446070000316
973,sagereg,0.15,0.01,0.1461175328484376,0.0006538084923681,True,0.2518117070000016
974,one_hop,0.15,0.01,0.0593483812711973,0.0019240054272362,True,0.2246492599999783
974,sagereg,0.15,0.01,0.0593482643443968,0.0019240057921175,True,0.2522592150000946
975,one_hop,0.15,0.01,0.0516975050553544,0.0009482236546644,True,0.2231179670000074
975,sagereg,0.15,0.01,0.0516974988795988,0.0009482235455674,True,0.2508276649999743
976,one_hop,0.15,0.01,0.1670570984002585,0.001132982418645,True,0.2179475169999705
976,sagereg,0.15,0.01,0.1670571013847976,0.0011329822486435,True,0.2464962239999977
977,one_hop,0.15,0.01,0.1196099858780342,0.0015798074474825,True,0.2236369680000507
977,sagereg,0.15,0.01,0.1196102790707601,0.0015798091763005,True,0.2515219800000068
978,one_hop,0.15,0.01,0.0943199767047626,0.0017429263922513,True,0.2242893110000068
978,sagereg,0.15,0.01,0.0943196540646064,0.0017429254517912,True,0.2518986540000014
979,one_hop,0.15,0.01,0.1132692143364562,0.0007785382150767,True,0.2221236799999815
979,sagereg,0.15,0.01,0.1132692366993835,0.0007785378774306,True,0.2496455959999366
980,one_hop,0.15,0.01,0.2254886195459674,0.0018037658430838,True,0.2290740910000295
980,sagereg,0.15,0.01,0.2254886218961218,0.0018037659050671,True,0.2572416030000113
981,one_hop,0.15,0.01,0.0777119112654795,0.0010932185357055,True,0.22491008399993
981,sagereg,0.15,0.01,0.077711862949619,0.0010932176090491,True,0.2548060000000305
982,one_hop,0.15,0.01,0.2854018360536313,0.0042618305909396,True,0.2230384690000164
982,sagereg,0.15,0.01,0.285401777951391,0.0042618300015593,True,0.2512458920000426
983,one_hop,0.15,0.01,0.1727105119189528,0.0012436006913038,True,0.2272189829999433
983,sagereg,0.15,0.01,0.1727105292780072,0.0012436022480435,True,0.2562123540000129
984,one_hop,0.15,0.01,0.3128740998642296,0.0042654940273463,True,0.2257828099999415
984,sagereg,0.15,0.01,0.3128741154831867,0.0042654950223185,True,0.2540502029999061
985,one_hop,0.15,0.01,0.0993504329327952,0.0008340439267682,True,0.224536884000031
985,sagereg,0.15,0.01,0.0993504375257299,0.0008340440573746,True,0.2540126879999889
986,one_hop,0.15,0.01,0.1663765308556791,0.0010658533899935,True,0.2296237030000156
986,sagereg,0.15,0.01,0.1663765387111878,0.0010658531863065,True,0.2590927649999912
987,one_hop,0.15,0.01,0.3635750255316816,0.0053583890978784,True,0.2260999019999872
987,sagereg,0.15,0.01,0.3635753107136362,0.0053583960998058,True,0.2525174039999456
988,one_hop,0.15,0.01,0.0558426073235303,0.0013112926500662,True,0.2208088290000205
988,sagereg,0.15,0.01,0.0558425922600356,0.0013112927229808,True,0.2482561350000196
989,one_hop,0.15,0.01,0.156084900017889,0.0017775943957938,True,0.220422304000067
989,sagereg,0.15,0.01,0.1560848385174777,0.0017775952933201,True,0.2477088159999994
990,one_hop,0.15,0.01,0.1467070364979273,0.0032046726728214,True,0.2310188070000549
990,sagereg,0.15,0.01,0.1467070549165682,0.0032046730188977,True,0.2609290089999376
991,one_hop,0.15,0.01,0.1624684488807266,0.0017038959856178,True,0.2281404509999447
991,sagereg,0.15,0.01,0.1624684528379049,0.0017038960787641,True,0.2567586059999485
992,one_hop,0.15,0.01,0.069252846220502,0.0016454879997855,True,0.2233144739999488
992,sagereg,0.15,0.01,0.0692528399472281,0.0016454878684384,True,0.2526466609999716
993,one_hop,0.15,0.01,0.2176957419631515,0.0018190173885796,True,0.2292898970000578
993,sagereg,0.15,0.01,0.2176957501667175,0.0018190184214706,True,0.2566813580000371
994,one_hop,0.15,0.01,0.0485381516789229,0.001069776548535,True,0.2209755630000245
994,sagereg,0.15,0.01,0.0485380448731976,0.0010697746389181,True,0.2490046919999713
995,one_hop,0.15,0.01,0.0813931697057271,0.0006552444350024,True,0.2205040049999524
995,sagereg,0.15,0.01,0.0813931989817796,0.0006552442762757,True,0.2474014339999257
996,one_hop,0.15,0.01,0.2459806750319577,0.0020553950411403,True,0.2202403059999369
996,sagereg,0.15,0.01,0.2459806218661363,0.0020553951276703,True,0.246961175000024
997,one_hop,0.15,0.01,0.2314676728205415,0.0020014898053675,True,0.2246879799999988
997,sagereg,0.15,0.01,0.2314675645047589,0.0020014880993213,True,0.2515617970000221
998,one_hop,0.15,0.01,0.1142719677165684,0.0023217581675896,True,0.2253531129999828
998,sagereg,0.15,0.01,0.1142719447142379,0.0023217574692157,True,0.2546249920000036
999,one_hop,0.15,0.01,0.061017311006212,0.0009719143106785,True,0.2245350880000387
999,sagereg,0.15,0.01,0.06101731675237,0.0009719143336032,True,0.2517339520001087
1000,one_hop,0.15,0.02,0.331747932963401,0.0073753066134467,True,0.2307927119999249
1000,sagereg,0.15,0.02,0.3318077541428346,0.0073761579857826,True,0.257556022000017
1001,one_hop,0.15,0.02,0.5891385580561154,0.0068128337936139,True,0.2241204540000581
1001,sagereg,0.15,0.02,0.5890878195626668,0.006812273893926,True,0.2505982879999919
1002,one_hop,0.15,0.02,0.3512511002816062,0.0026371572480725,True,0.2227321310000434
1002,sagereg,0.15,0.02,0.3512833572800302,0.0026369490538332,True,0.2501000600000225
1003,one_hop,0.15,0.02,0.1688091232358132,0.0039273444336595,True,0.2198397209999711
1003,sagereg,0.15,0.02,0.1687987200718162,0.0039270174324827,True,0.2484522890000562
1004,one_hop,0.15,0.02,0.382827827060766,0.0017489585369575,True,0.2287966239999832
1004,sagereg,0.15,0.02,0.3825832835116857,0.0017492960242947,True,0.2566296249999595
1005,one_hop,0.15,0.02,0.2519487401499433,0.003155029425613,True,0.225357444999986
1005,sagereg,0.15,0.02,0.2519475784651862,0.0031554260575442,True,0.2524433379999209
1006,one_hop,0.15,0.02,0.5609885121832026,0.0022904896650345,True,0.2263506550000329
1006,sagereg,0.15,0.02,0.5609352642687652,0.0022916654641358,True,0.2537208599999303
1007,one_hop,0.15,0.02,0.5872916423382332,0.0031557562722705,True,0.2224036650000016
1007,sagereg,0.15,0.02,0.6449668898686791,0.0035552335978067,True,0.2501481790000071
1008,one_hop,0.15,0.02,0.3149463560796026,0.0068958239543745,True,0.2244434269999828
1008,sagereg,0.15,0.02,0.3152929760115885,0.0068880345976134,True,0.2544713120000779
1009,one_hop,0.15,0.02,0.6632189290119991,0.006129140154432,True,0.2206916569999748
1009,sagereg,0.15,0.02,0.6628505924516029,0.0061357914822732,True,0.2493999320000739
1010,one_hop,0.15,0.02,0.2202765958267125,0.0033733449438838,True,0.222406564000039
1010,sagereg,0.15,0.02,0.2209333174970704,0.0033873143832158,True,0.2501008039999988
1011,one_hop,0.15,0.02,0.2537426303657469,0.0030215468915506,True,0.2270972999999685
1011,sagereg,0.15,0.02,0.2537831448781563,0.0030183083689171,True,0.2562730499998906
1012,one_hop,0.15,0.02,0.3331366939948098,0.0039986092537573,True,0.2287447109999902
1012,sagereg,0.15,0.02,0.3387263595869413,0.0040888781976306,True,0.2560093440000628
1013,one_hop,0.15,0.02,0.3772437860811786,0.0048018734066554,True,0.2232228389999591
1013,sagereg,0.15,0.02,0.3767257314930868,0.0047909718898479,True,0.2509276609999915
1014,one_hop,0.15,0.02,0.4196176185003716,0.0043952072447903,True,0.2252557129999104
1014,sagereg,0.15,0.02,0.4193632171926778,0.0043936238508207,True,0.2531776429999581
1015,one_hop,0.15,0.02,0.447850841483518,0.0055867294874192,True,0.2280256540000209
1015,sagereg,0.15,0.02,0.4516407364821057,0.0056244406469865,True,0.2553033679999998
1016,one_hop,0.15,0.02,0.5069522814658879,0.0048781203212773,True,0.2226986849999548
1016,sagereg,0.15,0.02,0.5069766486540426,0.0048804997537429,True,0.2502425619999258
1017,one_hop,0.15,0.02,0.2667778913407639,0.0036057106809787,True,0.231057738000004
1017,sagereg,0.15,0.02,0.2661557977942957,0.0036232211845971,True,0.2595960730000115
1018,one_hop,0.15,0.02,0.387599457672022,0.0048950530611654,True,0.2281589430000394
1018,sagereg,0.15,0.02,0.3837559758576315,0.0048270064314032,True,0.2558367419999285
1019,one_hop,0.15,0.02,0.3268204935756867,0.0050592561611878,True,0.2249792159999515
1019,sagereg,0.15,0.02,0.3266515911513545,0.0050577443193766,True,0.2541204899999911
1020,one_hop,0.15,0.02,0.5248758068882055,0.0017515351550275,True,0.2271631309999975
1020,sagereg,0.15,0.02,0.5248343856821693,0.0017510885082074,True,0.2548965380000254
1021,one_hop,0.15,0.02,0.7093421160918191,0.0044821443124845,True,0.2246265809999386
1021,sagereg,0.15,0.02,0.7147500883924107,0.0044447545891038,True,0.2533868709999751
1022,one_hop,0.15,0.02,0.487387831219933,0.0048567673388343,True,0.2225218259999337
1022,sagereg,0.15,0.02,0.4992010800655956,0.0048571971571432,True,0.2495273380000071
1023,one_hop,0.15,0.02,0.4384853371634469,0.0032675224545736,True,0.2332109589999618
1023,sagereg,0.15,0.02,0.4385190544578168,0.0032677268134999,True,0.26164286300002
1024,one_hop,0.15,0.02,0.4059686365792563,0.0053863992848024,True,0.2248330889999579
1024,sagereg,0.15,0.02,0.4060311599079013,0.0053865711220535,True,0.2522134140000389
1025,one_hop,0.15,0.02,0.4898383005382412,0.0037116327744675,True,0.218552549999913
1025,sagereg,0.15,0.02,0.3882331031627788,0.0036887257518061,True,0.2483341680000421
1026,one_hop,0.15,0.02,0.5507111711690107,0.0041168240051584,True,0.2212566229999311
1026,sagereg,0.15,0.02,0.5506950964987145,0.0041163981239452,True,0.2495347689999789
1027,one_hop,0.15,0.02,0.3516492580009188,0.0051135443844297,True,0.225848682999981
1027,sagereg,0.15,0.02,0.3514822896347362,0.0051139774835339,True,0.2548461520000273
1028,one_hop,0.15,0.02,0.1499486790574964,0.0043572987012091,True,0.2241409470000235
1028,sagereg,0.15,0.02,0.150005799640007,0.0043613725266338,True,0.2529103299999633
1029,one_hop,0.15,0.02,0.7393437143544009,0.010457037084908,True,0.2229751840000062
1029,sagereg,0.15,0.02,0.739185063090619,0.0104556532127858,True,0.2508773389999987
1030,one_hop,0.15,0.02,0.2589985905112221,0.00536791323384,True,0.227034193999998
1030,sagereg,0.15,0.02,0.2590035861055428,0.0053673967493097,True,0.2555238550000922
1031,one_hop,0.15,0.02,0.2439398491317302,0.0015524387022476,True,0.226470737999989
1031,sagereg,0.15,0.02,0.2439339254481732,0.0015523852504663,True,0.2533120150000059
1032,one_hop,0.15,0.02,0.2805338006367074,0.0027591247300088,True,0.2302066549999608
1032,sagereg,0.15,0.02,0.2800602871848684,0.0027657219992664,True,0.2580023350000147
1033,one_hop,0.15,0.02,0.8074682822948829,0.0081217623551186,True,0.2229876970000077
1033,sagereg,0.15,0.02,0.8074500505366875,0.0081214741091355,True,0.2506729039999982
1034,one_hop,0.15,0.02,0.656802643992522,0.0064561341101123,True,0.2255189009999867
1034,sagereg,0.15,0.02,0.6568330545563824,0.0064566750314571,True,0.2555186629999753
1035,one_hop,0.15,0.02,0.2619426492746628,0.0045299658023868,True,0.2261001660000374
1035,sagereg,0.15,0.02,0.2618679787307719,0.0045271389254327,True,0.2541569460000801
1036,one_hop,0.15,0.02,0.5875229270795792,0.0091223869148908,True,0.2243502879999823
1036,sagereg,0.15,0.02,0.5871881240358023,0.0091186492058282,True,0.251072903000022
1037,one_hop,0.15,0.02,0.4339654049789705,0.0036990066081137,True,0.2314052760000322
1037,sagereg,0.15,0.02,0.3975247215419479,0.0035614388594114,True,0.2606038860000126
1038,one_hop,0.15,0.02,0.2024457424104457,0.0015213830753732,True,0.2252518699999655
1038,sagereg,0.15,0.02,0.2050070436625148,0.001546341140697,True,0.2526054630000089
1039,one_hop,0.15,0.02,0.4758553445622933,0.0025301442045789,True,0.2209863099999438
1039,sagereg,0.15,0.02,0.4760492664246104,0.0025307235409242,True,0.2500425599999971
1040,one_hop,0.15,0.02,0.4641484009533016,0.0037225996015837,True,0.2245314140000118
1040,sagereg,0.15,0.02,0.4641391140354255,0.003722726549968,True,0.2523839790000011
1041,one_hop,0.15,0.02,0.3794509161712766,0.002530278912107,True,0.2249226510000426
1041,sagereg,0.15,0.02,0.379563918365046,0.0025326082698166,True,0.2539107790000798
1042,one_hop,0.15,0.02,0.3458999683164107,0.0012464875084063,True,0.2208165890000373
1042,sagereg,0.15,0.02,0.3454293833451367,0.0012483361539925,True,0.2498201370000288
1043,one_hop,0.15,0.02,0.1244389580414755,0.0076922367340651,True,0.2259306729999934
1043,sagereg,0.15,0.02,0.1244331824125737,0.007692857929304,True,0.2534165260000236
1044,one_hop,0.15,0.02,0.2321582955250202,0.0051905958523269,True,0.229288227999973
1044,sagereg,0.15,0.02,0.232264016673145,0.0051945784645153,True,0.2576098419999653
1045,one_hop,0.15,0.02,0.1784631061268982,0.0031082142214238,True,0.2296354940000355
1045,sagereg,0.15,0.02,0.1784359265567932,0.0031085024837827,True,0.2598440550000305
1046,one_hop,0.15,0.02,1.0025366312866786,0.0089301250390666,True,0.227611521999961
1046,sagereg,0.15,0.02,1.0023814456571571,0.0089274120140724,True,0.2557350380000116
1047,one_hop,0.15,0.02,0.2438647090020679,0.0033781073037932,True,0.2228718190000336
1047,sagereg,0.15,0.02,0.2439375921898773,0.0033782543370136,True,0.2500414700000419
1048,one_hop,0.15,0.02,0.3862132048909661,0.0023443659049146,True,0.2222297989999333
1048,sagereg,0.15,0.02,0.3858217714911054,0.0023419956938912,True,0.2497154210000189
1049,one_hop,0.15,0.02,0.2642806762239891,0.0053011826280999,True,0.2273106370000732
1049,sagereg,0.15,0.02,0.2563509156731103,0.0060207022596794,True,0.2548399700000345
1050,one_hop,0.2,0.005,0.0397308465959283,0.000350467248461,True,0.2250177619999931
1050,sagereg,0.2,0.005,0.0397308467610485,0.0003504672254933,True,0.2542753650000122
1051,one_hop,0.2,0.005,0.071836605855211,0.0003508139660641,True,0.223468873999991
1051,sagereg,0.2,0.005,0.0718366067684455,0.0003508139691674,True,0.2514400029999706
1052,one_hop,0.2,0.005,0.0609218615197515,0.0007594165610559,True,0.2277003420000483
1052,sagereg,0.2,0.005,0.0609218604309372,0.0007594165514097,True,0.2573445340000262
1053,one_hop,0.2,0.005,0.0392098836571402,0.0009323102667011,True,0.2261416229999895
1053,sagereg,0.2,0.005,0.0392098829692935,0.0009323102777015,True,0.255046661999927
1054,one_hop,0.2,0.005,0.0691731006390052,0.0007445549972686,True,0.222089598000025
1054,sagereg,0.2,0.005,0.0691730998381353,0.0007445549993158,True,0.2507500069999651
1055,one_hop,0.2,0.005,0.0881824614635189,0.0002869858052778,True,0.2272591380000221
1055,sagereg,0.2,0.005,0.088182461199002,0.0002869858034677,True,0.2546134320000419
1056,one_hop,0.2,0.005,0.1430263642293869,0.0005358700537426,True,0.2263319310000042
1056,sagereg,0.2,0.005,0.143026364305834,0.000535870080728,True,0.2550966830000334
1057,one_hop,0.2,0.005,0.0444380158190015,0.0007512410454626,True,0.2290872280000258
1057,sagereg,0.2,0.005,0.0444380153761128,0.0007512411087012,True,0.2573295979999557
1058,one_hop,0.2,0.005,0.0725932742222266,0.0003738611677853,True,0.2211947900000268
1058,sagereg,0.2,0.005,0.0725932744933412,0.0003738611971642,True,0.2493460200000754
1059,one_hop,0.2,0.005,0.0802950364497405,0.0008250186820394,True,0.2240942199999835
1059,sagereg,0.2,0.005,0.0802950363317246,0.0008250186914529,True,0.252695931000062
1060,one_hop,0.2,0.005,0.0566354470500092,0.0009137996429901,True,0.2287667890000193
1060,sagereg,0.2,0.005,0.0566354449778501,0.0009137996087342,True,0.256488627000067
1061,one_hop,0.2,0.005,0.1714130655783819,0.0020940984530921,True,0.2377510339999844
1061,sagereg,0.2,0.005,0.1714135993997919,0.0020941063455964,True,0.2682424829999945
1062,one_hop,0.2,0.005,0.0964173896718229,0.0005581318159809,True,0.2284340960000008
1062,sagereg,0.2,0.005,0.0964173900573905,0.0005581318064422,True,0.2562072599999965
1063,one_hop,0.2,0.005,0.0425433779027564,0.0005091921945456,True,0.2245241440000427
1063,sagereg,0.2,0.005,0.0425433774744115,0.0005091921804985,True,0.2528235099999847
1064,one_hop,0.2,0.005,0.0178959242793547,0.0009182310377926,True,0.2249289820000513
1064,sagereg,0.2,0.005,0.0178959275786132,0.0009182310180294,True,0.254280236999989
1065,one_hop,0.2,0.005,0.0906935694991471,0.0012709893078929,True,0.2280483140000342
1065,sagereg,0.2,0.005,0.0906935656814384,0.0012709892894186,True,0.2565861250000125
1066,one_hop,0.2,0.005,0.1088313963834899,0.001354064785237,True,0.2287805939999998
1066,sagereg,0.2,0.005,0.1088313982387778,0.0013540648182968,True,0.256577143999948
1067,one_hop,0.2,0.005,0.0311572024862911,0.000488907995673,True,0.2294859350000706
1067,sagereg,0.2,0.005,0.0311572012931351,0.0004889079844998,True,0.2574204400000326
1068,one_hop,0.2,0.005,0.0262627139142773,0.0002567540821263,True,0.2282235250000894
1068,sagereg,0.2,0.005,0.026262713886522,0.0002567540860717,True,0.2572618880000163
1069,one_hop,0.2,0.005,0.05966837699861,0.00044966249765,True,0.2246361800000613
1069,sagereg,0.2,0.005,0.0596683767420667,0.0004496624888585,True,0.2515831629999638
1070,one_hop,0.2,0.005,0.034402929209609,0.0002632669360018,True,0.2303039390000094
1070,sagereg,0.2,0.005,0.0344029305020774,0.0002632669376986,True,0.2574339779999945
1071,one_hop,0.2,0.005,0.028258093585599,0.0009849605330075,True,0.2286212469999782
1071,sagereg,0.2,0.005,0.0282580927859409,0.0009849605454447,True,0.2574919569999565
1072,one_hop,0.2,0.005,0.0447360873679142,0.0003058488484985,True,0.2237897559999737
1072,sagereg,0.2,0.005,0.0447360866346845,0.0003058488601804,True,0.2533240970000179
1073,one_hop,0.2,0.005,0.0404292894154279,0.0007134308937055,True,0.2277203070000268
1073,sagereg,0.2,0.005,0.0404292904972121,0.0007134308822693,True,0.2558040050000727
1074,one_hop,0.2,0.005,0.0760472386997911,0.0006326675891596,True,0.2285330170000179
1074,sagereg,0.2,0.005,0.0760472364664344,0.0006326675966165,True,0.2575484510000478
1075,one_hop,0.2,0.005,0.0534729752701021,0.0007596017589467,True,0.225188882999987
1075,sagereg,0.2,0.005,0.0534729733207636,0.00075960173601,True,0.2549480589999575
1076,one_hop,0.2,0.005,0.0177230266577823,0.0007833311598104,True,0.224517240999944
1076,sagereg,0.2,0.005,0.0177230286731007,0.0007833311458832,True,0.2525789029999714
1077,one_hop,0.2,0.005,0.0504354448179269,0.0013238534625712,True,0.2296514809999053
1077,sagereg,0.2,0.005,0.0504354461331247,0.0013238534868462,True,0.2575999500000989
1078,one_hop,0.2,0.005,0.0670779728104775,0.0015528376706353,True,0.2306937609999977
1078,sagereg,0.2,0.005,0.0670779713543129,0.0015528376769878,True,0.2593140569999832
1079,one_hop,0.2,0.005,0.0121334846907773,0.0007602464174603,True,0.2252208299998983
1079,sagereg,0.2,0.005,0.0121334851113083,0.0007602464143062,True,0.2541771649999873
1080,one_hop,0.2,0.005,0.1135757680957827,0.0006009123461996,True,0.2324163409999755
1080,sagereg,0.2,0.005,0.1135757714588175,0.0006009123316097,True,0.2607675579999977
1081,one_hop,0.2,0.005,0.1205525168505797,0.0004929722056396,True,0.2266015429999015
1081,sagereg,0.2,0.005,0.1205525164091797,0.0004929721886595,True,0.2534669420000455
1082,one_hop,0.2,0.005,0.0978638600844078,0.0002616579020252,True,0.2255723629999693
1082,sagereg,0.2,0.005,0.0978638599279912,0.0002616578946284,True,0.2533081760000186
1083,one_hop,0.2,0.005,0.0671079680710823,0.0009925182886104,True,0.2203576379999958
1083,sagereg,0.2,0.005,0.0671079684403917,0.0009925182828824,True,0.2490079149999928
1084,one_hop,0.2,0.005,0.0461701856577616,0.0007038058952751,True,0.2250926509999544
1084,sagereg,0.2,0.005,0.046170186289277,0.0007038059288923,True,0.253526469999997
1085,one_hop,0.2,0.005,0.0863766395979839,0.0006106757082383,True,0.2250688359999912
1085,sagereg,0.2,0.005,0.0863766434123974,0.0006106757254844,True,0.2523089050000635
1086,one_hop,0.2,0.005,0.0571093877849628,0.0008362247479738,True,0.2264889849999463
1086,sagereg,0.2,0.005,0.0571093884486774,0.0008362247843126,True,0.2548478280000381
1087,one_hop,0.2,0.005,0.0331072666792417,0.0003749802924163,True,0.2320082869999851
1087,sagereg,0.2,0.005,0.0331072667452933,0.0003749803028356,True,0.2612844349999932
1088,one_hop,0.2,0.005,0.1054259397163107,0.0007865537422856,True,0.2279799279999679
1088,sagereg,0.2,0.005,0.1054259419495784,0.0007865537337823,True,0.2562283349999461
1089,one_hop,0.2,0.005,0.0861198688031343,0.0005082054238742,True,0.2281164309999894
1089,sagereg,0.2,0.005,0.0861198705636732,0.0005082054235694,True,0.2557415149999542
1090,one_hop,0.2,0.005,0.0420016114574951,0.0012419083775581,True,0.2243244380000533
1090,sagereg,0.2,0.005,0.0420016107980128,0.0012419083821137,True,0.2528405809999867
1091,one_hop,0.2,0.005,0.0809467533163805,0.0007714866391203,True,0.223562619000063
1091,sagereg,0.2,0.005,0.080946755513613,0.0007714866820715,True,0.2519690889999992
1092,one_hop,0.2,0.005,0.0697033415209959,0.0015981109118924,True,0.2267691710000008
1092,sagereg,0.2,0.005,0.0697033436334309,0.0015981109386251,True,0.2557862419999992
1093,one_hop,0.2,0.005,0.0238077629324431,0.0008672235695398,True,0.2271764979999488
1093,sagereg,0.2,0.005,0.0238077614628126,0.0008672235714983,True,0.2548621720000028
1094,one_hop,0.2,0.005,0.1001374411634415,0.0012551304850871,True,0.2256184640000356
1094,sagereg,0.2,0.005,0.1001374393436182,0.0012551304670896,True,0.2539394039999934
1095,one_hop,0.2,0.005,0.1115753589631822,0.0002649572141924,True,0.2305511380000098
1095,sagereg,0.2,0.005,0.1115753574801747,0.0002649572095174,True,0.2571378530000174
1096,one_hop,0.2,0.005,0.0196653996354895,0.0003360187772201,True,0.2253164840000181
1096,sagereg,0.2,0.005,0.0196654010440202,0.0003360187779662,True,0.2541125700000748
1097,one_hop,0.2,0.005,0.0558625727765716,0.0007725630041378,True,0.2284343479999506
1097,sagereg,0.2,0.005,0.0558625725808423,0.0007725630166477,True,0.2568784590000632
1098,one_hop,0.2,0.005,0.1089392172904597,0.0005451367435156,True,0.2323191230000247
1098,sagereg,0.2,0.005,0.1089392175714885,0.0005451367378006,True,0.2616441299999223
1099,one_hop,0.2,0.005,0.0963784569580665,0.0009673712644599,True,0.227587837000101
1099,sagereg,0.2,0.005,0.0963784539857279,0.0009673712988894,True,0.2551021589999891
1100,one_hop,0.2,0.01,0.0829614169630637,0.0006664747914554,True,0.2306118799999694
1100,sagereg,0.2,0.01,0.0829614976306862,0.0006664750997429,True,0.2605805120000468
1101,one_hop,0.2,0.01,0.1545602806078929,0.0016369803400197,True,0.2192088919999832
1101,sagereg,0.2,0.01,0.1545601325724158,0.0016369786228343,True,0.2476781779998873
1102,one_hop,0.2,0.01,0.1258769054766069,0.0001128214625624,True,0.2266314680000505
1102,sagereg,0.2,0.01,0.1258769539920558,0.0001128206628748,True,0.255739462000065
1103,one_hop,0.2,0.01,0.1826625139980415,0.0023290174681635,True,0.223475293999968
1103,sagereg,0.2,0.01,0.1826625445499738,0.002329018163941,True,0.2509917490000362
1104,one_hop,0.2,0.01,0.1913081493603142,0.0014282619984381,True,0.2308109509999667
1104,sagereg,0.2,0.01,0.1913081465826461,0.0014282620336769,True,0.2582443649999959
1105,one_hop,0.2,0.01,0.0861588004494952,0.0028441377334229,True,0.2238154499999609
1105,sagereg,0.2,0.01,0.0861582670256257,0.0028441375766024,True,0.2514395569999124
1106,one_hop,0.2,0.01,0.0777973063558638,0.0015223170627158,True,0.223983412999928
1106,sagereg,0.2,0.01,0.077797309138635,0.0015223172847915,True,0.2523004570000466
1107,one_hop,0.2,0.01,0.0632340836883144,0.0020019940958377,True,0.2302977140000166
1107,sagereg,0.2,0.01,0.063234018719408,0.0020019946407004,True,0.2590038150000282
1108,one_hop,0.2,0.01,0.1290268974218733,0.0013619198919838,True,0.2319938739999543
1108,sagereg,0.2,0.01,0.1290268655816107,0.0013619197783532,True,0.2583522819999189
1109,one_hop,0.2,0.01,0.035995523227682,0.0005556623520077,True,0.2344345449999991
1109,sagereg,0.2,0.01,0.0359955155324685,0.0005556625154667,True,0.2623029589999532
1110,one_hop,0.2,0.01,0.0509300572105932,0.003409302667976,True,0.2237224159999868
1110,sagereg,0.2,0.01,0.0509301195122771,0.003409302998215,True,0.2508228540000345
1111,one_hop,0.2,0.01,0.1060636170840166,0.0003804082439197,True,0.2268124820000139
1111,sagereg,0.2,0.01,0.1060636280938765,0.0003804081236183,True,0.253574446000016
1112,one_hop,0.2,0.01,0.1296218567603789,0.0013491032349615,True,0.2232431399999086
1112,sagereg,0.2,0.01,0.1296218389001037,0.0013491033538135,True,0.25121092400002
1113,one_hop,0.2,0.01,0.179385581133346,0.0014808465237593,True,0.2294145700000172
1113,sagereg,0.2,0.01,0.1793856303949686,0.001480846063193,True,0.2570506009999462
1114,one_hop,0.2,0.01,0.1357168655191153,0.0019358970029641,True,0.2281069009999328
1114,sagereg,0.2,0.01,0.1357168723939464,0.0019358971258527,True,0.2562606269999605
1115,one_hop,0.2,0.01,0.0487299418547671,0.0006718236769372,True,0.2305064250000441
1115,sagereg,0.2,0.01,0.0487299345549916,0.0006718233680427,True,0.2589000610000767
1116,one_hop,0.2,0.01,0.2013822805718703,0.0018736119965153,True,0.2295360970001638
1116,sagereg,0.2,0.01,0.2013822739334542,0.0018736120644946,True,0.2581801149999592
1117,one_hop,0.2,0.01,0.1400052512204548,0.0017696884235007,True,0.2302701449998494
1117,sagereg,0.2,0.01,0.1400052226526676,0.0017696877696435,True,0.2591679239999394
1118,one_hop,0.2,0.01,0.0798462358653072,0.001570965522032,True,0.2354847249998783
1118,sagereg,0.2,0.01,0.0798462798496249,0.0015709655485229,True,0.262563560999979
1119,one_hop,0.2,0.01,0.1742329136405809,0.0017518203433885,True,0.2339732650000314
1119,sagereg,0.2,0.01,0.1742329646100536,0.0017518204384391,True,0.2628587859999243
1120,one_hop,0.2,0.01,0.1827409038180724,0.0022695886940418,True,0.227483796000115
1120,sagereg,0.2,0.01,0.1827408425848377,0.0022695885621189,True,0.2557709519999207
1121,one_hop,0.2,0.01,0.0592085185443464,0.0013414712923835,True,0.2220518230001289
1121,sagereg,0.2,0.01,0.0592085106774712,0.0013414692319121,True,0.2513838170000326
1122,one_hop,0.2,0.01,0.1394952888988156,0.0020253907362312,True,0.2325222160000066
1122,sagereg,0.2,0.01,0.139495299287074,0.002025390617546,True,0.2615838589999839
1123,one_hop,0.2,0.01,0.1690462011775066,0.0006291948999074,True,0.2290258769999127
1123,sagereg,0.2,0.01,0.1690461969646637,0.0006291943661942,True,0.2565041650000239
1124,one_hop,0.2,0.01,16.16361590451575,0.272012244841565,False,0.2279190780000135
1124,sagereg,0.2,0.01,16.171967174080223,0.2728223081985775,False,0.2564484530000754
1125,one_hop,0.2,0.01,0.2965576743234207,0.0018719953766636,True,0.2225752180002018
1125,sagereg,0.2,0.01,0.296557701410354,0.0018719954401907,True,0.2504944769998474
1126,one_hop,0.2,0.01,0.0967360491472119,0.0012022310921317,True,0.2314114840000911
1126,sagereg,0.2,0.01,0.0967360047344704,0.0012022317621264,True,0.2585693159999209
1127,one_hop,0.2,0.01,0.097885432939172,0.0005806502633665,True,0.2298960089999582
1127,sagereg,0.2,0.01,0.0978854548177644,0.0005806493827596,True,0.2573576460001732
1128,one_hop,0.2,0.01,0.2208820082887018,0.0017870952150015,True,0.2268268499999521
1128,sagereg,0.2,0.01,0.220882045922963,0.0017870957764089,True,0.2556147749999127
1129,one_hop,0.2,0.01,0.0387235095727911,0.0006399283997709,True,0.2244103079999604
1129,sagereg,0.2,0.01,0.0387234634540806,0.0006399287404842,True,0.2546654119998948
1130,one_hop,0.2,0.01,0.1297974442063492,0.002872078457257,True,0.2263429820000055
1130,sagereg,0.2,0.01,0.1297974295488374,0.0028720783280416,True,0.2538875759998973
1131,one_hop,0.2,0.01,0.1012535836809087,0.0018761895197384,True,0.2245179970000208
1131,sagereg,0.2,0.01,0.101253595717723,0.0018761897808334,True,0.2526965689999088
1132,one_hop,0.2,0.01,0.0903582871581004,0.0015542412512811,True,0.2261298929997792
1132,sagereg,0.2,0.01,0.0903583030583619,0.001554241193502,True,0.2546198009999898
1133,one_hop,0.2,0.01,0.1258117191866516,0.0025791770215803,True,0.2272105819999978
1133,sagereg,0.2,0.01,0.125811723375581,0.0025791767023394,True,0.2536806390000947
1134,one_hop,0.2,0.01,0.1138385393824096,0.00059684827378,True,0.2231298050000987
1134,sagereg,0.2,0.01,0.1138385773853423,0.0005968480976768,True,0.2521123730000454
1135,one_hop,0.2,0.01,0.1326638981684982,0.0020686613419355,True,0.2279782909999994
1135,sagereg,0.2,0.01,0.1326638435195676,0.0020686609863985,True,0.2554621630001747
1136,one_hop,0.2,0.01,0.1374289937708281,0.0015229159767804,True,0.222383961000105
1136,sagereg,0.2,0.01,0.1374289974465341,0.0015229166581536,True,0.2511620660000062
1137,one_hop,0.2,0.01,0.095957818962475,0.0015517884694139,True,0.2245241870000427
1137,sagereg,0.2,0.01,0.0959576783006428,0.0015517888791144,True,0.2538952360000621
1138,one_hop,0.2,0.01,0.1095689370505185,0.0013157056180645,True,0.227231945999847
1138,sagereg,0.2,0.01,0.1095689072463933,0.0013157057983871,True,0.2546424500001194
1139,one_hop,0.2,0.01,0.1707651057877325,0.0010075080573144,True,0.2283689719999984
1139,sagereg,0.2,0.01,0.1707651212401186,0.0010075077430086,True,0.2567138080000859
1140,one_hop,0.2,0.01,0.1642593218327787,0.0014539067618274,True,0.2312801299999591
1140,sagereg,0.2,0.01,0.1642593511569707,0.0014539066731496,True,0.2592512569999599
1141,one_hop,0.2,0.01,0.1254448282597566,0.000792503254259,True,0.2249901249999766
1141,sagereg,0.2,0.01,0.1254448377603519,0.0007925030766963,True,0.2523238750000018
1142,one_hop,0.2,0.01,0.0951439141420446,0.0006528761989239,True,0.2305606040001748
1142,sagereg,0.2,0.01,0.095144090919615,0.0006528770920948,True,0.2586673470000278
1143,one_hop,0.2,0.01,0.1661400679153078,0.0022901451816744,True,0.2247682920001352
1143,sagereg,0.2,0.01,0.1661401136237066,0.0022901454052411,True,0.2544563739998011
1144,one_hop,0.2,0.01,0.06035682706826,0.001365998445165,True,0.2292065409999395
1144,sagereg,0.2,0.01,0.0603567997863044,0.001365999327179,True,0.2577440019999812
1145,one_hop,0.2,0.01,0.2102707850872599,0.0012580101064761,True,0.2247197570000025
1145,sagereg,0.2,0.01,0.2102707783723969,0.0012580100880002,True,0.2524558809998325
1146,one_hop,0.2,0.01,0.1425033355949772,0.0016834717057528,True,0.2271423649999633
1146,sagereg,0.2,0.01,0.1425033016506396,0.0016834716570846,True,0.2561548639998818
1147,one_hop,0.2,0.01,0.1148976104437937,0.0011417560361432,True,0.2349371650000193
1147,sagereg,0.2,0.01,0.1148976411115055,0.0011417561346496,True,0.2624531609999394
1148,one_hop,0.2,0.01,0.1586362958093949,0.0011747961364258,True,0.2240252599999621
1148,sagereg,0.2,0.01,0.1586362949777038,0.0011747960589373,True,0.2511812669999926
1149,one_hop,0.2,0.01,0.1388124980315159,0.0019016491172111,True,0.2250571070001115
1149,sagereg,0.2,0.01,0.1388124101266458,0.0019016481681207,True,0.2531483729999308
1150,one_hop,0.2,0.02,0.273390245619656,0.004645712345604,True,0.2274157360000117
1150,sagereg,0.2,0.02,0.2818613175400739,0.004500253983864,True,0.2558837999999923
1151,one_hop,0.2,0.02,0.3392544457295827,0.0027097815903264,True,0.2220105010001134
1151,sagereg,0.2,0.02,0.3392623869627917,0.002710458003631,True,0.2510838660000445
1152,one_hop,0.2,0.02,0.2175880007034395,0.0037646459748226,True,0.2279637209999236
1152,sagereg,0.2,0.02,0.1975615441541763,0.0037846555170572,True,0.256476978000137
1153,one_hop,0.2,0.02,0.3459912852277657,0.0040676639330455,True,0.2242387409999082
1153,sagereg,0.2,0.02,0.3186548138536096,0.0036288397442359,True,0.2532844919999206
1154,one_hop,0.2,0.02,0.3925888931847236,0.0016415427563393,True,0.235977504000175
1154,sagereg,0.2,0.02,0.4272156555173907,0.0013044739430893,True,0.26336139
1155,one_hop,0.2,0.02,0.4045372451673344,0.0032800861521927,True,0.2242905509999673
1155,sagereg,0.2,0.02,0.4045773283425068,0.0032772010442079,True,0.2519448810000995
1156,one_hop,0.2,0.02,0.1576227697401974,0.0022907081021024,True,0.2270268699999178
1156,sagereg,0.2,0.02,0.1576991613265528,0.0022893050259772,True,0.2553360429999429
1157,one_hop,0.2,0.02,0.1529962483697348,0.0035440001379859,True,0.2272388219998902
1157,sagereg,0.2,0.02,0.1530095720856633,0.0035443461015804,True,0.2552010120000432
1158,one_hop,0.2,0.02,0.2498788055150315,0.0041476370292833,True,0.2305317700001978
1158,sagereg,0.2,0.02,0.2501355350204837,0.0041525508073696,True,0.2577948969999397
1159,one_hop,0.2,0.02,0.113979228944773,0.0010235836156684,True,0.2263938849998794
1159,sagereg,0.2,0.02,0.1140445597426004,0.0010261774942672,True,0.25525702799996
1160,one_hop,0.2,0.02,0.4139781668375812,0.0018117757185726,True,0.2256213190000835
1160,sagereg,0.2,0.02,0.4138388519240487,0.0018140416972414,True,0.2531331129998762
1161,one_hop,0.2,0.02,0.1555825504850093,0.0026916552584829,True,0.2311372209999262
1161,sagereg,0.2,0.02,0.1553879794728054,0.0026922470080919,True,0.2587205269999231
1162,one_hop,0.2,0.02,0.7892362993259058,0.004755566517977,True,0.2296861900001658
1162,sagereg,0.2,0.02,0.7893445440024457,0.0047571895412405,True,0.2590995739999471
1163,one_hop,0.2,0.02,0.308243084018472,0.0061963200352241,True,0.2286796150001464
1163,sagereg,0.2,0.02,0.3083847250954537,0.0061976995160505,True,0.2560443479999321
1164,one_hop,0.2,0.02,0.3805803577422956,0.0025185058337121,True,0.2300186709999252
1164,sagereg,0.2,0.02,0.3807343747175215,0.0024949828919311,True,0.2584552450000501
1165,one_hop,0.2,0.02,0.1354439733138709,0.0026719998380694,True,0.2319654319999244
1165,sagereg,0.2,0.02,0.1356832946326814,0.002671989794899,True,0.25918016300011
1166,one_hop,0.2,0.02,0.4390514272227847,0.0043596711462131,True,0.2278562169999531
1166,sagereg,0.2,0.02,0.4396914209717253,0.0043672601202604,True,0.2561163709999619
1167,one_hop,0.2,0.02,0.0514595000089274,0.0018881170487678,True,0.2318473310001536
1167,sagereg,0.2,0.02,0.0510323604454201,0.0018902346909614,True,0.2594559760000265
1168,one_hop,0.2,0.02,0.2326832774025816,0.001457392321335,True,0.2286729560000822
1168,sagereg,0.2,0.02,0.2327719235588252,0.0016299911605398,True,0.2562397330000294
1169,one_hop,0.2,0.02,0.3781558902378562,0.0028909145431486,True,0.2325259579999965
1169,sagereg,0.2,0.02,0.3781831894155176,0.0028903010995594,True,0.2600276419998408
1170,one_hop,0.2,0.02,0.2971320753822711,0.0016110713842158,True,0.2253984050000781
1170,sagereg,0.2,0.02,0.2973423031598503,0.0016094506242732,True,0.2538438970000243
1171,one_hop,0.2,0.02,0.2184009018023403,0.003834389136287,True,0.229762533999974
1171,sagereg,0.2,0.02,0.19164985578832,0.003334236566967,True,0.2586087459999362
1172,one_hop,0.2,0.02,0.2162660427566974,0.0018249583622703,True,0.2256730829999469
1172,sagereg,0.2,0.02,0.2162170493218532,0.0018250427757019,True,0.2541100809999079
1173,one_hop,0.2,0.02,0.3875482003954555,0.0068520076415869,True,0.2294847929999832
1173,sagereg,0.2,0.02,0.4290627631992124,0.0068344193392364,True,0.2576887949999218
1174,one_hop,0.2,0.02,0.2006583920284563,0.0033754761504886,True,0.2327405380001437
1174,sagereg,0.2,0.02,0.200644800410193,0.0033765484874159,True,0.2613854940000237
1175,one_hop,0.2,0.02,0.2087296611202281,0.0041680458860078,True,0.2199661910001396
1175,sagereg,0.2,0.02,0.1964770399455147,0.0043136873750759,True,0.2482082579999769
1176,one_hop,0.2,0.02,0.4707085781935952,0.0050051966901872,True,0.2264301139998679
1176,sagereg,0.2,0.02,0.4702547472103449,0.0049995153665384,True,0.2542397969998546
1177,one_hop,0.2,0.02,0.3281062551305652,0.0007990101970154,True,0.2237819300000865
1177,sagereg,0.2,0.02,0.3422523666410978,0.0008741610622575,True,0.2523126730000058
1178,one_hop,0.2,0.02,0.3353820098151644,0.0047698255212149,True,0.229310476000137
1178,sagereg,0.2,0.02,0.3352656232823074,0.0047691671177946,True,0.2565052779998495
1179,one_hop,0.2,0.02,0.3124022026958543,0.0010427324534976,True,0.2325793400000293
1179,sagereg,0.2,0.02,0.5341006957273214,0.0014491245294802,True,0.2612831540000115
1180,one_hop,0.2,0.02,0.5383378818171065,0.0033275129116053,True,0.2244182150000142
1180,sagereg,0.2,0.02,0.538337567618926,0.0033274754286204,True,0.2530047370000829
1181,one_hop,0.2,0.02,0.3303150580941253,0.001993102010238,True,0.2274454729999888
1181,sagereg,0.2,0.02,0.3307169568645043,0.0019912593816856,True,0.2571003640000526
1182,one_hop,0.2,0.02,0.2808878186145425,0.0027916327233062,True,0.2278303340001457
1182,sagereg,0.2,0.02,0.2807955614347121,0.002789728648568,True,0.2562954439999885
1183,one_hop,0.2,0.02,0.379271906797427,0.0020719435839553,True,0.2297658760001013
1183,sagereg,0.2,0.02,0.3793641636338198,0.0020697275906674,True,0.2569421470000179
1184,one_hop,0.2,0.02,0.2869495786409007,0.0043458002582339,True,0.2316251260001536
1184,sagereg,0.2,0.02,0.2868254543234139,0.0043412958543417,True,0.2598140570000851
1185,one_hop,0.2,0.02,0.5338008824780789,0.0021319218021608,True,0.2308074130000932
1185,sagereg,0.2,0.02,0.5336490747023509,0.0021287684925436,True,0.2585019789999023
1186,one_hop,0.2,0.02,0.4294078097196732,0.0024432786413351,True,0.2307811860000583
1186,sagereg,0.2,0.02,0.4240183738294603,0.0024581086572838,True,0.2572901480000382
1187,one_hop,0.2,0.02,0.3900447834761695,0.0017339894290055,True,0.2268816289999904
1187,sagereg,0.2,0.02,0.3875076814030204,0.001750726821246,True,0.2562741120000282
1188,one_hop,0.2,0.02,0.5432531916957934,0.0022079583262255,True,0.233894169999985
1188,sagereg,0.2,0.02,0.5472868249165175,0.0024077624971896,True,0.263031858999966
1189,one_hop,0.2,0.02,0.7605531201823675,0.005131803806203,True,0.2351613719999932
1189,sagereg,0.2,0.02,0.7606104405764353,0.0051321499444262,True,0.2641410430001087
1190,one_hop,0.2,0.02,0.4292885399961111,0.0038136004028189,True,0.2300376440000491
1190,sagereg,0.2,0.02,0.4294258764788725,0.0038129779745699,True,0.2576451639999959
1191,one_hop,0.2,0.02,0.2352656406812413,0.0018376729611482,True,0.234456148000163
1191,sagereg,0.2,0.02,0.2113419719832529,0.0015483366563876,True,0.2620962239998334
1192,one_hop,0.2,0.02,0.559782674030863,0.0041118690703048,True,0.233328505999907
1192,sagereg,0.2,0.02,0.5597145388552681,0.004113140440997,True,0.2616183370000726
1193,one_hop,0.2,0.02,0.1930845799582941,0.0026906894664109,True,0.2284113130001515
1193,sagereg,0.2,0.02,0.1930325193628841,0.0026903024128606,True,0.2564840689999528
1194,one_hop,0.2,0.02,0.4275737627400131,0.0042326029504567,True,0.2251141879999068
1194,sagereg,0.2,0.02,0.4274835690609446,0.0042311299230016,True,0.25330411799996
1195,one_hop,0.2,0.02,0.6961986870209724,0.0059261090770759,True,0.2297927380000146
1195,sagereg,0.2,0.02,0.6963304674670726,0.0059266698765983,True,0.2576676660000885
1196,one_hop,0.2,0.02,0.4470141065095319,0.0041029530448678,True,0.2263075610001124
1196,sagereg,0.2,0.02,0.4470638400807725,0.0041031510342422,True,0.2529499309998755
1197,one_hop,0.2,0.02,0.0301321224985564,0.0040914380437397,True,0.2287389299999631
1197,sagereg,0.2,0.02,0.0301937714853682,0.0040898725958414,True,0.256462140999929
1198,one_hop,0.2,0.02,0.0562561246991306,0.003101284579794,True,0.227889222000158
1198,sagereg,0.2,0.02,0.0565225923958641,0.003100967803478,True,0.2567486890000054
1199,one_hop,0.2,0.02,0.5738506725474262,0.0041081967308227,True,0.2324626699999044
1199,sagereg,0.2,0.02,0.5739416196232321,0.0041088116941476,True,0.2619156490000023
