pair_index,scene,source_id,target_id,method,num_correspondences,putative_inlier_ratio,rotation_error_deg,translation_error,success,runtime_seconds,mean_hops,best_hops,effective_rank,regeneration_updates,regenerated_correspondences,subsample_seconds,graph_seconds,seed_seconds,search_seconds,refinement_seconds,regeneration_seconds
0,7-scenes-redkitchen,1,0,sagereg_regen,1080,0.3324074074074074,0.3262450271914905,0.0076845146677045,True,0.4342858719974174,2.0,2.0,2.3019518925256435,3.0,8152.0,,,,,,
1,7-scenes-redkitchen,2,0,sagereg_regen,843,0.099644128113879,1.8097796603522585,0.0467489860809954,True,0.3100305590050993,1.9270833333333333,2.0,2.339921911295484,3.0,5815.0,,,,,,
2,7-scenes-redkitchen,3,0,sagereg_regen,875,0.1234285714285714,1.3990765256219913,0.0347563987032614,True,0.3355352339931414,1.9270833333333333,2.0,2.7254850884312654,4.0,5803.0,,,,,,
3,7-scenes-redkitchen,4,0,sagereg_regen,935,0.1433155080213903,1.4788793479008997,0.0396463921154289,True,0.3587129970037495,1.9166666666666667,2.0,2.016335407737912,6.0,6132.0,,,,,,
4,7-scenes-redkitchen,5,0,sagereg_regen,841,0.0808561236623067,0.9611751690529566,0.0411363723338212,True,0.3132772370008752,1.8645833333333333,2.0,1.4214231735406204,6.0,5235.0,,,,,,
5,7-scenes-redkitchen,6,0,sagereg_regen,829,0.0675512665862484,1.040356382052709,0.0441542730869424,True,0.3024433239988866,1.8854166666666667,2.0,1.7650321401236584,4.0,4257.0,,,,,,
6,7-scenes-redkitchen,10,0,sagereg_regen,933,0.1103965702036441,1.4586606805860052,0.0468443096715593,True,0.3419948420050787,1.8541666666666667,2.0,1.867748095137427,4.0,5993.0,,,,,,
7,7-scenes-redkitchen,11,0,sagereg_regen,980,0.1928571428571428,1.5922622198777616,0.0351982415033509,True,0.3861528699926566,1.90625,2.0,2.2225628133020923,6.0,6643.0,,,,,,
8,7-scenes-redkitchen,12,0,sagereg_regen,908,0.2279735682819383,1.453205137339335,0.0199274271769145,True,0.3567301129951374,1.96875,2.0,2.2129126066559097,1.0,6744.0,,,,,,
9,7-scenes-redkitchen,13,0,sagereg_regen,826,0.1476997578692493,1.2725488896728845,0.0149608809342257,True,0.3129132010071771,1.9583333333333333,2.0,2.1481616417985347,3.0,5521.0,,,,,,
10,7-scenes-redkitchen,14,0,sagereg_regen,692,0.0997109826589595,1.3503050869181294,0.0195971051918741,True,0.2658323319992632,1.96875,2.0,2.2923588341998644,3.0,5379.0,,,,,,
11,7-scenes-redkitchen,15,0,sagereg_regen,626,0.0638977635782747,2.5911256561518647,0.0219405172650593,True,0.2442718090023845,1.8229166666666667,2.0,1.8804502123178195,6.0,4136.0,,,,,,
12,7-scenes-redkitchen,19,0,sagereg_regen,935,0.1294117647058823,1.593095272305519,0.013391396029548,True,0.3411678400007076,1.8645833333333333,2.0,1.570538356581129,3.0,4564.0,,,,,,
13,7-scenes-redkitchen,26,0,sagereg_regen,869,0.0552359033371691,2.227485117167072,0.0630295791686927,True,0.317988693001098,1.7916666666666667,2.0,1.6864889984271687,3.0,6271.0,,,,,,
14,7-scenes-redkitchen,27,0,sagereg_regen,1006,0.0168986083499005,178.48508889918128,3.3107101339085894,False,0.3561312320016441,1.8854166666666667,2.0,1.801098638143295,6.0,3299.0,,,,,,
15,7-scenes-redkitchen,28,0,sagereg_regen,842,0.008313539192399,155.44835038712148,3.786700530635966,False,0.2942388800001936,1.7395833333333333,2.0,1.2873556281011662,4.0,4012.0,,,,,,
16,7-scenes-redkitchen,29,0,sagereg_regen,683,0.007320644216691,93.07869580392018,1.5656478607810371,False,0.2502256369989482,1.78125,2.0,2.099293968367327,6.0,3384.0,,,,,,
17,7-scenes-redkitchen,31,0,sagereg_regen,553,0.0090415913200723,98.28356358541188,1.106425531149708,False,0.1918183360030525,1.6458333333333333,2.0,1.9652851049127789,5.0,1804.0,,,,,,
18,7-scenes-redkitchen,32,0,sagereg_regen,530,0.0056603773584905,171.35371092750114,2.229551353617228,False,0.1771360659986385,1.6979166666666667,2.0,2.075847964819788,2.0,1995.0,,,,,,
19,7-scenes-redkitchen,37,0,sagereg_regen,924,0.0259740259740259,91.92540125923928,0.5740686391739861,False,0.3218681939979433,1.7708333333333333,2.0,1.6636569628454916,4.0,4903.0,,,,,,
20,7-scenes-redkitchen,38,0,sagereg_regen,734,0.0326975476839237,4.300152547291798,0.0521958381388453,True,0.2657917279939283,1.7916666666666667,2.0,1.993476145396868,4.0,4383.0,,,,,,
21,7-scenes-redkitchen,39,0,sagereg_regen,986,0.0466531440162271,2.471561586861565,0.0288976742717595,True,0.3582500490010716,1.7708333333333333,2.0,2.136655714776317,6.0,4876.0,,,,,,
22,7-scenes-redkitchen,41,0,sagereg_regen,844,0.0627962085308056,2.9979275987027614,0.1063144079759856,True,0.3047974869987229,1.8229166666666667,2.0,1.4691841963897625,6.0,3721.0,,,,,,
23,7-scenes-redkitchen,2,1,sagereg_regen,954,0.1813417190775681,1.4353093873872396,0.0219074793690423,True,0.3693152449923218,1.9895833333333333,2.0,2.655864355233101,5.0,6836.0,,,,,,
24,7-scenes-redkitchen,3,1,sagereg_regen,839,0.0893921334922526,1.2473879614978245,0.0286664913456363,True,0.314019023993751,1.9479166666666667,2.0,2.379408799633921,3.0,6003.0,,,,,,
25,7-scenes-redkitchen,4,1,sagereg_regen,890,0.0887640449438202,1.709288605848829,0.0338924257635144,True,0.3248059480029042,1.8229166666666667,2.0,2.098085563143025,4.0,5336.0,,,,,,
26,7-scenes-redkitchen,5,1,sagereg_regen,795,0.0654088050314465,1.2078879852695743,0.0312193025249385,True,0.2835705939942272,1.8541666666666667,2.0,1.7078272599667166,3.0,4366.0,,,,,,
27,7-scenes-redkitchen,10,1,sagereg_regen,858,0.0722610722610722,1.5634444775408625,0.0390221097102613,True,0.3119910130044445,1.8229166666666667,2.0,1.650339258325643,4.0,4776.0,,,,,,
28,7-scenes-redkitchen,11,1,sagereg_regen,906,0.0905077262693156,1.5658400125130938,0.0342156834462188,True,0.3435713450016919,1.9270833333333333,2.0,1.8838926336459572,5.0,5821.0,,,,,,
29,7-scenes-redkitchen,12,1,sagereg_regen,854,0.1768149882903981,1.2950279385751993,0.0164836908592116,True,0.3412228349989163,1.96875,2.0,2.3071878165388187,5.0,6362.0,,,,,,
30,7-scenes-redkitchen,13,1,sagereg_regen,809,0.1606922126081582,1.361404024096185,0.0183032573435095,True,0.313634648999141,1.9791666666666667,2.0,2.401531445565967,5.0,5529.0,,,,,,
31,7-scenes-redkitchen,14,1,sagereg_regen,687,0.098981077147016,1.8394799021992767,0.0255024627085833,True,0.2591732439977932,1.96875,2.0,2.234167409704593,4.0,5259.0,,,,,,
32,7-scenes-redkitchen,26,1,sagereg_regen,883,0.0237825594563986,7.316672144049723,0.2867713188045585,True,0.3281695999976364,1.8541666666666667,2.0,1.5660778215604327,6.0,5004.0,,,,,,
33,7-scenes-redkitchen,27,1,sagereg_regen,969,0.0113519091847265,119.1934864390109,3.133888918714664,False,0.3396727700019255,1.90625,2.0,1.716332763412396,4.0,5367.0,,,,,,
34,7-scenes-redkitchen,28,1,sagereg_regen,892,0.0056053811659192,179.22358501165823,4.3850319623440885,False,0.2965537479976774,1.8020833333333333,2.0,1.889927587943437,3.0,1708.0,,,,,,
35,7-scenes-redkitchen,29,1,sagereg_regen,698,0.0071633237822349,178.46646883967688,3.0582847993107323,False,0.2522015670037945,1.7708333333333333,2.0,1.5844230171620546,6.0,2472.0,,,,,,
36,7-scenes-redkitchen,31,1,sagereg_regen,561,0.0106951871657754,108.18976750432005,1.752082799039064,False,0.1988278740027453,1.8020833333333333,2.0,1.4085296248997503,6.0,1574.0,,,,,,
37,7-scenes-redkitchen,32,1,sagereg_regen,565,0.0,104.92100457147238,1.8968984925598504,False,0.2055444319994421,1.8541666666666667,2.0,1.5853198439395508,4.0,3247.0,,,,,,
38,7-scenes-redkitchen,40,1,sagereg_regen,817,0.1101591187270501,1.9643763830252423,0.0683401288142678,True,0.3051980379968881,1.8958333333333333,2.0,1.8751559933207116,2.0,5162.0,,,,,,
39,7-scenes-redkitchen,41,1,sagereg_regen,822,0.0583941605839416,2.492674226329349,0.0863623459409806,True,0.2899834320051013,1.8333333333333333,2.0,1.253600148655538,4.0,3688.0,,,,,,
40,7-scenes-redkitchen,3,2,sagereg_regen,1048,0.2795801526717557,0.5623814957883054,0.0151407579218422,True,0.4090512439943268,1.9270833333333333,2.0,2.4162037539919528,4.0,6731.0,,,,,,
41,7-scenes-redkitchen,11,2,sagereg_regen,834,0.052757793764988,1.0086347540411085,0.0478973223232193,True,0.300516368006356,1.8541666666666667,2.0,2.089767618625341,6.0,4193.0,,,,,,
42,7-scenes-redkitchen,12,2,sagereg_regen,824,0.1662621359223301,1.6107999011045873,0.0108376902273592,True,0.3213611149985809,1.9375,2.0,2.5357652388872967,5.0,5804.0,,,,,,
43,7-scenes-redkitchen,13,2,sagereg_regen,836,0.2200956937799043,1.2083091645491062,0.0140076893681765,True,0.3177288500010036,1.9270833333333333,2.0,2.4670375508847995,4.0,5571.0,,,,,,
44,7-scenes-redkitchen,14,2,sagereg_regen,655,0.1618320610687023,1.1531982161567411,0.0292975875069387,True,0.2842688219971023,1.9479166666666667,2.0,2.369693833325436,4.0,4408.0,,,,,,
45,7-scenes-redkitchen,26,2,sagereg_regen,869,0.001150747986191,30.07145030324881,1.546326259169125,False,0.3131814180014771,1.8229166666666667,2.0,1.9415775067591183,6.0,4269.0,,,,,,
46,7-scenes-redkitchen,27,2,sagereg_regen,1100,0.0072727272727272,88.21209610346429,3.5485632129107367,False,0.38946395599487,1.8125,2.0,1.4517509218741205,5.0,6449.0,,,,,,
47,7-scenes-redkitchen,28,2,sagereg_regen,820,0.0170731707317073,153.75493371467357,5.139022436000483,False,0.2689442069968208,1.8020833333333333,2.0,1.7432256495854548,4.0,1359.0,,,,,,
48,7-scenes-redkitchen,29,2,sagereg_regen,701,0.0442225392296719,1.588554136279044,0.0210847543561999,True,0.2770696679945104,1.8645833333333333,2.0,2.34117479205068,6.0,7357.0,,,,,,
49,7-scenes-redkitchen,30,2,sagereg_regen,536,0.0111940298507462,114.847825951135,2.123618843692845,False,0.2004259919995092,1.8958333333333333,2.0,1.2955932783390298,6.0,2088.0,,,,,,
50,7-scenes-redkitchen,31,2,sagereg_regen,498,0.0261044176706827,178.50818982827997,3.5052300508293306,False,0.180504676005512,1.84375,2.0,1.5751153367044737,6.0,1995.0,,,,,,
51,7-scenes-redkitchen,40,2,sagereg_regen,890,0.1213483146067415,1.3176579347021211,0.0530010071688884,True,0.3443143190015689,1.9375,2.0,2.4840664273901925,5.0,6400.0,,,,,,
52,7-scenes-redkitchen,41,2,sagereg_regen,985,0.1796954314720812,1.7197581384612934,0.0269408191267773,True,0.370155929995235,1.9375,2.0,2.0853907625992654,4.0,5605.0,,,,,,
53,7-scenes-redkitchen,42,2,sagereg_regen,815,0.1865030674846625,2.2444892303042527,0.052925707291162,True,0.2971961900038877,1.9583333333333333,2.0,2.081830399264534,3.0,4340.0,,,,,,
54,7-scenes-redkitchen,4,3,sagereg_regen,860,0.1476744186046511,0.9600816348412764,0.0124973491281392,True,0.3294885299983434,1.9166666666666667,2.0,2.315157571973976,3.0,5697.0,,,,,,
55,7-scenes-redkitchen,5,3,sagereg_regen,752,0.038563829787234,0.4324984316722908,0.0209499954430754,True,0.2796613309983513,1.8020833333333333,2.0,1.302729328055812,4.0,3981.0,,,,,,
56,7-scenes-redkitchen,10,3,sagereg_regen,819,0.0769230769230769,0.9249940843959696,0.0292550332779935,True,0.3046728000044822,1.7604166666666667,2.0,1.6879432761632625,6.0,4719.0,,,,,,
57,7-scenes-redkitchen,11,3,sagereg_regen,879,0.111490329920364,0.8839639976131045,0.0303606009429144,True,0.3259975590044632,1.90625,2.0,2.2538444199362684,4.0,5392.0,,,,,,
58,7-scenes-redkitchen,12,3,sagereg_regen,889,0.2530933633295838,0.8168641056749487,0.0144734383650179,True,0.3579068580002058,1.9479166666666667,2.0,2.42995697600949,5.0,7023.0,,,,,,
59,7-scenes-redkitchen,13,3,sagereg_regen,922,0.4143167028199566,1.0861998691834438,0.0244016629515757,True,0.3654533610097132,2.0,2.0,2.7277765102805502,4.0,6303.0,,,,,,
60,7-scenes-redkitchen,14,3,sagereg_regen,747,0.2637215528781794,1.6146972211017576,0.0193497391685481,True,0.2986553709924919,2.0,2.0,2.664651018778551,4.0,5498.0,,,,,,
61,7-scenes-redkitchen,26,3,sagereg_regen,882,0.0272108843537414,2.337810346734693,0.0892810860803455,True,0.3169352350014378,1.8020833333333333,2.0,1.768891377261134,3.0,4442.0,,,,,,
62,7-scenes-redkitchen,27,3,sagereg_regen,1003,0.0179461615154536,2.448982011160321,0.0603992394324546,True,0.3817642089998116,1.8645833333333333,2.0,2.4469294686362453,4.0,8751.0,,,,,,
63,7-scenes-redkitchen,28,3,sagereg_regen,886,0.0214446952595936,91.08632061009313,2.441192884518143,False,0.317606329001137,1.90625,2.0,1.7069315244718792,4.0,5749.0,,,,,,
64,7-scenes-redkitchen,29,3,sagereg_regen,719,0.0347705146036161,91.24613027377424,1.7427829859378126,False,0.2618885280026006,1.8958333333333333,2.0,1.2728536132738928,4.0,4827.0,,,,,,
65,7-scenes-redkitchen,30,3,sagereg_regen,495,0.0242424242424242,92.89528721350668,0.9874812167177488,False,0.1911185189965181,1.8541666666666667,2.0,1.238506700053683,6.0,3605.0,,,,,,
66,7-scenes-redkitchen,40,3,sagereg_regen,973,0.1706063720452209,1.665524244376516,0.0641189356782005,True,0.3917646830013837,1.90625,2.0,2.01766606641631,4.0,7034.0,,,,,,
67,7-scenes-redkitchen,41,3,sagereg_regen,949,0.2297154899894626,1.297368013033814,0.0362669553432276,True,0.3884878190001473,1.9270833333333333,2.0,1.981127742241232,4.0,6641.0,,,,,,
68,7-scenes-redkitchen,42,3,sagereg_regen,879,0.3344709897610921,1.5072468859081825,0.0487647456903756,True,0.3528966579979169,1.9270833333333333,2.0,1.9658517963313369,3.0,5788.0,,,,,,
69,7-scenes-redkitchen,43,3,sagereg_regen,808,0.3415841584158416,1.295149405675018,0.042046548240525,True,0.3200840040008188,1.9270833333333333,2.0,2.015274824866252,4.0,5063.0,,,,,,
70,7-scenes-redkitchen,44,3,sagereg_regen,555,0.1567567567567567,1.2445609852963402,0.0440123959966185,True,0.228139184997417,1.9375,2.0,2.068478087218219,5.0,4480.0,,,,,,
71,7-scenes-redkitchen,45,3,sagereg_regen,462,0.093073593073593,1.1287623576343375,0.0373143590734324,True,0.179212961003941,1.8333333333333333,2.0,2.111751222951329,6.0,3600.0,,,,,,
72,7-scenes-redkitchen,5,4,sagereg_regen,1141,0.2848378615249781,0.4361810486393362,0.023757683384392,True,0.453340013998968,1.96875,2.0,2.377661303108366,2.0,7575.0,,,,,,
73,7-scenes-redkitchen,6,4,sagereg_regen,843,0.1103202846975089,1.5328828855188894,0.0644127692687514,True,0.326495656001498,1.8958333333333333,2.0,1.9215782411117777,3.0,5251.0,,,,,,
74,7-scenes-redkitchen,7,4,sagereg_regen,867,0.0715109573241061,1.4442889519213178,0.0800794463040989,True,0.3267715430047246,1.8541666666666667,2.0,1.856489071540136,6.0,4657.0,,,,,,
75,7-scenes-redkitchen,9,4,sagereg_regen,1215,0.1572016460905349,1.2240643393595405,0.06011664475545,True,0.4480879719994846,1.90625,2.0,2.0695687035928376,4.0,5190.0,,,,,,
76,7-scenes-redkitchen,10,4,sagereg_regen,1094,0.2385740402193784,1.132824361536326,0.0254622524229556,True,0.4218873970021377,1.9479166666666667,2.0,2.2947426922690517,2.0,8223.0,,,,,,
77,7-scenes-redkitchen,11,4,sagereg_regen,1064,0.2988721804511278,0.9227597147637808,0.0230438886575563,True,0.4201543950039195,1.9583333333333333,2.0,2.1213725073977168,4.0,7768.0,,,,,,
78,7-scenes-redkitchen,12,4,sagereg_regen,869,0.2347525891829689,1.0531970803576576,0.0257700467956445,True,0.3356172789935954,1.96875,2.0,2.601855804122553,2.0,6151.0,,,,,,
79,7-scenes-redkitchen,13,4,sagereg_regen,706,0.141643059490085,1.3583548254466145,0.0244627150832738,True,0.2752310159994522,1.8541666666666667,2.0,2.6347463442131978,5.0,4940.0,,,,,,
80,7-scenes-redkitchen,14,4,sagereg_regen,608,0.1776315789473684,3.154345780123588,0.0585488753345599,True,0.2465377669941517,1.9791666666666667,2.0,2.202461692800452,4.0,5201.0,,,,,,
81,7-scenes-redkitchen,15,4,sagereg_regen,626,0.1437699680511182,2.4857720366348643,0.0421578608465711,True,0.2586136059981072,1.8958333333333333,2.0,2.334526342418768,6.0,5543.0,,,,,,
82,7-scenes-redkitchen,18,4,sagereg_regen,1148,0.0966898954703832,1.303931224958091,0.0698205115954246,True,0.4127997199975652,1.9270833333333333,2.0,2.432375200378912,6.0,5253.0,,,,,,
83,7-scenes-redkitchen,19,4,sagereg_regen,1072,0.1847014925373134,1.5768727524396329,0.0501391407257158,True,0.41872374999366,1.9270833333333333,2.0,2.059880851047967,4.0,5622.0,,,,,,
84,7-scenes-redkitchen,20,4,sagereg_regen,994,0.0432595573440643,2.08234141488563,0.1071028724847424,True,0.3616955519973999,1.71875,2.0,1.5708615422078844,3.0,4247.0,,,,,,
85,7-scenes-redkitchen,25,4,sagereg_regen,960,0.0510416666666666,1.6549820265443838,0.0331842077277691,True,0.3506126990032499,1.8541666666666667,2.0,2.383560558654731,4.0,5696.0,,,,,,
86,7-scenes-redkitchen,26,4,sagereg_regen,936,0.0726495726495726,1.9345297614556087,0.0643239716877347,True,0.3589683189929928,1.8541666666666667,2.0,2.191312936688808,4.0,7701.0,,,,,,
87,7-scenes-redkitchen,27,4,sagereg_regen,1055,0.0199052132701421,5.837432944291263,0.1915005323275532,True,0.3735073640054906,1.8020833333333333,2.0,1.4031366548257278,6.0,7102.0,,,,,,
88,7-scenes-redkitchen,37,4,sagereg_regen,871,0.0309988518943742,2.6481956693993296,0.0593827468676904,True,0.3169470089997048,1.78125,2.0,2.0054932884251566,4.0,5854.0,,,,,,
89,7-scenes-redkitchen,38,4,sagereg_regen,838,0.0417661097852028,3.0515626190126297,0.0582168774707706,True,0.3008639019972179,1.8541666666666667,2.0,2.5120294191504566,3.0,4741.0,,,,,,
90,7-scenes-redkitchen,39,4,sagereg_regen,1030,0.0922330097087378,2.5410151069242195,0.0692034649060905,True,0.3813962350031943,1.8854166666666667,2.0,2.057653826919953,4.0,5737.0,,,,,,
91,7-scenes-redkitchen,41,4,sagereg_regen,892,0.0358744394618834,1.8925177854093616,0.0543470320927261,True,0.3173075939994305,1.75,2.0,2.489769230814027,4.0,3716.0,,,,,,
92,7-scenes-redkitchen,6,5,sagereg_regen,985,0.2375634517766497,0.8352951965628196,0.0428962069487588,True,0.3965329260026919,1.96875,2.0,2.2057661314785872,5.0,6652.0,,,,,,
93,7-scenes-redkitchen,7,5,sagereg_regen,926,0.1220302375809935,1.1571659628858784,0.0575902289591552,True,0.3497844989979057,1.9270833333333333,2.0,2.0732156651276985,3.0,5959.0,,,,,,
94,7-scenes-redkitchen,8,5,sagereg_regen,1026,0.067251461988304,2.014801593812503,0.0941540129281728,True,0.3714528429991333,1.8020833333333333,2.0,2.301254567596449,3.0,4865.0,,,,,,
95,7-scenes-redkitchen,9,5,sagereg_regen,1208,0.2069536423841059,1.2502980725556911,0.04539259086596,True,0.4537182850035606,1.9479166666666667,2.0,2.048507604406105,4.0,6556.0,,,,,,
96,7-scenes-redkitchen,10,5,sagereg_regen,1143,0.2747156605424322,0.9917027231167428,0.013013300570368,True,0.4387681029984378,1.90625,2.0,2.2260226580283438,2.0,7954.0,,,,,,
97,7-scenes-redkitchen,11,5,sagereg_regen,984,0.2215447154471544,0.7076163908116236,0.0243144718904775,True,0.4018012080050539,1.9270833333333333,2.0,2.253993690786522,4.0,6921.0,,,,,,
98,7-scenes-redkitchen,12,5,sagereg_regen,787,0.0876747141041931,0.7894889083059359,0.0132966243434512,True,0.295009683999524,1.8854166666666667,2.0,1.9624721447480409,4.0,4628.0,,,,,,
99,7-scenes-redkitchen,15,5,sagereg_regen,639,0.081377151799687,2.459114416348818,0.0300288681813965,True,0.2618440360020031,1.8854166666666667,2.0,2.082495937128595,5.0,5388.0,,,,,,
100,7-scenes-redkitchen,16,5,sagereg_regen,843,0.0818505338078291,2.356892348436374,0.0512752450327331,True,0.3181873990033637,1.875,2.0,1.9121871226888176,6.0,4904.0,,,,,,
101,7-scenes-redkitchen,17,5,sagereg_regen,1020,0.0352941176470588,2.305323087894614,0.0729155586076464,True,0.3678485739947064,1.8229166666666667,2.0,1.6862440171901234,6.0,5314.0,,,,,,
102,7-scenes-redkitchen,18,5,sagereg_regen,1099,0.1191992720655141,1.1767651668184285,0.0484954540027621,True,0.4148190269988845,1.8645833333333333,2.0,1.863529156934972,4.0,6601.0,,,,,,
103,7-scenes-redkitchen,19,5,sagereg_regen,1112,0.2760791366906475,1.3090284346782646,0.0220655646548966,True,0.4324999949967605,1.9375,2.0,2.209952382359162,3.0,7001.0,,,,,,
104,7-scenes-redkitchen,20,5,sagereg_regen,973,0.0883864337101747,1.1672622179486605,0.0620041858895525,True,0.3575668560079066,1.8541666666666667,2.0,1.754297012658194,3.0,5339.0,,,,,,
105,7-scenes-redkitchen,21,5,sagereg_regen,948,0.0263713080168776,1.338418107648241,0.0395845483932469,True,0.343926077002834,1.7291666666666667,2.0,1.412862681166061,5.0,3739.0,,,,,,
106,7-scenes-redkitchen,25,5,sagereg_regen,879,0.0375426621160409,1.551572192663309,0.0280596411550409,True,0.3457014000014169,1.75,2.0,2.182230306190414,6.0,6271.0,,,,,,
107,7-scenes-redkitchen,26,5,sagereg_regen,932,0.0858369098712446,2.166302644094896,0.0661733590621126,True,0.3567275290042744,1.875,2.0,1.7711623628380555,5.0,7339.0,,,,,,
108,7-scenes-redkitchen,36,5,sagereg_regen,826,0.023002421307506,2.461103972076672,0.058362850066735,True,0.3043469899930642,1.78125,2.0,1.9075542145256053,6.0,4866.0,,,,,,
109,7-scenes-redkitchen,37,5,sagereg_regen,841,0.0249702734839476,2.734146689713496,0.0556949792561365,True,0.3048106419955729,1.7708333333333333,2.0,1.4646855650053985,4.0,6100.0,,,,,,
110,7-scenes-redkitchen,38,5,sagereg_regen,776,0.018041237113402,2.548565901958646,0.0516811380146188,True,0.2819011370011139,1.7083333333333333,2.0,1.637416530010554,5.0,4896.0,,,,,,
111,7-scenes-redkitchen,39,5,sagereg_regen,982,0.0835030549898167,2.3006974926948622,0.0545698939604295,True,0.3776266200002283,1.8020833333333333,2.0,1.873518786718167,6.0,6794.0,,,,,,
112,7-scenes-redkitchen,7,6,sagereg_regen,950,0.2957894736842105,0.7220138848263629,0.023395046595046,True,0.3803927830012981,1.9479166666666667,2.0,2.157979896535568,4.0,7123.0,,,,,,
113,7-scenes-redkitchen,8,6,sagereg_regen,994,0.1911468812877263,1.353549761476169,0.0486706693918046,True,0.3889259930001572,1.9270833333333333,2.0,1.7031459556622923,4.0,5626.0,,,,,,
114,7-scenes-redkitchen,9,6,sagereg_regen,1083,0.1588180978762696,1.406774141183201,0.0311478591605128,True,0.411456014997384,1.90625,2.0,2.0763560665999177,2.0,6502.0,,,,,,
115,7-scenes-redkitchen,10,6,sagereg_regen,975,0.1641025641025641,1.2205847090661337,0.03624677414904,True,0.3718060019964468,1.9270833333333333,2.0,2.246459012525535,4.0,6246.0,,,,,,
116,7-scenes-redkitchen,11,6,sagereg_regen,887,0.1634723788049605,1.287453619685621,0.0528703279658301,True,0.3309897830040427,1.84375,2.0,2.3094523924865964,4.0,5208.0,,,,,,
117,7-scenes-redkitchen,12,6,sagereg_regen,694,0.0821325648414985,1.326639842887889,0.0219409476431596,True,0.2604780620094971,1.7916666666666667,2.0,1.598043517596064,3.0,3063.0,,,,,,
118,7-scenes-redkitchen,15,6,sagereg_regen,564,0.0656028368794326,2.8654675775951883,0.0364033481999766,True,0.2265965119950124,1.7604166666666667,2.0,2.09154712752675,6.0,4625.0,,,,,,
119,7-scenes-redkitchen,16,6,sagereg_regen,813,0.0984009840098401,1.6234159062227398,0.0331886611807188,True,0.3126014109948301,1.8541666666666667,2.0,2.099679576541002,5.0,5536.0,,,,,,
120,7-scenes-redkitchen,17,6,sagereg_regen,943,0.0509013785790031,1.4586434825770442,0.0325042567915033,True,0.3475407869991613,1.7708333333333333,2.0,1.965914067412424,6.0,5548.0,,,,,,
121,7-scenes-redkitchen,18,6,sagereg_regen,1054,0.0986717267552182,1.0630533651181338,0.0229987852081183,True,0.4004728860018076,1.8958333333333333,2.0,2.034416773502546,5.0,6730.0,,,,,,
122,7-scenes-redkitchen,19,6,sagereg_regen,1078,0.2467532467532467,0.959948577296076,0.0075086242245679,True,0.4174496330015245,1.9166666666666667,2.0,2.162729480752828,3.0,7313.0,,,,,,
123,7-scenes-redkitchen,20,6,sagereg_regen,965,0.1243523316062176,1.2027305104371362,0.0153428001511439,True,0.3715272219997132,1.8645833333333333,2.0,1.732146161445939,5.0,6260.0,,,,,,
124,7-scenes-redkitchen,21,6,sagereg_regen,953,0.0640083945435466,1.4914072624210244,0.0382599123043268,True,0.355592414001876,1.8229166666666667,2.0,1.400233478551157,4.0,4743.0,,,,,,
125,7-scenes-redkitchen,24,6,sagereg_regen,811,0.0443896424167694,2.49384964884538,0.0491429102916648,True,0.3011961289885221,1.8229166666666667,2.0,2.7563478195678086,4.0,4060.0,,,,,,
126,7-scenes-redkitchen,25,6,sagereg_regen,782,0.0370843989769821,2.229163097389432,0.0563740099765439,True,0.3057839999892167,1.71875,2.0,2.154113661589645,5.0,6788.0,,,,,,
127,7-scenes-redkitchen,26,6,sagereg_regen,769,0.0624187256176853,1.8189071455536463,0.0445340287105807,True,0.2950727130009909,1.8541666666666667,2.0,1.8840855955762212,4.0,6381.0,,,,,,
128,7-scenes-redkitchen,35,6,sagereg_regen,768,0.0078125,107.35258411034756,2.7910936117460934,False,0.2744872350012883,1.75,2.0,2.376954074353909,4.0,2296.0,,,,,,
129,7-scenes-redkitchen,36,6,sagereg_regen,790,0.0240506329113924,5.87681389931964,0.0670750561246176,True,0.2965281299984781,1.7395833333333333,2.0,1.7179175060194825,6.0,4566.0,,,,,,
130,7-scenes-redkitchen,37,6,sagereg_regen,741,0.029689608636977,1.883352222537657,0.0224190795352416,True,0.27894755199668,1.7604166666666667,2.0,1.534718119020616,6.0,5731.0,,,,,,
131,7-scenes-redkitchen,38,6,sagereg_regen,694,0.0273775216138328,2.269546614125814,0.0472810655803288,True,0.2580921650005621,1.7916666666666667,2.0,2.029072106992456,4.0,4730.0,,,,,,
132,7-scenes-redkitchen,39,6,sagereg_regen,990,0.0818181818181818,2.0388052927369595,0.0396460573494392,True,0.3716460590003407,1.8645833333333333,2.0,1.9459730862432,4.0,7141.0,,,,,,
133,7-scenes-redkitchen,53,6,sagereg_regen,506,0.025691699604743,3.2825541673430907,0.0343184818156442,True,0.1865495330057456,1.7916666666666667,2.0,1.9386541066857756,5.0,4107.0,,,,,,
134,7-scenes-redkitchen,54,6,sagereg_regen,825,0.0121212121212121,54.974523454861256,1.4508316994180463,False,0.3036215890097082,1.78125,2.0,1.674173247473946,6.0,3566.0,,,,,,
135,7-scenes-redkitchen,59,6,sagereg_regen,531,0.0621468926553672,5.008259104804855,0.0658761162073509,True,0.2003456200036453,1.8020833333333333,2.0,1.6928900885248612,5.0,4042.0,,,,,,
136,7-scenes-redkitchen,8,7,sagereg_regen,1088,0.2297794117647058,0.5671677409546255,0.0278303402888107,True,0.4359115420011221,1.90625,2.0,1.95206057443744,6.0,6378.0,,,,,,
137,7-scenes-redkitchen,9,7,sagereg_regen,1059,0.137865911237016,1.198836535377527,0.0216428727949663,True,0.4111792410039925,1.9583333333333333,2.0,2.21157739793246,4.0,6747.0,,,,,,
138,7-scenes-redkitchen,10,7,sagereg_regen,918,0.0871459694989106,0.8873488778884419,0.0463610359670173,True,0.3373724949997267,1.8125,2.0,2.1899213247462126,4.0,5616.0,,,,,,
139,7-scenes-redkitchen,11,7,sagereg_regen,852,0.0868544600938967,1.328743454364719,0.0716740403649481,True,0.3235435870010406,1.8020833333333333,2.0,2.327951546018885,5.0,4787.0,,,,,,
140,7-scenes-redkitchen,15,7,sagereg_regen,550,0.0418181818181818,1.7033444119665222,0.0599881811015464,True,0.2172812279968639,1.7708333333333333,2.0,1.7172802752344656,6.0,4309.0,,,,,,
141,7-scenes-redkitchen,16,7,sagereg_regen,817,0.1101591187270501,1.448620952982821,0.0269882365957493,True,0.3164138200008892,1.8541666666666667,2.0,2.0647496638413343,6.0,6003.0,,,,,,
142,7-scenes-redkitchen,17,7,sagereg_regen,979,0.0510725229826353,1.0649442993722078,0.0105048682013272,True,0.3648775479960022,1.84375,2.0,1.892734454177732,6.0,5884.0,,,,,,
143,7-scenes-redkitchen,18,7,sagereg_regen,1031,0.0649854510184287,1.15060455745616,0.0110598982204255,True,0.3926260669977637,1.84375,2.0,2.042103428994521,6.0,6948.0,,,,,,
144,7-scenes-redkitchen,19,7,sagereg_regen,953,0.1406086044071353,0.9591235568587548,0.0192967489077353,True,0.3696054050014936,1.90625,2.0,1.9966974420171295,4.0,7469.0,,,,,,
145,7-scenes-redkitchen,20,7,sagereg_regen,995,0.1346733668341708,1.7525117702713386,0.0352017327349042,True,0.3889484970059129,1.90625,2.0,1.8166849328358583,6.0,6983.0,,,,,,
146,7-scenes-redkitchen,21,7,sagereg_regen,973,0.0853031860226104,1.7177709822040104,0.0489978968869016,True,0.378584240010241,1.8541666666666667,2.0,1.6390548053590546,6.0,5809.0,,,,,,
147,7-scenes-redkitchen,24,7,sagereg_regen,846,0.0744680851063829,1.9036148292116093,0.0252795872218691,True,0.3315850559956743,1.8541666666666667,2.0,1.932277149002693,5.0,4671.0,,,,,,
148,7-scenes-redkitchen,25,7,sagereg_regen,825,0.0751515151515151,1.984536347600395,0.0421975784352308,True,0.331811142998049,1.8020833333333333,2.0,2.4495603147048453,6.0,7017.0,,,,,,
149,7-scenes-redkitchen,26,7,sagereg_regen,818,0.0391198044009779,2.004183808807628,0.0494657963690548,True,0.3047582900035195,1.8125,2.0,1.5442998403174546,4.0,5725.0,,,,,,
150,7-scenes-redkitchen,35,7,sagereg_regen,803,0.012453300124533,173.02731754108498,4.545588119623539,False,0.2951411620015278,1.6458333333333333,2.0,1.4870765744761618,6.0,3099.0,,,,,,
151,7-scenes-redkitchen,36,7,sagereg_regen,790,0.0164556962025316,8.735256096483523,0.2263521587987653,True,0.3011752820020774,1.7395833333333333,2.0,1.8730085924280084,6.0,5259.0,,,,,,
152,7-scenes-redkitchen,37,7,sagereg_regen,771,0.0298313878080415,1.7911598473601054,0.0191555606041313,True,0.2937366420010221,1.75,2.0,1.763944603375022,6.0,5518.0,,,,,,
153,7-scenes-redkitchen,38,7,sagereg_regen,752,0.0398936170212766,1.844844257384881,0.0329932710175147,True,0.2882463440037099,1.75,2.0,2.099499069923309,6.0,4645.0,,,,,,
154,7-scenes-redkitchen,39,7,sagereg_regen,968,0.0847107438016528,2.2492647505069194,0.0481898269901323,True,0.3823117670035572,1.84375,2.0,1.843060409101762,5.0,7225.0,,,,,,
155,7-scenes-redkitchen,53,7,sagereg_regen,525,0.0057142857142857,126.07964468376689,2.0777808878272865,False,0.1842133969985298,1.6354166666666667,2.0,1.212278527921129,6.0,1290.0,,,,,,
156,7-scenes-redkitchen,54,7,sagereg_regen,843,0.033214709371293,1.765701644909934,0.0421011220586403,True,0.3165401339938398,1.7604166666666667,2.0,1.993074370044672,6.0,4906.0,,,,,,
157,7-scenes-redkitchen,58,7,sagereg_regen,576,0.0815972222222222,1.4724387821240206,0.0383836583527766,True,0.2232163499938906,1.8229166666666667,2.0,1.7731103144505318,6.0,3644.0,,,,,,
158,7-scenes-redkitchen,59,7,sagereg_regen,548,0.083941605839416,7.5125181905952925,0.0998215622323485,True,0.2131542279967107,1.7916666666666667,2.0,1.904983414602421,6.0,4519.0,,,,,,
159,7-scenes-redkitchen,9,8,sagereg_regen,1256,0.2030254777070063,0.6463498371409526,0.0466288068739216,True,0.4827675790002104,1.96875,2.0,2.5865746031691663,3.0,8762.0,,,,,,
160,7-scenes-redkitchen,16,8,sagereg_regen,874,0.0846681922196796,1.838455075321345,0.0510179556258122,True,0.3425050310033839,1.9166666666666667,2.0,1.7533371432200855,4.0,7316.0,,,,,,
161,7-scenes-redkitchen,17,8,sagereg_regen,1153,0.0503035559410234,2.021451522223929,0.0474383755321561,True,0.4395038439979544,1.8645833333333333,2.0,2.268197940275601,6.0,9271.0,,,,,,
162,7-scenes-redkitchen,18,8,sagereg_regen,1278,0.0453834115805946,1.7175656957276082,0.0487510861151025,True,0.4755676990025677,1.9375,2.0,2.391912725862838,6.0,9391.0,,,,,,
163,7-scenes-redkitchen,19,8,sagereg_regen,1095,0.0831050228310502,1.669798067216149,0.075264764312137,True,0.4156707209986052,1.8229166666666667,2.0,2.429859062937315,6.0,6770.0,,,,,,
164,7-scenes-redkitchen,20,8,sagereg_regen,1097,0.1121239744758432,1.818966080890736,0.0458180259057793,True,0.4272618290051468,1.8333333333333333,2.0,1.788817193804341,6.0,7388.0,,,,,,
165,7-scenes-redkitchen,21,8,sagereg_regen,1172,0.1237201365187713,1.9235149217540215,0.0677975235990767,True,0.4490565189989866,1.8229166666666667,2.0,2.014374374911636,5.0,7696.0,,,,,,
166,7-scenes-redkitchen,22,8,sagereg_regen,1191,0.0797649034424853,0.91095459400068,0.01316990261986,True,0.4464990409978782,1.8229166666666667,2.0,1.731686085187695,6.0,6804.0,,,,,,
167,7-scenes-redkitchen,23,8,sagereg_regen,1152,0.1032986111111111,1.3673498843721017,0.0103287745003056,True,0.4290766290068859,1.7604166666666667,2.0,2.531508947282088,6.0,6539.0,,,,,,
168,7-scenes-redkitchen,24,8,sagereg_regen,1165,0.1210300429184549,1.2785302317265157,0.0123317104797613,True,0.4409024959968519,1.9166666666666667,2.0,2.514326210754785,3.0,8657.0,,,,,,
169,7-scenes-redkitchen,25,8,sagereg_regen,995,0.0633165829145728,1.487355639938029,0.0387010038279179,True,0.3751736100020935,1.71875,2.0,2.509079384828744,6.0,7079.0,,,,,,
170,7-scenes-redkitchen,35,8,sagereg_regen,1034,0.0106382978723404,8.808238903604396,0.2161649217316607,True,0.3846585619976395,1.6979166666666667,2.0,1.8511929864331165,6.0,7856.0,,,,,,
171,7-scenes-redkitchen,36,8,sagereg_regen,1015,0.0246305418719211,1.453827424521687,0.0279062842293906,True,0.3878262780053774,1.8020833333333333,2.0,2.011227262884982,6.0,8468.0,,,,,,
172,7-scenes-redkitchen,37,8,sagereg_regen,932,0.0160944206008583,8.519116220453595,0.2708124167696155,True,0.34007005100284,1.7395833333333333,2.0,1.9477612684826824,6.0,5942.0,,,,,,
173,7-scenes-redkitchen,39,8,sagereg_regen,1176,0.0340136054421768,2.861386969413894,0.089595332796336,True,0.4276396739951451,1.7604166666666667,2.0,1.7421835880032002,6.0,6644.0,,,,,,
174,7-scenes-redkitchen,54,8,sagereg_regen,1095,0.0429223744292237,1.0200543693439137,0.0197153306703438,True,0.4043865029962035,1.84375,2.0,1.7229685431933277,6.0,8860.0,,,,,,
175,7-scenes-redkitchen,59,8,sagereg_regen,706,0.0439093484419263,2.036219628716112,0.0580322072771755,True,0.2738460939945071,1.8854166666666667,2.0,1.532707935645284,6.0,5823.0,,,,,,
176,7-scenes-redkitchen,10,9,sagereg_regen,1238,0.2374798061389337,0.7711849353814525,0.0389020519199364,True,0.4336512640002183,1.90625,2.0,1.9008738535398155,3.0,5900.0,,,,,,
177,7-scenes-redkitchen,11,9,sagereg_regen,1075,0.0976744186046511,1.608876124617847,0.0778252643880253,True,0.3926351539994357,1.8333333333333333,2.0,2.068962198365487,3.0,4751.0,,,,,,
178,7-scenes-redkitchen,16,9,sagereg_regen,965,0.0901554404145077,1.2750525879206778,0.0383696925831974,True,0.3842967560049146,1.9375,2.0,2.1968901315366978,6.0,7880.0,,,,,,
179,7-scenes-redkitchen,17,9,sagereg_regen,1148,0.0383275261324041,1.077346454370261,0.0191433428309378,True,0.4341833839935134,1.7708333333333333,2.0,2.0733938131046963,6.0,8460.0,,,,,,
180,7-scenes-redkitchen,18,9,sagereg_regen,1356,0.0929203539823008,0.91954208656017,0.0313609668262503,True,0.5078599080006825,1.8854166666666667,2.0,2.3835131069290894,5.0,9810.0,,,,,,
181,7-scenes-redkitchen,19,9,sagereg_regen,1204,0.1486710963455149,1.255729212773934,0.0241545259372253,True,0.4714582759988843,1.90625,2.0,2.294967827703809,4.0,8067.0,,,,,,
182,7-scenes-redkitchen,20,9,sagereg_regen,1137,0.0765171503957783,1.11829404951468,0.031443608529544,True,0.4240547669978696,1.84375,2.0,2.157546102471944,6.0,7023.0,,,,,,
183,7-scenes-redkitchen,21,9,sagereg_regen,1126,0.0621669626998223,0.8372425629469452,0.0309079946304533,True,0.4247306369943544,1.7291666666666667,2.0,1.999567555510944,6.0,5596.0,,,,,,
184,7-scenes-redkitchen,24,9,sagereg_regen,1066,0.1153846153846153,1.6912637268710955,0.044140606455752,True,0.4226149140085908,1.8958333333333333,2.0,2.6189012518239028,3.0,7037.0,,,,,,
185,7-scenes-redkitchen,25,9,sagereg_regen,1019,0.0529931305201177,1.276415049948223,0.0008816741733333,True,0.3837461930015706,1.8229166666666667,2.0,2.338668733568753,2.0,8060.0,,,,,,
186,7-scenes-redkitchen,26,9,sagereg_regen,1085,0.0829493087557603,1.5784826060334851,0.0372780994159474,True,0.3841038290047436,1.8229166666666667,2.0,1.8314200757965264,4.0,6229.0,,,,,,
187,7-scenes-redkitchen,35,9,sagereg_regen,1022,0.0127201565557729,137.3225341703409,5.201707715701293,False,0.3599395470009767,1.8020833333333333,2.0,1.900503628686929,5.0,2468.0,,,,,,
188,7-scenes-redkitchen,36,9,sagereg_regen,924,0.0216450216450216,1.3117672711877164,0.1138404386232066,True,0.3609378179971827,1.7708333333333333,2.0,1.8777205806332111,6.0,8491.0,,,,,,
189,7-scenes-redkitchen,37,9,sagereg_regen,996,0.0271084337349397,1.9580180924836603,0.0179348594503336,True,0.3814390109982923,1.8229166666666667,2.0,2.045409803799193,6.0,7563.0,,,,,,
190,7-scenes-redkitchen,38,9,sagereg_regen,811,0.0061652281134401,14.013844055309148,0.3799950852688423,False,0.3030463329996564,1.75,2.0,1.3487228134289395,6.0,5265.0,,,,,,
191,7-scenes-redkitchen,39,9,sagereg_regen,1120,0.0544642857142857,1.9965803642263125,0.0492892390486764,True,0.4186401609986205,1.8229166666666667,2.0,2.1819598330959606,6.0,7788.0,,,,,,
192,7-scenes-redkitchen,54,9,sagereg_regen,975,0.0164102564102564,1.178860647992017,0.0133479772652101,True,0.3561518170026829,1.7083333333333333,2.0,1.233275070362834,6.0,6833.0,,,,,,
193,7-scenes-redkitchen,59,9,sagereg_regen,678,0.0752212389380531,1.9600828938861792,0.0315644240524333,True,0.270736507998663,1.8854166666666667,2.0,1.821548978737028,4.0,5693.0,,,,,,
194,7-scenes-redkitchen,11,10,sagereg_regen,1154,0.3136915077989601,0.7099981619083492,0.0115487328023382,True,0.452040255004249,1.96875,2.0,2.244162418969104,4.0,7666.0,,,,,,
195,7-scenes-redkitchen,12,10,sagereg_regen,851,0.1421856639247943,0.4701843539987615,0.0063786156155269,True,0.3251794750030967,1.8854166666666667,2.0,2.0746981178828663,5.0,5537.0,,,,,,
196,7-scenes-redkitchen,13,10,sagereg_regen,693,0.0692640692640692,1.351160862582608,0.0071578374509793,True,0.2600813020035275,1.84375,2.0,2.537106954000381,6.0,4376.0,,,,,,
197,7-scenes-redkitchen,14,10,sagereg_regen,570,0.131578947368421,1.5122508498081204,0.0204000142949885,True,0.228586424003879,1.875,2.0,1.6682752985403366,6.0,4673.0,,,,,,
198,7-scenes-redkitchen,15,10,sagereg_regen,661,0.0983358547655068,1.813242382187811,0.0261490532062585,True,0.2713287459991989,1.9166666666666667,2.0,2.2227029959068534,6.0,5530.0,,,,,,
199,7-scenes-redkitchen,16,10,sagereg_regen,884,0.085972850678733,2.1880312344690096,0.0548724189795533,True,0.3353078619984444,1.84375,2.0,2.0421289846495765,4.0,4765.0,,,,,,
200,7-scenes-redkitchen,17,10,sagereg_regen,1030,0.0174757281553398,2.3392108409295886,0.1039311401216936,True,0.3710710219966131,1.71875,2.0,1.6359849212266635,6.0,5211.0,,,,,,
201,7-scenes-redkitchen,18,10,sagereg_regen,1150,0.1217391304347826,0.8842557524671443,0.0540393804585832,True,0.4193214769984479,1.9270833333333333,2.0,2.08158139719716,5.0,6106.0,,,,,,
202,7-scenes-redkitchen,19,10,sagereg_regen,1112,0.2329136690647482,1.0155733903424822,0.0134056508648302,True,0.4200008719999459,1.90625,2.0,2.0881475083121157,4.0,6447.0,,,,,,
203,7-scenes-redkitchen,20,10,sagereg_regen,977,0.0542476970317297,0.976090261378822,0.0429452119299017,True,0.3562739089975366,1.75,2.0,1.6456586984681156,4.0,5066.0,,,,,,
204,7-scenes-redkitchen,25,10,sagereg_regen,960,0.078125,1.0482453652991424,0.0139693387904763,True,0.36800710499665,1.84375,2.0,1.8784089121484675,4.0,6247.0,,,,,,
205,7-scenes-redkitchen,26,10,sagereg_regen,945,0.1195767195767195,1.4976571203177171,0.0557914727842305,True,0.3575794680073159,1.8854166666666667,2.0,1.9998018859987765,2.0,7690.0,,,,,,
206,7-scenes-redkitchen,27,10,sagereg_regen,1033,0.0396902226524685,3.5531530712912804,0.1091885529923034,True,0.3789840849931352,1.7604166666666667,2.0,1.3249525939185656,5.0,6028.0,,,,,,
207,7-scenes-redkitchen,36,10,sagereg_regen,888,0.0281531531531531,1.8966443343543915,0.1187585452638865,True,0.3261919210053747,1.84375,2.0,1.5460059614118593,6.0,5377.0,,,,,,
208,7-scenes-redkitchen,37,10,sagereg_regen,927,0.0323624595469255,2.033870292998317,0.0376765555657004,True,0.3377061059945845,1.84375,2.0,1.843909699777135,5.0,5785.0,,,,,,
209,7-scenes-redkitchen,38,10,sagereg_regen,762,0.0341207349081364,2.095935740688436,0.0406364273657767,True,0.2796732360002352,1.71875,2.0,1.6307671688644485,6.0,4716.0,,,,,,
210,7-scenes-redkitchen,39,10,sagereg_regen,993,0.0886203423967774,2.058905647975684,0.0554696725458502,True,0.3695277490041917,1.8958333333333333,2.0,1.6636076184513593,6.0,6455.0,,,,,,
211,7-scenes-redkitchen,41,10,sagereg_regen,827,0.0278113663845223,1.3931277396236088,0.0835804622256386,True,0.2976060849978239,1.78125,2.0,2.140485970572501,6.0,3052.0,,,,,,
212,7-scenes-redkitchen,12,11,sagereg_regen,933,0.3108252947481243,0.5334343182991033,0.012064193674726,True,0.3725018849945627,1.9166666666666667,2.0,2.289293848880141,4.0,6224.0,,,,,,
213,7-scenes-redkitchen,13,11,sagereg_regen,757,0.1717305151915455,1.0911433217483184,0.0093015991646773,True,0.2893401119945338,1.9479166666666667,2.0,2.8339561159073083,5.0,5114.0,,,,,,
214,7-scenes-redkitchen,14,11,sagereg_regen,672,0.1666666666666666,1.9039052649995332,0.0194464654997037,True,0.2651271789945895,1.9479166666666667,2.0,2.064973648226932,5.0,5251.0,,,,,,
215,7-scenes-redkitchen,15,11,sagereg_regen,727,0.1251719394773039,2.505723774755059,0.0437008878306105,True,0.2956057059927843,1.9583333333333333,2.0,2.0455851788605397,5.0,5425.0,,,,,,
216,7-scenes-redkitchen,18,11,sagereg_regen,1105,0.0895927601809954,1.1764156748783896,0.0704951328898256,True,0.3947277069892152,1.8229166666666667,2.0,2.05047033343122,4.0,4858.0,,,,,,
217,7-scenes-redkitchen,19,11,sagereg_regen,995,0.1638190954773869,0.9186222823811904,0.0371351938424362,True,0.3822600019993842,1.9375,2.0,2.1319071434919645,3.0,5497.0,,,,,,
218,7-scenes-redkitchen,20,11,sagereg_regen,926,0.029157667386609,2.7995414486238026,0.128891741555386,True,0.325188247996266,1.71875,2.0,1.350001110292394,4.0,4135.0,,,,,,
219,7-scenes-redkitchen,25,11,sagereg_regen,1010,0.0514851485148514,1.205393770495404,0.0408754723932969,True,0.3689772430006997,1.875,2.0,2.0488821447052,4.0,5475.0,,,,,,
220,7-scenes-redkitchen,26,11,sagereg_regen,953,0.0661070304302203,1.483608501399905,0.0608329849136196,True,0.3615173830039566,1.8333333333333333,2.0,2.4217507739746487,5.0,7646.0,,,,,,
221,7-scenes-redkitchen,27,11,sagereg_regen,1069,0.0215154349859681,118.58711729572778,4.020365918730866,False,0.3555785159987863,1.8125,2.0,1.7324859291931975,4.0,2040.0,,,,,,
222,7-scenes-redkitchen,28,11,sagereg_regen,941,0.0106269925611052,86.2732585123064,3.061068504878991,False,0.3134622029974707,1.8229166666666667,2.0,1.4927670659871497,2.0,3203.0,,,,,,
223,7-scenes-redkitchen,37,11,sagereg_regen,941,0.0276301806588735,3.906350211198812,0.0779810320534571,True,0.3263156629982404,1.8333333333333333,2.0,2.0046126309385803,4.0,5692.0,,,,,,
224,7-scenes-redkitchen,38,11,sagereg_regen,849,0.0318021201413427,2.626617056005843,0.0732029424628418,True,0.2954518199912854,1.7916666666666667,2.0,2.0391345780521744,4.0,4760.0,,,,,,
225,7-scenes-redkitchen,39,11,sagereg_regen,979,0.0510725229826353,2.4874483588486425,0.0659468393878272,True,0.3528723670024192,1.8020833333333333,2.0,2.051115631997719,1.0,5794.0,,,,,,
226,7-scenes-redkitchen,41,11,sagereg_regen,834,0.0323741007194244,1.9203519489860683,0.0565485202291588,True,0.2979625099978875,1.8541666666666667,2.0,2.388048839651805,6.0,3481.0,,,,,,
227,7-scenes-redkitchen,13,12,sagereg_regen,887,0.4227733934611049,0.6094537578986495,0.0068541615939715,True,0.3568996600006358,1.9895833333333333,2.0,2.519163916025418,2.0,6410.0,,,,,,
228,7-scenes-redkitchen,14,12,sagereg_regen,785,0.2713375796178344,1.764375176395734,0.0215189432911796,True,0.3095922049978981,1.9895833333333333,2.0,2.2123156128297907,4.0,6042.0,,,,,,
229,7-scenes-redkitchen,15,12,sagereg_regen,614,0.1498371335504886,2.0235464954557734,0.0251999908749298,True,0.2440973199991276,1.9583333333333333,2.0,2.418654128677353,6.0,4121.0,,,,,,
230,7-scenes-redkitchen,19,12,sagereg_regen,802,0.0598503740648379,2.141469946890989,0.0236610462923195,True,0.3028201080014696,1.8020833333333333,2.0,1.4413896313126924,6.0,3347.0,,,,,,
231,7-scenes-redkitchen,26,12,sagereg_regen,799,0.0187734668335419,2.236011831065164,0.0605727938456785,True,0.3039380589980283,1.8229166666666667,2.0,2.0896276722491915,6.0,5441.0,,,,,,
232,7-scenes-redkitchen,27,12,sagereg_regen,914,0.0087527352297593,120.40996861170564,2.9653660299603355,False,0.3314096350004547,1.78125,2.0,1.7476793783874305,5.0,3979.0,,,,,,
233,7-scenes-redkitchen,28,12,sagereg_regen,841,0.0261593341260404,3.6803567167616817,0.1315548724217858,True,0.3188887869910104,1.8645833333333333,2.0,1.5769710249280489,6.0,6910.0,,,,,,
234,7-scenes-redkitchen,29,12,sagereg_regen,714,0.0182072829131652,93.60658732867772,1.5616079468132298,False,0.2643726000023889,1.90625,2.0,2.0111721978268555,6.0,3879.0,,,,,,
235,7-scenes-redkitchen,37,12,sagereg_regen,832,0.0120192307692307,62.64428027877716,0.5701487237544579,False,0.2935793609940447,1.8125,2.0,2.112123115126922,6.0,3390.0,,,,,,
236,7-scenes-redkitchen,40,12,sagereg_regen,825,0.0763636363636363,2.2926074451972878,0.0818034620355735,True,0.3110127810068661,1.8229166666666667,2.0,2.6779459192135384,4.0,5422.0,,,,,,
237,7-scenes-redkitchen,41,12,sagereg_regen,780,0.0884615384615384,1.9914097422107853,0.0770416918230136,True,0.2956844069994986,1.7604166666666667,2.0,1.8451648248771864,4.0,4656.0,,,,,,
238,7-scenes-redkitchen,42,12,sagereg_regen,738,0.1287262872628726,1.4530414989239706,0.0587222145587339,True,0.2887757479984429,1.9166666666666667,2.0,2.253828439905221,6.0,4150.0,,,,,,
239,7-scenes-redkitchen,43,12,sagereg_regen,621,0.1046698872785829,1.4883783845692184,0.0618030720594877,True,0.242419128997426,1.8229166666666667,2.0,2.197759967961315,4.0,3737.0,,,,,,
240,7-scenes-redkitchen,44,12,sagereg_regen,521,0.1477927063339731,1.0663599742476209,0.0501602392754804,True,0.1929279620017041,1.9375,2.0,1.8844715899908755,2.0,3553.0,,,,,,
241,7-scenes-redkitchen,14,13,sagereg_regen,811,0.3329223181257706,0.7722607709241351,0.0086336894001032,True,0.3208302339990041,1.9791666666666667,2.0,2.796313628622338,3.0,5406.0,,,,,,
242,7-scenes-redkitchen,15,13,sagereg_regen,600,0.0883333333333333,0.936212358092862,0.0390261733521153,True,0.2259119689988438,1.9479166666666667,2.0,2.273774861151068,3.0,3246.0,,,,,,
243,7-scenes-redkitchen,26,13,sagereg_regen,718,0.0027855153203342,151.42110233717673,5.810478472039312,False,0.2583325050072744,1.8645833333333333,2.0,1.5340369410131085,4.0,2905.0,,,,,,
244,7-scenes-redkitchen,27,13,sagereg_regen,844,0.0118483412322274,93.31444784414492,3.399938977357144,False,0.314250807998178,1.8854166666666667,2.0,2.0868123764260225,6.0,5682.0,,,,,,
245,7-scenes-redkitchen,28,13,sagereg_regen,792,0.0328282828282828,86.81004687429407,3.2250387040875386,False,0.2834906799980672,1.9583333333333333,2.0,1.681559551447568,4.0,3395.0,,,,,,
246,7-scenes-redkitchen,29,13,sagereg_regen,679,0.0191458026509572,94.20303544728267,1.5168138089638894,False,0.2466061270024511,1.9479166666666667,2.0,2.116963333122702,4.0,3221.0,,,,,,
247,7-scenes-redkitchen,30,13,sagereg_regen,486,0.0061728395061728,99.11727526424156,1.74065412267493,False,0.1769371969930944,1.84375,2.0,1.1271801445151914,4.0,1963.0,,,,,,
248,7-scenes-redkitchen,40,13,sagereg_regen,766,0.1018276762402088,2.3666084240808707,0.0945536170836176,True,0.2946397600026103,1.9270833333333333,2.0,2.644014119559268,3.0,5271.0,,,,,,
249,7-scenes-redkitchen,41,13,sagereg_regen,750,0.1093333333333333,2.0039140157720383,0.081041585190333,True,0.2790759760027868,1.8958333333333333,2.0,2.459507900574517,1.0,4397.0,,,,,,
250,7-scenes-redkitchen,42,13,sagereg_regen,669,0.1554559043348281,1.80666789520664,0.0601453895306032,True,0.2639894839958288,1.8958333333333333,2.0,2.5001398883264545,5.0,3899.0,,,,,,
251,7-scenes-redkitchen,43,13,sagereg_regen,582,0.190721649484536,1.7532889864342285,0.0591567058637639,True,0.2322621610001078,1.9166666666666667,2.0,2.271704724702298,3.0,3424.0,,,,,,
252,7-scenes-redkitchen,44,13,sagereg_regen,524,0.2061068702290076,1.6691438958663771,0.0541249164229715,True,0.2056585359969176,1.8958333333333333,2.0,1.7618032571758837,3.0,3334.0,,,,,,
253,7-scenes-redkitchen,45,13,sagereg_regen,419,0.1050119331742243,2.042802760371869,0.0636095430833051,True,0.1609169389994349,1.90625,2.0,1.476456705864052,5.0,2877.0,,,,,,
254,7-scenes-redkitchen,15,14,sagereg_regen,591,0.2064297800338409,0.9416446115942816,0.0205128333014168,True,0.2293327230072464,1.9583333333333333,2.0,2.6095318082366665,2.0,3880.0,,,,,,
255,7-scenes-redkitchen,19,14,sagereg_regen,497,0.0321931589537223,6.317120113149305,0.0291881736414334,True,0.1847205430021858,1.7395833333333333,2.0,1.4694865358729077,6.0,2620.0,,,,,,
256,7-scenes-redkitchen,25,14,sagereg_regen,686,0.0145772594752186,4.207610129641818,0.2223608258329197,True,0.2518241590005345,1.8333333333333333,2.0,1.5087263046373192,5.0,2959.0,,,,,,
257,7-scenes-redkitchen,26,14,sagereg_regen,589,0.0135823429541595,176.99819681573211,2.972528995225733,False,0.2169893519967445,1.8125,2.0,1.3020234351732214,6.0,1178.0,,,,,,
258,7-scenes-redkitchen,27,14,sagereg_regen,687,0.0014556040756914,92.0307672116514,3.076703706622313,False,0.2639240760036045,1.84375,2.0,1.8572113231477916,6.0,4690.0,,,,,,
259,7-scenes-redkitchen,28,14,sagereg_regen,673,0.0193164933135215,93.18467978915838,2.14913528218831,False,0.2522018269955879,1.9375,2.0,1.99891707652464,4.0,4148.0,,,,,,
260,7-scenes-redkitchen,29,14,sagereg_regen,555,0.0216216216216216,93.56872289831549,1.4976246919790823,False,0.2220315380036481,1.96875,2.0,1.927242545751955,6.0,3922.0,,,,,,
261,7-scenes-redkitchen,37,14,sagereg_regen,578,0.0069204152249134,94.6470091360881,0.7618745499528023,False,0.219160496002587,1.90625,2.0,2.1629146221776137,6.0,3785.0,,,,,,
262,7-scenes-redkitchen,38,14,sagereg_regen,527,0.0550284629981024,3.7639513292964097,0.0654610015832208,True,0.197053012001561,1.84375,2.0,2.491697742475976,3.0,3337.0,,,,,,
263,7-scenes-redkitchen,39,14,sagereg_regen,574,0.0296167247386759,2.568430571084615,0.0540133167236454,True,0.2169655969992163,1.71875,2.0,2.1930445801942557,5.0,3372.0,,,,,,
264,7-scenes-redkitchen,40,14,sagereg_regen,585,0.0649572649572649,2.293532029898572,0.0920249608101177,True,0.226408545000595,1.7604166666666667,2.0,2.8846928875582685,4.0,4282.0,,,,,,
265,7-scenes-redkitchen,41,14,sagereg_regen,595,0.0605042016806722,2.7683642178457704,0.0793658530741665,True,0.2361156199985998,1.8541666666666667,2.0,2.200420541529286,3.0,3673.0,,,,,,
266,7-scenes-redkitchen,42,14,sagereg_regen,542,0.1402214022140221,2.596258226023909,0.0737363095623317,True,0.2163334779979777,1.90625,2.0,2.33446345846152,5.0,3113.0,,,,,,
267,7-scenes-redkitchen,59,14,sagereg_regen,503,0.0079522862823061,93.13588395366963,0.5975615143630959,False,0.169397311990906,1.9166666666666667,2.0,2.034702593569473,3.0,2441.0,,,,,,
268,7-scenes-redkitchen,16,15,sagereg_regen,686,0.1399416909620991,1.3165547644359907,0.0573772507979774,True,0.2614464210055303,1.9583333333333333,2.0,2.132921213103843,4.0,3958.0,,,,,,
269,7-scenes-redkitchen,17,15,sagereg_regen,642,0.0171339563862928,1.8593726132743893,0.0983072238549408,True,0.2470643159977044,1.6979166666666667,2.0,1.6486474840114351,6.0,3661.0,,,,,,
270,7-scenes-redkitchen,18,15,sagereg_regen,661,0.0544629349470499,1.864243609709813,0.0671791950890625,True,0.2530802929977653,1.8229166666666667,2.0,2.060204138682416,3.0,4409.0,,,,,,
271,7-scenes-redkitchen,19,15,sagereg_regen,601,0.0831946755407653,1.973687679201582,0.0318220859235469,True,0.2399117499953718,1.78125,2.0,2.0848155319664534,3.0,4793.0,,,,,,
272,7-scenes-redkitchen,20,15,sagereg_regen,590,0.023728813559322,2.749744454251988,0.1459532696541434,True,0.2169626169925322,1.75,2.0,2.037012215364501,6.0,3552.0,,,,,,
273,7-scenes-redkitchen,21,15,sagereg_regen,638,0.0047021943573667,93.60644513278804,1.3299340522640886,False,0.2407516149978619,1.84375,2.0,1.8702481681415415,6.0,2778.0,,,,,,
274,7-scenes-redkitchen,25,15,sagereg_regen,698,0.0229226361031518,1.6608075262993396,0.0616498304295965,True,0.2774977580047562,1.8541666666666667,2.0,2.4575009814504534,5.0,5485.0,,,,,,
275,7-scenes-redkitchen,26,15,sagereg_regen,633,0.0284360189573459,1.474576794324858,0.0193235933609211,True,0.2602990049999789,1.8229166666666667,2.0,2.002403957065777,6.0,6137.0,,,,,,
276,7-scenes-redkitchen,27,15,sagereg_regen,654,0.0015290519877675,94.85077679550211,3.1199860979625638,False,0.2593969019944779,1.84375,2.0,2.2187680843108,6.0,4573.0,,,,,,
277,7-scenes-redkitchen,36,15,sagereg_regen,553,0.023508137432188,1.883339945266629,0.076036095796979,True,0.2149421049980446,1.7708333333333333,2.0,2.3383605876863016,6.0,4665.0,,,,,,
278,7-scenes-redkitchen,37,15,sagereg_regen,649,0.0400616332819722,1.395933088728097,0.0535402275543404,True,0.2605860580006265,1.78125,2.0,2.3573778622483625,6.0,5893.0,,,,,,
279,7-scenes-redkitchen,38,15,sagereg_regen,587,0.0954003407155025,1.6245751910797817,0.0694731604563038,True,0.2363758650099043,1.8854166666666667,2.0,2.525084936049028,6.0,4740.0,,,,,,
280,7-scenes-redkitchen,39,15,sagereg_regen,615,0.0861788617886178,1.6999472565671998,0.0645207797024682,True,0.2362822280047112,1.7708333333333333,2.0,2.100471129877256,2.0,5509.0,,,,,,
281,7-scenes-redkitchen,59,15,sagereg_regen,452,0.0110619469026548,179.65951066232154,3.047542832775316,False,0.1534734270026092,1.875,2.0,1.948048454844881,4.0,2549.0,,,,,,
282,7-scenes-redkitchen,17,16,sagereg_regen,963,0.2315680166147455,0.6466843499757875,0.0216165406952225,True,0.3962333859963109,1.9166666666666667,2.0,2.1493416565370063,6.0,7666.0,,,,,,
283,7-scenes-redkitchen,18,16,sagereg_regen,1058,0.2088846880907372,1.2171303334563663,0.0294686501242001,True,0.4252987969957758,1.9583333333333333,2.0,2.360482721191022,6.0,8066.0,,,,,,
284,7-scenes-redkitchen,19,16,sagereg_regen,880,0.1136363636363636,1.3711275739257922,0.0341523203820068,True,0.3429986349947285,1.875,2.0,1.9964029029790047,5.0,6860.0,,,,,,
285,7-scenes-redkitchen,20,16,sagereg_regen,797,0.041405269761606,1.5264212726626991,0.0493184355005814,True,0.2920152540027629,1.7916666666666667,2.0,1.9360903266811895,4.0,5844.0,,,,,,
286,7-scenes-redkitchen,21,16,sagereg_regen,857,0.0466744457409568,6.936324304080748,0.2151689276279315,True,0.3206998909954563,1.7916666666666667,2.0,1.8939430584588448,4.0,5095.0,,,,,,
287,7-scenes-redkitchen,22,16,sagereg_regen,903,0.0199335548172757,4.370312851041166,0.1432436226663587,True,0.3176833590041497,1.8229166666666667,2.0,1.7406061624595988,4.0,3485.0,,,,,,
288,7-scenes-redkitchen,23,16,sagereg_regen,889,0.0202474690663667,2.526932644474905,0.0462600743469942,True,0.3148067359943525,1.8333333333333333,2.0,1.627425324277393,4.0,3441.0,,,,,,
289,7-scenes-redkitchen,24,16,sagereg_regen,917,0.0708833151581243,1.2852600693356766,0.0172253569923086,True,0.3517859139901702,1.9791666666666667,2.0,1.9834033458504867,6.0,6293.0,,,,,,
290,7-scenes-redkitchen,25,16,sagereg_regen,985,0.0741116751269035,0.4163627801285056,0.0729284728487796,True,0.3787360409987741,1.8645833333333333,2.0,2.33612833851934,6.0,7317.0,,,,,,
291,7-scenes-redkitchen,26,16,sagereg_regen,884,0.0384615384615384,1.5751914804870566,0.0388538749511453,True,0.3271825409974553,1.84375,2.0,2.175133950283106,4.0,5390.0,,,,,,
292,7-scenes-redkitchen,35,16,sagereg_regen,792,0.0303030303030303,1.3847518323644823,0.0545154242374006,True,0.3119751839985838,1.7916666666666667,2.0,1.4073773621879435,6.0,7417.0,,,,,,
293,7-scenes-redkitchen,36,16,sagereg_regen,800,0.0725,1.1602071172745538,0.0103867649837545,True,0.3156645990020479,1.78125,2.0,1.72319970988477,5.0,7762.0,,,,,,
294,7-scenes-redkitchen,37,16,sagereg_regen,875,0.0754285714285714,1.253572373918438,0.0199937062634717,True,0.3379956499993568,1.8125,2.0,2.133093967783468,6.0,7011.0,,,,,,
295,7-scenes-redkitchen,38,16,sagereg_regen,815,0.0932515337423312,1.3450715037910927,0.0133814859382189,True,0.3138181609974708,1.8854166666666667,2.0,2.020220524723825,6.0,5732.0,,,,,,
296,7-scenes-redkitchen,39,16,sagereg_regen,892,0.1513452914798206,1.9179745730807845,0.0330235477918554,True,0.3549520090018632,1.8645833333333333,2.0,2.136663249816912,6.0,7168.0,,,,,,
297,7-scenes-redkitchen,53,16,sagereg_regen,632,0.1139240506329113,1.5638363099750985,0.0294658883359238,True,0.2578943539992906,1.875,2.0,1.9798848924834571,4.0,4809.0,,,,,,
298,7-scenes-redkitchen,54,16,sagereg_regen,859,0.0663562281722933,0.7314834054814122,0.0159022597977216,True,0.3281888849887764,1.8958333333333333,2.0,1.6950617406907182,6.0,6915.0,,,,,,
299,7-scenes-redkitchen,55,16,sagereg_regen,755,0.0635761589403973,2.0532722536189243,0.0864121483742929,True,0.2844221120030852,1.8229166666666667,2.0,2.07566005756696,6.0,5022.0,,,,,,
300,7-scenes-redkitchen,56,16,sagereg_regen,699,0.0572246065808297,1.4292100746682286,0.0328644552810452,True,0.2634887150052236,1.8020833333333333,2.0,1.6490620138860976,6.0,4427.0,,,,,,
301,7-scenes-redkitchen,58,16,sagereg_regen,680,0.0720588235294117,0.6815583981929672,0.0230446600859558,True,0.2884044259990332,1.8229166666666667,2.0,1.7924089675981896,6.0,5102.0,,,,,,
302,7-scenes-redkitchen,59,16,sagereg_regen,678,0.1828908554572271,0.5793129412972203,0.0220467780958544,True,0.2665320809974218,1.9375,2.0,1.8207507595165957,6.0,5847.0,,,,,,
303,7-scenes-redkitchen,18,17,sagereg_regen,1257,0.1097852028639618,0.7472793814910644,0.0258772609344824,True,0.4857852900022408,1.9166666666666667,2.0,1.780368579223614,5.0,10062.0,,,,,,
304,7-scenes-redkitchen,19,17,sagereg_regen,1056,0.0265151515151515,0.9710196868957268,0.0786957696633929,True,0.3929359320027288,1.8333333333333333,2.0,2.238024555577839,5.0,7080.0,,,,,,
305,7-scenes-redkitchen,20,17,sagereg_regen,1044,0.028735632183908,1.2349303572476102,0.0251314170064327,True,0.386595509997278,1.65625,2.0,2.023822426460347,6.0,7155.0,,,,,,
306,7-scenes-redkitchen,21,17,sagereg_regen,1155,0.0658008658008658,1.633210765488878,0.0646900858425494,True,0.4283183439983986,1.7708333333333333,2.0,1.914653050538448,4.0,7000.0,,,,,,
307,7-scenes-redkitchen,22,17,sagereg_regen,1126,0.0399644760213143,3.064962758837215,0.1068849390578522,True,0.4128767920046812,1.8020833333333333,2.0,2.1332495532997373,4.0,6654.0,,,,,,
308,7-scenes-redkitchen,23,17,sagereg_regen,1064,0.044172932330827,2.675789415323325,0.0832379495441874,True,0.3915287850031745,1.65625,2.0,2.4478989175652384,4.0,6811.0,,,,,,
309,7-scenes-redkitchen,24,17,sagereg_regen,1046,0.0458891013384321,1.1064415921621984,0.020255544140479,True,0.3995746899963706,1.78125,2.0,2.4250994582337766,5.0,8958.0,,,,,,
310,7-scenes-redkitchen,25,17,sagereg_regen,923,0.0097508125677139,0.9088614239933775,0.0786946765286632,True,0.3538852400015457,1.71875,2.0,2.8212554942931702,6.0,7446.0,,,,,,
311,7-scenes-redkitchen,35,17,sagereg_regen,1092,0.0567765567765567,1.1943906394153396,0.0286075573695696,True,0.4139439410064369,1.84375,2.0,2.0884342825731474,5.0,9624.0,,,,,,
312,7-scenes-redkitchen,36,17,sagereg_regen,1094,0.1343692870201097,1.2711986672707145,0.0129781126196591,True,0.4370410660048947,1.9270833333333333,2.0,2.304092479522732,6.0,9193.0,,,,,,
313,7-scenes-redkitchen,37,17,sagereg_regen,1055,0.0890995260663507,1.498694109115556,0.032635791290768,True,0.4127364570013014,1.8125,2.0,2.2081211185224143,6.0,7459.0,,,,,,
314,7-scenes-redkitchen,38,17,sagereg_regen,846,0.0614657210401891,1.847253420335336,0.0345123895139846,True,0.3126589899984537,1.8229166666666667,2.0,2.0422025844235394,6.0,5187.0,,,,,,
315,7-scenes-redkitchen,39,17,sagereg_regen,1137,0.0677220756376429,1.868422194196444,0.0318505632213118,True,0.4243096100035473,1.7083333333333333,2.0,1.9818751884288923,5.0,6949.0,,,,,,
316,7-scenes-redkitchen,53,17,sagereg_regen,603,0.0199004975124378,6.052307820410364,0.1874258976685477,True,0.2315926399969612,1.78125,2.0,1.141734360648908,6.0,3691.0,,,,,,
317,7-scenes-redkitchen,54,17,sagereg_regen,1125,0.1173333333333333,0.0,0.0261479265599884,True,0.4445202290007728,1.8541666666666667,2.0,1.9992084946502464,6.0,9879.0,,,,,,
318,7-scenes-redkitchen,55,17,sagereg_regen,952,0.0588235294117647,0.4910222221407034,0.0310053798837808,True,0.3593991359957726,1.7916666666666667,2.0,1.4637088441453652,3.0,7856.0,,,,,,
319,7-scenes-redkitchen,58,17,sagereg_regen,745,0.0912751677852349,1.0020780476963016,0.0414046029251416,True,0.2925262199933058,1.8020833333333333,2.0,1.665739132345172,6.0,6010.0,,,,,,
320,7-scenes-redkitchen,59,17,sagereg_regen,747,0.1847389558232931,1.2970714310231286,0.0342554856097538,True,0.3056565529986983,1.9479166666666667,2.0,2.153244789494652,6.0,6714.0,,,,,,
321,7-scenes-redkitchen,19,18,sagereg_regen,1252,0.1605431309904153,0.475917913301889,0.0392443070562692,True,0.4805763709955499,1.9270833333333333,2.0,2.148361625911785,3.0,8308.0,,,,,,
322,7-scenes-redkitchen,20,18,sagereg_regen,1109,0.0532010820559062,0.121790377621339,0.0196346030264577,True,0.408390688993677,1.7916666666666667,2.0,1.939375007548576,3.0,7743.0,,,,,,
323,7-scenes-redkitchen,21,18,sagereg_regen,1176,0.0578231292517006,0.5192072347692283,0.0182445831945277,True,0.4376559680022183,1.7395833333333333,2.0,1.943513328330838,4.0,6170.0,,,,,,
324,7-scenes-redkitchen,22,18,sagereg_regen,1285,0.0326848249027237,2.71530541382208,0.1614128609668754,True,0.4678675599934649,1.75,2.0,2.5820575325003,5.0,5561.0,,,,,,
325,7-scenes-redkitchen,23,18,sagereg_regen,1250,0.048,2.3743374836292843,0.0763710496581928,True,0.4621761690068524,1.7708333333333333,2.0,2.607557628613368,3.0,5431.0,,,,,,
326,7-scenes-redkitchen,24,18,sagereg_regen,1136,0.0528169014084507,1.2636619530290465,0.0187761738430749,True,0.4406351950019598,1.8541666666666667,2.0,2.5022967277988184,6.0,8033.0,,,,,,
327,7-scenes-redkitchen,25,18,sagereg_regen,1056,0.0388257575757575,0.7210190633269339,0.0467901107596765,True,0.4018771269984427,1.9270833333333333,2.0,2.3397794548744897,5.0,7997.0,,,,,,
328,7-scenes-redkitchen,26,18,sagereg_regen,1068,0.048689138576779,1.141956151995672,0.0440794686604478,True,0.3838493029979872,1.6875,2.0,2.150305992484506,6.0,6344.0,,,,,,
329,7-scenes-redkitchen,35,18,sagereg_regen,1015,0.0157635467980295,173.7384294234498,3.823535783983259,False,0.3547607669970603,1.8020833333333333,2.0,2.0047252254046084,4.0,2582.0,,,,,,
330,7-scenes-redkitchen,36,18,sagereg_regen,1085,0.0608294930875576,1.2429184685290835,0.0367293627830339,True,0.4144378639975912,1.8541666666666667,2.0,1.738399656711774,5.0,9764.0,,,,,,
331,7-scenes-redkitchen,37,18,sagereg_regen,1135,0.0740088105726872,1.299486017190747,0.0199655119661027,True,0.4144871559910825,1.8854166666666667,2.0,2.080798691680077,4.0,8312.0,,,,,,
332,7-scenes-redkitchen,38,18,sagereg_regen,944,0.0815677966101695,1.6577798978794624,0.0322162128165983,True,0.373604199005058,1.8541666666666667,2.0,1.979827306827752,6.0,5724.0,,,,,,
333,7-scenes-redkitchen,39,18,sagereg_regen,1265,0.1312252964426877,1.5846954846698504,0.0323775993110627,True,0.4667661719940952,1.8645833333333333,2.0,2.175099204801396,4.0,8013.0,,,,,,
334,7-scenes-redkitchen,54,18,sagereg_regen,1070,0.0429906542056074,0.0,0.0537722608445993,True,0.4048130910014151,1.8333333333333333,2.0,1.8379481743860675,6.0,9114.0,,,,,,
335,7-scenes-redkitchen,59,18,sagereg_regen,800,0.0925,1.777862322947286,0.0634837513080273,True,0.3056568860047264,1.8958333333333333,2.0,1.9506917263168364,6.0,6589.0,,,,,,
336,7-scenes-redkitchen,20,19,sagereg_regen,1118,0.1520572450805009,0.3985716480919817,0.0230097054509499,True,0.4167481609911192,1.84375,2.0,1.9361689849485315,4.0,6875.0,,,,,,
337,7-scenes-redkitchen,21,19,sagereg_regen,1049,0.0714966634890371,0.520601421117147,0.0676785651470615,True,0.4024215470053605,1.7708333333333333,2.0,1.7460061139529812,6.0,5359.0,,,,,,
338,7-scenes-redkitchen,24,19,sagereg_regen,907,0.0242557883131201,3.7868393074566535,0.0828093333036955,True,0.3403662930068094,1.71875,2.0,2.522596172416621,6.0,5118.0,,,,,,
339,7-scenes-redkitchen,25,19,sagereg_regen,882,0.0578231292517006,0.7397769672957855,0.018024281759079,True,0.3459049919983954,1.71875,2.0,2.3486001269738885,6.0,7466.0,,,,,,
340,7-scenes-redkitchen,26,19,sagereg_regen,862,0.0962877030162413,1.8314897547270828,0.0612235515204434,True,0.3225415299966698,1.7916666666666667,2.0,1.6658091099248402,6.0,6500.0,,,,,,
341,7-scenes-redkitchen,36,19,sagereg_regen,870,0.0367816091954023,2.280558321330158,0.1772791733685595,True,0.3363924579971353,1.8229166666666667,2.0,1.670417139333051,6.0,7236.0,,,,,,
342,7-scenes-redkitchen,37,19,sagereg_regen,946,0.0465116279069767,1.522742834822865,0.0513507183241235,True,0.3433866830018814,1.8229166666666667,2.0,1.8252874934844,6.0,6943.0,,,,,,
343,7-scenes-redkitchen,38,19,sagereg_regen,840,0.0202380952380952,2.197054089759778,0.0619989419050855,True,0.3048073930040118,1.84375,2.0,1.916425881523448,5.0,5736.0,,,,,,
344,7-scenes-redkitchen,39,19,sagereg_regen,1143,0.1373578302712161,1.7361046912403115,0.0392633115890194,True,0.4307127650026814,1.8854166666666667,2.0,1.94580541000294,4.0,8253.0,,,,,,
345,7-scenes-redkitchen,54,19,sagereg_regen,908,0.01431718061674,1.7411932105096777,0.0698906153454388,True,0.3266936410000198,1.625,2.0,1.906529980911532,6.0,5602.0,,,,,,
346,7-scenes-redkitchen,59,19,sagereg_regen,625,0.0448,6.553962873357141,0.1259610627977965,True,0.2416766289970837,1.8541666666666667,2.0,1.8609667544839756,6.0,5038.0,,,,,,
347,7-scenes-redkitchen,21,20,sagereg_regen,1271,0.2635719905586152,0.8273047768712956,0.0236818818004264,True,0.4876973110076505,1.90625,2.0,1.6844931535609675,3.0,7237.0,,,,,,
348,7-scenes-redkitchen,35,20,sagereg_regen,934,0.0085653104925053,179.2632310569477,6.418433145214356,False,0.3148937799996929,1.6875,2.0,1.6390021026403794,5.0,866.0,,,,,,
349,7-scenes-redkitchen,36,20,sagereg_regen,923,0.0043336944745395,179.0207732027957,4.293917453912539,False,0.3251794980023987,1.71875,2.0,1.3732101846968785,4.0,3859.0,,,,,,
350,7-scenes-redkitchen,39,20,sagereg_regen,1186,0.1129848229342327,1.9068283652676536,0.0397875594374713,True,0.4582919849999598,1.8229166666666667,2.0,1.8947988130934508,5.0,7371.0,,,,,,
351,7-scenes-redkitchen,22,21,sagereg_regen,1412,0.263456090651558,0.8415347777287567,0.0333319847160568,True,0.5409142730059102,1.90625,2.0,2.2808050877308843,1.0,7448.0,,,,,,
352,7-scenes-redkitchen,23,21,sagereg_regen,1206,0.1741293532338308,1.5224351937515064,0.0350429418325967,True,0.4430331280018436,1.8958333333333333,2.0,2.1707689016931724,3.0,6173.0,,,,,,
353,7-scenes-redkitchen,24,21,sagereg_regen,1019,0.0461236506378802,1.424036413684384,0.0130950666181213,True,0.3925031819962896,1.84375,2.0,2.254735420321845,6.0,7060.0,,,,,,
354,7-scenes-redkitchen,35,21,sagereg_regen,1056,0.0113636363636363,21.808337122281028,0.8807867314845927,False,0.3629973100032657,1.8125,2.0,1.4167922202470578,5.0,3544.0,,,,,,
355,7-scenes-redkitchen,39,21,sagereg_regen,1189,0.0975609756097561,2.0302654198828,0.0579297611927286,True,0.4428035679957247,1.8958333333333333,2.0,1.5435650168749695,5.0,5740.0,,,,,,
356,7-scenes-redkitchen,23,22,sagereg_regen,1426,0.2938288920056101,0.7815181744259858,0.0143790958859829,True,0.5856149600003846,1.96875,2.0,2.3851400542522296,6.0,10192.0,,,,,,
357,7-scenes-redkitchen,24,22,sagereg_regen,1149,0.0409051348999129,0.7363179944900746,0.0280442591544273,True,0.4130324770012521,1.875,2.0,2.630220083647037,6.0,6939.0,,,,,,
358,7-scenes-redkitchen,35,22,sagereg_regen,1159,0.0077653149266609,137.26710452000043,5.930398811799739,False,0.3881652529962593,1.6875,2.0,1.2048140651024195,4.0,1953.0,,,,,,
359,7-scenes-redkitchen,36,22,sagereg_regen,1118,0.0098389982110912,50.57735676925848,1.9849710351410292,False,0.3779467389977071,1.78125,2.0,1.6968296405664305,6.0,2722.0,,,,,,
360,7-scenes-redkitchen,54,22,sagereg_regen,1113,0.017969451931716,64.37821584153885,1.7464382813935615,False,0.3867845049971947,1.78125,2.0,1.6842812389397803,4.0,4322.0,,,,,,
361,7-scenes-redkitchen,55,22,sagereg_regen,1015,0.0157635467980295,1.7574761733525126,0.0866757070963658,True,0.3805231570004252,1.8125,2.0,1.604101706438172,6.0,7162.0,,,,,,
362,7-scenes-redkitchen,24,23,sagereg_regen,1172,0.1757679180887372,1.3882864359589384,0.0191059753303514,True,0.4512627750009415,1.875,2.0,2.918701094481805,5.0,7426.0,,,,,,
363,7-scenes-redkitchen,35,23,sagereg_regen,1024,0.009765625,151.87022170745908,4.50990404071949,False,0.3702373359992634,1.7395833333333333,2.0,1.74349705010697,6.0,4837.0,,,,,,
364,7-scenes-redkitchen,36,23,sagereg_regen,1099,0.0209281164695177,4.60214532866122,0.1368861089956257,True,0.3930526120020658,1.78125,2.0,2.647268526076725,6.0,5846.0,,,,,,
365,7-scenes-redkitchen,54,23,sagereg_regen,1174,0.0136286201022146,74.9005835927551,2.474368587273712,False,0.4012435570039088,1.875,2.0,2.244292364856967,4.0,5484.0,,,,,,
366,7-scenes-redkitchen,55,23,sagereg_regen,1030,0.0194174757281553,6.644079660156271,0.2945776787111444,True,0.3799701850002748,1.7708333333333333,2.0,1.5190443701226863,6.0,6979.0,,,,,,
367,7-scenes-redkitchen,25,24,sagereg_regen,1096,0.0739051094890511,1.5694792121939278,0.0301859461356444,True,0.4109970959980273,1.9166666666666667,2.0,2.683991944764635,5.0,6572.0,,,,,,
368,7-scenes-redkitchen,35,24,sagereg_regen,1016,0.0206692913385826,17.616888487437887,0.5827035183265633,False,0.3760885570009122,1.8541666666666667,2.0,2.45896845577437,6.0,7485.0,,,,,,
369,7-scenes-redkitchen,36,24,sagereg_regen,1019,0.0176643768400392,2.515358146628076,0.0715876107600763,True,0.3703775460016913,1.84375,2.0,2.711084446747953,6.0,8468.0,,,,,,
370,7-scenes-redkitchen,37,24,sagereg_regen,962,0.0093555093555093,17.55747416326519,0.421837247597267,False,0.3498762260060175,1.7291666666666667,2.0,1.9343963654780785,6.0,5445.0,,,,,,
371,7-scenes-redkitchen,39,24,sagereg_regen,1032,0.0222868217054263,2.545337506584745,0.1111128645501218,True,0.3700004509955761,1.8229166666666667,2.0,2.4990612655155564,6.0,5107.0,,,,,,
372,7-scenes-redkitchen,54,24,sagereg_regen,1059,0.0311614730878186,1.5471266463242923,0.0556030648409289,True,0.3850381090014707,1.7916666666666667,2.0,2.280793809445169,5.0,9592.0,,,,,,
373,7-scenes-redkitchen,55,24,sagereg_regen,940,0.0180851063829787,0.8653176824330735,0.0521638321039208,True,0.3543927089995122,1.8229166666666667,2.0,2.3343789257104617,6.0,8208.0,,,,,,
374,7-scenes-redkitchen,59,24,sagereg_regen,776,0.0438144329896907,2.13185754671598,0.0594886172825838,True,0.2846765270078322,1.8541666666666667,2.0,1.5430289806905542,4.0,5468.0,,,,,,
375,7-scenes-redkitchen,26,25,sagereg_regen,1173,0.2634271099744245,1.4262833130060522,0.0511809671293064,True,0.493231554995873,1.9479166666666667,2.0,2.5276195498035023,5.0,8118.0,,,,,,
376,7-scenes-redkitchen,35,25,sagereg_regen,950,0.0157894736842105,94.07508236244462,1.7217228936974978,False,0.3266244959959294,1.875,2.0,2.4747717394306705,6.0,2789.0,,,,,,
377,7-scenes-redkitchen,36,25,sagereg_regen,1011,0.0207715133531157,6.98562123830472,0.9540240425115134,False,0.3863728210053523,1.84375,2.0,2.2899471688421733,6.0,7204.0,,,,,,
378,7-scenes-redkitchen,37,25,sagereg_regen,1016,0.0098425196850393,151.71036164060257,3.4881763220503563,False,0.3626320600014878,1.8020833333333333,2.0,1.4574977036557852,6.0,2964.0,,,,,,
379,7-scenes-redkitchen,38,25,sagereg_regen,839,0.0131108462455303,1.4853628893741146,0.0659727162520373,True,0.3090815460018348,1.7083333333333333,2.0,1.193141773647756,6.0,6112.0,,,,,,
380,7-scenes-redkitchen,39,25,sagereg_regen,924,0.0238095238095238,1.299450456737331,0.0709829174879974,True,0.3441950709893717,1.6666666666666667,2.0,2.2445584783083303,6.0,7675.0,,,,,,
381,7-scenes-redkitchen,53,25,sagereg_regen,752,0.0531914893617021,1.8010023543943454,0.0604227648650463,True,0.2876686319941655,1.90625,2.0,1.3962757674250503,6.0,5587.0,,,,,,
382,7-scenes-redkitchen,54,25,sagereg_regen,1057,0.0160832544938505,1.523774054014554,0.0872203902132445,True,0.3881165090060676,1.8541666666666667,2.0,2.0095983633814187,6.0,6920.0,,,,,,
383,7-scenes-redkitchen,59,25,sagereg_regen,706,0.0113314447592068,80.95551771068682,2.782512904256649,False,0.2508902600020519,1.78125,2.0,1.714139072674107,6.0,1764.0,,,,,,
384,7-scenes-redkitchen,27,26,sagereg_regen,1167,0.0616966580976863,1.4271834482223358,0.0609978274743358,True,0.4201722419966245,1.7916666666666667,2.0,2.1045356368320274,6.0,7468.0,,,,,,
385,7-scenes-redkitchen,36,26,sagereg_regen,1021,0.0235063663075416,2.0878400486690256,0.0371627284680296,True,0.3628225739957997,1.8020833333333333,2.0,2.268198151868194,4.0,6537.0,,,,,,
386,7-scenes-redkitchen,37,26,sagereg_regen,1004,0.0348605577689243,2.0444840190236624,0.0434746241392287,True,0.3743295709937229,1.8229166666666667,2.0,2.1729062532172443,6.0,7701.0,,,,,,
387,7-scenes-redkitchen,38,26,sagereg_regen,809,0.0247218788627935,16.43383447824999,0.1602730292782276,False,0.2923527489983826,1.78125,2.0,2.062568665018897,6.0,3617.0,,,,,,
388,7-scenes-redkitchen,39,26,sagereg_regen,898,0.05456570155902,1.7534838034142712,0.0463486531360192,True,0.3279923369991593,1.8541666666666667,2.0,2.2261619903139023,6.0,6971.0,,,,,,
389,7-scenes-redkitchen,28,27,sagereg_regen,1188,0.1464646464646464,1.106014302851083,0.064225091885681,True,0.480025648001174,1.9270833333333333,2.0,2.5665645886553903,6.0,9724.0,,,,,,
390,7-scenes-redkitchen,29,27,sagereg_regen,846,0.1052009456264775,2.498480466793192,0.1041123403756735,True,0.3378098679968389,1.9166666666666667,2.0,1.773516227675044,6.0,7372.0,,,,,,
391,7-scenes-redkitchen,29,28,sagereg_regen,952,0.2846638655462185,1.3802248604507636,0.0478095755986709,True,0.3807665399945108,1.96875,2.0,2.1637373341789656,2.0,7426.0,,,,,,
392,7-scenes-redkitchen,30,28,sagereg_regen,639,0.081377151799687,1.5711257475844127,0.062989046825616,True,0.2505517630052054,1.8854166666666667,2.0,1.3629661540214073,6.0,5442.0,,,,,,
393,7-scenes-redkitchen,31,28,sagereg_regen,665,0.0180451127819548,1.7365176199949486,0.0532875018546376,True,0.2474316049992921,1.8645833333333333,2.0,2.023230693640376,5.0,4894.0,,,,,,
394,7-scenes-redkitchen,40,28,sagereg_regen,805,0.008695652173913,112.78944505479532,2.2480108929898885,False,0.2811608549964148,1.6770833333333333,2.0,1.8542225402384052,3.0,2794.0,,,,,,
395,7-scenes-redkitchen,41,28,sagereg_regen,872,0.0080275229357798,117.00292942584488,4.383398980626118,False,0.30530800800625,1.8541666666666667,2.0,1.3236916974257789,6.0,2219.0,,,,,,
396,7-scenes-redkitchen,30,29,sagereg_regen,572,0.2622377622377622,1.3247960206386058,0.0388729193128472,True,0.2472267580014886,1.8854166666666667,2.0,1.693436158742673,6.0,5102.0,,,,,,
397,7-scenes-redkitchen,31,29,sagereg_regen,482,0.0497925311203319,2.6618848567845954,0.0445941101680887,True,0.1865827280053054,1.8333333333333333,2.0,1.942740637110377,6.0,4153.0,,,,,,
398,7-scenes-redkitchen,40,29,sagereg_regen,652,0.0168711656441717,116.87333554182224,2.043504131103302,False,0.238290714994946,1.65625,2.0,1.9156260716766789,6.0,2230.0,,,,,,
399,7-scenes-redkitchen,41,29,sagereg_regen,698,0.0214899713467048,0.0,0.0138741532909692,True,0.2694414999932633,1.7604166666666667,2.0,2.2862444470607906,6.0,5836.0,,,,,,
400,7-scenes-redkitchen,42,29,sagereg_regen,621,0.0112721417069243,90.23875693513162,3.860471020516009,False,0.2415493750013411,1.71875,2.0,1.3955252075310614,6.0,3389.0,,,,,,
401,7-scenes-redkitchen,43,29,sagereg_regen,550,0.0436363636363636,2.1804024811916007,0.0207432379509206,True,0.2193444040021859,1.8333333333333333,2.0,1.4186524848202544,6.0,3808.0,,,,,,
402,7-scenes-redkitchen,31,30,sagereg_regen,570,0.1614035087719298,1.3503975687655536,0.0436249851785912,True,0.228279986004054,1.9479166666666667,2.0,2.3369349479288286,2.0,3819.0,,,,,,
403,7-scenes-redkitchen,32,30,sagereg_regen,545,0.0073394495412844,132.1218155085251,3.4657098704543383,False,0.1999212020018603,1.875,2.0,1.6060589396649567,6.0,1864.0,,,,,,
404,7-scenes-redkitchen,40,30,sagereg_regen,513,0.0136452241715399,176.80142085544583,5.407450071236818,False,0.1909233639962622,1.6979166666666667,2.0,1.8258089558886976,6.0,2286.0,,,,,,
405,7-scenes-redkitchen,41,30,sagereg_regen,518,0.0115830115830115,178.30080808055357,4.988689599082495,False,0.18556553000235,1.71875,2.0,1.279327076154215,6.0,1649.0,,,,,,
406,7-scenes-redkitchen,42,30,sagereg_regen,410,0.0146341463414634,93.29382231865767,2.427996736567839,False,0.1591603759952704,1.8854166666666667,2.0,1.3571031212506657,6.0,3296.0,,,,,,
407,7-scenes-redkitchen,32,31,sagereg_regen,612,0.0375816993464052,1.2917513202543085,0.0210105849490573,True,0.2337307109992252,1.9270833333333333,2.0,1.7790318999461243,6.0,4605.0,,,,,,
408,7-scenes-redkitchen,33,31,sagereg_regen,612,0.0032679738562091,19.648152134863825,1.0354875517539996,False,0.2247226899999077,1.9479166666666667,2.0,1.5222396658298762,6.0,3323.0,,,,,,
409,7-scenes-redkitchen,33,32,sagereg_regen,869,0.0161104718066743,27.773280159159956,0.4283178404774274,False,0.3056244649997097,1.9479166666666667,2.0,1.619458776100042,6.0,4673.0,,,,,,
410,7-scenes-redkitchen,34,33,sagereg_regen,678,0.0191740412979351,11.433160269585931,0.1018350067974028,True,0.2497371309946174,1.8958333333333333,2.0,1.3837939403425454,6.0,3706.0,,,,,,
411,7-scenes-redkitchen,36,35,sagereg_regen,1151,0.2250217202432667,0.8849098143495933,0.0115620966743411,True,0.4794882749993121,1.9166666666666667,2.0,1.7281620615946465,5.0,10041.0,,,,,,
412,7-scenes-redkitchen,37,35,sagereg_regen,1031,0.040737148399612,0.6931616829424347,0.0282313059755666,True,0.3896194350090809,1.84375,2.0,1.7892961170974542,4.0,7459.0,,,,,,
413,7-scenes-redkitchen,53,35,sagereg_regen,516,0.0232558139534883,117.37155280441644,3.0173945988403523,False,0.1859921450013644,1.7708333333333333,2.0,1.0515876595855067,4.0,2116.0,,,,,,
414,7-scenes-redkitchen,54,35,sagereg_regen,1303,0.2425172678434382,0.0,0.0116892114287033,True,0.5112765310041141,1.96875,2.0,2.2041029642682988,3.0,10669.0,,,,,,
415,7-scenes-redkitchen,55,35,sagereg_regen,1156,0.2058823529411764,0.0,0.0188413618309703,True,0.4690188100066734,1.875,2.0,2.2925304089559493,6.0,9063.0,,,,,,
416,7-scenes-redkitchen,56,35,sagereg_regen,906,0.0562913907284768,2.240609339709392,0.0567970118788466,True,0.3540260790032334,1.8541666666666667,2.0,1.486202845607237,6.0,7800.0,,,,,,
417,7-scenes-redkitchen,57,35,sagereg_regen,803,0.0610211706102117,2.099965072675632,0.0420413448239466,True,0.3095863419948728,1.875,2.0,1.9926434245850684,4.0,5724.0,,,,,,
418,7-scenes-redkitchen,58,35,sagereg_regen,789,0.0975918884664131,0.0,0.0240762609134939,True,0.3063406889996258,1.875,2.0,2.1540946657645423,4.0,6093.0,,,,,,
419,7-scenes-redkitchen,59,35,sagereg_regen,790,0.0721518987341772,1.7282432341808585,0.0151762450986467,True,0.298100413994689,1.9166666666666667,2.0,2.103216533999636,3.0,6423.0,,,,,,
420,7-scenes-redkitchen,37,36,sagereg_regen,1281,0.1615925058548009,0.5192632007146251,0.02812826935444,True,0.4992841540006338,1.9583333333333333,2.0,2.4011265042893637,4.0,9654.0,,,,,,
421,7-scenes-redkitchen,38,36,sagereg_regen,772,0.044041450777202,1.3917224573419438,0.0492403944889028,True,0.2765711699976236,1.84375,2.0,2.0689241149000326,4.0,5509.0,,,,,,
422,7-scenes-redkitchen,39,36,sagereg_regen,1003,0.0358923230309072,1.5009474988631408,0.0489724089234966,True,0.3627144650017726,1.8854166666666667,2.0,1.5841872982476255,5.0,6960.0,,,,,,
423,7-scenes-redkitchen,53,36,sagereg_regen,572,0.0821678321678321,0.0,0.0162156066802076,True,0.2272897270013345,1.9479166666666667,2.0,2.1366619031681964,4.0,5698.0,,,,,,
424,7-scenes-redkitchen,54,36,sagereg_regen,1254,0.2456140350877192,0.0,0.0281565260866266,True,0.5215520900019328,1.9270833333333333,2.0,2.05838369608932,5.0,9621.0,,,,,,
425,7-scenes-redkitchen,55,36,sagereg_regen,1054,0.1005692599620493,0.7200934278919239,0.0504163507762269,True,0.4117852960043819,1.90625,2.0,2.242553607625872,6.0,8184.0,,,,,,
426,7-scenes-redkitchen,56,36,sagereg_regen,924,0.0248917748917748,6.185574717884605,0.2989619905980606,True,0.3458536530015408,1.875,2.0,2.065598130480255,6.0,6933.0,,,,,,
427,7-scenes-redkitchen,58,36,sagereg_regen,794,0.1183879093198992,0.0,0.0197595780280444,True,0.3130482899941853,1.8958333333333333,2.0,1.833917209051639,6.0,6002.0,,,,,,
428,7-scenes-redkitchen,59,36,sagereg_regen,889,0.1046119235095613,0.0,0.0171342113074196,True,0.3500834770093206,1.8958333333333333,2.0,1.880358326817904,6.0,7175.0,,,,,,
429,7-scenes-redkitchen,38,37,sagereg_regen,912,0.1030701754385964,0.5044481060532634,0.0088293230401583,True,0.3534906319982838,1.8645833333333333,2.0,2.0032380596095973,6.0,7677.0,,,,,,
430,7-scenes-redkitchen,39,37,sagereg_regen,1038,0.0664739884393063,0.5665009318981963,0.0237998353347925,True,0.3892604740030947,1.8125,2.0,2.121985830907154,6.0,7651.0,,,,,,
431,7-scenes-redkitchen,54,37,sagereg_regen,1020,0.038235294117647,0.0,0.0444846675801258,True,0.3815337569976691,1.8125,2.0,2.306879862296729,6.0,7347.0,,,,,,
432,7-scenes-redkitchen,55,37,sagereg_regen,948,0.0147679324894514,2.6265257494701357,0.2309103100992907,True,0.3445257720086374,1.7395833333333333,2.0,2.1091460356982563,4.0,6354.0,,,,,,
433,7-scenes-redkitchen,58,37,sagereg_regen,846,0.0827423167848699,1.2483376902514118,0.0722659125100433,True,0.3151148060060222,1.8854166666666667,2.0,1.7079174175444405,4.0,6075.0,,,,,,
434,7-scenes-redkitchen,59,37,sagereg_regen,909,0.0968096809680968,0.0,0.0479834294476868,True,0.3400927010006853,1.9583333333333333,2.0,2.122767631948122,6.0,7408.0,,,,,,
435,7-scenes-redkitchen,39,38,sagereg_regen,942,0.1687898089171974,1.0774117045336251,0.034242421689369,True,0.3716942289975122,1.8958333333333333,2.0,2.316809567729981,5.0,7581.0,,,,,,
436,7-scenes-redkitchen,54,38,sagereg_regen,746,0.0134048257372654,118.22898537112404,1.7867470021541871,False,0.2655639239965239,1.8020833333333333,2.0,1.3254258183713703,5.0,2580.0,,,,,,
437,7-scenes-redkitchen,58,38,sagereg_regen,615,0.0552845528455284,0.0,0.0235355312996184,True,0.2276081279924255,1.75,2.0,1.99528227977046,6.0,4899.0,,,,,,
438,7-scenes-redkitchen,59,38,sagereg_regen,654,0.0657492354740061,0.0,0.052167728069985,True,0.2500143969955388,1.8645833333333333,2.0,1.8960279214016464,6.0,6290.0,,,,,,
439,7-scenes-redkitchen,59,39,sagereg_regen,686,0.0670553935860058,0.6190150054865068,0.0251720350190165,True,0.2655991310093668,1.8645833333333333,2.0,1.528765832643574,6.0,5072.0,,,,,,
440,7-scenes-redkitchen,41,40,sagereg_regen,1168,0.247431506849315,1.3862268019340511,0.0436412865626585,True,0.4664529180008685,1.96875,2.0,1.9624549634076036,5.0,8512.0,,,,,,
441,7-scenes-redkitchen,42,40,sagereg_regen,921,0.1910966340933767,2.581550163042078,0.0790129058900135,True,0.3448637979963678,1.9479166666666667,2.0,1.9714472488283623,1.0,6387.0,,,,,,
442,7-scenes-redkitchen,43,40,sagereg_regen,804,0.1753731343283582,2.0931837328172924,0.0537085090079069,True,0.3104519089974928,1.9583333333333333,2.0,2.035141697002808,2.0,5367.0,,,,,,
443,7-scenes-redkitchen,42,41,sagereg_regen,1037,0.3413693346190935,0.6096763657729893,0.0215960855667858,True,0.4046903479975299,1.9375,2.0,2.082500075257597,1.0,7500.0,,,,,,
444,7-scenes-redkitchen,43,41,sagereg_regen,807,0.2106567534076827,0.8341869524085627,0.0202134541850345,True,0.3182206930068787,1.9270833333333333,2.0,2.221409002715776,4.0,6270.0,,,,,,
445,7-scenes-redkitchen,44,41,sagereg_regen,603,0.1028192371475953,1.84672404245249,0.0291292850634763,True,0.2366361180029343,1.9375,2.0,2.5545641546705973,3.0,4917.0,,,,,,
446,7-scenes-redkitchen,43,42,sagereg_regen,915,0.3836065573770492,0.7576730020666957,0.0053749664410513,True,0.3537162469947361,2.0,2.0,2.488337770913041,1.0,6240.0,,,,,,
447,7-scenes-redkitchen,44,42,sagereg_regen,617,0.233387358184765,1.0640478912304792,0.004165336331139,True,0.2555693349931971,1.9895833333333333,2.0,2.555915254867289,5.0,5040.0,,,,,,
448,7-scenes-redkitchen,45,42,sagereg_regen,526,0.155893536121673,1.352171769126,0.0197963303395052,True,0.2122855970010277,1.9583333333333333,2.0,1.9619684798797064,5.0,3739.0,,,,,,
449,7-scenes-redkitchen,44,43,sagereg_regen,648,0.3935185185185185,0.8187495505858641,0.0134142197863202,True,0.2575802189967362,2.0,2.0,2.45580867060444,2.0,5059.0,,,,,,
450,7-scenes-redkitchen,45,43,sagereg_regen,506,0.2292490118577075,1.5770609169346703,0.0192080752463937,True,0.2052850100008072,1.9479166666666667,2.0,1.7939469546727922,5.0,3857.0,,,,,,
451,7-scenes-redkitchen,45,44,sagereg_regen,601,0.4442595673876872,0.7421584794620794,0.0083600730577718,True,0.2465473990014288,2.0,2.0,2.303074374685813,4.0,3964.0,,,,,,
452,7-scenes-redkitchen,46,44,sagereg_regen,420,0.2166666666666666,1.2709938119356174,0.0137872251483864,True,0.1621950899934745,1.9895833333333333,2.0,2.4876951690645703,3.0,2590.0,,,,,,
453,7-scenes-redkitchen,46,45,sagereg_regen,476,0.3739495798319328,0.522719408364923,0.0134675408345741,True,0.1847395500008133,2.0,2.0,2.1349850454330603,1.0,3211.0,,,,,,
454,7-scenes-redkitchen,47,45,sagereg_regen,423,0.1843971631205673,1.625096672091108,0.0314084377704575,True,0.162274605994753,1.9895833333333333,2.0,2.2224907564392384,2.0,2308.0,,,,,,
455,7-scenes-redkitchen,47,46,sagereg_regen,460,0.4065217391304347,0.9837726947929664,0.0158033947128713,True,0.1787442229979206,2.0,2.0,2.1054375239051053,1.0,2846.0,,,,,,
456,7-scenes-redkitchen,48,46,sagereg_regen,379,0.2453825857519788,0.8459919594654295,0.0253095399856878,True,0.1440972439959296,1.9895833333333333,2.0,2.043405757541204,1.0,2257.0,,,,,,
457,7-scenes-redkitchen,49,46,sagereg_regen,347,0.1440922190201729,0.7753466977799801,0.0506444138115987,True,0.1361205080029321,1.9791666666666667,2.0,2.3363314991497943,4.0,1779.0,,,,,,
458,7-scenes-redkitchen,50,46,sagereg_regen,296,0.2128378378378378,2.025998290592002,0.0509457010986833,True,0.1204113870044238,1.9895833333333333,2.0,1.5806124153929275,5.0,1800.0,,,,,,
459,7-scenes-redkitchen,51,46,sagereg_regen,225,0.2577777777777778,1.945928035899864,0.0412472990615222,True,0.0993168359927949,1.9791666666666667,2.0,1.400430726316395,2.0,1655.0,,,,,,
460,7-scenes-redkitchen,52,46,sagereg_regen,324,0.1790123456790123,1.4471793873984755,0.0401993150164893,True,0.1209106360038276,1.9895833333333333,2.0,1.628297212071384,1.0,1731.0,,,,,,
461,7-scenes-redkitchen,48,47,sagereg_regen,485,0.5319587628865979,0.4347339546723464,0.0100275097393961,True,0.1913323170010699,1.9791666666666667,2.0,2.2015636486830457,4.0,3006.0,,,,,,
462,7-scenes-redkitchen,49,47,sagereg_regen,398,0.3366834170854271,1.1568313370331706,0.0144447930126877,True,0.1508252109997556,1.9583333333333333,2.0,2.455267489478419,2.0,2643.0,,,,,,
463,7-scenes-redkitchen,50,47,sagereg_regen,340,0.3676470588235294,1.8415489231170448,0.025742881392155,True,0.1376605330005986,1.9791666666666667,2.0,1.9460930871803683,3.0,2484.0,,,,,,
464,7-scenes-redkitchen,51,47,sagereg_regen,252,0.3134920634920635,1.514640198815724,0.0186182397412349,True,0.1062140740032191,1.96875,2.0,1.544823940602819,4.0,1829.0,,,,,,
465,7-scenes-redkitchen,52,47,sagereg_regen,357,0.4089635854341736,2.114528117122004,0.0220197411237439,True,0.1414326070080278,1.96875,2.0,1.6646895774639254,3.0,2412.0,,,,,,
466,7-scenes-redkitchen,53,47,sagereg_regen,331,0.1148036253776435,2.7046282597440605,0.0553577598708075,True,0.1270762689964613,1.8854166666666667,2.0,2.1196496397601985,3.0,2222.0,,,,,,
467,7-scenes-redkitchen,49,48,sagereg_regen,544,0.6507352941176471,0.4621685627957415,0.0131103416980126,True,0.2183421269946848,2.0,2.0,2.1528382433770727,2.0,3216.0,,,,,,
468,7-scenes-redkitchen,50,48,sagereg_regen,404,0.556930693069307,1.6480453775278454,0.0192005871823686,True,0.1633360630003153,2.0,2.0,1.7634218633866947,4.0,2755.0,,,,,,
469,7-scenes-redkitchen,51,48,sagereg_regen,241,0.2821576763485477,1.7409747861638505,0.0174449581801653,True,0.1023142699996242,1.8854166666666667,2.0,2.021207851640653,2.0,1719.0,,,,,,
470,7-scenes-redkitchen,52,48,sagereg_regen,434,0.6221198156682027,2.33022395769847,0.0220482751975622,True,0.1719286160077899,2.0,2.0,1.6844179591345732,3.0,2895.0,,,,,,
471,7-scenes-redkitchen,53,48,sagereg_regen,400,0.22,2.2276003998024096,0.0461606324107995,True,0.1582360989996232,1.9583333333333333,2.0,1.903145248339145,5.0,2980.0,,,,,,
472,7-scenes-redkitchen,54,48,sagereg_regen,412,0.0218446601941747,1.0014381453555616,0.0975671466939788,True,0.1434702679980546,1.6770833333333333,2.0,1.8332701033560623,5.0,2262.0,,,,,,
473,7-scenes-redkitchen,50,49,sagereg_regen,399,0.5989974937343359,1.2032109439397656,0.0156586933275204,True,0.1615065049991244,1.9791666666666667,2.0,2.01207329684998,4.0,2620.0,,,,,,
474,7-scenes-redkitchen,52,49,sagereg_regen,391,0.4347826086956521,2.21080486541598,0.0211083295838857,True,0.156451961993298,2.0,2.0,1.628096378019388,2.0,2855.0,,,,,,
475,7-scenes-redkitchen,53,49,sagereg_regen,470,0.2829787234042553,1.50015371612875,0.0417159667348554,True,0.1896436940005514,1.9791666666666667,2.0,1.7718642873937909,4.0,3619.0,,,,,,
476,7-scenes-redkitchen,54,49,sagereg_regen,407,0.0122850122850122,92.9725854973778,3.13730019168376,False,0.1332514010064187,1.7916666666666667,2.0,1.885879631742007,2.0,681.0,,,,,,
477,7-scenes-redkitchen,59,49,sagereg_regen,273,0.0,167.1036060777001,3.471868502173224,False,0.1000401960045564,1.78125,2.0,1.8815054669809828,6.0,917.0,,,,,,
478,7-scenes-redkitchen,51,50,sagereg_regen,260,0.5307692307692308,1.3959527468704314,0.0162229281105035,True,0.117286452994449,1.9583333333333333,2.0,2.0303025524453586,5.0,1710.0,,,,,,
479,7-scenes-redkitchen,52,50,sagereg_regen,429,0.682983682983683,0.9323330206929842,0.0089903864124628,True,0.1696413830068195,2.0,2.0,1.8439759965257312,2.0,2627.0,,,,,,
480,7-scenes-redkitchen,53,50,sagereg_regen,363,0.303030303030303,1.6052115630345407,0.0440346766692156,True,0.1457804259989643,1.8645833333333333,2.0,2.1708367552932457,6.0,2667.0,,,,,,
481,7-scenes-redkitchen,54,50,sagereg_regen,353,0.0056657223796034,111.49135405718266,3.742336553399796,False,0.1323609829996712,1.6875,2.0,2.030754802448368,5.0,2103.0,,,,,,
482,7-scenes-redkitchen,52,51,sagereg_regen,238,0.453781512605042,1.186797513129187,0.010673335507946,True,0.106150619998516,1.9791666666666667,2.0,2.180218294242741,2.0,1650.0,,,,,,
483,7-scenes-redkitchen,53,51,sagereg_regen,218,0.0963302752293578,3.076541821871481,0.0586318248601034,True,0.0938209899977664,1.8645833333333333,2.0,1.934048642582636,5.0,1367.0,,,,,,
484,7-scenes-redkitchen,53,52,sagereg_regen,380,0.3578947368421052,1.2285352718772222,0.0378912000946607,True,0.1515512759942794,1.9479166666666667,2.0,1.9480819618189984,2.0,3077.0,,,,,,
485,7-scenes-redkitchen,54,52,sagereg_regen,355,0.0084507042253521,2.100606117165302,0.0877755059030983,True,0.125174775996129,1.6770833333333333,2.0,1.7830489066516026,6.0,2374.0,,,,,,
486,7-scenes-redkitchen,54,53,sagereg_regen,594,0.042087542087542,0.6954227834222144,0.0214328434431892,True,0.2315907480005989,1.8541666666666667,2.0,2.3906287621090034,6.0,4891.0,,,,,,
487,7-scenes-redkitchen,55,53,sagereg_regen,498,0.0120481927710843,1.627026938012897,0.0622814970104289,True,0.1827816639997763,1.7291666666666667,2.0,2.559688501255076,6.0,2997.0,,,,,,
488,7-scenes-redkitchen,56,53,sagereg_regen,457,0.0087527352297593,177.9291289338056,3.182789053602007,False,0.1535862720047589,1.8333333333333333,2.0,1.8501055899909304,4.0,740.0,,,,,,
489,7-scenes-redkitchen,58,53,sagereg_regen,427,0.0140515222482435,162.29245894103315,2.200710254046017,False,0.1386890360008692,1.7604166666666667,2.0,1.1480315618784644,4.0,818.0,,,,,,
490,7-scenes-redkitchen,59,53,sagereg_regen,457,0.0021881838074398,169.72178010531357,3.6215169494362702,False,0.1533176740049384,1.84375,2.0,1.1458168122026855,4.0,2151.0,,,,,,
491,7-scenes-redkitchen,55,54,sagereg_regen,1167,0.2005141388174807,1.1002927224989427,0.0374482126748528,True,0.4652138590026879,1.9375,2.0,2.2671467016775573,3.0,8510.0,,,,,,
492,7-scenes-redkitchen,56,54,sagereg_regen,978,0.0664621676891615,1.6411582000269804,0.0449432888272257,True,0.3738223250038572,1.875,2.0,1.5564397788362854,6.0,7230.0,,,,,,
493,7-scenes-redkitchen,57,54,sagereg_regen,816,0.0441176470588235,3.126906629425201,0.0713230412929759,True,0.3002147560036974,1.9166666666666667,2.0,1.4798932168256698,4.0,5075.0,,,,,,
494,7-scenes-redkitchen,58,54,sagereg_regen,799,0.0901126408010012,0.705592645139366,0.0309890206148447,True,0.3125300479950965,1.8854166666666667,2.0,2.1912164984701885,6.0,5812.0,,,,,,
495,7-scenes-redkitchen,59,54,sagereg_regen,800,0.07625,1.0298389027307426,0.0101047739532278,True,0.3096795239980565,1.9583333333333333,2.0,2.052359613307379,4.0,6283.0,,,,,,
496,7-scenes-redkitchen,56,55,sagereg_regen,1019,0.1923454367026496,0.861017928612214,0.0074603852037425,True,0.3823270629945909,1.9270833333333333,2.0,1.885448675123321,0.0,8297.0,,,,,,
497,7-scenes-redkitchen,57,55,sagereg_regen,826,0.1549636803874092,2.893981227701196,0.0487572477399059,True,0.3248942610007361,1.9270833333333333,2.0,2.003448454542988,2.0,6059.0,,,,,,
498,7-scenes-redkitchen,58,55,sagereg_regen,825,0.2327272727272727,0.7094262970752145,0.0222245526505056,True,0.3433226619963534,1.9375,2.0,2.139290282959541,6.0,6458.0,,,,,,
499,7-scenes-redkitchen,59,55,sagereg_regen,806,0.0818858560794044,1.392316059177309,0.0371716125486632,True,0.3105097560037393,1.9166666666666667,2.0,1.6277990909683262,5.0,6034.0,,,,,,
500,7-scenes-redkitchen,57,56,sagereg_regen,916,0.3067685589519651,1.497469168086687,0.0261123644646599,True,0.3411235070016118,1.96875,2.0,1.8546287785636664,0.0,6197.0,,,,,,
501,7-scenes-redkitchen,58,56,sagereg_regen,755,0.2052980132450331,0.7565125583568261,0.010750073489852,True,0.2920897420044639,1.9375,2.0,1.9041680401385708,4.0,6429.0,,,,,,
502,7-scenes-redkitchen,59,56,sagereg_regen,731,0.0766073871409028,1.034245519357257,0.0124001656018659,True,0.2816952659923117,1.8229166666666667,2.0,1.7929462792231652,6.0,5655.0,,,,,,
503,7-scenes-redkitchen,58,57,sagereg_regen,768,0.2669270833333333,2.805302643381091,0.0476546723837966,True,0.3101312319995486,1.9375,2.0,1.8292732578633617,5.0,5224.0,,,,,,
504,7-scenes-redkitchen,59,57,sagereg_regen,627,0.0749601275917065,1.6810272009635503,0.0230059780266637,True,0.2469478029961465,1.875,2.0,1.4987960912687874,2.0,4422.0,,,,,,
505,7-scenes-redkitchen,59,58,sagereg_regen,742,0.1401617250673854,0.7275513794074802,0.0063047656193842,True,0.2990440970024792,1.90625,2.0,2.075077187771561,5.0,6023.0,,,,,,
506,sun3d-home_at-home_at_scan1_2013_jan_1,1,0,sagereg_regen,1084,0.2121771217712177,1.925799544307911,0.0818503132274141,True,0.4489442150006653,1.9375,2.0,2.334669297703915,3.0,8265.0,,,,,,
507,sun3d-home_at-home_at_scan1_2013_jan_1,2,0,sagereg_regen,992,0.2096774193548387,2.058105887048128,0.0939077023491061,True,0.4019684139930177,1.9479166666666667,2.0,2.533044086869935,3.0,7494.0,,,,,,
508,sun3d-home_at-home_at_scan1_2013_jan_1,2,1,sagereg_regen,1535,0.4820846905537459,0.6189040277194261,0.0213968714085318,True,0.6413229819954722,1.9375,2.0,2.5073467441680006,4.0,10172.0,,,,,,
509,sun3d-home_at-home_at_scan1_2013_jan_1,34,1,sagereg_regen,1081,0.0111008325624421,3.9152423332755935,0.1257010384086714,True,0.4181508339970605,1.6666666666666667,2.0,2.1818732917890973,6.0,8331.0,,,,,,
510,sun3d-home_at-home_at_scan1_2013_jan_1,37,1,sagereg_regen,955,0.0282722513089005,1.3732587587043306,0.0591012062907134,True,0.3573495479940902,1.6666666666666667,2.0,2.229554347884514,5.0,7199.0,,,,,,
511,sun3d-home_at-home_at_scan1_2013_jan_1,38,1,sagereg_regen,1002,0.0239520958083832,2.7421545014456346,0.1298123893354139,True,0.3578945079934783,1.7395833333333333,2.0,1.7534880665834864,4.0,7171.0,,,,,,
512,sun3d-home_at-home_at_scan1_2013_jan_1,50,1,sagereg_regen,1124,0.0053380782918149,142.6313587107182,5.068250251535798,False,0.3953998139986652,1.7083333333333333,2.0,1.136240368798886,5.0,3000.0,,,,,,
513,sun3d-home_at-home_at_scan1_2013_jan_1,34,2,sagereg_regen,1071,0.0093370681605975,111.48839868469442,3.501829383239375,False,0.3970829950048937,1.78125,2.0,1.064133958510904,6.0,3884.0,,,,,,
514,sun3d-home_at-home_at_scan1_2013_jan_1,36,2,sagereg_regen,1048,0.0114503816793893,129.00871020407405,3.181096572617115,False,0.3713127769951825,1.6458333333333333,2.0,1.3642531516390577,6.0,2689.0,,,,,,
515,sun3d-home_at-home_at_scan1_2013_jan_1,37,2,sagereg_regen,926,0.0259179265658747,1.9351399200705064,0.0453211479723126,True,0.3482411240038345,1.7083333333333333,2.0,2.007443894127274,5.0,7429.0,,,,,,
516,sun3d-home_at-home_at_scan1_2013_jan_1,38,2,sagereg_regen,1024,0.02734375,3.0821574408667467,0.1153797402640419,True,0.3850529380069929,1.8333333333333333,2.0,1.820490131005468,6.0,7425.0,,,,,,
517,sun3d-home_at-home_at_scan1_2013_jan_1,4,3,sagereg_regen,521,0.0019193857965451,23.77387640814194,1.3052922973881314,False,0.1711843230004888,1.7395833333333333,2.0,1.7839555970993204,3.0,1688.0,,,,,,
518,sun3d-home_at-home_at_scan1_2013_jan_1,6,3,sagereg_regen,468,0.0042735042735042,177.45941126864798,4.910075883265268,False,0.1560755709942896,1.8125,2.0,1.5647185556435528,6.0,1465.0,,,,,,
519,sun3d-home_at-home_at_scan1_2013_jan_1,31,3,sagereg_regen,649,0.012326656394453,180.0,5.735841631670144,False,0.2228261810014373,1.8333333333333333,2.0,1.2647550226778328,6.0,1844.0,,,,,,
520,sun3d-home_at-home_at_scan1_2013_jan_1,47,3,sagereg_regen,653,0.001531393568147,178.40371387127288,4.770571815084908,False,0.2308682959992438,1.8854166666666667,2.0,1.655088651567321,5.0,1711.0,,,,,,
521,sun3d-home_at-home_at_scan1_2013_jan_1,6,4,sagereg_regen,783,0.2937420178799489,0.3189432793797898,0.0102738483904913,True,0.2999605519944452,2.0,2.0,1.6518361736073597,5.0,5793.0,,,,,,
522,sun3d-home_at-home_at_scan1_2013_jan_1,7,4,sagereg_regen,679,0.0456553755522827,1.9812419706053936,0.0793768936711352,True,0.2510090009964187,1.9166666666666667,2.0,2.276201661254579,4.0,4390.0,,,,,,
523,sun3d-home_at-home_at_scan1_2013_jan_1,7,6,sagereg_regen,611,0.1014729950900163,2.339081539883259,0.0757869070340003,True,0.2289177530037704,1.9375,2.0,1.841976656276549,2.0,4249.0,,,,,,
524,sun3d-home_at-home_at_scan1_2013_jan_1,9,8,sagereg_regen,597,0.1155778894472361,0.7180940058623252,0.0276990502471758,True,0.2379470849991776,1.875,2.0,2.515193176052245,6.0,4529.0,,,,,,
525,sun3d-home_at-home_at_scan1_2013_jan_1,10,8,sagereg_regen,565,0.047787610619469,3.21197294968404,0.0914971248226927,True,0.2152131730035762,1.8645833333333333,2.0,1.3786069882445189,6.0,3256.0,,,,,,
526,sun3d-home_at-home_at_scan1_2013_jan_1,24,8,sagereg_regen,489,0.0265848670756646,112.53752999027414,3.7946973540577487,False,0.1856069380082772,1.8854166666666667,2.0,1.786943062643626,5.0,2166.0,,,,,,
527,sun3d-home_at-home_at_scan1_2013_jan_1,26,8,sagereg_regen,568,0.0140845070422535,104.8944974604178,3.515943944442252,False,0.2219138439977541,1.8229166666666667,2.0,1.980830206332361,5.0,1847.0,,,,,,
528,sun3d-home_at-home_at_scan1_2013_jan_1,28,8,sagereg_regen,566,0.0300353356890459,106.92698504730949,3.64533337554902,False,0.2126796670054318,1.8541666666666667,2.0,1.9293127647307216,4.0,1500.0,,,,,,
529,sun3d-home_at-home_at_scan1_2013_jan_1,29,8,sagereg_regen,537,0.0260707635009311,116.96086300753568,3.9356146127050007,False,0.2062098020032863,1.8854166666666667,2.0,1.6875485376929376,4.0,2284.0,,,,,,
530,sun3d-home_at-home_at_scan1_2013_jan_1,10,9,sagereg_regen,825,0.0812121212121212,1.7354267307542204,0.090990237281584,True,0.3078000129971769,1.9791666666666667,2.0,2.3485096443799733,5.0,6223.0,,,,,,
531,sun3d-home_at-home_at_scan1_2013_jan_1,29,9,sagereg_regen,643,0.0139968895800933,125.40012357049646,4.140975825364197,False,0.2220103290019324,1.8333333333333333,2.0,1.8777280041884263,2.0,2067.0,,,,,,
532,sun3d-home_at-home_at_scan1_2013_jan_1,11,10,sagereg_regen,980,0.0571428571428571,3.12828943595143,0.1378177553271168,True,0.3433937049994711,1.90625,2.0,2.159093953929691,6.0,4544.0,,,,,,
533,sun3d-home_at-home_at_scan1_2013_jan_1,12,11,sagereg_regen,966,0.2505175983436853,0.6030898125061246,0.0353814779066637,True,0.3909567169976071,1.90625,2.0,2.267119464369194,4.0,6370.0,,,,,,
534,sun3d-home_at-home_at_scan1_2013_jan_1,15,11,sagereg_regen,880,0.0715909090909091,1.942663543035941,0.0874588641403944,True,0.3392594800025108,1.90625,2.0,2.3237845260275694,5.0,5351.0,,,,,,
535,sun3d-home_at-home_at_scan1_2013_jan_1,17,11,sagereg_regen,699,0.0987124463519313,0.9359199373328002,0.0510797912606133,True,0.267844823996711,1.90625,2.0,2.192775548680694,2.0,5098.0,,,,,,
536,sun3d-home_at-home_at_scan1_2013_jan_1,13,12,sagereg_regen,838,0.4558472553699284,0.8362548838323526,0.0095513912602439,True,0.3424067030064179,1.9791666666666667,2.0,2.143040533914055,5.0,5850.0,,,,,,
537,sun3d-home_at-home_at_scan1_2013_jan_1,14,12,sagereg_regen,799,0.3078848560700876,0.3040669794627803,0.0426055359132574,True,0.3156984289962565,1.9895833333333333,2.0,1.796151230742987,4.0,5874.0,,,,,,
538,sun3d-home_at-home_at_scan1_2013_jan_1,15,12,sagereg_regen,870,0.1942528735632183,0.5035771819775687,0.0580000286342274,True,0.3143241940051666,1.9375,2.0,2.220993144913004,2.0,4626.0,,,,,,
539,sun3d-home_at-home_at_scan1_2013_jan_1,16,12,sagereg_regen,715,0.2657342657342657,1.1515165788950037,0.0836079637501742,True,0.2794435329997213,1.9791666666666667,2.0,1.9255689243072889,1.0,4515.0,,,,,,
540,sun3d-home_at-home_at_scan1_2013_jan_1,17,12,sagereg_regen,698,0.2234957020057306,0.1471306319319798,0.0460994353220117,True,0.2772276070027146,1.9895833333333333,2.0,2.1397000983952705,4.0,5045.0,,,,,,
541,sun3d-home_at-home_at_scan1_2013_jan_1,18,12,sagereg_regen,577,0.2651646447140381,1.188994431125893,0.0633385674861156,True,0.2408939710003323,1.9791666666666667,2.0,1.6828581565388714,2.0,4790.0,,,,,,
542,sun3d-home_at-home_at_scan1_2013_jan_1,21,12,sagereg_regen,388,0.2345360824742268,1.9353047632926643,0.0667610568687634,True,0.1493496669936576,1.84375,2.0,2.145315292119189,3.0,3238.0,,,,,,
543,sun3d-home_at-home_at_scan1_2013_jan_1,14,13,sagereg_regen,730,0.4493150684931506,0.5737378923260166,0.0137478886837547,True,0.2873848509989329,1.9791666666666667,2.0,2.162719760781048,1.0,5106.0,,,,,,
544,sun3d-home_at-home_at_scan1_2013_jan_1,15,13,sagereg_regen,691,0.1866859623733719,0.9506342349111796,0.0260775280178274,True,0.2660018159949686,1.9270833333333333,2.0,2.432108902032394,3.0,3678.0,,,,,,
545,sun3d-home_at-home_at_scan1_2013_jan_1,16,13,sagereg_regen,572,0.2989510489510489,0.7517432367119512,0.060860207554572,True,0.2378013870038557,1.9895833333333333,2.0,1.97487985369445,3.0,3624.0,,,,,,
546,sun3d-home_at-home_at_scan1_2013_jan_1,17,13,sagereg_regen,619,0.2924071082390953,1.230353722351294,0.007962618240989,True,0.241506885002309,1.9479166666666667,2.0,2.263019180830543,3.0,4116.0,,,,,,
547,sun3d-home_at-home_at_scan1_2013_jan_1,18,13,sagereg_regen,531,0.3766478342749529,0.832186536423199,0.0362624640482451,True,0.2203722539998125,1.9583333333333333,2.0,1.760926406684579,2.0,4340.0,,,,,,
548,sun3d-home_at-home_at_scan1_2013_jan_1,15,14,sagereg_regen,867,0.4175317185697808,0.4166461344004265,0.0414254668008653,True,0.3358199860012973,1.9583333333333333,2.0,2.3156632117476885,2.0,5617.0,,,,,,
549,sun3d-home_at-home_at_scan1_2013_jan_1,16,14,sagereg_regen,782,0.578005115089514,0.4611060363186686,0.0110255135675262,True,0.2962828680028906,1.9791666666666667,2.0,1.75627506025313,0.0,5341.0,,,,,,
550,sun3d-home_at-home_at_scan1_2013_jan_1,17,14,sagereg_regen,667,0.3748125937031484,0.6781771006727092,0.0248968343993116,True,0.2664289750027819,1.9791666666666667,2.0,2.1257923387588025,4.0,5030.0,,,,,,
551,sun3d-home_at-home_at_scan1_2013_jan_1,18,14,sagereg_regen,636,0.4150943396226415,0.9984210556892053,0.0241557967541633,True,0.2724779799973476,1.9895833333333333,2.0,2.0172803209155803,5.0,5345.0,,,,,,
552,sun3d-home_at-home_at_scan1_2013_jan_1,20,14,sagereg_regen,433,0.4688221709006928,0.9697919216822288,0.0080481775785252,True,0.1733870320022106,1.9791666666666667,2.0,1.579551998551758,4.0,3295.0,,,,,,
553,sun3d-home_at-home_at_scan1_2013_jan_1,21,14,sagereg_regen,416,0.2331730769230769,0.7098277359913677,0.0175014141451362,True,0.1667161880031926,1.9583333333333333,2.0,1.8385789935082368,6.0,2856.0,,,,,,
554,sun3d-home_at-home_at_scan1_2013_jan_1,16,15,sagereg_regen,849,0.4440518256772673,1.027571934175345,0.0411368281050451,True,0.3322614670032635,1.9791666666666667,2.0,1.7063491443907803,3.0,5513.0,,,,,,
555,sun3d-home_at-home_at_scan1_2013_jan_1,17,15,sagereg_regen,913,0.4994523548740416,0.565147819842353,0.0037735489669479,True,0.3662708350020693,1.9791666666666667,2.0,1.826214945332633,3.0,6146.0,,,,,,
556,sun3d-home_at-home_at_scan1_2013_jan_1,18,15,sagereg_regen,686,0.3192419825072886,1.3188990505822151,0.05775710863199,True,0.270055790002516,1.9791666666666667,2.0,2.036061889085561,3.0,4293.0,,,,,,
557,sun3d-home_at-home_at_scan1_2013_jan_1,21,15,sagereg_regen,446,0.3609865470852018,0.6784774258548975,0.0037553879432463,True,0.1772283680038526,1.96875,2.0,1.8892957808669413,4.0,3871.0,,,,,,
558,sun3d-home_at-home_at_scan1_2013_jan_1,17,16,sagereg_regen,697,0.4103299856527977,0.5987421970491169,0.011942248050784,True,0.2779034970008069,1.9895833333333333,2.0,1.6627544337030795,5.0,4019.0,,,,,,
559,sun3d-home_at-home_at_scan1_2013_jan_1,18,16,sagereg_regen,644,0.5139751552795031,1.1872332219534056,0.0418088672606241,True,0.2576916129983146,1.9895833333333333,2.0,2.142221171515235,1.0,4310.0,,,,,,
560,sun3d-home_at-home_at_scan1_2013_jan_1,19,16,sagereg_regen,292,0.4315068493150685,1.3846487998582806,0.0464374301858701,True,0.1218805410098866,2.0,2.0,2.088257293474033,3.0,2245.0,,,,,,
561,sun3d-home_at-home_at_scan1_2013_jan_1,20,16,sagereg_regen,544,0.5404411764705882,1.639834624257127,0.0380756368808525,True,0.2127176290014176,1.9895833333333333,2.0,1.752056107325367,0.0,3415.0,,,,,,
562,sun3d-home_at-home_at_scan1_2013_jan_1,21,16,sagereg_regen,420,0.3285714285714285,0.6601865728074445,0.0064883530998473,True,0.1678423299963469,2.0,2.0,1.923057454690295,3.0,2872.0,,,,,,
563,sun3d-home_at-home_at_scan1_2013_jan_1,18,17,sagereg_regen,637,0.4960753532182103,1.1025896557490775,0.040225159938398,True,0.2507824399945093,1.9375,2.0,2.239277777445646,3.0,3910.0,,,,,,
564,sun3d-home_at-home_at_scan1_2013_jan_1,21,17,sagereg_regen,530,0.5811320754716981,0.5938767721269668,0.005390586572642,True,0.2196512760056066,2.0,2.0,1.857436787934868,4.0,3779.0,,,,,,
565,sun3d-home_at-home_at_scan1_2013_jan_1,22,17,sagereg_regen,464,0.1163793103448275,1.273546047537526,0.0276122841726904,True,0.1804763710097177,1.9375,2.0,1.917303391335572,5.0,3859.0,,,,,,
566,sun3d-home_at-home_at_scan1_2013_jan_1,19,18,sagereg_regen,335,0.4298507462686567,1.0814664350124246,0.0199801440843637,True,0.1370047079981304,1.9479166666666667,2.0,2.227306011370729,2.0,2065.0,,,,,,
567,sun3d-home_at-home_at_scan1_2013_jan_1,20,18,sagereg_regen,431,0.4547563805104408,2.458499951356788,0.0532856081934018,True,0.1789954539999598,1.9895833333333333,2.0,1.6798849869387489,4.0,2957.0,,,,,,
568,sun3d-home_at-home_at_scan1_2013_jan_1,21,18,sagereg_regen,443,0.4627539503386004,0.6202538923552878,0.0084954173348191,True,0.1727065890008816,2.0,2.0,2.2342314636944423,2.0,2424.0,,,,,,
569,sun3d-home_at-home_at_scan1_2013_jan_1,20,19,sagereg_regen,296,0.5337837837837838,0.8325037204067182,0.0281440895571885,True,0.1301589809954748,2.0,2.0,2.131446062520735,4.0,2110.0,,,,,,
570,sun3d-home_at-home_at_scan1_2013_jan_1,21,20,sagereg_regen,337,0.2314540059347181,2.7176384336209494,0.0224085515383948,True,0.1341301549982745,1.9791666666666667,2.0,2.3250994185054097,3.0,1627.0,,,,,,
571,sun3d-home_at-home_at_scan1_2013_jan_1,22,21,sagereg_regen,397,0.198992443324937,1.8946379923025705,0.0410184361554768,True,0.159556562990474,1.9583333333333333,2.0,2.2442222997491577,5.0,3221.0,,,,,,
572,sun3d-home_at-home_at_scan1_2013_jan_1,23,22,sagereg_regen,466,0.1459227467811159,1.9082604627940296,0.0928780105840367,True,0.1870927620038855,1.8645833333333333,2.0,2.294522732089737,5.0,4071.0,,,,,,
573,sun3d-home_at-home_at_scan1_2013_jan_1,31,23,sagereg_regen,702,0.4373219373219373,1.296264243094219,0.053631299140875,True,0.2729194069979712,1.9375,2.0,1.8248381098706865,5.0,3378.0,,,,,,
574,sun3d-home_at-home_at_scan1_2013_jan_1,32,23,sagereg_regen,603,0.3051409618573797,1.08366792753027,0.0455463339866301,True,0.2400083469983656,1.90625,2.0,1.872296369017329,5.0,3823.0,,,,,,
575,sun3d-home_at-home_at_scan1_2013_jan_1,42,23,sagereg_regen,472,0.0423728813559322,2.1202867616087064,0.0591154141501727,True,0.1691932929970789,1.84375,2.0,1.7639683130126214,4.0,3691.0,,,,,,
576,sun3d-home_at-home_at_scan1_2013_jan_1,25,24,sagereg_regen,511,0.1585127201565557,0.568264758314042,0.0199671708788465,True,0.2144964399922173,1.9583333333333333,2.0,2.176117091631725,5.0,4817.0,,,,,,
577,sun3d-home_at-home_at_scan1_2013_jan_1,26,24,sagereg_regen,608,0.1513157894736842,1.8168103854410549,0.0636075655414806,True,0.2584115210047457,1.875,2.0,1.9589929512927464,4.0,5067.0,,,,,,
578,sun3d-home_at-home_at_scan1_2013_jan_1,28,24,sagereg_regen,627,0.1307814992025518,1.85035420203358,0.0838286692561419,True,0.2613027269981103,1.9479166666666667,2.0,2.314991858395893,5.0,4525.0,,,,,,
579,sun3d-home_at-home_at_scan1_2013_jan_1,29,24,sagereg_regen,970,0.5298969072164949,0.6133132943521723,0.0180893262539501,True,0.3933232170020346,2.0,2.0,2.186783197123868,2.0,6586.0,,,,,,
580,sun3d-home_at-home_at_scan1_2013_jan_1,30,24,sagereg_regen,625,0.2544,1.7800417564901914,0.0814203473537508,True,0.2613785819994518,2.0,2.0,1.8299790393750264,4.0,3883.0,,,,,,
581,sun3d-home_at-home_at_scan1_2013_jan_1,31,24,sagereg_regen,747,0.1834002677376171,3.296584181431019,0.1136796843289083,True,0.2723947859922191,1.9166666666666667,2.0,2.3110205273126816,3.0,3296.0,,,,,,
582,sun3d-home_at-home_at_scan1_2013_jan_1,26,25,sagereg_regen,766,0.206266318537859,0.8916781088782277,0.0339748527717454,True,0.3079089970051427,1.9791666666666667,2.0,1.81014238112682,2.0,5409.0,,,,,,
583,sun3d-home_at-home_at_scan1_2013_jan_1,27,25,sagereg_regen,531,0.0621468926553672,4.1499299055704535,0.2005180159534915,True,0.2172594239964382,1.9791666666666667,2.0,1.8204946443916348,5.0,3508.0,,,,,,
584,sun3d-home_at-home_at_scan1_2013_jan_1,28,25,sagereg_regen,766,0.2193211488250653,1.4184132517783976,0.0604679227688987,True,0.305443675002607,2.0,2.0,1.86211147495786,3.0,4766.0,,,,,,
585,sun3d-home_at-home_at_scan1_2013_jan_1,29,25,sagereg_regen,548,0.1697080291970802,0.8094209318211091,0.0307741224718194,True,0.228569578997849,1.9479166666666667,2.0,2.175242738105476,4.0,4280.0,,,,,,
586,sun3d-home_at-home_at_scan1_2013_jan_1,27,26,sagereg_regen,643,0.0653188180404354,2.0909702200820584,0.0884050320536129,True,0.2455219949915772,1.9583333333333333,2.0,2.378714638724392,1.0,3760.0,,,,,,
587,sun3d-home_at-home_at_scan1_2013_jan_1,28,26,sagereg_regen,1096,0.4096715328467153,1.4063757691386147,0.0319345250627014,True,0.4563418630059459,1.9895833333333333,2.0,1.9319554594577089,3.0,6713.0,,,,,,
588,sun3d-home_at-home_at_scan1_2013_jan_1,29,26,sagereg_regen,675,0.2133333333333333,1.1215847327057646,0.0498217659693566,True,0.2795853619973059,1.875,2.0,1.9611961295986704,4.0,5186.0,,,,,,
589,sun3d-home_at-home_at_scan1_2013_jan_1,28,27,sagereg_regen,560,0.0982142857142857,1.8571684717290389,0.0502308283467627,True,0.2261004580068402,1.9166666666666667,2.0,2.4976509242260145,3.0,4062.0,,,,,,
590,sun3d-home_at-home_at_scan1_2013_jan_1,29,28,sagereg_regen,722,0.1897506925207756,2.448923040329069,0.0952287860519573,True,0.2901597319942084,1.9895833333333333,2.0,1.9140005968118876,4.0,4949.0,,,,,,
591,sun3d-home_at-home_at_scan1_2013_jan_1,30,29,sagereg_regen,594,0.1851851851851851,0.6400680491051458,0.0493753908619041,True,0.2490343690005829,1.9375,2.0,2.2207795010539875,5.0,4288.0,,,,,,
592,sun3d-home_at-home_at_scan1_2013_jan_1,31,29,sagereg_regen,820,0.1329268292682927,2.956043952957357,0.1025474770910429,True,0.304009320003388,1.9375,2.0,2.262723614455177,5.0,3735.0,,,,,,
593,sun3d-home_at-home_at_scan1_2013_jan_1,31,30,sagereg_regen,586,0.114334470989761,0.8064206033785027,0.0231093310297475,True,0.2296520590025466,1.90625,2.0,1.7045226552997712,5.0,3974.0,,,,,,
594,sun3d-home_at-home_at_scan1_2013_jan_1,32,30,sagereg_regen,481,0.1351351351351351,1.6458570467876508,0.0557309465329481,True,0.1711913969920715,1.7916666666666667,2.0,2.2136615869840908,6.0,2314.0,,,,,,
595,sun3d-home_at-home_at_scan1_2013_jan_1,32,31,sagereg_regen,902,0.3636363636363636,0.1189708404341754,0.0113182297126287,True,0.3319488689958234,1.9375,2.0,2.02514968015381,3.0,5353.0,,,,,,
596,sun3d-home_at-home_at_scan1_2013_jan_1,33,31,sagereg_regen,824,0.0825242718446602,0.635485106341557,0.0271767109172779,True,0.3158679620028124,1.9270833333333333,2.0,2.413719506354432,5.0,5129.0,,,,,,
597,sun3d-home_at-home_at_scan1_2013_jan_1,47,31,sagereg_regen,766,0.0248041775456919,1.261307450713511,0.0440630921554316,True,0.289846301995567,1.875,2.0,1.869894874078445,6.0,7750.0,,,,,,
598,sun3d-home_at-home_at_scan1_2013_jan_1,48,31,sagereg_regen,880,0.025,1.633652996877518,0.0590194011201127,True,0.329548022004019,1.8020833333333333,2.0,2.3157456193756065,6.0,5774.0,,,,,,
599,sun3d-home_at-home_at_scan1_2013_jan_1,34,33,sagereg_regen,977,0.1258955987717502,3.2500368467366223,0.1348104673887568,True,0.3708181600013631,1.8958333333333333,2.0,2.3196007230668703,4.0,4473.0,,,,,,
600,sun3d-home_at-home_at_scan1_2013_jan_1,36,33,sagereg_regen,958,0.0887265135699373,2.85145301245563,0.0952764215026694,True,0.3518391670004348,1.8229166666666667,2.0,2.501970468790605,4.0,4411.0,,,,,,
601,sun3d-home_at-home_at_scan1_2013_jan_1,38,33,sagereg_regen,915,0.0928961748633879,0.8045949767942394,0.0308660295212545,True,0.3355514760041842,1.8854166666666667,2.0,1.9759573055773296,6.0,3229.0,,,,,,
602,sun3d-home_at-home_at_scan1_2013_jan_1,41,33,sagereg_regen,643,0.0451010886469673,4.630342647300027,0.0889584724325377,True,0.2465422460008994,1.84375,2.0,2.6221481760352185,5.0,5323.0,,,,,,
603,sun3d-home_at-home_at_scan1_2013_jan_1,42,33,sagereg_regen,636,0.0141509433962264,77.53860584353592,3.3615883076677164,False,0.2275111709968769,1.8333333333333333,2.0,1.7276952349466927,6.0,2033.0,,,,,,
604,sun3d-home_at-home_at_scan1_2013_jan_1,47,33,sagereg_regen,708,0.0211864406779661,24.787298371458192,1.4985396834412594,False,0.2666211889954866,1.8958333333333333,2.0,1.0673376032472406,6.0,4390.0,,,,,,
605,sun3d-home_at-home_at_scan1_2013_jan_1,48,33,sagereg_regen,852,0.0234741784037558,6.212111863556317,0.2541709902046626,True,0.3252104540006257,1.8854166666666667,2.0,2.615221829037216,5.0,5623.0,,,,,,
606,sun3d-home_at-home_at_scan1_2013_jan_1,35,34,sagereg_regen,1556,0.0642673521850899,0.5412750058396436,0.0145989587402821,True,0.5825301320001017,1.8125,2.0,2.4347841200191094,5.0,7565.0,,,,,,
607,sun3d-home_at-home_at_scan1_2013_jan_1,36,34,sagereg_regen,1511,0.272005294506949,0.7770512223188129,0.005746488251874,True,0.5912752099975478,1.9479166666666667,2.0,2.272987428941273,2.0,10232.0,,,,,,
608,sun3d-home_at-home_at_scan1_2013_jan_1,37,34,sagereg_regen,1219,0.0697292863002461,2.066635900561167,0.0304600278268842,True,0.4609222270009923,1.7708333333333333,2.0,1.9765940961816737,4.0,8051.0,,,,,,
609,sun3d-home_at-home_at_scan1_2013_jan_1,50,35,sagereg_regen,1550,0.0180645161290322,1.856541168496718,0.0328351594354883,True,0.5857456950034248,1.7708333333333333,2.0,2.1556401212650385,6.0,11074.0,,,,,,
610,sun3d-home_at-home_at_scan1_2013_jan_1,37,36,sagereg_regen,1315,0.1901140684410646,0.9900627631341212,0.0078488487063569,True,0.4987061220090254,1.84375,2.0,2.059645401926381,3.0,9082.0,,,,,,
611,sun3d-home_at-home_at_scan1_2013_jan_1,48,36,sagereg_regen,1038,0.0163776493256262,2.783687310938784,0.0520307392124098,True,0.399477343991748,1.78125,2.0,2.0098723773636418,6.0,7487.0,,,,,,
612,sun3d-home_at-home_at_scan1_2013_jan_1,49,36,sagereg_regen,1257,0.0175019888623707,1.47187226845108,0.0524096400781015,True,0.459734172996832,1.7395833333333333,2.0,2.3078020723945407,6.0,6892.0,,,,,,
613,sun3d-home_at-home_at_scan1_2013_jan_1,38,37,sagereg_regen,1051,0.1408182683158896,1.0645858170358278,0.0712514405615628,True,0.4026442829999723,1.7604166666666667,2.0,1.98565588199478,3.0,6524.0,,,,,,
614,sun3d-home_at-home_at_scan1_2013_jan_1,49,37,sagereg_regen,1170,0.0094017094017094,130.9847978186697,3.16447716812331,False,0.4029817820046446,1.6666666666666667,2.0,1.1316243210081212,6.0,2698.0,,,,,,
615,sun3d-home_at-home_at_scan1_2013_jan_1,39,38,sagereg_regen,969,0.067079463364293,1.7499381765025162,0.0581932648237907,True,0.3576863450070959,1.8020833333333333,2.0,1.579043253965683,4.0,6758.0,,,,,,
616,sun3d-home_at-home_at_scan1_2013_jan_1,40,39,sagereg_regen,1183,0.0557903634826711,5.887731407537807,0.1444648982754094,True,0.4223257249977905,1.9479166666666667,2.0,1.9252253859948696,6.0,5124.0,,,,,,
617,sun3d-home_at-home_at_scan1_2013_jan_1,41,40,sagereg_regen,804,0.1119402985074626,1.4554583988065588,0.0507007362334314,True,0.3232139649990131,1.9791666666666667,2.0,2.4392183755844536,5.0,6481.0,,,,,,
618,sun3d-home_at-home_at_scan1_2013_jan_1,42,41,sagereg_regen,887,0.0811724915445321,1.594670445277652,0.0614721609432095,True,0.3238339070012443,1.9895833333333333,2.0,2.700546100700723,6.0,5343.0,,,,,,
619,sun3d-home_at-home_at_scan1_2013_jan_1,43,41,sagereg_regen,493,0.0202839756592292,6.734289896115836,0.2896481262580967,True,0.1682979850011179,1.71875,2.0,1.4301768608084662,6.0,2541.0,,,,,,
620,sun3d-home_at-home_at_scan1_2013_jan_1,44,41,sagereg_regen,564,0.0088652482269503,40.7429707495914,1.1608137584357483,False,0.2017036160032148,1.84375,2.0,2.011708032763897,4.0,2409.0,,,,,,
621,sun3d-home_at-home_at_scan1_2013_jan_1,45,41,sagereg_regen,512,0.015625,3.3402731271003807,0.1921376424262262,True,0.1802608949947171,1.7604166666666667,2.0,1.7522288038167166,6.0,3368.0,,,,,,
622,sun3d-home_at-home_at_scan1_2013_jan_1,46,41,sagereg_regen,575,0.0347826086956521,2.116606289023857,0.1075272238509467,True,0.2127326269983314,1.9479166666666667,2.0,1.9993877011164751,5.0,4213.0,,,,,,
623,sun3d-home_at-home_at_scan1_2013_jan_1,47,41,sagereg_regen,714,0.0462184873949579,2.294759585821915,0.0963366527426254,True,0.2712924100051168,1.9583333333333333,2.0,2.36008799197101,5.0,5265.0,,,,,,
624,sun3d-home_at-home_at_scan1_2013_jan_1,48,41,sagereg_regen,749,0.0226969292389853,7.723025222985729,0.3810587433298911,False,0.265369153006759,1.8541666666666667,2.0,2.4314810420853386,6.0,4337.0,,,,,,
625,sun3d-home_at-home_at_scan1_2013_jan_1,43,42,sagereg_regen,660,0.2757575757575757,0.941111846506218,0.0668270896423912,True,0.2677651410049293,1.8645833333333333,2.0,2.667521142021429,3.0,4912.0,,,,,,
626,sun3d-home_at-home_at_scan1_2013_jan_1,44,42,sagereg_regen,650,0.1323076923076923,2.865258574011258,0.0715610304411486,True,0.2611221140032285,1.9166666666666667,2.0,2.5025628188893103,5.0,5153.0,,,,,,
627,sun3d-home_at-home_at_scan1_2013_jan_1,45,42,sagereg_regen,599,0.1202003338898163,1.2176549539278465,0.041530770862721,True,0.2409359130033408,1.9166666666666667,2.0,2.707938556929166,5.0,5058.0,,,,,,
628,sun3d-home_at-home_at_scan1_2013_jan_1,46,42,sagereg_regen,667,0.2638680659670165,0.5793782413634834,0.0348346128978154,True,0.281059514003573,1.9270833333333333,2.0,2.240579675777875,3.0,6216.0,,,,,,
629,sun3d-home_at-home_at_scan1_2013_jan_1,47,42,sagereg_regen,856,0.2663551401869158,2.1243820332228074,0.1069516143464844,True,0.3651987970006303,1.9791666666666667,2.0,2.336634823137804,3.0,6510.0,,,,,,
630,sun3d-home_at-home_at_scan1_2013_jan_1,48,42,sagereg_regen,711,0.0365682137834036,2.2770412617809326,0.1221122980582742,True,0.2625859279942233,1.8229166666666667,2.0,2.302678836308105,6.0,3534.0,,,,,,
631,sun3d-home_at-home_at_scan1_2013_jan_1,44,43,sagereg_regen,714,0.2310924369747899,1.2388820281593962,0.0279923579500933,True,0.304222980987106,1.9479166666666667,2.0,2.0983383733341934,6.0,6266.0,,,,,,
632,sun3d-home_at-home_at_scan1_2013_jan_1,45,43,sagereg_regen,639,0.2535211267605634,0.5071081663586413,0.0109609372512115,True,0.2669199589945492,1.8645833333333333,2.0,2.412161051176195,3.0,6295.0,,,,,,
633,sun3d-home_at-home_at_scan1_2013_jan_1,46,43,sagereg_regen,680,0.2455882352941176,0.6483989532908803,0.0359428754823806,True,0.2862470780019066,1.90625,2.0,2.571209833692516,5.0,5357.0,,,,,,
634,sun3d-home_at-home_at_scan1_2013_jan_1,47,43,sagereg_regen,656,0.1707317073170731,1.570376634036196,0.075574884030296,True,0.2596712829981698,1.8645833333333333,2.0,2.7737393105719645,6.0,3858.0,,,,,,
635,sun3d-home_at-home_at_scan1_2013_jan_1,45,44,sagereg_regen,951,0.3817034700315457,0.290072167818414,0.0097120967369468,True,0.4015537519953795,1.9791666666666667,2.0,2.3745691389912658,6.0,7037.0,,,,,,
636,sun3d-home_at-home_at_scan1_2013_jan_1,46,44,sagereg_regen,708,0.1440677966101695,2.646132646810352,0.0766773475339937,True,0.2762157829929492,1.9375,2.0,2.5362882248987746,3.0,5576.0,,,,,,
637,sun3d-home_at-home_at_scan1_2013_jan_1,47,44,sagereg_regen,642,0.1043613707165109,1.8335098586954628,0.0331214100420605,True,0.2490192449913593,1.8958333333333333,2.0,2.480367080023264,6.0,3732.0,,,,,,
638,sun3d-home_at-home_at_scan1_2013_jan_1,46,45,sagereg_regen,753,0.1208499335989375,2.465057744477789,0.0672579808089355,True,0.2999330789898522,1.9791666666666667,2.0,2.427540459713816,5.0,5515.0,,,,,,
639,sun3d-home_at-home_at_scan1_2013_jan_1,47,45,sagereg_regen,666,0.1141141141141141,1.2077352930723415,0.0145417433226512,True,0.2574444589990889,1.9166666666666667,2.0,2.706398978836976,6.0,3697.0,,,,,,
640,sun3d-home_at-home_at_scan1_2013_jan_1,47,46,sagereg_regen,744,0.1908602150537634,2.640189082884281,0.1319280702659757,True,0.2872548079976695,1.9270833333333333,2.0,2.0963558482324807,1.0,5006.0,,,,,,
641,sun3d-home_at-home_at_scan1_2013_jan_1,48,46,sagereg_regen,770,0.0246753246753246,4.00792743177001,0.1670423248826567,True,0.2573017870017793,1.8854166666666667,2.0,1.964231261917352,6.0,2425.0,,,,,,
642,sun3d-home_at-home_at_scan1_2013_jan_1,48,47,sagereg_regen,1035,0.1536231884057971,1.448296059667296,0.0728867045059542,True,0.3908157530022436,1.9479166666666667,2.0,2.277362370452491,1.0,6139.0,,,,,,
643,sun3d-home_at-home_at_scan1_2013_jan_1,49,48,sagereg_regen,1130,0.1336283185840708,1.349828157887049,0.036506812233236,True,0.4156168299959972,1.875,2.0,2.8311548013277883,2.0,6063.0,,,,,,
644,sun3d-home_at-home_at_scan1_2013_jan_1,50,48,sagereg_regen,1121,0.0499553969669937,4.103365424111862,0.1199414990511139,True,0.3945381339945015,1.875,2.0,2.564128192605541,3.0,4853.0,,,,,,
645,sun3d-home_at-home_at_scan1_2013_jan_1,50,49,sagereg_regen,1458,0.176954732510288,0.8920081608997752,0.0129017283781141,True,0.5769752330015763,1.8854166666666667,2.0,2.372398233721689,3.0,11743.0,,,,,,
646,sun3d-home_at-home_at_scan1_2013_jan_1,51,49,sagereg_regen,1270,0.1118110236220472,1.4035491530374502,0.0304999467721967,True,0.4798078040112159,1.9166666666666667,2.0,2.034812894023581,4.0,9577.0,,,,,,
647,sun3d-home_at-home_at_scan1_2013_jan_1,51,50,sagereg_regen,1285,0.1307392996108949,0.4438650551590113,0.0221355036006396,True,0.5146450680040289,1.8958333333333333,2.0,1.9052839016240295,5.0,9393.0,,,,,,
648,sun3d-home_at-home_at_scan1_2013_jan_1,55,51,sagereg_regen,1039,0.0365736284889316,1.8067645644007893,0.0474198137600309,True,0.4106340280050062,1.84375,2.0,1.2761899286387464,5.0,7416.0,,,,,,
649,sun3d-home_at-home_at_scan1_2013_jan_1,53,52,sagereg_regen,626,0.0159744408945686,92.48868550677312,1.3268746603317292,False,0.2419002620008541,1.8958333333333333,2.0,2.3785708766811307,5.0,1784.0,,,,,,
650,sun3d-home_at-home_at_scan1_2013_jan_1,54,52,sagereg_regen,743,0.0309555854643337,1.0988561405250337,0.0157988899867809,True,0.3070037970028352,1.9166666666666667,2.0,1.3627356855265833,6.0,7187.0,,,,,,
651,sun3d-home_at-home_at_scan1_2013_jan_1,55,52,sagereg_regen,836,0.020334928229665,19.999447608760224,0.7045747235148448,False,0.3085969389940146,1.90625,2.0,2.3361399002368044,4.0,4901.0,,,,,,
652,sun3d-home_at-home_at_scan1_2013_jan_1,54,53,sagereg_regen,898,0.0946547884187082,0.91641287197044,0.0147105683598852,True,0.3740031320048729,1.8645833333333333,2.0,1.6738826980550163,5.0,7669.0,,,,,,
653,sun3d-home_at-home_at_scan1_2013_jan_1,55,53,sagereg_regen,939,0.101171458998935,0.8068194766373965,0.0158586242875587,True,0.3793566509993979,1.8854166666666667,2.0,2.199027554962987,4.0,7758.0,,,,,,
654,sun3d-home_at-home_at_scan1_2013_jan_1,56,53,sagereg_regen,759,0.0566534914361001,1.278575978848599,0.0385871992295076,True,0.2956926359984209,1.875,2.0,2.4728270935056607,4.0,4707.0,,,,,,
655,sun3d-home_at-home_at_scan1_2013_jan_1,58,53,sagereg_regen,711,0.040787623066104,1.8628898263163916,0.0307902274376144,True,0.2742461000016192,1.8229166666666667,2.0,1.964195162808191,4.0,3883.0,,,,,,
656,sun3d-home_at-home_at_scan1_2013_jan_1,55,54,sagereg_regen,1192,0.0771812080536912,0.7628587278176662,0.0242022473838505,True,0.4486361509989365,1.8645833333333333,2.0,1.889140037356161,2.0,8777.0,,,,,,
657,sun3d-home_at-home_at_scan1_2013_jan_1,57,56,sagereg_regen,603,0.1177446102819237,1.0759054743521772,0.0395642266856367,True,0.2507005159932305,1.8645833333333333,2.0,2.081614570377753,5.0,3227.0,,,,,,
658,sun3d-home_at-home_at_scan1_2013_jan_1,58,56,sagereg_regen,769,0.2873862158647594,0.1865015396668438,0.0102307155907559,True,0.3393278399962582,1.90625,2.0,2.498882574635516,5.0,5669.0,,,,,,
659,sun3d-home_at-home_at_scan1_2013_jan_1,59,56,sagereg_regen,723,0.2669432918395574,2.0510563354317544,0.0590076460562665,True,0.2957606810086872,2.0,2.0,2.3773368225291684,3.0,3499.0,,,,,,
660,sun3d-home_at-home_at_scan1_2013_jan_1,58,57,sagereg_regen,878,0.2027334851936218,1.0727681674316312,0.0394203321566813,True,0.3641500759986229,1.9166666666666667,2.0,2.308327227009164,4.0,5526.0,,,,,,
661,sun3d-home_at-home_at_scan1_2013_jan_1,59,58,sagereg_regen,491,0.2138492871690427,1.5044173064419295,0.0318725292712022,True,0.1870190710033057,1.8854166666666667,2.0,2.2766293268835303,3.0,4067.0,,,,,,
662,sun3d-home_md-home_md_scan9_2012_sep_30,2,1,sagereg_regen,1062,0.0781544256120527,0.8359853691347788,0.072112213536614,True,0.4086800970035256,1.875,2.0,1.9729198964850576,6.0,6747.0,,,,,,
663,sun3d-home_md-home_md_scan9_2012_sep_30,3,2,sagereg_regen,1143,0.1837270341207349,1.7198727380282808,0.0738248797076566,True,0.4614505299978191,1.9479166666666667,2.0,2.2474202613808645,4.0,8087.0,,,,,,
664,sun3d-home_md-home_md_scan9_2012_sep_30,5,2,sagereg_regen,1220,0.1245901639344262,2.0884208327931235,0.0640486351961429,True,0.4832427680012188,1.9166666666666667,2.0,2.231090054373825,2.0,8359.0,,,,,,
665,sun3d-home_md-home_md_scan9_2012_sep_30,7,2,sagereg_regen,1079,0.2029657089898053,0.5459635128547623,0.0574751137649878,True,0.4477743329989607,1.90625,2.0,2.257182544616703,6.0,8959.0,,,,,,
666,sun3d-home_md-home_md_scan9_2012_sep_30,4,3,sagereg_regen,1396,0.3424068767908309,0.6564405693779541,0.0281948721107866,True,0.573974017999717,1.8958333333333333,2.0,2.3511053070661188,6.0,9778.0,,,,,,
667,sun3d-home_md-home_md_scan9_2012_sep_30,5,3,sagereg_regen,1487,0.3833221250840619,0.5627192646743595,0.0282085660838479,True,0.5926608640002087,1.9583333333333333,2.0,2.3909026500462995,2.0,10028.0,,,,,,
668,sun3d-home_md-home_md_scan9_2012_sep_30,6,3,sagereg_regen,1119,0.2010723860589812,2.6373970174376,0.1098887555821242,True,0.4587513369988301,1.8854166666666667,2.0,1.8433876093060928,5.0,7055.0,,,,,,
669,sun3d-home_md-home_md_scan9_2012_sep_30,7,3,sagereg_regen,1218,0.3136288998357964,2.2243403865457503,0.1010312925789584,True,0.4882545599975856,1.9375,2.0,2.275982459748394,3.0,7997.0,,,,,,
670,sun3d-home_md-home_md_scan9_2012_sep_30,38,3,sagereg_regen,957,0.0334378265412748,2.1767700685007463,0.0366117332922638,True,0.3677056200031074,1.8229166666666667,2.0,2.153208302608887,6.0,9164.0,,,,,,
671,sun3d-home_md-home_md_scan9_2012_sep_30,39,3,sagereg_regen,1153,0.028620988725065,2.6957953908594496,0.1009013968629666,True,0.442438410995237,1.8333333333333333,2.0,2.336810451372008,6.0,9284.0,,,,,,
672,sun3d-home_md-home_md_scan9_2012_sep_30,40,3,sagereg_regen,921,0.0521172638436482,0.996465214497415,0.0287600988776907,True,0.3590276180038927,1.84375,2.0,2.3248571426698046,6.0,8134.0,,,,,,
673,sun3d-home_md-home_md_scan9_2012_sep_30,41,3,sagereg_regen,941,0.0350690754516471,1.0244033260027656,0.0457336133052864,True,0.3497721699968679,1.7708333333333333,2.0,2.3455812912118468,6.0,5722.0,,,,,,
674,sun3d-home_md-home_md_scan9_2012_sep_30,45,3,sagereg_regen,1144,0.0279720279720279,2.8023930648345927,0.1500162883223167,True,0.4342466259913635,1.6666666666666667,2.0,2.180390668322543,5.0,6380.0,,,,,,
675,sun3d-home_md-home_md_scan9_2012_sep_30,46,3,sagereg_regen,1080,0.0379629629629629,1.143016622011375,0.0628467258029559,True,0.423255016998155,1.6666666666666667,2.0,2.3268716126165288,6.0,9483.0,,,,,,
676,sun3d-home_md-home_md_scan9_2012_sep_30,47,3,sagereg_regen,940,0.0553191489361702,0.8397650815858293,0.0509055535601346,True,0.3429633529958664,1.8125,2.0,2.287313250926467,1.0,5747.0,,,,,,
677,sun3d-home_md-home_md_scan9_2012_sep_30,5,4,sagereg_regen,1561,0.4567584881486227,0.9174660948258024,0.0415414404003876,True,0.6204686099954415,1.9895833333333333,2.0,2.3334520640366865,1.0,9197.0,,,,,,
678,sun3d-home_md-home_md_scan9_2012_sep_30,6,4,sagereg_regen,1060,0.2132075471698113,2.791813005546265,0.1094550220627599,True,0.4214994819994899,1.875,2.0,1.9569451226344152,5.0,6087.0,,,,,,
679,sun3d-home_md-home_md_scan9_2012_sep_30,7,4,sagereg_regen,1119,0.2421805183199285,2.467121770466059,0.1175983565496729,True,0.4540862950088922,1.9270833333333333,2.0,2.226602282346043,4.0,7083.0,,,,,,
680,sun3d-home_md-home_md_scan9_2012_sep_30,38,4,sagereg_regen,1011,0.0722057368941642,1.826086499935608,0.0565343860914793,True,0.3870181629972649,1.875,2.0,1.6687311461055463,6.0,9115.0,,,,,,
681,sun3d-home_md-home_md_scan9_2012_sep_30,39,4,sagereg_regen,1197,0.0409356725146198,1.7140372328270943,0.0686778875856556,True,0.4597863800081541,1.7083333333333333,2.0,2.125801701294818,5.0,9863.0,,,,,,
682,sun3d-home_md-home_md_scan9_2012_sep_30,40,4,sagereg_regen,1005,0.0756218905472636,0.367384875508125,0.016036397597875,True,0.3813272799961851,1.8854166666666667,2.0,2.177585015494696,3.0,8932.0,,,,,,
683,sun3d-home_md-home_md_scan9_2012_sep_30,41,4,sagereg_regen,1030,0.0631067961165048,1.599694658674199,0.0590840137586801,True,0.3778019199962728,1.8541666666666667,2.0,1.909843070448117,4.0,6462.0,,,,,,
684,sun3d-home_md-home_md_scan9_2012_sep_30,46,4,sagereg_regen,1121,0.0463871543264942,0.7026153298582773,0.0399417438508648,True,0.4226293739993707,1.8645833333333333,2.0,2.12801784832588,4.0,9600.0,,,,,,
685,sun3d-home_md-home_md_scan9_2012_sep_30,47,4,sagereg_regen,960,0.0645833333333333,92.32385967618433,2.190231174624038,False,0.3518967190029798,1.8958333333333333,2.0,2.295702673007847,4.0,4612.0,,,,,,
686,sun3d-home_md-home_md_scan9_2012_sep_30,6,5,sagereg_regen,1276,0.2547021943573668,1.736306309302629,0.0711408614876413,True,0.5031529249972664,1.9166666666666667,2.0,2.000622140763384,1.0,7802.0,,,,,,
687,sun3d-home_md-home_md_scan9_2012_sep_30,7,5,sagereg_regen,1344,0.3995535714285714,1.5309202735847207,0.0630571382628349,True,0.5589113219975843,1.9479166666666667,2.0,2.4970031964606103,4.0,8511.0,,,,,,
688,sun3d-home_md-home_md_scan9_2012_sep_30,38,5,sagereg_regen,922,0.0520607375271149,1.7542165486980033,0.0249731092101728,True,0.3676292009986355,1.8125,2.0,2.047192227994016,5.0,9264.0,,,,,,
689,sun3d-home_md-home_md_scan9_2012_sep_30,39,5,sagereg_regen,1093,0.0247026532479414,3.8273199731116905,0.1429905605932805,True,0.4216873629993642,1.7604166666666667,2.0,1.7579692885619658,6.0,8502.0,,,,,,
690,sun3d-home_md-home_md_scan9_2012_sep_30,40,5,sagereg_regen,922,0.0585683297180043,0.5041836803097396,0.0261441331338104,True,0.3524296749965288,1.8020833333333333,2.0,2.05024291141768,4.0,7851.0,,,,,,
691,sun3d-home_md-home_md_scan9_2012_sep_30,45,5,sagereg_regen,1205,0.0165975103734439,1.7612907278280394,0.1204024332763127,True,0.4448809879977489,1.6354166666666667,2.0,1.8220534788341087,5.0,6592.0,,,,,,
692,sun3d-home_md-home_md_scan9_2012_sep_30,46,5,sagereg_regen,1077,0.0380687093779015,1.619707399069003,0.0731222649058051,True,0.4223420569978771,1.7708333333333333,2.0,2.054826783762972,6.0,9923.0,,,,,,
693,sun3d-home_md-home_md_scan9_2012_sep_30,7,6,sagereg_regen,1164,0.2689003436426116,2.427193591975123,0.1138214850918134,True,0.4780710889972397,1.9166666666666667,2.0,2.0051068920885657,6.0,6790.0,,,,,,
694,sun3d-home_md-home_md_scan9_2012_sep_30,46,6,sagereg_regen,975,0.0276923076923076,1.1618424499171889,0.0659404526505523,True,0.3688060699932975,1.78125,2.0,1.889761638842777,6.0,7786.0,,,,,,
695,sun3d-home_md-home_md_scan9_2012_sep_30,38,7,sagereg_regen,830,0.0421686746987951,1.6934735663972609,0.0695326423925412,True,0.3331874240029719,1.8854166666666667,2.0,1.6365828551338089,5.0,7842.0,,,,,,
696,sun3d-home_md-home_md_scan9_2012_sep_30,46,7,sagereg_regen,920,0.0293478260869565,2.8631678168715338,0.1524201747089542,True,0.3598502850072691,1.6979166666666667,2.0,2.035741480255502,6.0,7326.0,,,,,,
697,sun3d-home_md-home_md_scan9_2012_sep_30,9,8,sagereg_regen,563,0.0408525754884547,1.086190454927029,0.6598374060479869,False,0.221936933005054,1.9375,2.0,2.466073217866713,3.0,4289.0,,,,,,
698,sun3d-home_md-home_md_scan9_2012_sep_30,35,8,sagereg_regen,417,0.0167865707434052,2.662532589141268,1.0564948855403515,False,0.1663281969958916,1.9375,2.0,2.3881789767862007,6.0,3280.0,,,,,,
699,sun3d-home_md-home_md_scan9_2012_sep_30,36,8,sagereg_regen,568,0.0299295774647887,0.8167248383057134,0.6846827734083156,False,0.2212403259982238,1.9791666666666667,2.0,2.006415521886442,6.0,3682.0,,,,,,
700,sun3d-home_md-home_md_scan9_2012_sep_30,37,8,sagereg_regen,512,0.12890625,1.2133669572768075,0.0132247313225803,True,0.2130446929950267,2.0,2.0,2.0542910867560837,5.0,4266.0,,,,,,
701,sun3d-home_md-home_md_scan9_2012_sep_30,38,8,sagereg_regen,448,0.0580357142857142,1.271588514277486,0.0485276636344761,True,0.1655154049949487,1.8020833333333333,2.0,2.113558949255745,3.0,3031.0,,,,,,
702,sun3d-home_md-home_md_scan9_2012_sep_30,10,9,sagereg_regen,615,0.1886178861788618,1.5389769129594553,0.0483732530556104,True,0.2577543399966089,2.0,2.0,2.5884593426883358,5.0,5163.0,,,,,,
703,sun3d-home_md-home_md_scan9_2012_sep_30,11,9,sagereg_regen,475,0.0378947368421052,2.434327144629959,0.1344144024199208,True,0.186204915989947,1.96875,2.0,2.4701563368782566,6.0,3219.0,,,,,,
704,sun3d-home_md-home_md_scan9_2012_sep_30,32,9,sagereg_regen,410,0.0268292682926829,144.7587905395004,2.926818278375293,False,0.1412096349959029,1.75,2.0,1.760582298908697,6.0,1740.0,,,,,,
705,sun3d-home_md-home_md_scan9_2012_sep_30,33,9,sagereg_regen,332,0.0120481927710843,91.05874056148944,3.0064454022000198,False,0.1192420979932649,1.7291666666666667,1.0,1.094264801368691,6.0,2027.0,,,,,,
706,sun3d-home_md-home_md_scan9_2012_sep_30,35,9,sagereg_regen,461,0.123644251626898,1.3987494913496417,0.0615928251871956,True,0.1837674220005283,1.90625,2.0,2.1519286864761016,5.0,3501.0,,,,,,
707,sun3d-home_md-home_md_scan9_2012_sep_30,36,9,sagereg_regen,493,0.1561866125760649,0.7467249552597713,0.0080264608575842,True,0.1987092000053962,1.96875,2.0,1.929176043310263,4.0,3603.0,,,,,,
708,sun3d-home_md-home_md_scan9_2012_sep_30,37,9,sagereg_regen,569,0.0492091388400703,50.8100734477239,0.7179488446316553,False,0.2138189559918828,2.0,2.0,2.0833192260188707,6.0,2346.0,,,,,,
709,sun3d-home_md-home_md_scan9_2012_sep_30,11,10,sagereg_regen,884,0.3257918552036199,0.8543424524760583,0.0307632289878831,True,0.348575576004805,2.0,2.0,2.770953875175929,2.0,5485.0,,,,,,
710,sun3d-home_md-home_md_scan9_2012_sep_30,12,10,sagereg_regen,525,0.3123809523809523,2.7639067143676583,0.0825399814279618,True,0.2156339470020611,1.9375,2.0,2.2624018515965694,4.0,4415.0,,,,,,
711,sun3d-home_md-home_md_scan9_2012_sep_30,32,10,sagereg_regen,521,0.0115163147792706,96.14722802323014,3.11906948719099,False,0.1881264279945753,1.8229166666666667,2.0,1.6170716000946836,6.0,3868.0,,,,,,
712,sun3d-home_md-home_md_scan9_2012_sep_30,33,10,sagereg_regen,404,0.0024752475247524,132.83778425609228,3.8659418346395062,False,0.1449090929963858,1.78125,2.0,1.8421979863979931,6.0,1895.0,,,,,,
713,sun3d-home_md-home_md_scan9_2012_sep_30,35,10,sagereg_regen,418,0.0430622009569378,2.687857032322441,0.0364416843835584,True,0.1573531230096705,1.8020833333333333,2.0,2.1267980962633226,5.0,3142.0,,,,,,
714,sun3d-home_md-home_md_scan9_2012_sep_30,36,10,sagereg_regen,313,0.0926517571884984,1.5463132998712574,0.0209287180581177,True,0.1251678260086919,1.875,2.0,1.6099080413446656,4.0,2685.0,,,,,,
715,sun3d-home_md-home_md_scan9_2012_sep_30,12,11,sagereg_regen,488,0.305327868852459,1.9852101066927352,0.0580677818726342,True,0.2017118409930844,1.9583333333333333,2.0,2.410993651377266,2.0,4289.0,,,,,,
716,sun3d-home_md-home_md_scan9_2012_sep_30,32,11,sagereg_regen,417,0.0023980815347721,129.03627622492846,4.1742212667998935,False,0.1416473650024272,1.6145833333333333,2.0,1.6038589123914777,6.0,1547.0,,,,,,
717,sun3d-home_md-home_md_scan9_2012_sep_30,33,11,sagereg_regen,406,0.0,173.39601857860083,1.5423382256640017,False,0.1422506119997706,1.75,2.0,2.323877688950479,5.0,1573.0,,,,,,
718,sun3d-home_md-home_md_scan9_2012_sep_30,14,13,sagereg_regen,755,0.1827814569536424,1.557741452777257,0.0231086423012379,True,0.280345869003213,1.9375,2.0,2.0217355510728394,2.0,5317.0,,,,,,
719,sun3d-home_md-home_md_scan9_2012_sep_30,15,13,sagereg_regen,721,0.1803051317614424,2.0119436726140485,0.0301744039274191,True,0.2668194169964408,1.9375,2.0,1.6047502788048609,2.0,4345.0,,,,,,
720,sun3d-home_md-home_md_scan9_2012_sep_30,16,13,sagereg_regen,563,0.1261101243339254,2.3280628583302474,0.0616937220650574,True,0.2199605200075893,1.8958333333333333,2.0,2.3133304087959847,3.0,3959.0,,,,,,
721,sun3d-home_md-home_md_scan9_2012_sep_30,15,14,sagereg_regen,1031,0.4607177497575169,0.3397692299903792,0.012050422094356,True,0.420198583000456,2.0,2.0,2.61728210531016,4.0,7256.0,,,,,,
722,sun3d-home_md-home_md_scan9_2012_sep_30,16,14,sagereg_regen,825,0.3284848484848485,0.4729319547139425,0.0189313606804516,True,0.3271139369971934,1.9895833333333333,2.0,2.695992475868408,5.0,5896.0,,,,,,
723,sun3d-home_md-home_md_scan9_2012_sep_30,16,15,sagereg_regen,771,0.5330739299610895,0.0628692992121174,0.0081242968349666,True,0.3053375269955722,1.9895833333333333,2.0,2.6919770069021065,4.0,5819.0,,,,,,
724,sun3d-home_md-home_md_scan9_2012_sep_30,57,15,sagereg_regen,676,0.0044378698224852,105.38975862353364,2.4175487763664765,False,0.25000158099283,1.8125,2.0,2.1728963525521654,6.0,3582.0,,,,,,
725,sun3d-home_md-home_md_scan9_2012_sep_30,24,16,sagereg_regen,319,0.1473354231974921,2.404563764811316,0.0480834268516183,True,0.1318958300034864,1.9375,2.0,2.5565508675122253,6.0,2617.0,,,,,,
726,sun3d-home_md-home_md_scan9_2012_sep_30,55,16,sagereg_regen,476,0.0294117647058823,127.96090413563238,3.638540306056148,False,0.1767460819974076,1.8645833333333333,2.0,1.2386239173746356,6.0,2712.0,,,,,,
727,sun3d-home_md-home_md_scan9_2012_sep_30,56,16,sagereg_regen,532,0.0225563909774436,3.0619886332730704,0.1220341242087758,True,0.2025074289922486,1.8229166666666667,2.0,1.50275978057252,4.0,2884.0,,,,,,
728,sun3d-home_md-home_md_scan9_2012_sep_30,57,16,sagereg_regen,634,0.0173501577287066,133.11408375996572,4.870262873827007,False,0.2235108609966118,1.84375,2.0,1.0671460081635793,4.0,1875.0,,,,,,
729,sun3d-home_md-home_md_scan9_2012_sep_30,58,16,sagereg_regen,617,0.0113452188006482,120.85946635827352,4.519927828079283,False,0.2151895110000623,1.8333333333333333,2.0,1.980191027204682,1.0,2592.0,,,,,,
730,sun3d-home_md-home_md_scan9_2012_sep_30,18,17,sagereg_regen,211,0.4170616113744075,1.1182028489880649,0.0184347140765062,True,0.1040132790003554,1.9895833333333333,2.0,2.2771103473147125,4.0,1613.0,,,,,,
731,sun3d-home_md-home_md_scan9_2012_sep_30,19,17,sagereg_regen,170,0.3470588235294117,1.3983784954479244,0.0213444026140792,True,0.0935228960006497,2.0,2.0,2.1380624920894764,4.0,1375.0,,,,,,
732,sun3d-home_md-home_md_scan9_2012_sep_30,20,17,sagereg_regen,139,0.2302158273381295,1.5834019362952103,0.008016065067857,True,0.0841927329965983,1.96875,2.0,2.460884231504299,5.0,1327.0,,,,,,
733,sun3d-home_md-home_md_scan9_2012_sep_30,21,17,sagereg_regen,122,0.2049180327868852,1.4803587944484626,0.0092393863932223,True,0.073523898005078,2.0,2.0,1.4699886150547743,4.0,1215.0,,,,,,
734,sun3d-home_md-home_md_scan9_2012_sep_30,22,17,sagereg_regen,136,0.2279411764705882,3.616768702177533,0.0213113169889808,True,0.081862678991456,1.96875,2.0,2.2193736894206904,4.0,1346.0,,,,,,
735,sun3d-home_md-home_md_scan9_2012_sep_30,54,17,sagereg_regen,255,0.0196078431372549,9.152081437887604,0.3329246481581332,False,0.093867144001706,1.8020833333333333,2.0,2.010388519830227,6.0,1827.0,,,,,,
736,sun3d-home_md-home_md_scan9_2012_sep_30,55,17,sagereg_regen,243,0.0452674897119341,5.077900359243167,0.1939739221556734,True,0.0990573820090503,1.84375,2.0,2.107598592769643,5.0,2033.0,,,,,,
737,sun3d-home_md-home_md_scan9_2012_sep_30,56,17,sagereg_regen,272,0.0367647058823529,5.582252944009685,0.2372262828039371,True,0.106444280994765,1.8229166666666667,2.0,1.7328794245485086,6.0,1949.0,,,,,,
738,sun3d-home_md-home_md_scan9_2012_sep_30,57,17,sagereg_regen,305,0.0065573770491803,78.591208284954,1.974138810514083,False,0.1040178629991714,1.75,2.0,1.3368451397153842,6.0,707.0,,,,,,
739,sun3d-home_md-home_md_scan9_2012_sep_30,58,17,sagereg_regen,298,0.0100671140939597,155.5449061405253,3.1554231903266743,False,0.1089343939966056,1.7291666666666667,2.0,1.553792504670961,6.0,1813.0,,,,,,
740,sun3d-home_md-home_md_scan9_2012_sep_30,19,18,sagereg_regen,237,0.5232067510548524,0.7112807601013736,0.0061207999025512,True,0.1133513800086802,2.0,2.0,2.3238794739524917,6.0,1911.0,,,,,,
741,sun3d-home_md-home_md_scan9_2012_sep_30,20,18,sagereg_regen,119,0.5126050420168067,1.9706401302142784,0.0134019872748638,True,0.0684149380031158,1.9753086419753083,2.0,2.3168317624040267,1.0,1062.0,,,,,,
742,sun3d-home_md-home_md_scan9_2012_sep_30,21,18,sagereg_regen,108,0.1203703703703703,2.9430313101669454,0.011014860157427,True,0.0575073549916851,1.9726027397260275,2.0,2.262646392950158,4.0,882.0,,,,,,
743,sun3d-home_md-home_md_scan9_2012_sep_30,22,18,sagereg_regen,132,0.3106060606060606,2.886497459872348,0.0266299674817673,True,0.0826560529967537,1.9895833333333333,2.0,2.024759624813499,3.0,1433.0,,,,,,
744,sun3d-home_md-home_md_scan9_2012_sep_30,23,18,sagereg_regen,159,0.1823899371069182,3.302515626058379,0.0142798188104423,True,0.0861143660004017,2.0,2.0,2.400029245236003,3.0,1412.0,,,,,,
745,sun3d-home_md-home_md_scan9_2012_sep_30,54,18,sagereg_regen,256,0.0390625,122.06803853490814,2.890521122724515,False,0.0934192689965129,1.9270833333333333,2.0,1.5424073238199447,6.0,992.0,,,,,,
746,sun3d-home_md-home_md_scan9_2012_sep_30,55,18,sagereg_regen,249,0.0642570281124498,4.323895500824864,0.1809754661017956,True,0.101945465998142,1.84375,2.0,1.9683826871219767,6.0,2254.0,,,,,,
747,sun3d-home_md-home_md_scan9_2012_sep_30,56,18,sagereg_regen,253,0.067193675889328,4.701499665210291,0.1787115342160165,True,0.1034069049928803,1.84375,2.0,1.9392293062278152,5.0,2170.0,,,,,,
748,sun3d-home_md-home_md_scan9_2012_sep_30,57,18,sagereg_regen,341,0.0293255131964809,7.75278169120301,0.3835227585148967,False,0.1226373850004165,1.7604166666666667,2.0,1.9173209682741656,5.0,2283.0,,,,,,
749,sun3d-home_md-home_md_scan9_2012_sep_30,58,18,sagereg_regen,314,0.0127388535031847,82.79677792677903,1.6833371705437297,False,0.109385140996892,1.6979166666666667,2.0,2.2610028686449137,6.0,1777.0,,,,,,
750,sun3d-home_md-home_md_scan9_2012_sep_30,20,19,sagereg_regen,132,0.3333333333333333,4.303307039694269,0.0302171056910775,True,0.0781946779970894,2.0,2.0,2.286189413229672,2.0,906.0,,,,,,
751,sun3d-home_md-home_md_scan9_2012_sep_30,22,19,sagereg_regen,161,0.453416149068323,4.894327461208409,0.0434625923990719,True,0.0907813919984619,2.0,2.0,2.607437428566856,5.0,1304.0,,,,,,
752,sun3d-home_md-home_md_scan9_2012_sep_30,23,19,sagereg_regen,151,0.2052980132450331,3.255643781674499,0.0219192480092161,True,0.0855970980046549,2.0,2.0,2.4950201225203807,4.0,1355.0,,,,,,
753,sun3d-home_md-home_md_scan9_2012_sep_30,54,19,sagereg_regen,285,0.1228070175438596,4.8805561083281885,0.1835826754579968,True,0.1092749029994593,1.9479166666666667,2.0,2.7158128607732284,4.0,1843.0,,,,,,
754,sun3d-home_md-home_md_scan9_2012_sep_30,55,19,sagereg_regen,294,0.119047619047619,4.199010323560133,0.1648544914297634,True,0.1095726409985218,1.8541666666666667,2.0,2.597171556894988,3.0,2013.0,,,,,,
755,sun3d-home_md-home_md_scan9_2012_sep_30,56,19,sagereg_regen,261,0.10727969348659,3.854207279438406,0.1634673103658534,True,0.1049295689954306,1.7916666666666667,2.0,2.1874809617590363,6.0,2000.0,,,,,,
756,sun3d-home_md-home_md_scan9_2012_sep_30,57,19,sagereg_regen,316,0.0664556962025316,4.600717755109449,0.210038591011189,True,0.1125460879993625,1.7708333333333333,2.0,2.632801527915636,3.0,1988.0,,,,,,
757,sun3d-home_md-home_md_scan9_2012_sep_30,58,19,sagereg_regen,346,0.0086705202312138,54.26792094675909,1.8493466667105087,False,0.119160591995751,1.7708333333333333,2.0,1.7216580228910057,6.0,1763.0,,,,,,
758,sun3d-home_md-home_md_scan9_2012_sep_30,21,20,sagereg_regen,125,0.504,1.9812056454285552,0.0226905546001594,True,0.0770857629977399,2.0,2.0,2.303308934487315,2.0,1036.0,,,,,,
759,sun3d-home_md-home_md_scan9_2012_sep_30,22,20,sagereg_regen,109,0.4128440366972477,3.8425408449740655,0.0400135344854772,True,0.0632989639998413,2.0,2.0,2.271496280446025,2.0,1074.0,,,,,,
760,sun3d-home_md-home_md_scan9_2012_sep_30,23,20,sagereg_regen,94,0.0106382978723404,132.36933084998876,0.4854221946049381,False,0.0520590800006175,1.907692307692308,2.0,1.593802625361156,5.0,1133.0,,,,,,
761,sun3d-home_md-home_md_scan9_2012_sep_30,54,20,sagereg_regen,164,0.0121951219512195,154.29118780502884,2.712496672991823,False,0.0761207379982806,1.8020833333333333,2.0,1.4801717530885958,5.0,1140.0,,,,,,
762,sun3d-home_md-home_md_scan9_2012_sep_30,55,20,sagereg_regen,167,0.0479041916167664,25.635128604047104,1.0539278834103962,False,0.0790881450011511,1.75,2.0,1.6899030370700898,6.0,1469.0,,,,,,
763,sun3d-home_md-home_md_scan9_2012_sep_30,56,20,sagereg_regen,187,0.106951871657754,7.858743175921982,0.3158839983233606,False,0.0868270409991964,1.75,2.0,2.3631240863853047,6.0,1256.0,,,,,,
764,sun3d-home_md-home_md_scan9_2012_sep_30,57,20,sagereg_regen,202,0.0346534653465346,89.15308203621915,1.9058784504033648,False,0.0856010069983312,1.6979166666666667,2.0,1.3989126462885764,4.0,1453.0,,,,,,
765,sun3d-home_md-home_md_scan9_2012_sep_30,58,20,sagereg_regen,203,0.0098522167487684,90.72988979860718,1.7932527383562549,False,0.0778417530018487,1.4895833333333333,1.0,1.4760935105551445,6.0,888.0,,,,,,
766,sun3d-home_md-home_md_scan9_2012_sep_30,22,21,sagereg_regen,119,0.453781512605042,2.953999924102825,0.0175935985646857,True,0.068534621001163,2.0,2.0,2.679274339511795,2.0,898.0,,,,,,
767,sun3d-home_md-home_md_scan9_2012_sep_30,54,21,sagereg_regen,149,0.0,134.38221294372846,4.687718666329352,False,0.0728641020032228,1.8020833333333333,2.0,1.4652438099814886,6.0,1134.0,,,,,,
768,sun3d-home_md-home_md_scan9_2012_sep_30,55,21,sagereg_regen,165,0.0303030303030303,5.081615584115047,0.2161598219287404,True,0.0773027519971947,1.7916666666666667,2.0,1.105019255710377,6.0,1287.0,,,,,,
769,sun3d-home_md-home_md_scan9_2012_sep_30,56,21,sagereg_regen,177,0.0169491525423728,154.11087173415575,5.249607009573706,False,0.0772725499991793,1.6041666666666667,2.0,1.8453276947705668,5.0,887.0,,,,,,
770,sun3d-home_md-home_md_scan9_2012_sep_30,57,21,sagereg_regen,176,0.0681818181818181,34.725639426277084,1.2866862644615344,False,0.0815588650075369,1.7395833333333333,2.0,2.0717770861854183,6.0,1214.0,,,,,,
771,sun3d-home_md-home_md_scan9_2012_sep_30,58,21,sagereg_regen,164,0.0121951219512195,147.22290328258887,2.5367767839242146,False,0.0664047500031301,1.4270833333333333,2.0,1.6522073653742402,3.0,1243.0,,,,,,
772,sun3d-home_md-home_md_scan9_2012_sep_30,23,22,sagereg_regen,124,0.3790322580645161,3.1899072995875133,0.0306806227690278,True,0.0769268840012955,2.0,2.0,2.4664233056444123,5.0,899.0,,,,,,
773,sun3d-home_md-home_md_scan9_2012_sep_30,54,22,sagereg_regen,195,0.0512820512820512,22.719439907816017,1.6525867347979812,False,0.0821581419950234,1.90625,2.0,1.426997938018322,4.0,1130.0,,,,,,
774,sun3d-home_md-home_md_scan9_2012_sep_30,55,22,sagereg_regen,202,0.0346534653465346,177.69096345613374,4.432875348488415,False,0.0861763659995631,1.8541666666666667,2.0,1.386908798901988,6.0,1126.0,,,,,,
775,sun3d-home_md-home_md_scan9_2012_sep_30,56,22,sagereg_regen,198,0.0656565656565656,11.242113051240237,0.3530901965595613,False,0.087768009994761,1.8229166666666667,2.0,2.497363377817413,5.0,1587.0,,,,,,
776,sun3d-home_md-home_md_scan9_2012_sep_30,57,22,sagereg_regen,211,0.0473933649289099,34.93962294096931,1.769617377190983,False,0.0861964819996501,1.7395833333333333,2.0,2.2365420839396357,6.0,1435.0,,,,,,
777,sun3d-home_md-home_md_scan9_2012_sep_30,58,22,sagereg_regen,230,0.0130434782608695,156.0096179605665,1.475595383652551,False,0.0894375449934159,1.7708333333333333,2.0,1.9487792538479165,5.0,1295.0,,,,,,
778,sun3d-home_md-home_md_scan9_2012_sep_30,24,23,sagereg_regen,142,0.0422535211267605,160.17175870695954,1.0746786268159818,False,0.0786994239970226,1.8958333333333333,2.0,2.111118499987138,4.0,1405.0,,,,,,
779,sun3d-home_md-home_md_scan9_2012_sep_30,54,23,sagereg_regen,200,0.02,19.987284817278955,0.39463619540102,False,0.0806723179994151,1.8854166666666667,2.0,2.342549526475442,4.0,1293.0,,,,,,
780,sun3d-home_md-home_md_scan9_2012_sep_30,55,23,sagereg_regen,224,0.0401785714285714,1.980498403971623,0.0293786625527353,True,0.0857987749914173,1.84375,2.0,2.068120358795822,4.0,1319.0,,,,,,
781,sun3d-home_md-home_md_scan9_2012_sep_30,56,23,sagereg_regen,222,0.0495495495495495,4.0512361436918365,0.1170984382238878,True,0.0905845410088659,1.75,2.0,1.8335653258390785,4.0,1349.0,,,,,,
782,sun3d-home_md-home_md_scan9_2012_sep_30,57,23,sagereg_regen,291,0.0137457044673539,145.884939421777,1.4283847731893553,False,0.0998693530054879,1.8125,2.0,1.5006176902677988,3.0,1347.0,,,,,,
783,sun3d-home_md-home_md_scan9_2012_sep_30,58,23,sagereg_regen,252,0.0119047619047619,170.27542180325253,4.732511412757489,False,0.0976377850020071,1.6875,2.0,1.7291438736858102,6.0,1721.0,,,,,,
784,sun3d-home_md-home_md_scan9_2012_sep_30,25,24,sagereg_regen,151,0.304635761589404,2.2044624459568456,0.0296346910603,True,0.0853517260038643,1.9375,2.0,2.724427723321068,3.0,1529.0,,,,,,
785,sun3d-home_md-home_md_scan9_2012_sep_30,26,25,sagereg_regen,214,0.308411214953271,1.3333691700304628,0.0271864039167564,True,0.0950787579931784,1.9166666666666667,2.0,2.429098199561606,4.0,1458.0,,,,,,
786,sun3d-home_md-home_md_scan9_2012_sep_30,27,26,sagereg_regen,476,0.2436974789915966,1.4946124052297722,0.0271529295878901,True,0.1780646409970359,1.8645833333333333,2.0,1.2609365482991424,2.0,4194.0,,,,,,
787,sun3d-home_md-home_md_scan9_2012_sep_30,28,26,sagereg_regen,454,0.0881057268722467,7.579462588853881,0.3151614857124504,False,0.165055625991954,1.8020833333333333,2.0,1.542664131919822,5.0,3282.0,,,,,,
788,sun3d-home_md-home_md_scan9_2012_sep_30,50,26,sagereg_regen,635,0.0283464566929133,72.79513024001294,3.0232907620174747,False,0.2312887900043279,1.8125,2.0,1.152312147463891,5.0,2376.0,,,,,,
789,sun3d-home_md-home_md_scan9_2012_sep_30,51,26,sagereg_regen,611,0.0327332242225859,35.59402556801889,1.7377395477389908,False,0.2237151840017759,1.6979166666666667,2.0,1.6640838159985536,6.0,3432.0,,,,,,
790,sun3d-home_md-home_md_scan9_2012_sep_30,28,27,sagereg_regen,463,0.2311015118790496,1.3379216034016213,0.0529633342320863,True,0.1854059229954145,1.8958333333333333,2.0,1.9601795553194483,6.0,4071.0,,,,,,
791,sun3d-home_md-home_md_scan9_2012_sep_30,50,27,sagereg_regen,553,0.0560578661844484,1.5637872538977218,0.0487683609433624,True,0.2150178309966577,1.7395833333333333,2.0,2.273950416213549,5.0,4562.0,,,,,,
792,sun3d-home_md-home_md_scan9_2012_sep_30,51,27,sagereg_regen,544,0.0165441176470588,52.488230409967926,2.498616283728543,False,0.1975155210020602,1.6354166666666667,2.0,2.4734898717378915,5.0,2514.0,,,,,,
793,sun3d-home_md-home_md_scan9_2012_sep_30,50,28,sagereg_regen,536,0.044776119402985,7.95577981655777,0.4081516551059246,False,0.2004131829962716,1.7083333333333333,2.0,2.7771742585006742,6.0,3728.0,,,,,,
794,sun3d-home_md-home_md_scan9_2012_sep_30,51,28,sagereg_regen,498,0.0341365461847389,180.0,1.5497182733353514,False,0.1677855280067888,1.7916666666666667,2.0,1.688094657662787,4.0,911.0,,,,,,
795,sun3d-home_md-home_md_scan9_2012_sep_30,41,29,sagereg_regen,209,0.0,147.8476260868092,5.313532899858127,False,0.0798959439998725,1.65625,2.0,1.031873107079754,2.0,925.0,,,,,,
796,sun3d-home_md-home_md_scan9_2012_sep_30,42,29,sagereg_regen,243,0.0246913580246913,176.99828640745355,3.88443247626844,False,0.0815110479961731,1.6979166666666667,2.0,1.6320451044771236,0.0,391.0,,,,,,
797,sun3d-home_md-home_md_scan9_2012_sep_30,43,29,sagereg_regen,302,0.0132450331125827,49.130934969444176,2.426029670742777,False,0.1004702500067651,1.8645833333333333,2.0,1.0793399663058838,0.0,748.0,,,,,,
798,sun3d-home_md-home_md_scan9_2012_sep_30,45,29,sagereg_regen,251,0.0039840637450199,149.03238668182178,6.3713204353865365,False,0.0998851639960776,1.71875,2.0,1.4940504767927776,6.0,1315.0,,,,,,
799,sun3d-home_md-home_md_scan9_2012_sep_30,47,29,sagereg_regen,187,0.0,90.40102099003222,4.8356502481663854,False,0.0798484289989573,1.6145833333333333,2.0,1.065530226664169,5.0,613.0,,,,,,
800,sun3d-home_md-home_md_scan9_2012_sep_30,48,29,sagereg_regen,233,0.0257510729613733,178.8456183839476,5.2078173221247726,False,0.0947404629987431,1.8541666666666667,2.0,1.1852241277472055,5.0,1294.0,,,,,,
801,sun3d-home_md-home_md_scan9_2012_sep_30,49,29,sagereg_regen,173,0.0231213872832369,136.55151840607718,4.479201905269816,False,0.0758676340046804,1.5625,2.0,1.3156473475445654,4.0,1319.0,,,,,,
802,sun3d-home_md-home_md_scan9_2012_sep_30,50,29,sagereg_regen,205,0.0341463414634146,114.21381184072654,3.8733929133270375,False,0.096230483999534,1.71875,2.0,1.9604857228873451,5.0,1608.0,,,,,,
803,sun3d-home_md-home_md_scan9_2012_sep_30,32,31,sagereg_regen,334,0.1467065868263473,4.254344610213684,0.0613731581938689,True,0.1283596389985177,1.84375,2.0,1.6621786700254997,5.0,2539.0,,,,,,
804,sun3d-home_md-home_md_scan9_2012_sep_30,33,32,sagereg_regen,499,0.0440881763527054,2.907242723654002,0.0621720732511864,True,0.1927241020021028,1.8958333333333333,2.0,1.6276837119874032,6.0,3840.0,,,,,,
805,sun3d-home_md-home_md_scan9_2012_sep_30,35,32,sagereg_regen,426,0.0539906103286385,8.57682496063678,0.034344059035538,True,0.1642246839983272,1.9166666666666667,2.0,1.2893791365989031,3.0,3824.0,,,,,,
806,sun3d-home_md-home_md_scan9_2012_sep_30,36,32,sagereg_regen,253,0.0316205533596837,171.05564560824376,0.702269003949037,False,0.103039148991229,1.8229166666666667,2.0,1.3024395806910347,4.0,2460.0,,,,,,
807,sun3d-home_md-home_md_scan9_2012_sep_30,34,33,sagereg_regen,319,0.3636363636363636,0.7049611136954493,0.0171715707611474,True,0.1291824260042631,1.8020833333333333,2.0,2.0310426356794147,6.0,2584.0,,,,,,
808,sun3d-home_md-home_md_scan9_2012_sep_30,35,33,sagereg_regen,426,0.0328638497652582,4.546066605950435,0.0838887868123278,True,0.1601619630018831,1.8541666666666667,2.0,1.709232636010829,5.0,3476.0,,,,,,
809,sun3d-home_md-home_md_scan9_2012_sep_30,36,33,sagereg_regen,291,0.0412371134020618,25.575841607667783,0.8413564923646426,False,0.1098749419979867,1.6979166666666667,2.0,1.2208940161930393,6.0,1773.0,,,,,,
810,sun3d-home_md-home_md_scan9_2012_sep_30,35,34,sagereg_regen,225,0.0266666666666666,102.70746147689712,3.2797027563689234,False,0.0842321519958204,1.7291666666666667,2.0,2.1313437344767805,2.0,488.0,,,,,,
811,sun3d-home_md-home_md_scan9_2012_sep_30,36,35,sagereg_regen,495,0.1292929292929293,1.0783858675587057,0.0298852108377839,True,0.203451967005094,1.9791666666666667,2.0,2.5473614205549864,6.0,3309.0,,,,,,
812,sun3d-home_md-home_md_scan9_2012_sep_30,37,35,sagereg_regen,339,0.0412979351032448,3.2628362908331496,0.16797166553683,True,0.1251630030019441,1.9583333333333333,2.0,1.9650100288773729,3.0,2079.0,,,,,,
813,sun3d-home_md-home_md_scan9_2012_sep_30,37,36,sagereg_regen,392,0.0688775510204081,1.646069338651622,0.0787730722779615,True,0.1482268469990231,1.9791666666666667,2.0,2.1513809948085627,6.0,2449.0,,,,,,
814,sun3d-home_md-home_md_scan9_2012_sep_30,38,37,sagereg_regen,368,0.0679347826086956,3.693005495464414,0.1412848499733929,True,0.1357470729999477,1.8541666666666667,2.0,2.0629257708861366,4.0,2533.0,,,,,,
815,sun3d-home_md-home_md_scan9_2012_sep_30,39,38,sagereg_regen,1200,0.3475,1.6674987987276202,0.0754789844344948,True,0.502022239001235,1.96875,2.0,2.4427769953021548,4.0,8743.0,,,,,,
816,sun3d-home_md-home_md_scan9_2012_sep_30,40,38,sagereg_regen,1180,0.447457627118644,0.8559255890985565,0.0497838181048786,True,0.484685012997943,2.0,2.0,2.344988428032195,3.0,8487.0,,,,,,
817,sun3d-home_md-home_md_scan9_2012_sep_30,41,38,sagereg_regen,994,0.2293762575452716,2.2334481609272205,0.0974564623841491,True,0.4000547250034287,1.9895833333333333,2.0,2.191953335891557,5.0,5999.0,,,,,,
818,sun3d-home_md-home_md_scan9_2012_sep_30,46,38,sagereg_regen,1139,0.2932396839332748,0.9740188734591024,0.0544336757401078,True,0.4768875180016039,1.9791666666666667,2.0,2.31823933327498,5.0,8869.0,,,,,,
819,sun3d-home_md-home_md_scan9_2012_sep_30,47,38,sagereg_regen,985,0.2954314720812183,2.167448813122591,0.0846249739514527,True,0.398086132008757,1.9583333333333333,2.0,2.1769146065797296,6.0,6065.0,,,,,,
820,sun3d-home_md-home_md_scan9_2012_sep_30,40,39,sagereg_regen,1404,0.5363247863247863,0.7449775137996547,0.0225047195598925,True,0.559896751998167,2.0,2.0,2.3328815246670707,1.0,8946.0,,,,,,
821,sun3d-home_md-home_md_scan9_2012_sep_30,41,39,sagereg_regen,1160,0.3396551724137931,1.1907215001240945,0.0477778048886921,True,0.4675694850011496,1.9791666666666667,2.0,2.285459272279908,3.0,7257.0,,,,,,
822,sun3d-home_md-home_md_scan9_2012_sep_30,45,39,sagereg_regen,1282,0.1708268330733229,1.9062202570090208,0.1181951648107955,True,0.520686857002147,1.8854166666666667,2.0,2.054891001278013,4.0,8374.0,,,,,,
823,sun3d-home_md-home_md_scan9_2012_sep_30,46,39,sagereg_regen,1643,0.5100426049908704,0.4224723152823073,0.0097926885301706,True,0.6708763889982947,1.9583333333333333,2.0,2.428654834064277,4.0,10623.0,,,,,,
824,sun3d-home_md-home_md_scan9_2012_sep_30,47,39,sagereg_regen,1111,0.4203420342034203,0.9397934965877298,0.0286280070499138,True,0.4505674929969245,1.9375,2.0,2.322267507086466,5.0,7158.0,,,,,,
825,sun3d-home_md-home_md_scan9_2012_sep_30,41,40,sagereg_regen,1159,0.5608283002588438,1.2291945442119725,0.060290601831313,True,0.469068831007462,1.9895833333333333,2.0,2.4006246073911544,4.0,6500.0,,,,,,
826,sun3d-home_md-home_md_scan9_2012_sep_30,45,40,sagereg_regen,910,0.1494505494505494,2.6149937970949124,0.1437637177285549,True,0.3522475920035504,1.84375,2.0,1.8366144884497893,6.0,6234.0,,,,,,
827,sun3d-home_md-home_md_scan9_2012_sep_30,46,40,sagereg_regen,1206,0.3714759535655058,0.5107160384882159,0.0213295037075495,True,0.4722817849979037,1.9375,2.0,2.381165000409039,1.0,8622.0,,,,,,
828,sun3d-home_md-home_md_scan9_2012_sep_30,47,40,sagereg_regen,1224,0.5980392156862745,1.188822679694315,0.0459966611582114,True,0.4711024290008936,1.9895833333333333,2.0,2.402464624566067,3.0,6485.0,,,,,,
829,sun3d-home_md-home_md_scan9_2012_sep_30,49,40,sagereg_regen,609,0.160919540229885,1.6605949148562564,0.0598433635658611,True,0.2423584310017759,1.90625,2.0,2.095936140215519,4.0,4339.0,,,,,,
830,sun3d-home_md-home_md_scan9_2012_sep_30,45,41,sagereg_regen,956,0.1412133891213389,2.5342146942770083,0.0966085992173447,True,0.3836553019937128,1.8125,2.0,1.8837086356163557,5.0,5837.0,,,,,,
831,sun3d-home_md-home_md_scan9_2012_sep_30,46,41,sagereg_regen,1060,0.2660377358490566,1.7453455510124012,0.0435496715108546,True,0.4166619679963332,1.8645833333333333,2.0,2.3192427162077727,3.0,6719.0,,,,,,
832,sun3d-home_md-home_md_scan9_2012_sep_30,47,41,sagereg_regen,1507,0.7226277372262774,0.3962107755391437,0.016135812827776,True,0.5794124610038125,2.0,2.0,2.2716452797245896,3.0,7602.0,,,,,,
833,sun3d-home_md-home_md_scan9_2012_sep_30,48,41,sagereg_regen,759,0.2595520421607378,1.1827395799991185,0.0328575593183477,True,0.3096167950061499,1.9479166666666667,2.0,2.41186215266901,4.0,5065.0,,,,,,
834,sun3d-home_md-home_md_scan9_2012_sep_30,49,41,sagereg_regen,784,0.2104591836734693,1.6217714706383453,0.0424419063981918,True,0.3175003270007437,1.9583333333333333,2.0,2.405380182762819,5.0,5816.0,,,,,,
835,sun3d-home_md-home_md_scan9_2012_sep_30,43,42,sagereg_regen,1073,0.151910531220876,2.2126081214034774,0.1439786626933427,True,0.4157251899960101,1.875,2.0,1.5112313295601416,3.0,5957.0,,,,,,
836,sun3d-home_md-home_md_scan9_2012_sep_30,48,42,sagereg_regen,660,0.0818181818181818,1.2374302067564802,0.0519906038668444,True,0.2448833790040225,1.9270833333333333,2.0,2.148364869163465,4.0,4147.0,,,,,,
837,sun3d-home_md-home_md_scan9_2012_sep_30,49,42,sagereg_regen,636,0.0455974842767295,2.785230167264854,0.078582031065039,True,0.2273691789960139,1.8958333333333333,2.0,1.8096639192813389,6.0,3823.0,,,,,,
838,sun3d-home_md-home_md_scan9_2012_sep_30,50,42,sagereg_regen,1095,0.2063926940639269,2.431102575615686,0.1091225858303748,True,0.4466798190042027,1.9895833333333333,2.0,1.5340172241630488,3.0,8594.0,,,,,,
839,sun3d-home_md-home_md_scan9_2012_sep_30,51,42,sagereg_regen,968,0.0351239669421487,6.67221980761654,0.3813235582491125,False,0.3494132869964232,1.8854166666666667,2.0,2.407058434392945,6.0,5328.0,,,,,,
840,sun3d-home_md-home_md_scan9_2012_sep_30,45,44,sagereg_regen,840,0.0238095238095238,1.9730778140376903,0.0482837509111242,True,0.3148344619985437,1.8645833333333333,2.0,2.142005464200312,5.0,5082.0,,,,,,
841,sun3d-home_md-home_md_scan9_2012_sep_30,46,45,sagereg_regen,1226,0.1957585644371941,2.2275965756081004,0.1571447593694396,True,0.490439735003747,1.9166666666666667,2.0,1.9429480333412583,3.0,8500.0,,,,,,
842,sun3d-home_md-home_md_scan9_2012_sep_30,47,46,sagereg_regen,1026,0.3401559454191033,1.456804623252373,0.0387784363923159,True,0.3996602719998918,1.9583333333333333,2.0,2.288411385587337,1.0,6693.0,,,,,,
843,sun3d-home_md-home_md_scan9_2012_sep_30,48,47,sagereg_regen,717,0.2231520223152022,1.2636027535012793,0.0279180742749974,True,0.2822907660010969,1.9166666666666667,2.0,2.5136147696475266,4.0,4993.0,,,,,,
844,sun3d-home_md-home_md_scan9_2012_sep_30,49,47,sagereg_regen,711,0.2025316455696202,1.2819969301636427,0.0317336322303876,True,0.2853663069909089,1.9583333333333333,2.0,2.181972452948194,4.0,5877.0,,,,,,
845,sun3d-home_md-home_md_scan9_2012_sep_30,50,47,sagereg_regen,820,0.0146341463414634,8.095068498985889,0.248097938903106,True,0.270063879994268,1.8020833333333333,2.0,2.0657209637769163,3.0,2871.0,,,,,,
846,sun3d-home_md-home_md_scan9_2012_sep_30,49,48,sagereg_regen,747,0.285140562248996,1.9049462525503025,0.026362746745874,True,0.3169260009963182,1.9895833333333333,2.0,2.1512059175605374,6.0,6022.0,,,,,,
847,sun3d-home_md-home_md_scan9_2012_sep_30,50,48,sagereg_regen,631,0.0348652931854199,2.559631465556249,0.0686646233979662,True,0.2359598080001888,1.7604166666666667,2.0,1.915276509495882,3.0,4675.0,,,,,,
848,sun3d-home_md-home_md_scan9_2012_sep_30,50,49,sagereg_regen,691,0.0260492040520984,1.7205405194720724,0.0624597578995442,True,0.2501412229976267,1.8645833333333333,2.0,1.327993654890451,6.0,3850.0,,,,,,
849,sun3d-home_md-home_md_scan9_2012_sep_30,51,50,sagereg_regen,1262,0.1251980982567353,1.6100870168773904,0.1206387227484627,True,0.4778744470022502,1.8958333333333333,2.0,1.7634924411502022,6.0,8130.0,,,,,,
850,sun3d-home_md-home_md_scan9_2012_sep_30,52,51,sagereg_regen,880,0.184090909090909,1.657019748496485,0.0451698564391502,True,0.3300667570001678,1.9583333333333333,2.0,1.9614899369835288,5.0,5921.0,,,,,,
851,sun3d-home_md-home_md_scan9_2012_sep_30,59,51,sagereg_regen,968,0.0423553719008264,1.7930866082881525,0.0816999192902134,True,0.3644469900027616,1.8125,2.0,2.408263884571133,6.0,7340.0,,,,,,
852,sun3d-home_md-home_md_scan9_2012_sep_30,59,52,sagereg_regen,837,0.1624850657108721,1.4532637188442252,0.0362025198605118,True,0.3164572759997099,1.9479166666666667,2.0,1.900317281526412,5.0,6060.0,,,,,,
853,sun3d-home_md-home_md_scan9_2012_sep_30,54,53,sagereg_regen,340,0.3058823529411765,0.337655856561603,0.0178745110470325,True,0.1315040580011555,1.8541666666666667,2.0,1.7762322121170542,4.0,2210.0,,,,,,
854,sun3d-home_md-home_md_scan9_2012_sep_30,55,53,sagereg_regen,282,0.0602836879432624,1.7891889922071438,0.052457397967399,True,0.1006872479993035,1.78125,2.0,1.5743746085136416,3.0,1131.0,,,,,,
855,sun3d-home_md-home_md_scan9_2012_sep_30,58,53,sagereg_regen,311,0.0578778135048231,1.043438596415744,0.0226110807124861,True,0.1113744340036646,1.6666666666666667,2.0,1.6408851233206765,5.0,1812.0,,,,,,
856,sun3d-home_md-home_md_scan9_2012_sep_30,59,53,sagereg_regen,353,0.1331444759206798,1.608797414043726,0.0285591261702918,True,0.1322528319942648,1.8958333333333333,2.0,1.4610000747015337,2.0,1872.0,,,,,,
857,sun3d-home_md-home_md_scan9_2012_sep_30,55,54,sagereg_regen,587,0.3816013628620102,0.4396937119668257,0.0120288072661186,True,0.2320882229978451,1.9895833333333333,2.0,1.805906417180183,4.0,4301.0,,,,,,
858,sun3d-home_md-home_md_scan9_2012_sep_30,56,54,sagereg_regen,536,0.1473880597014925,0.5821808318675702,0.0303755329811073,True,0.2022539669997058,1.8645833333333333,2.0,1.6910393069481084,4.0,3456.0,,,,,,
859,sun3d-home_md-home_md_scan9_2012_sep_30,57,54,sagereg_regen,636,0.1022012578616352,0.7701720654302003,0.0349968798352631,True,0.2477418960042996,1.8645833333333333,2.0,1.7133556852257312,5.0,4150.0,,,,,,
860,sun3d-home_md-home_md_scan9_2012_sep_30,58,54,sagereg_regen,626,0.0878594249201278,1.3805629061509224,0.0553498594257627,True,0.2485529500045231,1.8333333333333333,2.0,2.181429221414368,5.0,4647.0,,,,,,
861,sun3d-home_md-home_md_scan9_2012_sep_30,59,54,sagereg_regen,663,0.0769230769230769,1.7497569374708626,0.0714239330080344,True,0.2438841539988061,1.875,2.0,1.885874931878988,3.0,3433.0,,,,,,
862,sun3d-home_md-home_md_scan9_2012_sep_30,56,55,sagereg_regen,618,0.3236245954692556,0.4481405403591542,0.0163828079720133,True,0.2405514569982187,1.9270833333333333,2.0,1.7289102991143015,1.0,4613.0,,,,,,
863,sun3d-home_md-home_md_scan9_2012_sep_30,57,55,sagereg_regen,671,0.1490312965722801,0.8553414312572415,0.0333937502578118,True,0.2744670609972672,1.8854166666666667,2.0,1.7395388356596666,4.0,5359.0,,,,,,
864,sun3d-home_md-home_md_scan9_2012_sep_30,58,55,sagereg_regen,679,0.1060382916053019,1.0706189980742378,0.0376683014034554,True,0.2544553339976119,1.8645833333333333,2.0,1.7975845925687464,2.0,5484.0,,,,,,
865,sun3d-home_md-home_md_scan9_2012_sep_30,59,55,sagereg_regen,677,0.0384047267355982,1.1590414357078422,0.053252759605378,True,0.2523100010002963,1.8333333333333333,2.0,1.8566898937221028,6.0,3385.0,,,,,,
866,sun3d-home_md-home_md_scan9_2012_sep_30,57,56,sagereg_regen,759,0.2990777338603425,0.5048282303487637,0.0155136422967518,True,0.2964233649981906,1.9375,2.0,2.2365247801915027,4.0,6656.0,,,,,,
867,sun3d-home_md-home_md_scan9_2012_sep_30,58,56,sagereg_regen,705,0.1234042553191489,0.9358799618569756,0.0267083761207251,True,0.274544652995246,1.90625,2.0,2.288837696862178,5.0,6214.0,,,,,,
868,sun3d-home_md-home_md_scan9_2012_sep_30,58,57,sagereg_regen,951,0.1861198738170347,0.4889773726893158,0.0068640802590928,True,0.3651479669933906,1.9479166666666667,2.0,2.535930294930338,4.0,7719.0,,,,,,
869,sun3d-home_md-home_md_scan9_2012_sep_30,59,58,sagereg_regen,906,0.0584988962472406,1.4965908965904196,0.0647510196310472,True,0.3280810170035693,1.78125,2.0,2.5670573717787324,6.0,4718.0,,,,,,
870,sun3d-hotel_uc-scan3,1,0,sagereg_regen,1427,0.2368605466012613,1.170962968634048,0.0251230299233991,True,0.5670282860010047,1.9270833333333333,2.0,2.2472168154769805,3.0,11517.0,,,,,,
871,sun3d-hotel_uc-scan3,2,0,sagereg_regen,1177,0.1129991503823279,1.7563223846796778,0.0479461809325922,True,0.448257411000668,1.8333333333333333,2.0,2.338478019398623,6.0,7806.0,,,,,,
872,sun3d-hotel_uc-scan3,3,0,sagereg_regen,1355,0.1357933579335793,1.7256457091520605,0.046049921833111,True,0.5178571810101857,1.9791666666666667,2.0,2.168014879630683,4.0,10040.0,,,,,,
873,sun3d-hotel_uc-scan3,10,0,sagereg_regen,1268,0.2531545741324921,0.8214951597444813,0.0350125872430622,True,0.5085784670081921,1.875,2.0,2.6790173566010904,4.0,9189.0,,,,,,
874,sun3d-hotel_uc-scan3,19,0,sagereg_regen,880,0.0306818181818181,0.9264118907069692,0.041270086452436,True,0.3388744699987001,1.7604166666666667,2.0,1.9544540119847944,5.0,7794.0,,,,,,
875,sun3d-hotel_uc-scan3,35,0,sagereg_regen,1192,0.0662751677852349,1.9485961160812368,0.0899626883056619,True,0.4420046040104353,1.8333333333333333,2.0,1.8959136105160663,6.0,6838.0,,,,,,
876,sun3d-hotel_uc-scan3,36,0,sagereg_regen,1233,0.0308191403081914,1.838752333675596,0.0564844749905272,True,0.448233410003013,1.7083333333333333,2.0,1.8124819134288688,6.0,7166.0,,,,,,
877,sun3d-hotel_uc-scan3,43,0,sagereg_regen,1019,0.0461236506378802,3.0050930402534943,0.135179828318195,True,0.3666334760055179,1.8020833333333333,2.0,2.1947047692108197,6.0,5497.0,,,,,,
878,sun3d-hotel_uc-scan3,44,0,sagereg_regen,1131,0.129973474801061,1.775840903650759,0.0953538166720421,True,0.4395045159981237,1.9270833333333333,2.0,2.5794334719639505,4.0,7429.0,,,,,,
879,sun3d-hotel_uc-scan3,45,0,sagereg_regen,1226,0.2381729200652528,0.9271019046594834,0.0491516392626409,True,0.4832747299951734,1.9479166666666667,2.0,2.6461611064578943,4.0,8596.0,,,,,,
880,sun3d-hotel_uc-scan3,54,0,sagereg_regen,1072,0.1240671641791044,1.5493984143574564,0.0723067232232823,True,0.4067000909926719,1.875,2.0,1.807632339318056,6.0,5787.0,,,,,,
881,sun3d-hotel_uc-scan3,2,1,sagereg_regen,1222,0.190671031096563,0.340363727477157,0.014688264923,True,0.4849433880081051,1.9166666666666667,2.0,2.354022573438697,4.0,9231.0,,,,,,
882,sun3d-hotel_uc-scan3,3,1,sagereg_regen,1401,0.1534618129907209,1.058039388650602,0.0431720050229657,True,0.5522757669968996,1.8333333333333333,2.0,2.062172825401821,6.0,10228.0,,,,,,
883,sun3d-hotel_uc-scan3,10,1,sagereg_regen,1300,0.3,1.310698631593345,0.029911981761526,True,0.5213409770076396,1.9583333333333333,2.0,2.395270024297096,5.0,8947.0,,,,,,
884,sun3d-hotel_uc-scan3,11,1,sagereg_regen,1014,0.1104536489151873,0.904802190894357,0.0278562241094419,True,0.3636794610065408,1.9166666666666667,2.0,1.6052534693605665,5.0,4955.0,,,,,,
885,sun3d-hotel_uc-scan3,35,1,sagereg_regen,1418,0.0747531734837799,0.8646992434320554,0.0431400311111408,True,0.5084464170067804,1.9375,2.0,2.144634502459536,4.0,8217.0,,,,,,
886,sun3d-hotel_uc-scan3,43,1,sagereg_regen,1061,0.0103675777568331,2.5581444554270822,0.1489821955204296,True,0.3875714829991921,1.7604166666666667,2.0,2.1217321350747627,6.0,5979.0,,,,,,
887,sun3d-hotel_uc-scan3,44,1,sagereg_regen,1135,0.0986784140969163,2.681640371183189,0.1306237450973368,True,0.4387324380004429,1.875,2.0,2.266222374527152,6.0,7552.0,,,,,,
888,sun3d-hotel_uc-scan3,45,1,sagereg_regen,1174,0.1695059625212947,1.1557921171722445,0.0658120497308048,True,0.4646592790086288,1.96875,2.0,2.3045874954482253,4.0,9295.0,,,,,,
889,sun3d-hotel_uc-scan3,54,1,sagereg_regen,1107,0.1192411924119241,1.7919992642229063,0.0723805380044232,True,0.4144559929991374,1.90625,2.0,1.8392847144128508,5.0,7233.0,,,,,,
890,sun3d-hotel_uc-scan3,3,2,sagereg_regen,1214,0.1194398682042833,1.3432237245518732,0.049869175519337,True,0.4766077590029454,1.8541666666666667,2.0,2.207776018648678,6.0,8399.0,,,,,,
891,sun3d-hotel_uc-scan3,10,2,sagereg_regen,1156,0.2846020761245674,1.4926626300052874,0.0156713573185939,True,0.4425200580008095,1.9375,2.0,2.066874755290316,3.0,6438.0,,,,,,
892,sun3d-hotel_uc-scan3,11,2,sagereg_regen,1189,0.2380151387720774,2.2933124922749517,0.0592189064305269,True,0.4449946539971279,1.9479166666666667,2.0,2.021433968520976,3.0,6372.0,,,,,,
893,sun3d-hotel_uc-scan3,34,2,sagereg_regen,1093,0.1427264409881061,4.400514482287025,0.2030799489015307,True,0.406098456995096,1.96875,2.0,2.106503275562036,4.0,6600.0,,,,,,
894,sun3d-hotel_uc-scan3,35,2,sagereg_regen,1283,0.1293842556508184,0.7520930644646149,0.0471345374046126,True,0.4537503800020204,1.9270833333333333,2.0,2.141073483664886,2.0,8774.0,,,,,,
895,sun3d-hotel_uc-scan3,43,2,sagereg_regen,989,0.0293225480283114,2.2979041309752954,0.070559109396812,True,0.3539142740046372,1.7291666666666667,2.0,1.7792285660915188,3.0,5667.0,,,,,,
896,sun3d-hotel_uc-scan3,44,2,sagereg_regen,1113,0.1796945193171608,2.4375001707161874,0.1046555964455841,True,0.4164323619988863,1.8541666666666667,2.0,1.9660831487938744,3.0,6484.0,,,,,,
897,sun3d-hotel_uc-scan3,45,2,sagereg_regen,1321,0.2619227857683573,1.3550622369323675,0.058735614112679,True,0.4906542149983579,1.90625,2.0,2.0096473893449507,3.0,8440.0,,,,,,
898,sun3d-hotel_uc-scan3,46,2,sagereg_regen,1194,0.2068676716917923,5.00129552270609,0.1578267026900239,True,0.4527043039997807,1.9375,2.0,2.1028653526038883,3.0,6983.0,,,,,,
899,sun3d-hotel_uc-scan3,53,2,sagereg_regen,1225,0.1085714285714285,4.543996312057344,0.123285883556907,True,0.4501888049999252,1.875,2.0,2.1152927635628527,5.0,6407.0,,,,,,
900,sun3d-hotel_uc-scan3,54,2,sagereg_regen,1273,0.2741555380989788,1.9661841068646635,0.0635722806511927,True,0.5004359820086393,1.9583333333333333,2.0,1.9928865304458931,2.0,9068.0,,,,,,
901,sun3d-hotel_uc-scan3,10,3,sagereg_regen,1057,0.140964995269631,2.0174658136081765,0.0557990643579215,True,0.4122640260029584,1.84375,2.0,2.452618700972692,4.0,6976.0,,,,,,
902,sun3d-hotel_uc-scan3,35,3,sagereg_regen,1339,0.0941000746825989,1.0599638348801692,0.0310811630763901,True,0.5142417710012523,1.8229166666666667,2.0,1.941114590837783,5.0,8705.0,,,,,,
903,sun3d-hotel_uc-scan3,45,3,sagereg_regen,1164,0.0756013745704467,2.207281857306276,0.1139630332413511,True,0.4114298249915009,1.9270833333333333,2.0,2.204426083493282,1.0,7567.0,,,,,,
904,sun3d-hotel_uc-scan3,54,3,sagereg_regen,1165,0.0952789699570815,2.9005829640476977,0.1165815660696539,True,0.4331433820043457,1.8020833333333333,2.0,2.2303394457826906,6.0,6022.0,,,,,,
905,sun3d-hotel_uc-scan3,5,4,sagereg_regen,577,0.1022530329289428,0.798945099201288,0.0484073888466506,True,0.2265121740056201,1.90625,2.0,2.4795175904206834,6.0,4307.0,,,,,,
906,sun3d-hotel_uc-scan3,6,4,sagereg_regen,608,0.0328947368421052,2.380411769413588,0.0554865869104082,True,0.2313861520015052,1.7604166666666667,2.0,2.5859000105317214,5.0,3786.0,,,,,,
907,sun3d-hotel_uc-scan3,9,4,sagereg_regen,748,0.0962566844919786,2.900238161669089,0.0530942309921069,True,0.3007264019979629,1.90625,2.0,1.9088888650904008,5.0,7002.0,,,,,,
908,sun3d-hotel_uc-scan3,10,4,sagereg_regen,843,0.0723606168446026,1.9978805467208736,0.0541776602849087,True,0.3100017729957471,1.8854166666666667,2.0,1.8866477576913332,6.0,4423.0,,,,,,
909,sun3d-hotel_uc-scan3,18,4,sagereg_regen,653,0.007656967840735,77.4408603894768,1.2879945970889892,False,0.2353890860031242,1.59375,2.0,1.8229475918890432,6.0,2436.0,,,,,,
910,sun3d-hotel_uc-scan3,19,4,sagereg_regen,676,0.0162721893491124,0.8434518435320484,0.0779429679120646,True,0.2541192589997081,1.8229166666666667,2.0,2.1361797664390934,6.0,4243.0,,,,,,
911,sun3d-hotel_uc-scan3,20,4,sagereg_regen,685,0.018978102189781,1.8045735493553452,0.1163971466687183,True,0.2644381540012546,1.6979166666666667,2.0,2.295622965792031,5.0,5394.0,,,,,,
912,sun3d-hotel_uc-scan3,36,4,sagereg_regen,892,0.0773542600896861,2.2860132115692533,0.0790846001782358,True,0.3417501760050072,1.9166666666666667,2.0,1.89037711379855,6.0,6129.0,,,,,,
913,sun3d-hotel_uc-scan3,37,4,sagereg_regen,576,0.0555555555555555,1.566123051112572,0.0316042403175935,True,0.2210196060041198,1.8125,2.0,2.526908777838797,6.0,3661.0,,,,,,
914,sun3d-hotel_uc-scan3,6,5,sagereg_regen,689,0.1973875181422351,1.2893634352562615,0.0300177307783748,True,0.2855188410030678,1.96875,2.0,2.550850128553495,6.0,6225.0,,,,,,
915,sun3d-hotel_uc-scan3,7,5,sagereg_regen,638,0.1583072100313479,0.645439374221059,0.0268503071815807,True,0.2613782320040627,1.9270833333333333,2.0,1.9569280567061924,4.0,5269.0,,,,,,
916,sun3d-hotel_uc-scan3,8,5,sagereg_regen,558,0.1648745519713261,2.6534132977700144,0.0833964449139233,True,0.2236382179980864,1.9375,2.0,2.123706950783662,3.0,4216.0,,,,,,
917,sun3d-hotel_uc-scan3,9,5,sagereg_regen,617,0.0583468395461912,5.8920996640398124,0.1196497073472429,True,0.2395697669999208,1.8645833333333333,2.0,2.3930124131199166,4.0,4093.0,,,,,,
918,sun3d-hotel_uc-scan3,37,5,sagereg_regen,647,0.2704791344667697,1.623244681890765,0.0478385466933594,True,0.2719326760052354,1.9791666666666667,2.0,2.3718673887620128,6.0,5335.0,,,,,,
919,sun3d-hotel_uc-scan3,38,5,sagereg_regen,568,0.176056338028169,1.0132284675145076,0.0171677326422923,True,0.2303800860026967,1.9895833333333333,2.0,2.2432151917108887,3.0,4264.0,,,,,,
920,sun3d-hotel_uc-scan3,39,5,sagereg_regen,477,0.1341719077568134,2.237169807552866,0.0519490147873419,True,0.191524103996926,1.9479166666666667,2.0,2.2192266085036185,4.0,4236.0,,,,,,
921,sun3d-hotel_uc-scan3,40,5,sagereg_regen,450,0.1,1.8099211297410327,0.0701259086739998,True,0.1774819429920171,1.9479166666666667,2.0,2.350937926965764,4.0,4029.0,,,,,,
922,sun3d-hotel_uc-scan3,41,5,sagereg_regen,497,0.0523138832997987,3.787071205136994,0.1104795973414058,True,0.1939204510053969,1.8645833333333333,2.0,2.106328183880098,4.0,3995.0,,,,,,
923,sun3d-hotel_uc-scan3,7,6,sagereg_regen,831,0.2454873646209386,1.410140438456152,0.0347441022382449,True,0.3445877950071008,2.0,2.0,2.616804489090327,6.0,6844.0,,,,,,
924,sun3d-hotel_uc-scan3,8,6,sagereg_regen,654,0.1941896024464831,2.2780156078915663,0.0597448361400845,True,0.266260655989754,1.8958333333333333,2.0,2.734063822044784,2.0,5365.0,,,,,,
925,sun3d-hotel_uc-scan3,9,6,sagereg_regen,721,0.0887656033287101,2.6368600898115746,0.0478575808197588,True,0.2761414330016123,1.9166666666666667,2.0,2.430394768372722,5.0,4168.0,,,,,,
926,sun3d-hotel_uc-scan3,37,6,sagereg_regen,712,0.1516853932584269,0.9296032525128964,0.024759874962007,True,0.2913851780031109,1.9791666666666667,2.0,2.6938675940038026,5.0,6491.0,,,,,,
927,sun3d-hotel_uc-scan3,38,6,sagereg_regen,536,0.1324626865671641,1.2184971240492386,0.0072938707271177,True,0.2148954249933012,1.9895833333333333,2.0,2.4142368553808358,3.0,4940.0,,,,,,
928,sun3d-hotel_uc-scan3,39,6,sagereg_regen,538,0.1654275092936803,1.8896661219772772,0.0363390958284124,True,0.2254595800040988,1.96875,2.0,2.372007043636924,6.0,4776.0,,,,,,
929,sun3d-hotel_uc-scan3,40,6,sagereg_regen,533,0.0787992495309568,4.596543981438485,0.1147322850977043,True,0.2179330999933881,1.9166666666666667,2.0,1.9074853813224977,3.0,5158.0,,,,,,
930,sun3d-hotel_uc-scan3,41,6,sagereg_regen,613,0.0717781402936378,3.374228338486653,0.0956341123522306,True,0.2495904999959748,1.9166666666666667,2.0,2.524464726095498,5.0,4925.0,,,,,,
931,sun3d-hotel_uc-scan3,8,7,sagereg_regen,629,0.232114467408585,0.9246073537158987,0.0205657042787604,True,0.2751188670008559,1.9583333333333333,2.0,2.749291842333545,5.0,5734.0,,,,,,
932,sun3d-hotel_uc-scan3,37,7,sagereg_regen,702,0.1068376068376068,2.8824847605554407,0.0586278074235028,True,0.2896701860008761,1.9895833333333333,2.0,2.2076547657542536,6.0,6166.0,,,,,,
933,sun3d-hotel_uc-scan3,38,7,sagereg_regen,549,0.1639344262295081,1.063821078623543,0.0363867121098062,True,0.2338407339993864,1.9791666666666667,2.0,2.525993693968359,5.0,5534.0,,,,,,
934,sun3d-hotel_uc-scan3,39,7,sagereg_regen,482,0.1473029045643153,1.7488865283303894,0.0386120223305058,True,0.2083681470030569,1.96875,2.0,2.754915336536662,5.0,5058.0,,,,,,
935,sun3d-hotel_uc-scan3,40,7,sagereg_regen,466,0.075107296137339,4.090381192073084,0.1046657193558572,True,0.2007676880020881,1.9166666666666667,2.0,2.641812124471147,5.0,6026.0,,,,,,
936,sun3d-hotel_uc-scan3,41,7,sagereg_regen,545,0.0568807339449541,1.1805485216431162,0.0448695441724142,True,0.2255076199944596,1.9375,2.0,2.7021193800562853,5.0,5709.0,,,,,,
937,sun3d-hotel_uc-scan3,9,8,sagereg_regen,733,0.1773533424283765,0.8176738098407424,0.007108237810157,True,0.2841353910043835,1.9166666666666667,2.0,2.637155122248996,4.0,4488.0,,,,,,
938,sun3d-hotel_uc-scan3,36,8,sagereg_regen,729,0.0123456790123456,20.30510563242691,0.4182479694486261,False,0.2741382269887253,1.7083333333333333,2.0,1.9995607002164064,6.0,3837.0,,,,,,
939,sun3d-hotel_uc-scan3,37,8,sagereg_regen,568,0.0950704225352112,1.0382020135897962,0.0144210844234618,True,0.2431837350013665,1.90625,2.0,2.408484660595124,5.0,5424.0,,,,,,
940,sun3d-hotel_uc-scan3,38,8,sagereg_regen,429,0.2004662004662004,1.4340385788671164,0.0407727757326598,True,0.1726198010073858,1.9479166666666667,2.0,2.135317566726332,1.0,4381.0,,,,,,
941,sun3d-hotel_uc-scan3,39,8,sagereg_regen,544,0.2316176470588235,1.6101278292799843,0.028493982450075,True,0.2314548170033958,1.9583333333333333,2.0,2.49479912233377,5.0,4470.0,,,,,,
942,sun3d-hotel_uc-scan3,40,8,sagereg_regen,554,0.2617328519855595,2.034680366015268,0.0694694484747042,True,0.2383273040031781,1.96875,2.0,2.398594463962068,6.0,5040.0,,,,,,
943,sun3d-hotel_uc-scan3,41,8,sagereg_regen,541,0.1256931608133087,1.5885173227757174,0.0579841161212232,True,0.2352547420014161,1.9583333333333333,2.0,2.785260643728677,4.0,5588.0,,,,,,
944,sun3d-hotel_uc-scan3,42,8,sagereg_regen,524,0.0267175572519083,54.971378733424665,0.5101980606454314,False,0.2023760369993397,1.8020833333333333,2.0,1.3484279670921633,6.0,2906.0,,,,,,
945,sun3d-hotel_uc-scan3,10,9,sagereg_regen,1090,0.2110091743119266,1.236203256362622,0.0317451371995035,True,0.4202291629990213,1.8645833333333333,2.0,2.3802155911189438,5.0,7196.0,,,,,,
946,sun3d-hotel_uc-scan3,20,9,sagereg_regen,788,0.0190355329949238,2.1582488567003826,0.1308333905334835,True,0.3005467260009027,1.6770833333333333,2.0,2.179114942195526,6.0,5272.0,,,,,,
947,sun3d-hotel_uc-scan3,36,9,sagereg_regen,1043,0.0786193672099712,2.3531182223211364,0.0543505445560893,True,0.3980217420030385,1.8541666666666667,2.0,2.3774927156383505,4.0,8597.0,,,,,,
948,sun3d-hotel_uc-scan3,43,9,sagereg_regen,830,0.0373493975903614,34.10433412877198,0.7329176328381485,False,0.3097817229936481,1.7604166666666667,2.0,1.7970556663106407,6.0,4139.0,,,,,,
949,sun3d-hotel_uc-scan3,44,9,sagereg_regen,924,0.0779220779220779,2.4069382072004863,0.0882063752425538,True,0.3495999579972704,1.8541666666666667,2.0,1.7778011938684994,3.0,6436.0,,,,,,
950,sun3d-hotel_uc-scan3,45,9,sagereg_regen,906,0.0871964679911699,3.2292814156578973,0.1032429674278705,True,0.3485465510020731,1.84375,2.0,2.4163934980915207,5.0,5753.0,,,,,,
951,sun3d-hotel_uc-scan3,18,10,sagereg_regen,980,0.1061224489795918,1.5221248402555518,0.0558924548677779,True,0.3672412079904461,1.875,2.0,2.0389252811752714,6.0,7333.0,,,,,,
952,sun3d-hotel_uc-scan3,19,10,sagereg_regen,851,0.0364277320799059,2.613652452074,0.0467118449045411,True,0.3249137070015422,1.8125,2.0,2.189803522760905,5.0,6562.0,,,,,,
953,sun3d-hotel_uc-scan3,20,10,sagereg_regen,1000,0.072,2.392600190907864,0.0876170821285966,True,0.3729865970017272,1.8645833333333333,2.0,1.7285288617326675,6.0,7077.0,,,,,,
954,sun3d-hotel_uc-scan3,35,10,sagereg_regen,1093,0.1088746569075937,2.383470191358892,0.1113834592902915,True,0.3755167120034457,1.8541666666666667,2.0,1.6796872262031084,3.0,4473.0,,,,,,
955,sun3d-hotel_uc-scan3,36,10,sagereg_regen,1126,0.0896980461811722,2.383660830225909,0.0840082144673623,True,0.427967590992921,1.8541666666666667,2.0,2.2936303626785857,6.0,8785.0,,,,,,
956,sun3d-hotel_uc-scan3,43,10,sagereg_regen,917,0.0130861504907306,172.7646603216259,5.978992232263972,False,0.3074827379969065,1.8020833333333333,2.0,1.959542231950976,0.0,1377.0,,,,,,
957,sun3d-hotel_uc-scan3,44,10,sagereg_regen,1050,0.2009523809523809,0.7787752700176847,0.0526491187429877,True,0.3982110469951294,1.9375,2.0,2.498141995508006,2.0,8764.0,,,,,,
958,sun3d-hotel_uc-scan3,45,10,sagereg_regen,1207,0.2990886495443248,0.7354441364077163,0.0292533421662198,True,0.4708452459963155,1.9270833333333333,2.0,2.454883958653973,3.0,9409.0,,,,,,
959,sun3d-hotel_uc-scan3,54,10,sagereg_regen,930,0.0978494623655914,1.1348848186724942,0.0467752339908446,True,0.344455640995875,1.8229166666666667,2.0,1.3584622778392308,4.0,4910.0,,,,,,
960,sun3d-hotel_uc-scan3,34,11,sagereg_regen,1123,0.2190560997328584,1.8553094855652283,0.0810778345265816,True,0.4280397999973502,1.9479166666666667,2.0,2.113326938264034,4.0,8579.0,,,,,,
961,sun3d-hotel_uc-scan3,35,11,sagereg_regen,1126,0.216696269982238,1.1619605222694305,0.0594612749734104,True,0.4242937599992729,1.9895833333333333,2.0,1.6776334006416835,4.0,7935.0,,,,,,
962,sun3d-hotel_uc-scan3,46,11,sagereg_regen,1072,0.2126865671641791,3.0769270597387823,0.1139023506452679,True,0.4257086500001605,1.9895833333333333,2.0,2.0858074571915965,3.0,7009.0,,,,,,
963,sun3d-hotel_uc-scan3,47,11,sagereg_regen,988,0.0060728744939271,174.02749618981784,1.8646340948192253,False,0.3658074650011258,1.8229166666666667,2.0,1.7959320949725357,4.0,3564.0,,,,,,
964,sun3d-hotel_uc-scan3,53,11,sagereg_regen,993,0.080563947633434,3.546160644643652,0.1212568195512621,True,0.3615217879996635,1.8541666666666667,2.0,2.073403213954656,3.0,6363.0,,,,,,
965,sun3d-hotel_uc-scan3,54,11,sagereg_regen,1021,0.1469147894221351,0.8942688104445764,0.038041797168615,True,0.3838323820018559,1.9583333333333333,2.0,1.807162636745944,4.0,6727.0,,,,,,
966,sun3d-hotel_uc-scan3,13,12,sagereg_regen,919,0.1109902067464635,2.3809724552901947,0.0488858049733768,True,0.3555652580034802,1.9583333333333333,2.0,2.435338882913666,6.0,4440.0,,,,,,
967,sun3d-hotel_uc-scan3,32,12,sagereg_regen,518,0.0424710424710424,2.826813159736828,0.0582984920434248,True,0.2138598579986137,1.8854166666666667,2.0,1.781482574310052,6.0,5104.0,,,,,,
968,sun3d-hotel_uc-scan3,33,12,sagereg_regen,885,0.0757062146892655,2.9145213859511845,0.1237547628702756,True,0.357812759000808,1.96875,2.0,2.7196226530364584,6.0,7436.0,,,,,,
969,sun3d-hotel_uc-scan3,47,12,sagereg_regen,638,0.0799373040752351,1.2025106878289062,0.0455106437702528,True,0.2822514839936048,1.84375,2.0,2.415349969372829,6.0,8082.0,,,,,,
970,sun3d-hotel_uc-scan3,48,12,sagereg_regen,891,0.1840628507295174,1.6022798487147567,0.0541207350087515,True,0.3687926780039561,1.9791666666666667,2.0,2.6227961879123534,6.0,5668.0,,,,,,
971,sun3d-hotel_uc-scan3,52,12,sagereg_regen,718,0.1392757660167131,1.6406327959421,0.0711195673972748,True,0.2950990329918568,1.9270833333333333,2.0,2.709249536514465,4.0,6162.0,,,,,,
972,sun3d-hotel_uc-scan3,53,12,sagereg_regen,478,0.0125523012552301,59.62665241408323,2.427903554066668,False,0.1793526429974008,1.6875,2.0,1.0675879292905832,3.0,3883.0,,,,,,
973,sun3d-hotel_uc-scan3,14,13,sagereg_regen,1199,0.0984153461217681,0.8995245994860829,0.0273950934757834,True,0.468279311004153,1.8958333333333333,2.0,2.381947441307705,6.0,6286.0,,,,,,
974,sun3d-hotel_uc-scan3,24,13,sagereg_regen,1051,0.0656517602283539,1.8917901728918465,0.056226637822278,True,0.3836915200081421,1.90625,2.0,1.8784880475883048,6.0,5218.0,,,,,,
975,sun3d-hotel_uc-scan3,25,13,sagereg_regen,655,0.0763358778625954,0.4276233506867084,0.0162343902239079,True,0.2683583879988873,1.875,2.0,2.3030057307148595,6.0,5671.0,,,,,,
976,sun3d-hotel_uc-scan3,26,13,sagereg_regen,995,0.0562814070351758,1.7076020181166054,0.0407296564819085,True,0.3624570799947832,1.90625,2.0,1.836464463334809,5.0,5274.0,,,,,,
977,sun3d-hotel_uc-scan3,47,13,sagereg_regen,728,0.0068681318681318,173.830164531091,6.191041906426193,False,0.2801461159979226,1.7083333333333333,2.0,1.2104050161834763,6.0,2948.0,,,,,,
978,sun3d-hotel_uc-scan3,48,13,sagereg_regen,1067,0.0993439550140581,1.569638348892613,0.0773870934981558,True,0.4114154269918799,1.9270833333333333,2.0,1.7000947900456067,4.0,7000.0,,,,,,
979,sun3d-hotel_uc-scan3,49,13,sagereg_regen,1086,0.0441988950276243,1.5972188303599264,0.0655868189687943,True,0.3935731719975592,1.8125,2.0,1.938825296441725,3.0,3995.0,,,,,,
980,sun3d-hotel_uc-scan3,51,13,sagereg_regen,1002,0.0399201596806387,0.7902221850122945,0.0576363056895733,True,0.3581149930032552,1.7916666666666667,2.0,1.6049703059114726,5.0,3669.0,,,,,,
981,sun3d-hotel_uc-scan3,52,13,sagereg_regen,840,0.0511904761904761,2.796473267955519,0.1177508532413489,True,0.3144816249987343,1.8854166666666667,2.0,1.6874867042674018,6.0,5811.0,,,,,,
982,sun3d-hotel_uc-scan3,15,14,sagereg_regen,1352,0.1752958579881657,1.1315815435024013,0.0361124110503286,True,0.5193667920029839,1.9583333333333333,2.0,2.3639757047529373,3.0,8494.0,,,,,,
983,sun3d-hotel_uc-scan3,16,14,sagereg_regen,1208,0.0786423841059602,0.4043601270979958,0.0292770908355832,True,0.4415084330030367,1.8645833333333333,2.0,1.7760826522170785,6.0,6075.0,,,,,,
984,sun3d-hotel_uc-scan3,23,14,sagereg_regen,1316,0.0569908814589665,1.3038876411346825,0.049800672130469,True,0.4545489800075302,1.8854166666666667,2.0,2.512585878029364,3.0,6763.0,,,,,,
985,sun3d-hotel_uc-scan3,24,14,sagereg_regen,1507,0.2375580623755806,0.6342760121579032,0.0226005295308989,True,0.5996793259982951,1.96875,2.0,2.484256725668296,4.0,10219.0,,,,,,
986,sun3d-hotel_uc-scan3,25,14,sagereg_regen,719,0.0904033379694019,1.517788448041204,0.0400301562693748,True,0.2959275919929496,1.8958333333333333,2.0,1.6977439490832995,6.0,6394.0,,,,,,
987,sun3d-hotel_uc-scan3,26,14,sagereg_regen,1221,0.095004095004095,0.8241139336704781,0.0281582621142143,True,0.4471742300011101,1.90625,2.0,2.2296475371796647,3.0,5950.0,,,,,,
988,sun3d-hotel_uc-scan3,49,14,sagereg_regen,1386,0.049062049062049,1.5422119744896272,0.0522683687917069,True,0.5361172129996703,1.7604166666666667,2.0,1.8730615038147125,6.0,8950.0,,,,,,
989,sun3d-hotel_uc-scan3,51,14,sagereg_regen,1203,0.0357439733998337,0.9379759614393434,0.0505973237277067,True,0.4648463379999157,1.78125,2.0,1.9911167997192816,5.0,8189.0,,,,,,
990,sun3d-hotel_uc-scan3,16,15,sagereg_regen,1263,0.234362628661916,0.6024736244278618,0.0455605385726034,True,0.5028714630025206,1.9479166666666667,2.0,2.218564583165473,6.0,8467.0,,,,,,
991,sun3d-hotel_uc-scan3,22,15,sagereg_regen,1063,0.1175917215428033,0.9735806737373616,0.0602403990661258,True,0.3797960640004021,1.8958333333333333,2.0,2.1933510458988903,3.0,5040.0,,,,,,
992,sun3d-hotel_uc-scan3,23,15,sagereg_regen,1436,0.2123955431754874,0.9664787665889648,0.0410639309177203,True,0.5368357350016595,1.9375,2.0,2.2103297395331905,3.0,9336.0,,,,,,
993,sun3d-hotel_uc-scan3,24,15,sagereg_regen,1384,0.1748554913294797,1.5467642772841874,0.0445944080113519,True,0.5455146940003033,1.9375,2.0,2.386443005320244,4.0,9141.0,,,,,,
994,sun3d-hotel_uc-scan3,49,15,sagereg_regen,1405,0.0462633451957295,1.2245867110372664,0.0475935596126418,True,0.5250571069918806,1.8229166666666667,2.0,2.534414072534717,6.0,8992.0,,,,,,
995,sun3d-hotel_uc-scan3,50,15,sagereg_regen,1075,0.0083720930232558,7.203497708960759,0.5042263673146143,False,0.384171546997095,1.78125,2.0,1.616902764042779,6.0,3751.0,,,,,,
996,sun3d-hotel_uc-scan3,51,15,sagereg_regen,1241,0.0354552780016116,1.10031169806985,0.0357885500724691,True,0.4598909259948414,1.7395833333333333,2.0,2.3229407419588104,6.0,8216.0,,,,,,
997,sun3d-hotel_uc-scan3,17,16,sagereg_regen,1036,0.0984555984555984,1.871420174554114,0.0608484145977648,True,0.4043643640034133,1.8541666666666667,2.0,2.0052105404779983,5.0,6558.0,,,,,,
998,sun3d-hotel_uc-scan3,22,16,sagereg_regen,1249,0.2658126501200961,0.3200405371286648,0.0225036875220966,True,0.5226852030027658,1.96875,2.0,1.9906554490609143,3.0,7634.0,,,,,,
999,sun3d-hotel_uc-scan3,23,16,sagereg_regen,1227,0.1336593317033415,0.310526894741541,0.0278094594820598,True,0.4570585870023933,1.9583333333333333,2.0,2.0624368854231787,4.0,7388.0,,,,,,
1000,sun3d-hotel_uc-scan3,24,16,sagereg_regen,1157,0.0579083837510803,0.7372257314302434,0.0323649757941574,True,0.4138493339996785,1.8333333333333333,2.0,2.081371309761871,3.0,6042.0,,,,,,
1001,sun3d-hotel_uc-scan3,48,16,sagereg_regen,1161,0.0155038759689922,27.643289262576864,1.256867532308912,False,0.4011038219978218,1.9375,2.0,2.5116520532107103,5.0,4268.0,,,,,,
1002,sun3d-hotel_uc-scan3,49,16,sagereg_regen,1249,0.0200160128102481,1.1071789609157303,0.0447361540119587,True,0.451684641004249,1.65625,2.0,2.256607435877433,5.0,6446.0,,,,,,
1003,sun3d-hotel_uc-scan3,51,16,sagereg_regen,1163,0.0180567497850386,10.56728242992363,0.510766783528948,False,0.4258154519920936,1.78125,2.0,1.6834869336421654,5.0,5676.0,,,,,,
1004,sun3d-hotel_uc-scan3,21,17,sagereg_regen,1037,0.2420443587270974,1.212560843548902,0.0214295296142926,True,0.4006677850047708,1.9166666666666667,2.0,1.864818812225465,6.0,6752.0,,,,,,
1005,sun3d-hotel_uc-scan3,22,17,sagereg_regen,1019,0.1452404317958783,2.0134769775709658,0.0326642914028492,True,0.4379276420077076,1.9479166666666667,2.0,2.3334795171099727,5.0,9053.0,,,,,,
1006,sun3d-hotel_uc-scan3,19,18,sagereg_regen,876,0.1632420091324201,1.2055746749686092,0.0145651339639861,True,0.3393159199986257,1.8541666666666667,2.0,2.1244007890525234,4.0,5001.0,,,,,,
1007,sun3d-hotel_uc-scan3,20,18,sagereg_regen,1138,0.2724077328646748,0.542144890307929,0.0124561695685832,True,0.4402610579927568,1.9375,2.0,2.4333253837897018,3.0,7714.0,,,,,,
1008,sun3d-hotel_uc-scan3,36,18,sagereg_regen,1033,0.0522749273959341,0.4115409562806116,0.0208739809638082,True,0.3708129010046832,1.8020833333333333,2.0,2.0620175548712214,4.0,6861.0,,,,,,
1009,sun3d-hotel_uc-scan3,45,18,sagereg_regen,937,0.071504802561366,1.9638471387417535,0.0341552610061608,True,0.3453935540019301,1.8958333333333333,2.0,2.0164247480415187,6.0,6032.0,,,,,,
1010,sun3d-hotel_uc-scan3,20,19,sagereg_regen,820,0.1804878048780487,1.1856020565951153,0.0361010666006912,True,0.3196175389966811,1.90625,2.0,2.42234385970395,1.0,5704.0,,,,,,
1011,sun3d-hotel_uc-scan3,35,19,sagereg_regen,846,0.0035460992907801,120.12416390921092,6.195759406287036,False,0.3188264170021284,1.8020833333333333,2.0,1.599479375181034,5.0,4202.0,,,,,,
1012,sun3d-hotel_uc-scan3,36,19,sagereg_regen,836,0.0478468899521531,1.37369819760958,0.0588522644874237,True,0.3119518180028535,1.8229166666666667,2.0,2.515018165242477,2.0,5531.0,,,,,,
1013,sun3d-hotel_uc-scan3,36,20,sagereg_regen,1040,0.0673076923076923,0.9123806436836768,0.0337989630755608,True,0.3914350649938569,1.8333333333333333,2.0,2.284377572050614,4.0,8112.0,,,,,,
1014,sun3d-hotel_uc-scan3,22,21,sagereg_regen,904,0.1769911504424778,1.804132025170562,0.0346871051397503,True,0.341525901996647,1.9166666666666667,2.0,2.3177768208998777,4.0,5621.0,,,,,,
1015,sun3d-hotel_uc-scan3,23,22,sagereg_regen,1106,0.081374321880651,0.9480172717441184,0.0422189463881025,True,0.4037729789997684,1.8229166666666667,2.0,2.313739823799659,5.0,4616.0,,,,,,
1016,sun3d-hotel_uc-scan3,24,23,sagereg_regen,1448,0.1395027624309392,1.35105559766379,0.0388042864516187,True,0.5323552320041927,1.9270833333333333,2.0,2.7694541108903867,4.0,8281.0,,,,,,
1017,sun3d-hotel_uc-scan3,49,23,sagereg_regen,1311,0.0183066361556064,1.7398497581846222,0.0395085315081799,True,0.4952408449971699,1.6875,2.0,2.454419474894568,5.0,9634.0,,,,,,
1018,sun3d-hotel_uc-scan3,50,23,sagereg_regen,1092,0.0054945054945054,89.77934020575132,2.8570495662861624,False,0.388800952998281,1.71875,2.0,1.797196085252076,3.0,3362.0,,,,,,
1019,sun3d-hotel_uc-scan3,51,23,sagereg_regen,1145,0.0104803493449781,80.54698603974308,3.016020190221067,False,0.4204113999949186,1.7708333333333333,2.0,1.631317787610622,6.0,5012.0,,,,,,
1020,sun3d-hotel_uc-scan3,25,24,sagereg_regen,820,0.0804878048780487,0.8291046892314207,0.0138051580424714,True,0.3142150149942608,1.9270833333333333,2.0,2.1554202635288573,5.0,5260.0,,,,,,
1021,sun3d-hotel_uc-scan3,49,24,sagereg_regen,1387,0.0526315789473684,0.3907432189497567,0.0353586162612997,True,0.5368646799979615,1.7395833333333333,2.0,2.3010576911787486,6.0,10836.0,,,,,,
1022,sun3d-hotel_uc-scan3,50,24,sagereg_regen,1042,0.0134357005758157,92.47715789248394,2.978259074673276,False,0.3685955459950492,1.6458333333333333,2.0,1.656395989325493,6.0,2450.0,,,,,,
1023,sun3d-hotel_uc-scan3,51,24,sagereg_regen,1223,0.0310711365494685,1.6547848219252683,0.0804404231549273,True,0.4742210590047762,1.8125,2.0,2.563268231405605,6.0,9761.0,,,,,,
1024,sun3d-hotel_uc-scan3,26,25,sagereg_regen,616,0.060064935064935,0.9685003268160186,0.0377956917146874,True,0.2439469550008652,1.90625,2.0,2.1657499097702004,4.0,4571.0,,,,,,
1025,sun3d-hotel_uc-scan3,48,25,sagereg_regen,649,0.012326656394453,78.63928332269013,2.894438680404745,False,0.2232782290011528,1.8125,2.0,2.2639088730284365,0.0,1937.0,,,,,,
1026,sun3d-hotel_uc-scan3,49,25,sagereg_regen,604,0.021523178807947,91.86813119279036,4.613126728713991,False,0.2373813479935052,1.6666666666666667,2.0,1.2434464116880068,6.0,1973.0,,,,,,
1027,sun3d-hotel_uc-scan3,51,25,sagereg_regen,536,0.0055970149253731,90.04038122392348,4.609090003413486,False,0.2054992630073684,1.71875,2.0,1.4947686818179884,4.0,3098.0,,,,,,
1028,sun3d-hotel_uc-scan3,52,25,sagereg_regen,512,0.0,59.2708845482878,2.481472933794695,False,0.1972183769903495,1.5833333333333333,2.0,1.7742799621095775,6.0,2710.0,,,,,,
1029,sun3d-hotel_uc-scan3,27,26,sagereg_regen,1133,0.293909973521624,0.2706146528198548,0.0079795746756251,True,0.4723581840007682,1.9270833333333333,2.0,2.594300202110937,4.0,8151.0,,,,,,
1030,sun3d-hotel_uc-scan3,28,26,sagereg_regen,744,0.2903225806451613,0.6940476544060591,0.0195324429230964,True,0.3230756949997158,1.9791666666666667,2.0,2.268405703546778,6.0,6451.0,,,,,,
1031,sun3d-hotel_uc-scan3,28,27,sagereg_regen,930,0.4591397849462366,0.9956043074992632,0.0219545680642408,True,0.3908334169973386,1.96875,2.0,2.4156007460636717,5.0,6501.0,,,,,,
1032,sun3d-hotel_uc-scan3,29,27,sagereg_regen,787,0.1156289707750953,1.7801963972322974,0.0359815068481063,True,0.3002781720060739,1.9270833333333333,2.0,1.8438511847825076,5.0,3994.0,,,,,,
1033,sun3d-hotel_uc-scan3,29,28,sagereg_regen,600,0.1083333333333333,4.1125048688529136,0.0935194805854281,True,0.2284069490051479,1.8333333333333333,2.0,2.126295812809806,6.0,2962.0,,,,,,
1034,sun3d-hotel_uc-scan3,30,29,sagereg_regen,581,0.0292598967297762,179.9420115982505,2.89970176670022,False,0.2169636560065555,1.9479166666666667,2.0,1.8324869799029195,6.0,2868.0,,,,,,
1035,sun3d-hotel_uc-scan3,32,31,sagereg_regen,445,0.1438202247191011,1.457470031539471,0.0548089248746995,True,0.1855014630054938,1.9375,2.0,2.49823114277043,4.0,3875.0,,,,,,
1036,sun3d-hotel_uc-scan3,33,31,sagereg_regen,408,0.088235294117647,2.526983300294695,0.0314162249624389,True,0.1649627489969134,1.9166666666666667,2.0,1.9630715041185185,6.0,4563.0,,,,,,
1037,sun3d-hotel_uc-scan3,47,31,sagereg_regen,227,0.0088105726872246,8.750723111230473,0.1189970138476918,True,0.1060760009931982,1.5625,2.0,1.8094911123166413,6.0,2823.0,,,,,,
1038,sun3d-hotel_uc-scan3,48,31,sagereg_regen,409,0.0440097799511002,2.6335766103094294,0.1614081963691797,True,0.1509131740021985,1.875,2.0,1.2536828202364814,6.0,3390.0,,,,,,
1039,sun3d-hotel_uc-scan3,52,31,sagereg_regen,311,0.045016077170418,18.493275405939954,1.0189662252105554,False,0.1205762919926201,1.6979166666666667,2.0,2.081981506619052,6.0,2204.0,,,,,,
1040,sun3d-hotel_uc-scan3,53,31,sagereg_regen,240,0.0,179.88827581526513,7.078526331246955,False,0.1054558149990043,1.5416666666666667,1.0,1.7609034642885566,6.0,2490.0,,,,,,
1041,sun3d-hotel_uc-scan3,33,32,sagereg_regen,544,0.1415441176470588,3.3205002691516845,0.0940305406572732,True,0.2360260079949512,1.8958333333333333,2.0,2.47569873453457,6.0,5685.0,,,,,,
1042,sun3d-hotel_uc-scan3,47,32,sagereg_regen,318,0.0345911949685534,2.9035749696704283,0.0431327255570941,True,0.1420180740024079,1.5729166666666667,2.0,1.596458895213843,5.0,5041.0,,,,,,
1043,sun3d-hotel_uc-scan3,48,32,sagereg_regen,482,0.0622406639004149,0.8730229666958488,0.064051235175746,True,0.1853776309944805,1.8541666666666667,2.0,1.4029177566240378,4.0,4795.0,,,,,,
1044,sun3d-hotel_uc-scan3,52,32,sagereg_regen,454,0.0308370044052863,2.3275137654820583,0.0465850154633912,True,0.1788770369967096,1.71875,2.0,1.4184743352001938,6.0,4536.0,,,,,,
1045,sun3d-hotel_uc-scan3,53,32,sagereg_regen,313,0.0,112.44399500147696,3.293242995337201,False,0.1070749869977589,1.1979166666666667,1.0,1.0051941038171688,5.0,1356.0,,,,,,
1046,sun3d-hotel_uc-scan3,34,33,sagereg_regen,897,0.0880713489409141,3.80443348200772,0.1451140099958084,True,0.338465704000555,1.96875,2.0,2.5094020673073167,6.0,5126.0,,,,,,
1047,sun3d-hotel_uc-scan3,47,33,sagereg_regen,665,0.0541353383458646,1.8931887006928163,0.1150467958407221,True,0.2856867709997459,1.84375,2.0,1.887913197232272,5.0,8604.0,,,,,,
1048,sun3d-hotel_uc-scan3,48,33,sagereg_regen,882,0.0623582766439909,3.266642739283407,0.1400847838276832,True,0.3321159299957799,1.8958333333333333,2.0,2.2678136911192195,3.0,5864.0,,,,,,
1049,sun3d-hotel_uc-scan3,52,33,sagereg_regen,778,0.0835475578406169,1.5940889002121852,0.1327341428100158,True,0.3196808059947216,1.8333333333333333,2.0,1.920007352973015,6.0,6457.0,,,,,,
1050,sun3d-hotel_uc-scan3,53,33,sagereg_regen,587,0.0357751277683134,2.477999165526231,0.0443016451464845,True,0.2351061589943128,1.65625,2.0,1.6429670135806675,6.0,5245.0,,,,,,
1051,sun3d-hotel_uc-scan3,35,34,sagereg_regen,1126,0.1571936056838365,3.8115113097658457,0.1782290044631705,True,0.4342350750011974,1.9166666666666667,2.0,2.086647125609067,3.0,6868.0,,,,,,
1052,sun3d-hotel_uc-scan3,46,34,sagereg_regen,952,0.1260504201680672,1.2649809018026836,0.0535271745678467,True,0.3795324230013648,1.9791666666666667,2.0,2.080161945190595,4.0,8407.0,,,,,,
1053,sun3d-hotel_uc-scan3,47,34,sagereg_regen,855,0.0292397660818713,4.187190182855352,0.1333316699195647,True,0.325021923003078,1.84375,2.0,2.1558093575677435,6.0,6951.0,,,,,,
1054,sun3d-hotel_uc-scan3,53,34,sagereg_regen,873,0.0824742268041237,1.0123467733845046,0.0359090885782345,True,0.3403747390038916,1.8125,2.0,2.410586693453075,3.0,8649.0,,,,,,
1055,sun3d-hotel_uc-scan3,54,34,sagereg_regen,892,0.0695067264573991,3.4590424266680544,0.1093243106432142,True,0.3421111010029563,1.8854166666666667,2.0,1.9567509161188288,6.0,7616.0,,,,,,
1056,sun3d-hotel_uc-scan3,54,35,sagereg_regen,1173,0.0980392156862745,1.8785628595380024,0.0912380428616917,True,0.4283702580069075,1.9166666666666667,2.0,1.919930071816956,4.0,7024.0,,,,,,
1057,sun3d-hotel_uc-scan3,38,37,sagereg_regen,557,0.170556552962298,1.71566051426194,0.0198008289987129,True,0.2309173050016397,1.9791666666666667,2.0,2.219643736036053,3.0,4827.0,,,,,,
1058,sun3d-hotel_uc-scan3,39,37,sagereg_regen,515,0.0912621359223301,1.039623976264839,0.040190007870948,True,0.205505275989708,1.96875,2.0,2.31122575311136,4.0,4458.0,,,,,,
1059,sun3d-hotel_uc-scan3,40,37,sagereg_regen,486,0.0452674897119341,3.3109192385171,0.1006889250901747,True,0.1940528129998711,1.8333333333333333,2.0,2.6289611841746527,5.0,4682.0,,,,,,
1060,sun3d-hotel_uc-scan3,41,37,sagereg_regen,543,0.0276243093922651,6.935321114118705,0.1563421237240715,True,0.217431655000837,1.875,2.0,1.9088073992493488,6.0,5145.0,,,,,,
1061,sun3d-hotel_uc-scan3,39,38,sagereg_regen,389,0.1362467866323907,1.8458217808977249,0.0518045652702607,True,0.1595372769952519,1.96875,2.0,2.4124936275037525,4.0,4211.0,,,,,,
1062,sun3d-hotel_uc-scan3,40,38,sagereg_regen,396,0.0934343434343434,1.8802176969502231,0.0757895808240079,True,0.1638696729933144,1.9791666666666667,2.0,2.440448278393132,6.0,4476.0,,,,,,
1063,sun3d-hotel_uc-scan3,41,38,sagereg_regen,441,0.0272108843537414,3.3469294817223667,0.1095157771950445,True,0.1757196859980467,1.96875,2.0,1.935374100253804,6.0,4320.0,,,,,,
1064,sun3d-hotel_uc-scan3,40,39,sagereg_regen,539,0.4025974025974026,1.2915256019165693,0.0374393133135025,True,0.230662170004507,1.9895833333333333,2.0,2.2672974761945945,3.0,4945.0,,,,,,
1065,sun3d-hotel_uc-scan3,41,39,sagereg_regen,469,0.232409381663113,0.9240256280470552,0.0097926126012303,True,0.2002993419955601,1.9895833333333333,2.0,1.9933987907909925,4.0,5012.0,,,,,,
1066,sun3d-hotel_uc-scan3,42,39,sagereg_regen,389,0.0771208226221079,2.471596339167227,0.0277766428669653,True,0.1490529670045361,1.8229166666666667,2.0,2.549702212586528,5.0,2964.0,,,,,,
1067,sun3d-hotel_uc-scan3,43,39,sagereg_regen,552,0.0217391304347826,2.010181603700793,0.0129855315551356,True,0.199025073001394,1.7083333333333333,2.0,1.9840721464349689,6.0,2854.0,,,,,,
1068,sun3d-hotel_uc-scan3,41,40,sagereg_regen,566,0.2985865724381625,0.4400449443305538,0.010929571566014,True,0.2461823440025909,1.9895833333333333,2.0,2.358677710842046,4.0,5941.0,,,,,,
1069,sun3d-hotel_uc-scan3,42,40,sagereg_regen,420,0.0642857142857142,1.6810228479939338,0.0151751566378435,True,0.161168248996546,1.8645833333333333,2.0,2.3321232180745235,6.0,3307.0,,,,,,
1070,sun3d-hotel_uc-scan3,42,41,sagereg_regen,518,0.3223938223938224,0.5780176294147819,0.0202627256719418,True,0.2141322390016284,1.9375,2.0,2.330316828486568,5.0,3523.0,,,,,,
1071,sun3d-hotel_uc-scan3,43,41,sagereg_regen,657,0.1324200913242009,0.577479623103141,0.0143190069897892,True,0.2445057020013337,1.8645833333333333,2.0,2.136269847246153,2.0,2798.0,,,,,,
1072,sun3d-hotel_uc-scan3,43,42,sagereg_regen,736,0.2921195652173913,0.1680581879524889,0.0125748306477068,True,0.2919565990014234,1.9270833333333333,2.0,2.296957344135938,4.0,4816.0,,,,,,
1073,sun3d-hotel_uc-scan3,44,42,sagereg_regen,605,0.1206611570247934,1.3892192269151549,0.0193955194345607,True,0.2304820720019051,1.7916666666666667,2.0,1.5253164381116844,4.0,3327.0,,,,,,
1074,sun3d-hotel_uc-scan3,44,43,sagereg_regen,1112,0.2751798561151079,0.7677028138540619,0.0132715123997288,True,0.4318480340007227,1.9375,2.0,2.320385066810128,3.0,8249.0,,,,,,
1075,sun3d-hotel_uc-scan3,45,43,sagereg_regen,1019,0.1530912659470068,1.4891549070855106,0.0436300168534429,True,0.3983271809993312,1.8854166666666667,2.0,2.060515225935174,5.0,7940.0,,,,,,
1076,sun3d-hotel_uc-scan3,54,43,sagereg_regen,899,0.0200222469410456,1.546219452898028,0.0070114136055332,True,0.3219826479980838,1.78125,2.0,1.696976596077518,5.0,4465.0,,,,,,
1077,sun3d-hotel_uc-scan3,45,44,sagereg_regen,1337,0.3754674644727001,1.335175149440334,0.0479274093356445,True,0.5108513719969778,1.9791666666666667,2.0,2.46478962269256,2.0,8850.0,,,,,,
1078,sun3d-hotel_uc-scan3,54,44,sagereg_regen,877,0.0935005701254275,0.9707147219532326,0.0397373986470558,True,0.3269558669999242,1.84375,2.0,1.4439747603512738,4.0,4951.0,,,,,,
1079,sun3d-hotel_uc-scan3,54,45,sagereg_regen,1073,0.1602982292637465,0.8009360263223041,0.0202150144529659,True,0.410616453991679,1.875,2.0,1.6390111270997607,5.0,6857.0,,,,,,
1080,sun3d-hotel_uc-scan3,47,46,sagereg_regen,1119,0.0822162645218945,3.3897884140283425,0.0864582275809973,True,0.4142311780015006,1.84375,2.0,2.467647005175017,6.0,5312.0,,,,,,
1081,sun3d-hotel_uc-scan3,52,46,sagereg_regen,1077,0.0622098421541318,4.5043195487089465,0.1495616851095394,True,0.3888760670015472,1.78125,2.0,2.459926475620388,6.0,3922.0,,,,,,
1082,sun3d-hotel_uc-scan3,53,46,sagereg_regen,1374,0.2685589519650655,0.1808441560734816,0.0096694752675585,True,0.5346795189907425,1.9583333333333333,2.0,2.365008009272354,3.0,8985.0,,,,,,
1083,sun3d-hotel_uc-scan3,54,46,sagereg_regen,1221,0.3218673218673218,2.976121630965848,0.0996666722019065,True,0.4790187759936088,1.9583333333333333,2.0,2.015186269840936,4.0,7826.0,,,,,,
1084,sun3d-hotel_uc-scan3,48,47,sagereg_regen,1082,0.0748613678373382,2.1665107022915904,0.0775301080998387,True,0.4136998200046946,1.8854166666666667,2.0,1.8741994712509376,4.0,7367.0,,,,,,
1085,sun3d-hotel_uc-scan3,52,47,sagereg_regen,1222,0.1178396072013093,0.8230478143121257,0.0297869718229551,True,0.4744455320033012,1.875,2.0,1.9297603160308063,4.0,8821.0,,,,,,
1086,sun3d-hotel_uc-scan3,53,47,sagereg_regen,1155,0.0658008658008658,3.0416399997387167,0.096664963197319,True,0.4496336280062678,1.75,2.0,2.038011676427355,6.0,8131.0,,,,,,
1087,sun3d-hotel_uc-scan3,49,48,sagereg_regen,1304,0.1203987730061349,1.4739937847686804,0.0284051753703446,True,0.4626976299987291,1.8333333333333333,2.0,2.2780491770450486,1.0,4810.0,,,,,,
1088,sun3d-hotel_uc-scan3,51,48,sagereg_regen,1087,0.0901563937442502,0.9389310663370491,0.0270312865829617,True,0.4006687049986794,1.8645833333333333,2.0,1.905323640988382,4.0,4417.0,,,,,,
1089,sun3d-hotel_uc-scan3,52,48,sagereg_regen,1299,0.2671285604311008,2.1242629015183847,0.0809428753227375,True,0.5379386240019812,1.8645833333333333,2.0,2.346289499626357,4.0,8589.0,,,,,,
1090,sun3d-hotel_uc-scan3,53,48,sagereg_regen,877,0.0091220068415051,39.59283048396616,1.7684118952740835,False,0.3039912870008265,1.8020833333333333,2.0,1.8896154805030223,6.0,1956.0,,,,,,
1091,sun3d-hotel_uc-scan3,50,49,sagereg_regen,1696,0.1090801886792452,0.4372153606665359,0.0154538477109169,True,0.6696258970041526,1.90625,2.0,2.5679788440601605,6.0,12142.0,,,,,,
1092,sun3d-hotel_uc-scan3,51,49,sagereg_regen,1806,0.2613510520487264,0.2963548383651267,0.0108510195376005,True,0.745275353998295,1.9270833333333333,2.0,2.558759877376932,2.0,13936.0,,,,,,
1093,sun3d-hotel_uc-scan3,51,50,sagereg_regen,1449,0.144927536231884,0.5102197400974979,0.0174984913772567,True,0.5880543059975025,1.8645833333333333,2.0,2.702971165167637,5.0,11208.0,,,,,,
1094,sun3d-hotel_uc-scan3,53,52,sagereg_regen,1189,0.0698065601345668,2.876664988399926,0.1155996218547728,True,0.4462285249974229,1.8333333333333333,2.0,2.233479679238069,5.0,7014.0,,,,,,
1095,sun3d-hotel_uc-scan3,54,53,sagereg_regen,1365,0.1978021978021978,2.671017273343001,0.0691574851684773,True,0.4917384409927763,1.9166666666666667,2.0,2.2647268315173283,1.0,7336.0,,,,,,
1096,sun3d-hotel_umd-maryland_hotel1,1,0,sagereg_regen,895,0.0960893854748603,1.0251327159981822,0.0474568589430705,True,0.3412039020040538,1.8958333333333333,2.0,2.3640384291736463,6.0,5026.0,,,,,,
1097,sun3d-hotel_umd-maryland_hotel1,14,0,sagereg_regen,991,0.3097880928355196,1.2919081041255678,0.015765354858744,True,0.4007109240046702,1.9791666666666667,2.0,1.962882841675232,3.0,7545.0,,,,,,
1098,sun3d-hotel_umd-maryland_hotel1,24,0,sagereg_regen,684,0.0599415204678362,0.975015348684304,0.0595390979173087,True,0.2820123249985045,1.8645833333333333,2.0,1.5744663214996408,6.0,8100.0,,,,,,
1099,sun3d-hotel_umd-maryland_hotel1,25,0,sagereg_regen,772,0.0336787564766839,0.4885586817189251,0.043985353738882,True,0.3067030099919066,1.875,2.0,1.7237287567611876,6.0,6922.0,,,,,,
1100,sun3d-hotel_umd-maryland_hotel1,26,0,sagereg_regen,970,0.0402061855670103,1.5725372141818053,0.043500476150307,True,0.3684561170011875,1.8229166666666667,2.0,2.1894436812887066,6.0,6119.0,,,,,,
1101,sun3d-hotel_umd-maryland_hotel1,2,1,sagereg_regen,1119,0.0607685433422698,2.515249721265347,0.1217256502605935,True,0.4198279720003484,1.7291666666666667,2.0,2.4808427513883555,3.0,6864.0,,,,,,
1102,sun3d-hotel_umd-maryland_hotel1,14,1,sagereg_regen,901,0.0965593784683684,0.4539960462399617,0.0101424936104061,True,0.3259444110008189,1.8645833333333333,2.0,2.016260525279798,4.0,6203.0,,,,,,
1103,sun3d-hotel_umd-maryland_hotel1,15,1,sagereg_regen,1142,0.3012259194395796,1.418026785967954,0.0424711028341881,True,0.4538687599997502,1.9791666666666667,2.0,2.446087019192595,1.0,8449.0,,,,,,
1104,sun3d-hotel_umd-maryland_hotel1,16,1,sagereg_regen,1105,0.0470588235294117,3.604930313130799,0.1525684337078248,True,0.4113866050029173,1.8541666666666667,2.0,2.557903690312318,6.0,5961.0,,,,,,
1105,sun3d-hotel_umd-maryland_hotel1,23,1,sagereg_regen,1079,0.0611677479147358,1.992764840769078,0.096018944455006,True,0.3873699739997391,1.875,2.0,1.7240896639916483,5.0,8493.0,,,,,,
1106,sun3d-hotel_umd-maryland_hotel1,24,1,sagereg_regen,832,0.0600961538461538,1.4849668713443214,0.0472688829212909,True,0.3152080069921794,1.8541666666666667,2.0,1.7300064304041207,5.0,5317.0,,,,,,
1107,sun3d-hotel_umd-maryland_hotel1,25,1,sagereg_regen,1021,0.1008814887365328,1.002421384896793,0.036207666130345,True,0.3524318460040376,1.875,2.0,1.98831814592452,2.0,6301.0,,,,,,
1108,sun3d-hotel_umd-maryland_hotel1,15,2,sagereg_regen,1200,0.075,1.7612407388600186,0.0588678730902668,True,0.4620526189974043,1.90625,2.0,2.6308159420623407,6.0,8562.0,,,,,,
1109,sun3d-hotel_umd-maryland_hotel1,16,2,sagereg_regen,1562,0.174775928297055,2.2681739843364035,0.1002328234109016,True,0.6251878350085462,1.8958333333333333,2.0,2.3689447473046394,3.0,9751.0,,,,,,
1110,sun3d-hotel_umd-maryland_hotel1,23,2,sagereg_regen,1227,0.0309698451507742,2.4354674740400504,0.1141304356155457,True,0.4596728300020913,1.7916666666666667,2.0,2.1704589655627906,6.0,7535.0,,,,,,
1111,sun3d-hotel_umd-maryland_hotel1,4,3,sagereg_regen,1148,0.1001742160278745,0.5997151030713206,0.0280500804755878,True,0.4386554930024431,1.8541666666666667,2.0,2.3372500891007992,3.0,6777.0,,,,,,
1112,sun3d-hotel_umd-maryland_hotel1,12,3,sagereg_regen,1016,0.0236220472440944,77.17101700320968,1.7454509849921058,False,0.3749662989939679,1.8854166666666667,2.0,2.5258378604780845,5.0,5342.0,,,,,,
1113,sun3d-hotel_umd-maryland_hotel1,16,3,sagereg_regen,1169,0.0958083832335329,3.650812770529996,0.1392488421926649,True,0.4315013339946745,1.8333333333333333,2.0,2.303376304073676,6.0,6930.0,,,,,,
1114,sun3d-hotel_umd-maryland_hotel1,17,3,sagereg_regen,1360,0.1051470588235294,0.5629507732352123,0.0238781752517951,True,0.534925756008306,1.7916666666666667,2.0,2.3302116143906617,5.0,10488.0,,,,,,
1115,sun3d-hotel_umd-maryland_hotel1,17,4,sagereg_regen,1418,0.1445698166431593,0.5659316393468375,0.0305523915888625,True,0.5528251200012164,1.8541666666666667,2.0,2.2109591938624638,3.0,6935.0,,,,,,
1116,sun3d-hotel_umd-maryland_hotel1,6,5,sagereg_regen,957,0.051201671891327,1.620276689200441,0.1032051928862432,True,0.35348805499234,1.7604166666666667,2.0,2.073891623905768,3.0,5317.0,,,,,,
1117,sun3d-hotel_umd-maryland_hotel1,11,5,sagereg_regen,729,0.0041152263374485,163.99253096690157,6.149146839885906,False,0.2664171580036054,1.7291666666666667,2.0,2.173249376389158,6.0,2026.0,,,,,,
1118,sun3d-hotel_umd-maryland_hotel1,13,5,sagereg_regen,728,0.0068681318681318,47.04168120690589,1.93378410578164,False,0.2569910080055706,1.8125,2.0,1.9738879145692303,6.0,1561.0,,,,,,
1119,sun3d-hotel_umd-maryland_hotel1,17,5,sagereg_regen,1134,0.0749559082892416,1.376700827968394,0.0620001634101427,True,0.4112474789944826,1.9270833333333333,2.0,1.8072423663633448,4.0,4503.0,,,,,,
1120,sun3d-hotel_umd-maryland_hotel1,18,5,sagereg_regen,1117,0.135183527305282,2.014709917756424,0.0758818022547937,True,0.4404428219932015,1.8541666666666667,2.0,2.599582174775102,6.0,7018.0,,,,,,
1121,sun3d-hotel_umd-maryland_hotel1,22,5,sagereg_regen,970,0.0948453608247422,0.4185143276286019,0.0515477220464745,True,0.3874724810011685,1.8541666666666667,2.0,1.6701552348873732,4.0,7864.0,,,,,,
1122,sun3d-hotel_umd-maryland_hotel1,32,5,sagereg_regen,874,0.0137299771167048,146.50160797042108,3.660206289711823,False,0.3075700070039602,1.8645833333333333,2.0,1.468411908879405,6.0,2858.0,,,,,,
1123,sun3d-hotel_umd-maryland_hotel1,18,6,sagereg_regen,1799,0.0906058921623124,1.065852482756238,0.0403880196933931,True,0.6892911590039148,1.84375,2.0,2.1985467004172827,5.0,11063.0,,,,,,
1124,sun3d-hotel_umd-maryland_hotel1,8,7,sagereg_regen,1230,0.0121951219512195,3.393983898683081,0.1811568665711063,True,0.4323825829924317,1.6979166666666667,2.0,1.971153911980752,4.0,4346.0,,,,,,
1125,sun3d-hotel_umd-maryland_hotel1,19,7,sagereg_regen,920,0.0304347826086956,2.2138557771895417,0.1106698217771664,True,0.3358331210038159,1.7083333333333333,2.0,1.2001762904857345,5.0,4896.0,,,,,,
1126,sun3d-hotel_umd-maryland_hotel1,9,8,sagereg_regen,1424,0.148876404494382,1.535630756568236,0.0857701851864405,True,0.5561450559980585,1.84375,2.0,2.6062747568599662,6.0,8096.0,,,,,,
1127,sun3d-hotel_umd-maryland_hotel1,10,9,sagereg_regen,911,0.1448957189901207,1.9588819165938856,0.0799433732528225,True,0.3702501430016127,1.8645833333333333,2.0,1.8929618594045952,6.0,7895.0,,,,,,
1128,sun3d-hotel_umd-maryland_hotel1,25,9,sagereg_regen,824,0.0242718446601941,1.90178612404567,0.0167960216867372,True,0.302136831000098,1.8020833333333333,2.0,1.8814952248786032,5.0,4252.0,,,,,,
1129,sun3d-hotel_umd-maryland_hotel1,26,9,sagereg_regen,1002,0.0868263473053892,1.6474231195548146,0.0999373274016698,True,0.3912046550030936,1.8958333333333333,2.0,2.253290008552791,5.0,7004.0,,,,,,
1130,sun3d-hotel_umd-maryland_hotel1,26,10,sagereg_regen,976,0.026639344262295,178.97774205831334,2.3260950574311674,False,0.3587709960047505,1.90625,2.0,1.711032868252527,6.0,3950.0,,,,,,
1131,sun3d-hotel_umd-maryland_hotel1,29,10,sagereg_regen,857,0.0035005834305717,179.1271495290342,3.4291635364868736,False,0.3127552100049797,1.9166666666666667,2.0,1.6833637191797468,3.0,3086.0,,,,,,
1132,sun3d-hotel_umd-maryland_hotel1,13,11,sagereg_regen,1179,0.1145038167938931,2.699156875613194,0.1238999091191469,True,0.4693946849947679,1.8854166666666667,2.0,2.0603133210603763,4.0,7904.0,,,,,,
1133,sun3d-hotel_umd-maryland_hotel1,16,12,sagereg_regen,904,0.0243362831858407,3.35814149157571,0.1385430720017551,True,0.342674903004081,1.7083333333333333,2.0,2.6409772664902693,5.0,7105.0,,,,,,
1134,sun3d-hotel_umd-maryland_hotel1,17,12,sagereg_regen,1195,0.0569037656903765,0.8223604857438732,0.0380696362682645,True,0.4547527719987556,1.84375,2.0,2.066894017531802,6.0,8768.0,,,,,,
1135,sun3d-hotel_umd-maryland_hotel1,18,13,sagereg_regen,1124,0.0249110320284697,1.896259763989854,0.0403700496235041,True,0.400510347004456,1.8541666666666667,2.0,1.3786830646288544,6.0,5054.0,,,,,,
1136,sun3d-hotel_umd-maryland_hotel1,22,13,sagereg_regen,1004,0.0298804780876494,1.1157842776043947,0.0189427750377898,True,0.3699216669992893,1.90625,2.0,1.3379305132134407,6.0,6820.0,,,,,,
1137,sun3d-hotel_umd-maryland_hotel1,27,13,sagereg_regen,946,0.0021141649048625,177.71787677094667,3.3086132892126683,False,0.3539500199985923,1.8541666666666667,2.0,1.7827353289487249,6.0,5919.0,,,,,,
1138,sun3d-hotel_umd-maryland_hotel1,29,13,sagereg_regen,1168,0.0042808219178082,179.05414439354502,3.4263311434920567,False,0.414808487999835,1.90625,2.0,1.333853753935038,5.0,2668.0,,,,,,
1139,sun3d-hotel_umd-maryland_hotel1,32,13,sagereg_regen,954,0.0010482180293501,179.09905490984283,4.509759981696519,False,0.3245685410001897,1.8541666666666667,2.0,1.904616922107244,4.0,2400.0,,,,,,
1140,sun3d-hotel_umd-maryland_hotel1,15,14,sagereg_regen,766,0.0352480417754569,2.0495690280463883,0.050926831484499,True,0.2757991130056325,1.6875,2.0,2.084237210763541,4.0,4070.0,,,,,,
1141,sun3d-hotel_umd-maryland_hotel1,23,14,sagereg_regen,806,0.0471464019851116,1.4532284921298246,0.0818412657210646,True,0.2907564400011324,1.7708333333333333,2.0,1.8540855714626807,5.0,6068.0,,,,,,
1142,sun3d-hotel_umd-maryland_hotel1,24,14,sagereg_regen,678,0.0663716814159292,0.8186392075444174,0.0428959873061822,True,0.2714929060020949,1.84375,2.0,1.7538181487246716,6.0,7071.0,,,,,,
1143,sun3d-hotel_umd-maryland_hotel1,25,14,sagereg_regen,793,0.0580075662042875,0.640053835512683,0.0263126270138356,True,0.3126689119962975,1.8541666666666667,2.0,1.2624081420747657,5.0,7788.0,,,,,,
1144,sun3d-hotel_umd-maryland_hotel1,26,14,sagereg_regen,898,0.0367483296213808,0.4253126217108823,0.0672628825341126,True,0.3471501579915639,1.8333333333333333,2.0,1.8810505319315756,6.0,6267.0,,,,,,
1145,sun3d-hotel_umd-maryland_hotel1,16,15,sagereg_regen,1091,0.0925756186984418,3.509898326647208,0.1383013716833293,True,0.3912568429950624,1.8854166666666667,2.0,2.32329586513796,1.0,7762.0,,,,,,
1146,sun3d-hotel_umd-maryland_hotel1,23,15,sagereg_regen,991,0.0080726538849646,20.06226798633172,1.8430543168019915,False,0.3476349369957461,1.78125,2.0,1.0690593919882452,6.0,1928.0,,,,,,
1147,sun3d-hotel_umd-maryland_hotel1,17,16,sagereg_regen,1263,0.0332541567695962,2.146254105710842,0.1189772626225803,True,0.4545160230045439,1.6354166666666667,2.0,2.3820978171237224,5.0,6435.0,,,,,,
1148,sun3d-hotel_umd-maryland_hotel1,23,16,sagereg_regen,1131,0.0450928381962864,2.8766515285970384,0.1695344744752304,True,0.4091732119995868,1.75,2.0,1.8747974507309129,4.0,7189.0,,,,,,
1149,sun3d-hotel_umd-maryland_hotel1,22,18,sagereg_regen,1498,0.1041388518024032,1.6838998261481108,0.1451244564864674,True,0.5757567310065497,1.9166666666666667,2.0,2.5436439199345933,3.0,10777.0,,,,,,
1150,sun3d-hotel_umd-maryland_hotel1,21,19,sagereg_regen,992,0.1441532258064516,0.6214696773692968,0.0361346016246684,True,0.3620346250027069,1.8854166666666667,2.0,2.345150647717268,4.0,5751.0,,,,,,
1151,sun3d-hotel_umd-maryland_hotel1,31,19,sagereg_regen,952,0.0430672268907563,2.601433532335345,0.1009958969521915,True,0.3550964710011612,1.8020833333333333,2.0,1.6505299430201226,5.0,7114.0,,,,,,
1152,sun3d-hotel_umd-maryland_hotel1,21,20,sagereg_regen,397,0.1687657430730478,2.405872278312691,0.069832918083236,True,0.1579791259937337,1.8854166666666667,2.0,1.930418733998124,6.0,2898.0,,,,,,
1153,sun3d-hotel_umd-maryland_hotel1,30,20,sagereg_regen,349,0.0601719197707736,4.624890864687206,0.1847040347984424,True,0.1343216710010892,1.9375,2.0,2.2998032712009526,6.0,2299.0,,,,,,
1154,sun3d-hotel_umd-maryland_hotel1,31,20,sagereg_regen,397,0.0226700251889168,177.04246384638387,3.848749545889644,False,0.1522288760024821,1.71875,2.0,1.316142863811252,6.0,3439.0,,,,,,
1155,sun3d-hotel_umd-maryland_hotel1,30,21,sagereg_regen,533,0.0318949343339587,8.60225485463596,0.376593301338032,False,0.2002978559976327,1.8645833333333333,2.0,2.011274462901261,4.0,3601.0,,,,,,
1156,sun3d-hotel_umd-maryland_hotel1,31,21,sagereg_regen,759,0.0289855072463768,2.6767637747282578,0.0783086779319688,True,0.3072937580000143,1.875,2.0,2.291696020620868,5.0,7675.0,,,,,,
1157,sun3d-hotel_umd-maryland_hotel1,25,24,sagereg_regen,1064,0.2575187969924812,0.5502059043526117,0.025022488266155,True,0.4276882269914495,1.9791666666666667,2.0,1.582506048991975,4.0,7389.0,,,,,,
1158,sun3d-hotel_umd-maryland_hotel1,26,24,sagereg_regen,882,0.0306122448979591,0.6787210780810438,0.0394587151822265,True,0.3149360209936276,1.7708333333333333,2.0,1.4353058672625196,4.0,5732.0,,,,,,
1159,sun3d-hotel_umd-maryland_hotel1,26,25,sagereg_regen,1080,0.1231481481481481,0.6938789680047678,0.0189372918837511,True,0.422780431996216,1.8645833333333333,2.0,2.3185269029421023,6.0,8319.0,,,,,,
1160,sun3d-hotel_umd-maryland_hotel1,29,25,sagereg_regen,910,0.0681318681318681,0.5158511076740426,0.0491430858641802,True,0.3258019220011192,1.8229166666666667,2.0,2.2017882111493123,3.0,4051.0,,,,,,
1161,sun3d-hotel_umd-maryland_hotel1,29,26,sagereg_regen,1126,0.1554174067495559,1.3764349871901218,0.0598664917569459,True,0.4441021569946315,1.8958333333333333,2.0,2.111909337256046,5.0,6921.0,,,,,,
1162,sun3d-hotel_umd-maryland_hotel1,28,27,sagereg_regen,976,0.1536885245901639,0.7608911596788688,0.0457734539159078,True,0.3908252890032599,1.875,2.0,1.571949280426986,4.0,6746.0,,,,,,
1163,sun3d-hotel_umd-maryland_hotel1,29,27,sagereg_regen,1121,0.1552185548617305,1.2449830473769086,0.0460526951493556,True,0.4494439529953524,1.9270833333333333,2.0,1.8532446559537508,3.0,7169.0,,,,,,
1164,sun3d-hotel_umd-maryland_hotel1,32,27,sagereg_regen,1059,0.0878186968838526,1.2570805248431742,0.0630357186150609,True,0.4069703220011433,1.9583333333333333,2.0,1.9626641052367853,6.0,7471.0,,,,,,
1165,sun3d-hotel_umd-maryland_hotel1,29,28,sagereg_regen,891,0.0426487093153759,5.948453309824593,0.3417607272344145,False,0.3296699220009031,1.8645833333333333,2.0,1.938768206426936,6.0,4393.0,,,,,,
1166,sun3d-hotel_umd-maryland_hotel1,32,28,sagereg_regen,991,0.0565085771947527,0.552970418588734,0.0303689839574584,True,0.3730398890038486,1.84375,2.0,1.6481511941558515,5.0,5958.0,,,,,,
1167,sun3d-hotel_umd-maryland_hotel1,32,29,sagereg_regen,1110,0.1081081081081081,0.9436526690054368,0.0510956970222324,True,0.4401541729966993,1.8541666666666667,2.0,1.9030928365603303,2.0,7741.0,,,,,,
1168,sun3d-hotel_umd-maryland_hotel1,31,30,sagereg_regen,968,0.1756198347107438,0.6078187532470357,0.0184560922054987,True,0.3855313289968762,1.9895833333333333,2.0,1.987043562849093,5.0,6898.0,,,,,,
1169,sun3d-hotel_umd-maryland_hotel1,35,33,sagereg_regen,518,0.4208494208494208,0.4047172518954931,0.0086053367806754,True,0.2224450869980501,1.9895833333333333,2.0,2.3804686127875136,3.0,4028.0,,,,,,
1170,sun3d-hotel_umd-maryland_hotel1,37,36,sagereg_regen,973,0.1963001027749229,0.9206701716851988,0.0244119144879434,True,0.3978188679975574,1.96875,2.0,2.351831550135936,4.0,6784.0,,,,,,
1171,sun3d-hotel_umd-maryland_hotel1,39,38,sagereg_regen,475,0.1073684210526315,0.6502332025456439,0.0241520460744191,True,0.1889737289966433,1.96875,2.0,2.738751890644896,5.0,3814.0,,,,,,
1172,sun3d-hotel_umd-maryland_hotel1,40,38,sagereg_regen,304,0.0592105263157894,1.658819136481311,0.0350771779969927,True,0.1182989709996036,1.875,2.0,1.6426128496598624,2.0,2667.0,,,,,,
1173,sun3d-hotel_umd-maryland_hotel1,41,38,sagereg_regen,379,0.20844327176781,2.868196064951728,0.0581804547574094,True,0.1612468620005529,1.9791666666666667,2.0,2.2669685787057525,4.0,3421.0,,,,,,
1174,sun3d-hotel_umd-maryland_hotel1,56,38,sagereg_regen,459,0.0130718954248366,178.55831855753323,0.4613934693608222,False,0.1725154420055332,1.7291666666666667,2.0,1.3735571061453822,6.0,3682.0,,,,,,
1175,sun3d-hotel_umd-maryland_hotel1,40,39,sagereg_regen,683,0.4802342606149341,0.1760632655543536,0.0097308198432409,True,0.3046840709939715,1.9895833333333333,2.0,2.3623897926427637,5.0,5009.0,,,,,,
1176,sun3d-hotel_umd-maryland_hotel1,41,39,sagereg_regen,389,0.0385604113110539,87.72836761763227,0.5260886144439437,False,0.1492876230040565,1.8541666666666667,2.0,1.3472360113862354,5.0,2204.0,,,,,,
1177,sun3d-hotel_umd-maryland_hotel1,56,39,sagereg_regen,726,0.0895316804407713,1.0661247019108453,0.0790041135001438,True,0.3072158649956691,1.875,2.0,2.081340525331602,5.0,7316.0,,,,,,
1178,sun3d-hotel_umd-maryland_hotel1,56,40,sagereg_regen,636,0.0770440251572327,1.835866978004111,0.0948461074008742,True,0.2682255969994003,1.8229166666666667,2.0,2.3251089771011526,5.0,6421.0,,,,,,
1179,sun3d-hotel_umd-maryland_hotel1,56,41,sagereg_regen,454,0.0066079295154185,119.90426181409954,2.42189136306692,False,0.1594251539936522,1.8645833333333333,2.0,2.329774148691913,4.0,2049.0,,,,,,
1180,sun3d-hotel_umd-maryland_hotel1,43,42,sagereg_regen,735,0.1346938775510204,1.7300150458544383,0.0360608904705409,True,0.2736466220085276,1.9791666666666667,2.0,2.1047090844932304,3.0,5887.0,,,,,,
1181,sun3d-hotel_umd-maryland_hotel1,44,43,sagereg_regen,610,0.1327868852459016,3.098504915361348,0.0627985722494187,True,0.2443249320058385,1.9166666666666667,2.0,2.448338672867674,4.0,3345.0,,,,,,
1182,sun3d-hotel_umd-maryland_hotel1,48,44,sagereg_regen,576,0.3315972222222222,1.6131093173626785,0.0127930039482796,True,0.2478749370056903,1.9791666666666667,2.0,1.985708273135506,3.0,4557.0,,,,,,
1183,sun3d-hotel_umd-maryland_hotel1,47,45,sagereg_regen,460,0.45,1.747236463113996,0.0309938346228474,True,0.1728928289958275,1.9479166666666667,2.0,1.689080646670163,3.0,3235.0,,,,,,
1184,sun3d-hotel_umd-maryland_hotel1,47,46,sagereg_regen,272,0.3492647058823529,4.692469498503322,0.0274072048779026,True,0.1097019640001235,1.90625,2.0,2.5081463742183314,5.0,1078.0,,,,,,
1185,sun3d-hotel_umd-maryland_hotel1,56,46,sagereg_regen,357,0.072829131652661,5.061488853370317,0.1389202338076565,True,0.122474552001222,1.625,2.0,2.1282083073511,4.0,1796.0,,,,,,
1186,sun3d-hotel_umd-maryland_hotel1,50,49,sagereg_regen,352,0.096590909090909,88.88799135508573,0.998654897843109,False,0.1356794979947153,1.8854166666666667,2.0,2.0804919734296936,5.0,2213.0,,,,,,
1187,sun3d-hotel_umd-maryland_hotel1,51,49,sagereg_regen,413,0.2445520581113801,0.9305216513216772,0.0236263298794926,True,0.1673815940011991,1.9583333333333333,2.0,2.399011642674942,6.0,3421.0,,,,,,
1188,sun3d-hotel_umd-maryland_hotel1,52,49,sagereg_regen,312,0.0865384615384615,0.8667156733856974,0.0476091616734726,True,0.1236506709974492,1.9583333333333333,2.0,2.182429562006636,5.0,1978.0,,,,,,
1189,sun3d-hotel_umd-maryland_hotel1,53,49,sagereg_regen,432,0.0555555555555555,177.6338230807387,2.562963385721099,False,0.1656491489993641,1.9895833333333333,2.0,1.8037273541308072,6.0,1596.0,,,,,,
1190,sun3d-hotel_umd-maryland_hotel1,55,49,sagereg_regen,455,0.0109890109890109,177.66509170735984,2.869310895673165,False,0.1489375329983886,1.84375,2.0,1.807652938452292,4.0,915.0,,,,,,
1191,sun3d-hotel_umd-maryland_hotel1,51,50,sagereg_regen,385,0.0883116883116883,1.3659741577869904,0.0442471888288106,True,0.1587545009970199,1.9791666666666667,2.0,2.1257114873212197,6.0,3995.0,,,,,,
1192,sun3d-hotel_umd-maryland_hotel1,52,50,sagereg_regen,391,0.0613810741687979,2.952443944945152,0.1421524600696554,True,0.1507136110085412,1.9895833333333333,2.0,1.3238702319282305,6.0,2440.0,,,,,,
1193,sun3d-hotel_umd-maryland_hotel1,53,50,sagereg_regen,407,0.2628992628992629,1.4413462834562547,0.0418229555453258,True,0.1558514819917036,2.0,2.0,2.530372090616704,3.0,2539.0,,,,,,
1194,sun3d-hotel_umd-maryland_hotel1,54,50,sagereg_regen,471,0.2590233545647558,1.1745423632488396,0.0286939627101935,True,0.1901735789942904,1.9479166666666667,2.0,1.6710688050354912,5.0,3511.0,,,,,,
1195,sun3d-hotel_umd-maryland_hotel1,52,51,sagereg_regen,352,0.1931818181818181,1.191760897207896,0.0525699479201941,True,0.1435570909961825,1.9791666666666667,2.0,2.1152206458528906,6.0,2811.0,,,,,,
1196,sun3d-hotel_umd-maryland_hotel1,53,51,sagereg_regen,337,0.0623145400593471,2.4441979391834128,0.0809374194119707,True,0.1341492219944484,1.8541666666666667,2.0,1.7463939976015133,6.0,2290.0,,,,,,
1197,sun3d-hotel_umd-maryland_hotel1,54,51,sagereg_regen,402,0.0621890547263681,2.135139538664603,0.0974192290500191,True,0.1438456440009758,1.8645833333333333,2.0,2.063069436034218,6.0,2179.0,,,,,,
1198,sun3d-hotel_umd-maryland_hotel1,54,53,sagereg_regen,434,0.1589861751152073,0.777836905689362,0.0268612455700308,True,0.1585572080075508,1.8958333333333333,2.0,2.1029996216145213,4.0,2037.0,,,,,,
1199,sun3d-hotel_umd-maryland_hotel1,55,53,sagereg_regen,540,0.2555555555555555,0.9491701133006202,0.0196963162848313,True,0.2119744520023232,1.875,2.0,2.351286024614238,5.0,3855.0,,,,,,
1200,sun3d-hotel_umd-maryland_hotel3,1,0,sagereg_regen,1622,0.1146732429099876,1.741592426434043,0.0770381425891674,True,0.6083574980002595,1.8229166666666667,2.0,2.5078128771190795,6.0,9722.0,,,,,,
1201,sun3d-hotel_umd-maryland_hotel3,12,0,sagereg_regen,1732,0.050230946882217,3.5244941777237755,0.1073858996789622,True,0.6197517740074545,1.9375,2.0,2.5296834162344344,6.0,9021.0,,,,,,
1202,sun3d-hotel_umd-maryland_hotel3,3,2,sagereg_regen,1052,0.1577946768060836,0.923990511751619,0.022040846100274,True,0.415269523000461,1.9166666666666667,2.0,2.5964295221200406,6.0,6025.0,,,,,,
1203,sun3d-hotel_umd-maryland_hotel3,4,3,sagereg_regen,1291,0.1409759876065066,1.2986332159773328,0.0490330156117193,True,0.493250146995706,1.9375,2.0,2.6867141215777286,3.0,9836.0,,,,,,
1204,sun3d-hotel_umd-maryland_hotel3,5,4,sagereg_regen,1127,0.1978704525288376,0.6980638998937815,0.0359479246677371,True,0.4433299529991927,1.8958333333333333,2.0,2.280647872096715,5.0,6549.0,,,,,,
1205,sun3d-hotel_umd-maryland_hotel3,6,5,sagereg_regen,1098,0.145719489981785,0.706869254174221,0.0347520489896355,True,0.4154379540050286,1.9166666666666667,2.0,2.647901130110608,3.0,6913.0,,,,,,
1206,sun3d-hotel_umd-maryland_hotel3,7,6,sagereg_regen,776,0.1572164948453608,0.7828388196869601,0.0258972636370568,True,0.3051608710011351,1.9583333333333333,2.0,2.205904850652434,3.0,4740.0,,,,,,
1207,sun3d-hotel_umd-maryland_hotel3,8,7,sagereg_regen,737,0.0841248303934871,2.897131155496068,0.111923982232352,True,0.2744632400062983,1.7083333333333333,2.0,2.52092305259539,2.0,3545.0,,,,,,
1208,sun3d-hotel_umd-maryland_hotel3,9,8,sagereg_regen,1143,0.0209973753280839,2.8303292296998483,0.1422539775434675,True,0.4185343650024151,1.8020833333333333,2.0,1.586212256742766,6.0,6435.0,,,,,,
1209,sun3d-hotel_umd-maryland_hotel3,10,8,sagereg_regen,1097,0.0683682771194165,5.094267401320892,0.2758411625585273,True,0.3987035629907041,1.9270833333333333,2.0,2.432455414458123,4.0,5501.0,,,,,,
1210,sun3d-hotel_umd-maryland_hotel3,15,8,sagereg_regen,840,0.0428571428571428,2.5096559594279406,0.094239172983256,True,0.3163507280041813,1.8020833333333333,2.0,1.778364492743436,5.0,6697.0,,,,,,
1211,sun3d-hotel_umd-maryland_hotel3,16,8,sagereg_regen,894,0.0369127516778523,4.9071710957442765,0.1252575054110625,True,0.3133694919961272,1.8229166666666667,2.0,2.115525489210752,4.0,3974.0,,,,,,
1212,sun3d-hotel_umd-maryland_hotel3,14,10,sagereg_regen,1182,0.1345177664974619,1.5343500135453971,0.0444621293657233,True,0.4381412300062948,1.9166666666666667,2.0,1.6572136433697875,6.0,7048.0,,,,,,
1213,sun3d-hotel_umd-maryland_hotel3,15,10,sagereg_regen,836,0.069377990430622,2.2529543198056907,0.0899202664228413,True,0.3201950509974267,1.9166666666666667,2.0,2.229645713027416,5.0,6814.0,,,,,,
1214,sun3d-hotel_umd-maryland_hotel3,16,10,sagereg_regen,945,0.0243386243386243,1.160153863118765,0.0456008558342339,True,0.3394386299987673,1.9479166666666667,2.0,2.329051263553572,6.0,5641.0,,,,,,
1215,sun3d-hotel_umd-maryland_hotel3,12,11,sagereg_regen,1448,0.1070441988950276,1.7295916344401667,0.057207066923275,True,0.5579521920008119,1.9166666666666667,2.0,1.9027263610906904,6.0,8369.0,,,,,,
1216,sun3d-hotel_umd-maryland_hotel3,13,11,sagereg_regen,1321,0.1286903860711582,1.2655907339370878,0.0544366683070798,True,0.5290399300065474,1.90625,2.0,2.3481939497172903,5.0,9845.0,,,,,,
1217,sun3d-hotel_umd-maryland_hotel3,13,12,sagereg_regen,1650,0.1763636363636363,1.1988777550903391,0.063449533270086,True,0.6537262570054736,1.875,2.0,1.9511911018671737,6.0,9938.0,,,,,,
1218,sun3d-hotel_umd-maryland_hotel3,15,14,sagereg_regen,833,0.0552220888355342,2.6430399659951647,0.0602101346883189,True,0.3061198800060083,1.8645833333333333,2.0,2.1638940413694407,5.0,3727.0,,,,,,
1219,sun3d-hotel_umd-maryland_hotel3,16,15,sagereg_regen,893,0.167973124300112,1.6543030858278531,0.0478881344896333,True,0.3654723840008955,1.90625,2.0,2.4361798243151145,6.0,6354.0,,,,,,
1220,sun3d-hotel_umd-maryland_hotel3,17,16,sagereg_regen,945,0.0687830687830687,1.428047637422919,0.0298377873463369,True,0.3520410540004377,1.90625,2.0,1.9688553842312,5.0,6520.0,,,,,,
1221,sun3d-hotel_umd-maryland_hotel3,18,17,sagereg_regen,694,0.0864553314121037,1.9987294149730428,0.069848580696061,True,0.2757976860011695,1.96875,2.0,2.409065727657836,1.0,5144.0,,,,,,
1222,sun3d-hotel_umd-maryland_hotel3,19,17,sagereg_regen,661,0.1089258698940998,1.9923372843430007,0.0425207393760504,True,0.2803867779948632,1.9479166666666667,2.0,2.296239360700501,5.0,5982.0,,,,,,
1223,sun3d-hotel_umd-maryland_hotel3,19,18,sagereg_regen,634,0.1924290220820189,1.2567914847576,0.0159853010647227,True,0.2704646999991382,1.9895833333333333,2.0,2.474328898012451,3.0,5246.0,,,,,,
1224,sun3d-hotel_umd-maryland_hotel3,20,19,sagereg_regen,446,0.116591928251121,1.6958505382754825,0.0401554130310219,True,0.1786872050070087,1.9166666666666667,2.0,2.2857182922833506,6.0,3676.0,,,,,,
1225,sun3d-hotel_umd-maryland_hotel3,21,20,sagereg_regen,606,0.0132013201320132,49.8482338171472,1.0541594622888129,False,0.2295524920045863,1.9583333333333333,2.0,1.3696364075955345,6.0,2715.0,,,,,,
1226,sun3d-hotel_umd-maryland_hotel3,22,21,sagereg_regen,1164,0.1469072164948453,0.8600782769785077,0.0167005959504231,True,0.4562753550053458,1.8958333333333333,2.0,2.841831566691708,6.0,6645.0,,,,,,
1227,sun3d-hotel_umd-maryland_hotel3,28,21,sagereg_regen,618,0.0792880258899676,2.1680327306155784,0.0197110486138436,True,0.2481840299951727,1.9166666666666667,2.0,2.41728640876196,6.0,5214.0,,,,,,
1228,sun3d-hotel_umd-maryland_hotel3,23,22,sagereg_regen,1125,0.3102222222222222,0.5264625397237557,0.0075808059041538,True,0.463440220002667,1.9583333333333333,2.0,2.7074453930010085,3.0,8759.0,,,,,,
1229,sun3d-hotel_umd-maryland_hotel3,29,22,sagereg_regen,709,0.1495063469675599,1.6540486823337588,0.0255506579920291,True,0.2819080590052181,1.9479166666666667,2.0,2.1138129716433287,4.0,6102.0,,,,,,
1230,sun3d-hotel_umd-maryland_hotel3,28,23,sagereg_regen,519,0.0963391136801541,1.9333138132869303,0.0204220484179963,True,0.2062178799969842,1.90625,2.0,1.959888274118968,5.0,3589.0,,,,,,
1231,sun3d-hotel_umd-maryland_hotel3,29,23,sagereg_regen,638,0.1661442006269592,1.3954918397608933,0.0302103747734214,True,0.2648835590080125,1.9583333333333333,2.0,2.1923163968554933,6.0,4992.0,,,,,,
1232,sun3d-hotel_umd-maryland_hotel3,30,23,sagereg_regen,559,0.0822898032200357,6.456951326329632,0.138279213376254,True,0.2169667529960861,1.8645833333333333,2.0,1.5556134720097603,4.0,3551.0,,,,,,
1233,sun3d-hotel_umd-maryland_hotel3,27,24,sagereg_regen,438,0.1118721461187214,1.578973733689596,0.0235199689679042,True,0.163369080000848,1.84375,2.0,1.635240658083696,3.0,3252.0,,,,,,
1234,sun3d-hotel_umd-maryland_hotel3,28,24,sagereg_regen,447,0.2684563758389262,1.2792411340610472,0.0374107872145671,True,0.1743205449893139,1.90625,2.0,2.147452962287263,2.0,4334.0,,,,,,
1235,sun3d-hotel_umd-maryland_hotel3,27,25,sagereg_regen,347,0.1988472622478386,1.3276194246777762,0.0122559979857406,True,0.1181362670031376,1.8854166666666667,2.0,1.75307852288655,1.0,1881.0,,,,,,
1236,sun3d-hotel_umd-maryland_hotel3,27,26,sagereg_regen,245,0.1714285714285714,5.632990970702164,0.0702585207959953,True,0.1010008550001657,1.9375,2.0,1.889735509341256,2.0,1656.0,,,,,,
1237,sun3d-hotel_umd-maryland_hotel3,29,28,sagereg_regen,404,0.0594059405940594,0.6040601977465767,0.0136819005291682,True,0.1562824959983118,1.8229166666666667,2.0,1.4490899684092646,6.0,3002.0,,,,,,
1238,sun3d-hotel_umd-maryland_hotel3,30,28,sagereg_regen,392,0.0255102040816326,5.246369611006764,0.1148112741487368,True,0.1405078180032433,1.8229166666666667,2.0,2.0898002465163863,4.0,1968.0,,,,,,
1239,sun3d-hotel_umd-maryland_hotel3,30,29,sagereg_regen,525,0.1428571428571428,1.87375451400751,0.0452621994605783,True,0.2121204549985123,1.96875,2.0,1.623441395010962,4.0,3948.0,,,,,,
1240,sun3d-hotel_umd-maryland_hotel3,31,30,sagereg_regen,381,0.1207349081364829,1.3780092806972837,0.0321757369940568,True,0.1510976780045894,1.8958333333333333,2.0,2.588041349393583,6.0,3167.0,,,,,,
1241,sun3d-hotel_umd-maryland_hotel3,32,31,sagereg_regen,349,0.1002865329512893,1.0742800819122469,0.0451905328563811,True,0.1348267490029684,1.96875,2.0,2.2994209249631936,4.0,2860.0,,,,,,
1242,sun3d-hotel_umd-maryland_hotel3,33,31,sagereg_regen,372,0.0913978494623656,1.3265596906916657,0.072465958619386,True,0.1534860199972172,1.90625,2.0,2.160863308920078,6.0,3648.0,,,,,,
1243,sun3d-hotel_umd-maryland_hotel3,34,31,sagereg_regen,505,0.0277227722772277,90.04340778422123,0.7798794030795669,False,0.2046295109976199,2.0,2.0,1.6884591036131684,6.0,3602.0,,,,,,
1244,sun3d-hotel_umd-maryland_hotel3,33,32,sagereg_regen,247,0.2226720647773279,1.46567592250727,0.0400733326774395,True,0.117776175000472,1.96875,2.0,1.9407911791091927,6.0,3197.0,,,,,,
1245,sun3d-hotel_umd-maryland_hotel3,34,32,sagereg_regen,326,0.0460122699386503,180.0,2.505218864935033,False,0.1329551470043952,1.9791666666666667,2.0,1.6375242274381228,4.0,2713.0,,,,,,
1246,sun3d-hotel_umd-maryland_hotel3,35,32,sagereg_regen,289,0.0242214532871972,179.594922224049,2.771802388525229,False,0.1210978559975046,1.9479166666666667,2.0,1.3630394624221194,5.0,2580.0,,,,,,
1247,sun3d-hotel_umd-maryland_hotel3,36,32,sagereg_regen,307,0.0293159609120521,179.50936832923824,2.750632303417402,False,0.1236700779991224,1.9479166666666667,2.0,1.5512140535037369,3.0,2217.0,,,,,,
1248,sun3d-hotel_umd-maryland_hotel3,34,33,sagereg_regen,454,0.2290748898678414,0.8985640552344845,0.0341387038228797,True,0.1926435789937386,1.96875,2.0,2.7405530053930627,3.0,4751.0,,,,,,
1249,sun3d-hotel_umd-maryland_hotel3,35,33,sagereg_regen,368,0.0679347826086956,0.9816192328795736,0.075678442906512,True,0.1380308590014465,1.9166666666666667,2.0,2.816349157690289,1.0,2312.0,,,,,,
1250,sun3d-hotel_umd-maryland_hotel3,36,33,sagereg_regen,413,0.0871670702179176,2.556265247474764,0.0229642157010307,True,0.1527239740025834,1.9270833333333333,2.0,2.500789169340929,4.0,2826.0,,,,,,
1251,sun3d-hotel_umd-maryland_hotel3,35,34,sagereg_regen,499,0.2064128256513026,1.000785840582718,0.0176630488183884,True,0.195079204000649,1.9895833333333333,2.0,2.7114446419414384,2.0,2949.0,,,,,,
1252,sun3d-hotel_umd-maryland_hotel3,36,34,sagereg_regen,580,0.3224137931034482,1.7468608492988258,0.0341839790989486,True,0.2203896199935116,1.96875,2.0,2.796485107428388,1.0,3429.0,,,,,,
1253,sun3d-hotel_umd-maryland_hotel3,36,35,sagereg_regen,503,0.1848906560636183,1.8884539281908843,0.0523273136337783,True,0.1945826880037202,1.9791666666666667,2.0,2.6139904007272343,3.0,3412.0,,,,,,
1254,sun3d-mit_76_studyroom-76-1studyroom2,1,0,sagereg_regen,772,0.2603626943005181,1.3094394510887253,0.0784559731942175,True,0.3248815499973716,1.9791666666666667,2.0,1.9458205826194812,6.0,5681.0,,,,,,
1255,sun3d-mit_76_studyroom-76-1studyroom2,2,0,sagereg_regen,686,0.0816326530612244,7.062347716577542,0.2985158788105279,True,0.2687573520015576,1.9375,2.0,1.907166926318461,6.0,4043.0,,,,,,
1256,sun3d-mit_76_studyroom-76-1studyroom2,5,0,sagereg_regen,710,0.0323943661971831,5.233151143567703,0.2191210906288891,True,0.2592693770056939,1.8229166666666667,2.0,1.7922017307775333,5.0,2968.0,,,,,,
1257,sun3d-mit_76_studyroom-76-1studyroom2,6,0,sagereg_regen,683,0.0995607613469985,6.505691923652521,0.2834608219148823,True,0.2610021500004222,1.9791666666666667,2.0,2.3342223762306475,2.0,3810.0,,,,,,
1258,sun3d-mit_76_studyroom-76-1studyroom2,7,0,sagereg_regen,588,0.0221088435374149,8.325568594123258,0.3104196926560528,False,0.2233656280004652,1.8333333333333333,2.0,2.117470189643062,6.0,3264.0,,,,,,
1259,sun3d-mit_76_studyroom-76-1studyroom2,34,0,sagereg_regen,792,0.101010101010101,3.02600471873128,0.0469964221621618,True,0.2831334980073734,1.90625,2.0,2.282942787444527,2.0,4546.0,,,,,,
1260,sun3d-mit_76_studyroom-76-1studyroom2,35,0,sagereg_regen,720,0.1277777777777777,3.111675871382745,0.0688716744179838,True,0.3015751749990158,1.9791666666666667,2.0,1.8967827380925228,6.0,5278.0,,,,,,
1261,sun3d-mit_76_studyroom-76-1studyroom2,36,0,sagereg_regen,694,0.085014409221902,3.887655941814534,0.1343814979405511,True,0.2704877630021656,1.9583333333333333,2.0,2.0948281005991056,6.0,4286.0,,,,,,
1262,sun3d-mit_76_studyroom-76-1studyroom2,37,0,sagereg_regen,723,0.1161825726141078,4.016957925276152,0.1436636646982271,True,0.2852973009939887,1.9166666666666667,2.0,2.477139162984192,6.0,4133.0,,,,,,
1263,sun3d-mit_76_studyroom-76-1studyroom2,38,0,sagereg_regen,678,0.0693215339233038,5.241081801828437,0.2098230533640572,True,0.2655815510006505,1.90625,2.0,2.595178496017185,3.0,3387.0,,,,,,
1264,sun3d-mit_76_studyroom-76-1studyroom2,45,0,sagereg_regen,632,0.0253164556962025,7.701067126283045,0.2834342773155914,True,0.24260023599345,1.7708333333333333,2.0,2.034087887987869,5.0,2169.0,,,,,,
1265,sun3d-mit_76_studyroom-76-1studyroom2,46,0,sagereg_regen,708,0.0748587570621469,5.591253097025881,0.1929044453482731,True,0.271792806997837,1.8645833333333333,2.0,2.388458133374076,3.0,3812.0,,,,,,
1266,sun3d-mit_76_studyroom-76-1studyroom2,47,0,sagereg_regen,709,0.0394922425952045,4.464681630827132,0.1632011030187725,True,0.2686708549954346,1.8645833333333333,2.0,2.357044599795058,5.0,4073.0,,,,,,
1267,sun3d-mit_76_studyroom-76-1studyroom2,48,0,sagereg_regen,699,0.0400572246065808,4.162618240185462,0.1896768453922561,True,0.2725593639988801,1.9375,2.0,2.191176250945115,5.0,4612.0,,,,,,
1268,sun3d-mit_76_studyroom-76-1studyroom2,49,0,sagereg_regen,593,0.0337268128161888,5.128229062495414,0.1902813391319157,True,0.232969728000171,1.8333333333333333,2.0,2.283429637927036,5.0,4305.0,,,,,,
1269,sun3d-mit_76_studyroom-76-1studyroom2,2,1,sagereg_regen,670,0.2074626865671641,3.7247495301657874,0.1449037084121126,True,0.2779032700054813,1.9270833333333333,2.0,2.3636270714391605,5.0,4207.0,,,,,,
1270,sun3d-mit_76_studyroom-76-1studyroom2,3,1,sagereg_regen,731,0.0314637482900136,0.7949742127418211,0.0454793615755384,True,0.2595004949980648,1.90625,2.0,2.224479719563361,2.0,2849.0,,,,,,
1271,sun3d-mit_76_studyroom-76-1studyroom2,5,1,sagereg_regen,694,0.0561959654178674,3.607875924516296,0.1227410631559077,True,0.2426320099984877,1.7708333333333333,2.0,2.79597001971611,1.0,3101.0,,,,,,
1272,sun3d-mit_76_studyroom-76-1studyroom2,6,1,sagereg_regen,663,0.1176470588235294,2.773175636260817,0.1127765793379298,True,0.2618986059969757,1.96875,2.0,2.564591184362355,5.0,3996.0,,,,,,
1273,sun3d-mit_76_studyroom-76-1studyroom2,7,1,sagereg_regen,545,0.0697247706422018,3.6601139652324446,0.1406159185398713,True,0.2138077560011879,1.8854166666666667,2.0,2.161085388993082,6.0,3694.0,,,,,,
1274,sun3d-mit_76_studyroom-76-1studyroom2,34,1,sagereg_regen,814,0.1117936117936117,1.0733352335150117,0.0455825326561034,True,0.3073480169914546,1.9166666666666667,2.0,2.0232149896242557,6.0,3835.0,,,,,,
1275,sun3d-mit_76_studyroom-76-1studyroom2,35,1,sagereg_regen,681,0.1497797356828193,1.0195684548877442,0.0136141033830313,True,0.2914732879944495,1.9583333333333333,2.0,1.563200904219195,6.0,4904.0,,,,,,
1276,sun3d-mit_76_studyroom-76-1studyroom2,36,1,sagereg_regen,633,0.0932069510268562,2.4987162565751158,0.0827244785934842,True,0.2497916430002078,1.9166666666666667,2.0,2.1668073938463954,6.0,4367.0,,,,,,
1277,sun3d-mit_76_studyroom-76-1studyroom2,37,1,sagereg_regen,724,0.1270718232044199,2.9453753080159664,0.0924695544851282,True,0.2832328650038107,1.8854166666666667,2.0,1.978183719306681,6.0,4188.0,,,,,,
1278,sun3d-mit_76_studyroom-76-1studyroom2,38,1,sagereg_regen,655,0.1068702290076335,4.221696920455055,0.156705080142839,True,0.2577979179986869,1.8958333333333333,2.0,2.3467135083120523,5.0,3693.0,,,,,,
1279,sun3d-mit_76_studyroom-76-1studyroom2,45,1,sagereg_regen,636,0.0157232704402515,123.14847102442604,4.516259949193898,False,0.2266925330040976,1.7083333333333333,2.0,1.4928029934020832,1.0,1347.0,,,,,,
1280,sun3d-mit_76_studyroom-76-1studyroom2,46,1,sagereg_regen,686,0.0466472303206997,1.913465190847672,0.0491336164069939,True,0.2703071350042592,1.8645833333333333,2.0,2.2761986175869864,6.0,3921.0,,,,,,
1281,sun3d-mit_76_studyroom-76-1studyroom2,47,1,sagereg_regen,663,0.0588235294117647,1.1043342439477102,0.03669155429733,True,0.2601831380015937,1.84375,2.0,1.9816588887663569,6.0,4013.0,,,,,,
1282,sun3d-mit_76_studyroom-76-1studyroom2,48,1,sagereg_regen,648,0.037037037037037,1.68207913783481,0.1191129116406712,True,0.2585511940051219,1.8958333333333333,2.0,1.9795066894618465,6.0,4617.0,,,,,,
1283,sun3d-mit_76_studyroom-76-1studyroom2,49,1,sagereg_regen,620,0.0677419354838709,2.657439503737722,0.0931083424026313,True,0.2460392310022143,1.8854166666666667,2.0,1.8017390211653093,5.0,4294.0,,,,,,
1284,sun3d-mit_76_studyroom-76-1studyroom2,3,2,sagereg_regen,859,0.0721769499417927,2.2249882303438446,0.098077502286666,True,0.312808604001475,1.9166666666666667,2.0,2.312884109339105,3.0,5074.0,,,,,,
1285,sun3d-mit_76_studyroom-76-1studyroom2,5,2,sagereg_regen,934,0.076017130620985,1.4749250184539922,0.0639397021851733,True,0.3292428610002389,1.8854166666666667,2.0,2.364873252777812,2.0,5172.0,,,,,,
1286,sun3d-mit_76_studyroom-76-1studyroom2,6,2,sagereg_regen,852,0.2194835680751173,1.922210597575845,0.0709807348455386,True,0.3395709830001578,1.9791666666666667,2.0,2.3713078938456014,6.0,6070.0,,,,,,
1287,sun3d-mit_76_studyroom-76-1studyroom2,7,2,sagereg_regen,669,0.1629297458893871,1.0906746073539797,0.0434287903460635,True,0.2808851560039329,1.9583333333333333,2.0,1.9158332598483996,5.0,5772.0,,,,,,
1288,sun3d-mit_76_studyroom-76-1studyroom2,8,2,sagereg_regen,617,0.0826580226904376,1.3313353800680543,0.0461308413178959,True,0.2334871370039763,1.8541666666666667,2.0,1.8922298524021448,6.0,3516.0,,,,,,
1289,sun3d-mit_76_studyroom-76-1studyroom2,35,2,sagereg_regen,648,0.0308641975308641,3.280571507164057,0.1576501618757097,True,0.2586007549980422,1.9166666666666667,2.0,1.6545528411493955,6.0,4563.0,,,,,,
1290,sun3d-mit_76_studyroom-76-1studyroom2,36,2,sagereg_regen,632,0.0316455696202531,3.010504033700545,0.128375171011665,True,0.2464938280027127,1.9166666666666667,2.0,1.7081304113904292,6.0,4657.0,,,,,,
1291,sun3d-mit_76_studyroom-76-1studyroom2,37,2,sagereg_regen,750,0.04,1.8173685917399425,0.0689211372952421,True,0.2904648429976078,1.9270833333333333,2.0,1.6002617639186374,6.0,5400.0,,,,,,
1292,sun3d-mit_76_studyroom-76-1studyroom2,38,2,sagereg_regen,711,0.0323488045007032,1.6013474816778723,0.0246198874351717,True,0.2891154769895365,1.875,2.0,1.7728496599320862,6.0,5592.0,,,,,,
1293,sun3d-mit_76_studyroom-76-1studyroom2,45,2,sagereg_regen,718,0.064066852367688,0.722071817301462,0.0494111386953635,True,0.2854701280011795,1.7916666666666667,2.0,2.234695290441639,6.0,4859.0,,,,,,
1294,sun3d-mit_76_studyroom-76-1studyroom2,46,2,sagereg_regen,863,0.1390498261877172,0.6040266197111461,0.0342501032095872,True,0.3525254530031816,1.9166666666666667,2.0,2.2570574746394856,4.0,6949.0,,,,,,
1295,sun3d-mit_76_studyroom-76-1studyroom2,47,2,sagereg_regen,850,0.1117647058823529,2.0172155918205377,0.0401890176949443,True,0.3427936360021704,1.9895833333333333,2.0,2.055804374059325,6.0,7116.0,,,,,,
1296,sun3d-mit_76_studyroom-76-1studyroom2,48,2,sagereg_regen,856,0.1343457943925233,1.3644360169377985,0.0337776065318242,True,0.3475191410034313,1.96875,2.0,2.225787610022586,5.0,7070.0,,,,,,
1297,sun3d-mit_76_studyroom-76-1studyroom2,49,2,sagereg_regen,749,0.1295060080106809,1.0973790817323936,0.0426828253893226,True,0.3050317259985604,1.9791666666666667,2.0,1.9121457832672408,5.0,6547.0,,,,,,
1298,sun3d-mit_76_studyroom-76-1studyroom2,4,3,sagereg_regen,836,0.0478468899521531,0.5809121393128498,0.0641177763365489,True,0.3107691399927716,1.9791666666666667,2.0,1.681600916688149,6.0,5032.0,,,,,,
1299,sun3d-mit_76_studyroom-76-1studyroom2,5,3,sagereg_regen,1139,0.0939420544337137,2.1408971634783422,0.1188784595548801,True,0.4279058389947749,1.9479166666666667,2.0,1.8808199964108852,3.0,7617.0,,,,,,
1300,sun3d-mit_76_studyroom-76-1studyroom2,6,3,sagereg_regen,914,0.0831509846827133,2.077379335947504,0.0792151243134742,True,0.3394784269985393,1.96875,2.0,2.383743607851624,2.0,5217.0,,,,,,
1301,sun3d-mit_76_studyroom-76-1studyroom2,7,3,sagereg_regen,774,0.0529715762273901,3.35398522355028,0.1444479611185154,True,0.2898216260000481,1.9270833333333333,2.0,1.9733237885196309,5.0,4363.0,,,,,,
1302,sun3d-mit_76_studyroom-76-1studyroom2,38,3,sagereg_regen,852,0.0152582159624413,158.44666947323933,2.5924805639650783,False,0.3229410689964425,1.7604166666666667,2.0,1.865345960571713,6.0,5220.0,,,,,,
1303,sun3d-mit_76_studyroom-76-1studyroom2,39,3,sagereg_regen,1026,0.0126705653021442,23.988463029924247,1.3415086106832668,False,0.3777119450023747,1.84375,2.0,1.8622947925294704,6.0,5951.0,,,,,,
1304,sun3d-mit_76_studyroom-76-1studyroom2,43,3,sagereg_regen,1107,0.010840108401084,4.077113216875434,0.8420733191836288,False,0.3895383939961903,1.875,2.0,1.680443383280419,5.0,3340.0,,,,,,
1305,sun3d-mit_76_studyroom-76-1studyroom2,45,3,sagereg_regen,918,0.0206971677559912,1.3969693472535776,1.1681509233707006,False,0.3445291160023771,1.78125,2.0,2.1978052490266906,6.0,6770.0,,,,,,
1306,sun3d-mit_76_studyroom-76-1studyroom2,46,3,sagereg_regen,970,0.0515463917525773,3.154196015925109,0.105149777002733,True,0.3645063959920662,1.8333333333333333,2.0,2.6402690826942457,2.0,6031.0,,,,,,
1307,sun3d-mit_76_studyroom-76-1studyroom2,47,3,sagereg_regen,985,0.0446700507614213,4.135026037508713,0.1276722310901198,True,0.3625041409977712,1.9270833333333333,2.0,1.989430628385006,5.0,6524.0,,,,,,
1308,sun3d-mit_76_studyroom-76-1studyroom2,48,3,sagereg_regen,962,0.0592515592515592,4.226999244999527,0.1596460480573562,True,0.3490925480000442,1.875,2.0,2.060375575547197,6.0,5957.0,,,,,,
1309,sun3d-mit_76_studyroom-76-1studyroom2,5,4,sagereg_regen,715,0.0377622377622377,1.7648703864489854,0.2906463429213182,True,0.2794225069956155,1.9270833333333333,2.0,2.283451211638964,5.0,4186.0,,,,,,
1310,sun3d-mit_76_studyroom-76-1studyroom2,39,4,sagereg_regen,752,0.0079787234042553,29.644574217433654,0.7823391013474676,False,0.2655206720010028,1.84375,2.0,1.9096026731745777,2.0,4655.0,,,,,,
1311,sun3d-mit_76_studyroom-76-1studyroom2,40,4,sagereg_regen,557,0.0843806104129264,3.267093541391249,0.071265759318606,True,0.2244645370010403,1.84375,2.0,1.577311114289544,6.0,5016.0,,,,,,
1312,sun3d-mit_76_studyroom-76-1studyroom2,41,4,sagereg_regen,764,0.0719895287958115,2.7145131768864164,0.065553092291236,True,0.3039288630025112,1.9479166666666667,2.0,2.219761875971204,6.0,4457.0,,,,,,
1313,sun3d-mit_76_studyroom-76-1studyroom2,42,4,sagereg_regen,934,0.0449678800856531,5.205819142162111,0.2023373949386642,True,0.331810249001137,1.9166666666666667,2.0,1.3179275092319884,5.0,4708.0,,,,,,
1314,sun3d-mit_76_studyroom-76-1studyroom2,43,4,sagereg_regen,755,0.03841059602649,4.833314465144012,0.1922493172674523,True,0.289833026996348,1.8541666666666667,2.0,2.010923488924088,6.0,4578.0,,,,,,
1315,sun3d-mit_76_studyroom-76-1studyroom2,45,4,sagereg_regen,601,0.0,91.93810393557004,1.4450016616134882,False,0.2277176099960343,1.7604166666666667,2.0,1.095295351839774,6.0,2604.0,,,,,,
1316,sun3d-mit_76_studyroom-76-1studyroom2,46,4,sagereg_regen,662,0.0,7.689567420995239,1.2248257829026403,False,0.264986524998676,1.7916666666666667,2.0,1.1062078964220556,6.0,5412.0,,,,,,
1317,sun3d-mit_76_studyroom-76-1studyroom2,47,4,sagereg_regen,793,0.0012610340479192,158.41900697807466,4.231040461594136,False,0.2701313340003253,1.8229166666666667,2.0,1.15909292643669,0.0,3238.0,,,,,,
1318,sun3d-mit_76_studyroom-76-1studyroom2,48,4,sagereg_regen,767,0.0026075619295958,52.36406616036535,1.226650841509559,False,0.2839280940024764,1.8958333333333333,2.0,1.3539927276227932,6.0,4847.0,,,,,,
1319,sun3d-mit_76_studyroom-76-1studyroom2,6,5,sagereg_regen,991,0.106962663975782,0.7576502118672394,0.0220771147257591,True,0.3690692230011336,1.9583333333333333,2.0,2.2982188703975157,6.0,5406.0,,,,,,
1320,sun3d-mit_76_studyroom-76-1studyroom2,7,5,sagereg_regen,823,0.0364520048602673,3.098800579942014,0.7852417076002799,False,0.3040412469999864,1.875,2.0,2.4982872667821985,4.0,5077.0,,,,,,
1321,sun3d-mit_76_studyroom-76-1studyroom2,38,5,sagereg_regen,836,0.0179425837320574,8.5818378134905,0.2776241090043466,True,0.2976254059976781,1.8229166666666667,2.0,2.0357042195793023,4.0,4303.0,,,,,,
1322,sun3d-mit_76_studyroom-76-1studyroom2,39,5,sagereg_regen,899,0.0022246941045606,4.781194935446015,2.448153677718932,False,0.3122395970058278,1.8125,2.0,1.372239391730684,3.0,4151.0,,,,,,
1323,sun3d-mit_76_studyroom-76-1studyroom2,43,5,sagereg_regen,990,0.0171717171717171,29.30055059241106,0.6581218449470523,False,0.3600342099889531,1.84375,2.0,1.948607527097016,6.0,4626.0,,,,,,
1324,sun3d-mit_76_studyroom-76-1studyroom2,45,5,sagereg_regen,914,0.0306345733041575,0.9809255555932846,0.0596067392854842,True,0.3228691369949956,1.7916666666666667,2.0,2.2242465408097427,2.0,4460.0,,,,,,
1325,sun3d-mit_76_studyroom-76-1studyroom2,46,5,sagereg_regen,1091,0.0604949587534372,0.5414936646016617,0.017469387278981,True,0.4102995859939256,1.8645833333333333,2.0,2.479585509407958,6.0,6369.0,,,,,,
1326,sun3d-mit_76_studyroom-76-1studyroom2,47,5,sagereg_regen,979,0.0490296220633299,1.5978571815584783,0.0245186012061372,True,0.3647819839898147,1.90625,2.0,1.822679494912062,6.0,6921.0,,,,,,
1327,sun3d-mit_76_studyroom-76-1studyroom2,48,5,sagereg_regen,971,0.0710607621009268,1.830727007328988,0.0426593544501017,True,0.3547650080072344,1.9270833333333333,2.0,1.970721753238972,5.0,6445.0,,,,,,
1328,sun3d-mit_76_studyroom-76-1studyroom2,49,5,sagereg_regen,745,0.0255033557046979,2.167084295958185,1.2988662950886585,False,0.273506705998443,1.8645833333333333,2.0,1.7500364842197094,3.0,4087.0,,,,,,
1329,sun3d-mit_76_studyroom-76-1studyroom2,7,6,sagereg_regen,941,0.2157279489904357,0.6984069240282236,0.0311869886130637,True,0.3577868170032161,1.9583333333333333,2.0,1.5284756973572775,1.0,6966.0,,,,,,
1330,sun3d-mit_76_studyroom-76-1studyroom2,35,6,sagereg_regen,660,0.0242424242424242,86.12755960173409,1.9508548826233192,False,0.2460801130000618,1.78125,2.0,2.21551225133616,6.0,2258.0,,,,,,
1331,sun3d-mit_76_studyroom-76-1studyroom2,36,6,sagereg_regen,603,0.0066334991708126,145.4024404384008,3.809281604426527,False,0.2270353160056402,1.8541666666666667,2.0,1.7874870319505969,6.0,2508.0,,,,,,
1332,sun3d-mit_76_studyroom-76-1studyroom2,37,6,sagereg_regen,750,0.0293333333333333,2.5838724489881253,0.0913261455528961,True,0.2825560430064797,1.8854166666666667,2.0,2.1210306796618514,6.0,4707.0,,,,,,
1333,sun3d-mit_76_studyroom-76-1studyroom2,38,6,sagereg_regen,760,0.0342105263157894,1.9088133679049544,0.0669667371685552,True,0.2999920950023806,1.90625,2.0,1.9096306824510667,6.0,6164.0,,,,,,
1334,sun3d-mit_76_studyroom-76-1studyroom2,39,6,sagereg_regen,831,0.01323706377858,8.023435036416855,1.3014022145596245,False,0.3027312020058161,1.875,2.0,1.994021312802465,6.0,4011.0,,,,,,
1335,sun3d-mit_76_studyroom-76-1studyroom2,44,6,sagereg_regen,854,0.0128805620608899,33.021056853801866,1.3578296768948916,False,0.3150978190024034,1.8541666666666667,2.0,2.0567639496760037,6.0,2151.0,,,,,,
1336,sun3d-mit_76_studyroom-76-1studyroom2,45,6,sagereg_regen,847,0.0684769775678866,1.812332242886025,0.0894555669107009,True,0.3375017020007362,1.8645833333333333,2.0,1.7344226643652825,6.0,6450.0,,,,,,
1337,sun3d-mit_76_studyroom-76-1studyroom2,46,6,sagereg_regen,1006,0.1888667992047713,1.4908563977908875,0.051575091386848,True,0.4059399390025646,1.9791666666666667,2.0,1.7651608523403273,3.0,7883.0,,,,,,
1338,sun3d-mit_76_studyroom-76-1studyroom2,47,6,sagereg_regen,917,0.1308615049073064,1.3436534149632469,0.022843705310951,True,0.3664423700029147,1.90625,2.0,1.694531295407325,4.0,7508.0,,,,,,
1339,sun3d-mit_76_studyroom-76-1studyroom2,48,6,sagereg_regen,870,0.1655172413793103,0.7000966544300795,0.0294022308487781,True,0.347902965004323,1.90625,2.0,1.924607430567127,6.0,6967.0,,,,,,
1340,sun3d-mit_76_studyroom-76-1studyroom2,49,6,sagereg_regen,805,0.1677018633540372,0.6988590141697834,0.0163314907913538,True,0.3206719619920477,1.96875,2.0,1.75573065839843,4.0,6202.0,,,,,,
1341,sun3d-mit_76_studyroom-76-1studyroom2,37,7,sagereg_regen,747,0.0093708165997322,53.41190032889326,1.7369531180166569,False,0.279548126993177,1.875,2.0,2.1262105237222464,4.0,5051.0,,,,,,
1342,sun3d-mit_76_studyroom-76-1studyroom2,38,7,sagereg_regen,888,0.0247747747747747,19.674901686011115,0.605015320735939,False,0.3223771329940064,1.8229166666666667,2.0,2.50133068329863,4.0,6801.0,,,,,,
1343,sun3d-mit_76_studyroom-76-1studyroom2,39,7,sagereg_regen,814,0.0122850122850122,19.862873458841307,0.9826449542507926,False,0.3035127289913362,1.8333333333333333,2.0,1.4119570624394804,5.0,3666.0,,,,,,
1344,sun3d-mit_76_studyroom-76-1studyroom2,44,7,sagereg_regen,680,0.0205882352941176,1.8581267307779343,0.6420493481659806,False,0.2739498590017319,1.8333333333333333,2.0,1.8783471320966665,5.0,5675.0,,,,,,
1345,sun3d-mit_76_studyroom-76-1studyroom2,45,7,sagereg_regen,977,0.0378710337768679,1.0419623804244749,0.0348769419388617,True,0.3725900370045565,1.90625,2.0,1.883099276754693,6.0,8340.0,,,,,,
1346,sun3d-mit_76_studyroom-76-1studyroom2,46,7,sagereg_regen,1122,0.0766488413547237,1.2862002794511491,0.0517305049786109,True,0.4250843159970827,1.8958333333333333,2.0,1.7513229153028056,4.0,8357.0,,,,,,
1347,sun3d-mit_76_studyroom-76-1studyroom2,47,7,sagereg_regen,925,0.1081081081081081,1.4268489591296631,0.0378736636148756,True,0.3685235970042413,1.9479166666666667,2.0,1.5339548502383804,6.0,7468.0,,,,,,
1348,sun3d-mit_76_studyroom-76-1studyroom2,48,7,sagereg_regen,782,0.1163682864450127,1.697888215069091,0.0537182291947654,True,0.3162845149927307,1.9791666666666667,2.0,1.6135699916803916,6.0,6728.0,,,,,,
1349,sun3d-mit_76_studyroom-76-1studyroom2,49,7,sagereg_regen,655,0.149618320610687,0.415243000563894,0.0223709975727137,True,0.2748832820070674,1.9375,2.0,1.5012040957421942,6.0,6482.0,,,,,,
1350,sun3d-mit_76_studyroom-76-1studyroom2,37,8,sagereg_regen,710,0.0070422535211267,172.95143792649233,3.5528193248079805,False,0.2576703739978256,1.8333333333333333,2.0,1.1663096552222176,4.0,2319.0,,,,,,
1351,sun3d-mit_76_studyroom-76-1studyroom2,38,8,sagereg_regen,788,0.0139593908629441,68.27335512388926,2.422577005924468,False,0.2823565510043408,1.78125,2.0,1.632930667946145,6.0,2911.0,,,,,,
1352,sun3d-mit_76_studyroom-76-1studyroom2,39,8,sagereg_regen,751,0.0359520639147802,3.111011159062912,0.091365050823396,True,0.2784577079946757,1.8645833333333333,2.0,1.6437930839930277,5.0,4277.0,,,,,,
1353,sun3d-mit_76_studyroom-76-1studyroom2,44,8,sagereg_regen,673,0.0861812778603269,4.755450377941113,0.2012999386556283,True,0.256125551990408,1.8645833333333333,2.0,1.6376820012472015,4.0,5231.0,,,,,,
1354,sun3d-mit_76_studyroom-76-1studyroom2,45,8,sagereg_regen,822,0.0547445255474452,8.851509693233854,0.33175550658388,False,0.3163652209987049,1.8229166666666667,2.0,1.3672821265254482,4.0,5987.0,,,,,,
1355,sun3d-mit_76_studyroom-76-1studyroom2,46,8,sagereg_regen,886,0.0586907449209932,3.3189103772764343,0.0891363619314214,True,0.3421429939990048,1.8958333333333333,2.0,1.4456697308486135,6.0,5933.0,,,,,,
1356,sun3d-mit_76_studyroom-76-1studyroom2,47,8,sagereg_regen,825,0.0812121212121212,2.206517924078495,0.0347730187534136,True,0.3186944469998707,1.875,2.0,1.3286606691841631,6.0,4665.0,,,,,,
1357,sun3d-mit_76_studyroom-76-1studyroom2,48,8,sagereg_regen,687,0.1077147016011644,3.5774940839822045,0.1138535345534328,True,0.2584851159990649,1.8645833333333333,2.0,2.1682691374881293,6.0,3654.0,,,,,,
1358,sun3d-mit_76_studyroom-76-1studyroom2,49,8,sagereg_regen,642,0.17601246105919,1.4193527997669275,0.0447484689559072,True,0.2594063529977575,1.9270833333333333,2.0,1.570971281440208,6.0,4518.0,,,,,,
1359,sun3d-mit_76_studyroom-76-1studyroom2,50,8,sagereg_regen,775,0.2490322580645161,1.0883408938816244,0.0347554561822514,True,0.3061467420047847,1.9375,2.0,1.6963293776618278,2.0,6375.0,,,,,,
1360,sun3d-mit_76_studyroom-76-1studyroom2,51,8,sagereg_regen,838,0.08472553699284,0.5660591922237866,0.0180336132551023,True,0.3120722439998644,1.8229166666666667,2.0,2.289366402308188,4.0,5369.0,,,,,,
1361,sun3d-mit_76_studyroom-76-1studyroom2,10,9,sagereg_regen,1241,0.0950846091861402,1.2751589622583623,0.0504100632040414,True,0.4711028909950983,1.9166666666666667,2.0,1.441855544532883,4.0,8099.0,,,,,,
1362,sun3d-mit_76_studyroom-76-1studyroom2,51,9,sagereg_regen,996,0.0953815261044176,1.017870888911117,0.0367477520564836,True,0.4090213710005628,1.8541666666666667,2.0,2.0431148469995075,5.0,10088.0,,,,,,
1363,sun3d-mit_76_studyroom-76-1studyroom2,52,9,sagereg_regen,1188,0.1649831649831649,0.1655071671004953,0.006592059089794,True,0.4783793499955209,1.9166666666666667,2.0,2.2711311447771028,4.0,10595.0,,,,,,
1364,sun3d-mit_76_studyroom-76-1studyroom2,53,9,sagereg_regen,1135,0.0704845814977973,1.1950525310492346,0.0432750907216601,True,0.4241652709970367,1.84375,2.0,1.451977375059622,2.0,8691.0,,,,,,
1365,sun3d-mit_76_studyroom-76-1studyroom2,11,10,sagereg_regen,1330,0.0992481203007518,0.941645462644878,0.0335798981561742,True,0.5212674879949191,1.78125,2.0,2.209148067369279,3.0,9083.0,,,,,,
1366,sun3d-mit_76_studyroom-76-1studyroom2,51,10,sagereg_regen,1010,0.0366336633663366,1.9319626577632196,0.0815317579799274,True,0.3815186209976673,1.8958333333333333,2.0,1.5456473440508085,6.0,6498.0,,,,,,
1367,sun3d-mit_76_studyroom-76-1studyroom2,52,10,sagereg_regen,1534,0.1303780964797914,0.4329423478069737,0.0363657614330125,True,0.5775037390048965,1.9479166666666667,2.0,1.7294578407288204,4.0,9792.0,,,,,,
1368,sun3d-mit_76_studyroom-76-1studyroom2,53,10,sagereg_regen,1390,0.2309352517985611,0.7096114262890939,0.0367816795708599,True,0.5686559960013255,1.8020833333333333,2.0,1.9613551679590615,5.0,10906.0,,,,,,
1369,sun3d-mit_76_studyroom-76-1studyroom2,54,10,sagereg_regen,1170,0.1102564102564102,0.7748059473764152,0.0114321519677633,True,0.455164313003479,1.9270833333333333,2.0,1.6659328054141151,5.0,7192.0,,,,,,
1370,sun3d-mit_76_studyroom-76-1studyroom2,12,11,sagereg_regen,995,0.0562814070351758,2.4867053977712543,0.0649998278305322,True,0.3613482250002562,1.90625,2.0,1.959603648881048,3.0,5904.0,,,,,,
1371,sun3d-mit_76_studyroom-76-1studyroom2,52,11,sagereg_regen,1233,0.0373073803730738,1.1583641205746238,0.0291295017463273,True,0.440738485995098,1.9166666666666667,2.0,2.29500170975685,6.0,5448.0,,,,,,
1372,sun3d-mit_76_studyroom-76-1studyroom2,53,11,sagereg_regen,1199,0.0967472894078398,1.2568477814802383,0.0391631340663857,True,0.4603757709992351,1.8541666666666667,2.0,2.645431048115752,4.0,7520.0,,,,,,
1373,sun3d-mit_76_studyroom-76-1studyroom2,54,11,sagereg_regen,1215,0.0905349794238683,1.6276776086546068,0.055740614550801,True,0.4664496480036177,1.90625,2.0,2.326552797038378,4.0,9340.0,,,,,,
1374,sun3d-mit_76_studyroom-76-1studyroom2,55,11,sagereg_regen,1108,0.1055956678700361,2.173303770539797,0.0802960458137472,True,0.4318839560000924,1.8541666666666667,2.0,2.000851019913137,4.0,8187.0,,,,,,
1375,sun3d-mit_76_studyroom-76-1studyroom2,52,12,sagereg_regen,884,0.0226244343891402,3.4741022004517865,0.1297893898970572,True,0.318766485004744,1.75,2.0,1.8830610910682035,2.0,4209.0,,,,,,
1376,sun3d-mit_76_studyroom-76-1studyroom2,54,12,sagereg_regen,870,0.0793103448275862,0.6191139572572367,0.0117647422962305,True,0.3312539929975173,1.8333333333333333,2.0,2.201996922637103,6.0,4459.0,,,,,,
1377,sun3d-mit_76_studyroom-76-1studyroom2,55,12,sagereg_regen,1155,0.1619047619047619,0.6823279086018182,0.0232872210443733,True,0.4580378560058307,1.8958333333333333,2.0,2.2919513346328304,4.0,7998.0,,,,,,
1378,sun3d-mit_76_studyroom-76-1studyroom2,56,12,sagereg_regen,794,0.0957178841309823,0.9274565195492168,0.0361381367732181,True,0.3326809619975392,1.8541666666666667,2.0,2.192469519733777,6.0,6687.0,,,,,,
1379,sun3d-mit_76_studyroom-76-1studyroom2,14,13,sagereg_regen,559,0.0751341681574239,2.1240879056127198,0.0450340861103128,True,0.2139575939945643,1.8229166666666667,2.0,1.7464839382415906,6.0,4021.0,,,,,,
1380,sun3d-mit_76_studyroom-76-1studyroom2,15,13,sagereg_regen,628,0.0063694267515923,11.776651727863223,1.4634884850656389,False,0.2170310399960726,1.7916666666666667,2.0,1.8619046879208967,3.0,2794.0,,,,,,
1381,sun3d-mit_76_studyroom-76-1studyroom2,54,13,sagereg_regen,522,0.003831417624521,90.67195630724422,3.605138351895972,False,0.1849028180004097,1.7916666666666667,2.0,1.9807672605016011,6.0,2527.0,,,,,,
1382,sun3d-mit_76_studyroom-76-1studyroom2,55,13,sagereg_regen,681,0.0308370044052863,19.52156120673825,1.1969617674541966,False,0.2508764289959799,1.8645833333333333,2.0,2.050710190310592,4.0,3862.0,,,,,,
1383,sun3d-mit_76_studyroom-76-1studyroom2,56,13,sagereg_regen,605,0.1206611570247934,1.0837698978929686,0.0288628028177592,True,0.2536863830027869,1.875,2.0,1.8124384710744887,3.0,5671.0,,,,,,
1384,sun3d-mit_76_studyroom-76-1studyroom2,57,13,sagereg_regen,444,0.063063063063063,1.7319438139346282,0.0442869005435202,True,0.1688874319952447,1.84375,2.0,1.220127381779162,5.0,3602.0,,,,,,
1385,sun3d-mit_76_studyroom-76-1studyroom2,15,14,sagereg_regen,780,0.0833333333333333,0.5968454713736988,0.0555586111769312,True,0.2964619549966301,1.90625,2.0,2.2036605473195108,6.0,5361.0,,,,,,
1386,sun3d-mit_76_studyroom-76-1studyroom2,18,14,sagereg_regen,715,0.0083916083916083,10.123477351084444,0.4611620145807852,False,0.2588817489959183,1.8854166666666667,2.0,2.3496792980225245,6.0,2392.0,,,,,,
1387,sun3d-mit_76_studyroom-76-1studyroom2,56,14,sagereg_regen,729,0.0562414266117969,2.431821119239986,0.0545956119044273,True,0.2966106200037757,1.90625,2.0,1.6585551830979772,6.0,5839.0,,,,,,
1388,sun3d-mit_76_studyroom-76-1studyroom2,57,14,sagereg_regen,679,0.0382916053019145,1.227840398978234,0.0375242358862832,True,0.269135336006002,1.9166666666666667,2.0,2.202551634933281,6.0,5833.0,,,,,,
1389,sun3d-mit_76_studyroom-76-1studyroom2,18,15,sagereg_regen,1050,0.0619047619047619,1.2301745127259864,0.0930375316397506,True,0.3780951410080888,1.9375,2.0,2.621139938822869,4.0,5216.0,,,,,,
1390,sun3d-mit_76_studyroom-76-1studyroom2,56,15,sagereg_regen,854,0.0152224824355971,179.70581116492028,2.8209551092206326,False,0.2998502359987469,1.8958333333333333,2.0,1.5923180096190794,6.0,3849.0,,,,,,
1391,sun3d-mit_76_studyroom-76-1studyroom2,57,15,sagereg_regen,956,0.0334728033472803,1.7220632461134335,0.0700975803359702,True,0.3412007610095315,1.96875,2.0,2.399985645147241,6.0,6415.0,,,,,,
1392,sun3d-mit_76_studyroom-76-1studyroom2,62,15,sagereg_regen,946,0.0137420718816067,177.59097467315442,4.034646880022543,False,0.3268721939966781,1.84375,2.0,1.6011476681884926,5.0,3780.0,,,,,,
1393,sun3d-mit_76_studyroom-76-1studyroom2,17,16,sagereg_regen,436,0.1330275229357798,1.4669909482818608,0.1075305033713098,True,0.1650671000024886,1.8645833333333333,2.0,1.910068616940222,6.0,3485.0,,,,,,
1394,sun3d-mit_76_studyroom-76-1studyroom2,61,16,sagereg_regen,430,0.0069767441860465,90.25989741916533,3.697028291480991,False,0.1423514339985558,1.8125,2.0,2.085771197283307,6.0,1738.0,,,,,,
1395,sun3d-mit_76_studyroom-76-1studyroom2,18,17,sagereg_regen,567,0.1146384479717813,0.8957735079155571,0.0255530747142377,True,0.2024942330026533,1.8541666666666667,2.0,1.6711469623601545,4.0,2730.0,,,,,,
1396,sun3d-mit_76_studyroom-76-1studyroom2,19,17,sagereg_regen,619,0.048465266558966,2.5453046601012974,0.0989601452141296,True,0.2197094569928595,1.78125,2.0,1.426704523670671,6.0,2764.0,,,,,,
1397,sun3d-mit_76_studyroom-76-1studyroom2,64,17,sagereg_regen,612,0.0130718954248366,140.8142417022981,4.300835516652128,False,0.210085776001506,1.75,2.0,2.057486112153998,6.0,1934.0,,,,,,
1398,sun3d-mit_76_studyroom-76-1studyroom2,19,18,sagereg_regen,1271,0.1361132966168371,1.0535745432702732,0.0650157638814174,True,0.5081096530047944,1.8854166666666667,2.0,2.60000396415471,5.0,8134.0,,,,,,
1399,sun3d-mit_76_studyroom-76-1studyroom2,20,18,sagereg_regen,1175,0.0834042553191489,3.666420331412868,0.2139912925270003,True,0.4312823519940139,1.8854166666666667,2.0,2.7270019846285747,3.0,5780.0,,,,,,
1400,sun3d-mit_76_studyroom-76-1studyroom2,62,18,sagereg_regen,1013,0.0227048371174728,86.2473084600176,3.107927953557632,False,0.3627161619951948,1.8333333333333333,2.0,1.666690183098977,4.0,3519.0,,,,,,
1401,sun3d-mit_76_studyroom-76-1studyroom2,63,18,sagereg_regen,972,0.0113168724279835,46.73081372142826,2.453099331487957,False,0.3589909160000388,1.7708333333333333,2.0,1.5444707005777665,6.0,4065.0,,,,,,
1402,sun3d-mit_76_studyroom-76-1studyroom2,64,18,sagereg_regen,1080,0.0129629629629629,121.40423808701848,4.396846279246433,False,0.3872792959955404,1.7395833333333333,2.0,2.089568386106409,5.0,1657.0,,,,,,
1403,sun3d-mit_76_studyroom-76-1studyroom2,20,19,sagereg_regen,1200,0.14,1.4878033015891097,0.0811295357071038,True,0.4591459180010133,1.8958333333333333,2.0,2.4673680551979005,2.0,7898.0,,,,,,
1404,sun3d-mit_76_studyroom-76-1studyroom2,21,19,sagereg_regen,922,0.0650759219088937,1.4634431592194193,0.1110837029147611,True,0.3439636610055459,1.8333333333333333,2.0,2.036753472957836,3.0,5794.0,,,,,,
1405,sun3d-mit_76_studyroom-76-1studyroom2,64,19,sagereg_regen,1113,0.0161725067385444,4.680664597704726,0.1728392026976448,True,0.4305910780021804,1.6666666666666667,2.0,1.8180990250496925,5.0,8889.0,,,,,,
1406,sun3d-mit_76_studyroom-76-1studyroom2,65,19,sagereg_regen,1008,0.0158730158730158,54.64162123489682,1.7407238910539586,False,0.3875016610036255,1.8125,2.0,2.171474113741019,6.0,5412.0,,,,,,
1407,sun3d-mit_76_studyroom-76-1studyroom2,21,20,sagereg_regen,942,0.1592356687898089,0.3757876179032479,0.0367832720905245,True,0.3976686070018331,1.8229166666666667,2.0,2.20088996604433,6.0,8974.0,,,,,,
1408,sun3d-mit_76_studyroom-76-1studyroom2,22,20,sagereg_regen,880,0.0375,0.4791808609900314,0.0319643796455718,True,0.3215549160013324,1.84375,2.0,1.9962354597726732,3.0,5853.0,,,,,,
1409,sun3d-mit_76_studyroom-76-1studyroom2,23,20,sagereg_regen,663,0.0196078431372549,1.9016638720457757,1.10336675722741,False,0.2748736580033437,1.6979166666666667,2.0,1.737392761103452,6.0,7899.0,,,,,,
1410,sun3d-mit_76_studyroom-76-1studyroom2,34,20,sagereg_regen,945,0.0328042328042328,48.60071769954666,2.489662345358671,False,0.3475679749972187,1.875,2.0,2.2453075428107905,6.0,3551.0,,,,,,
1411,sun3d-mit_76_studyroom-76-1studyroom2,64,20,sagereg_regen,1027,0.0068159688412852,86.51990283573814,3.1641893019329546,False,0.3674415969944675,1.6875,2.0,1.8413120896621276,6.0,3414.0,,,,,,
1412,sun3d-mit_76_studyroom-76-1studyroom2,65,20,sagereg_regen,1052,0.0114068441064638,1.274349687500193,0.0832743931600723,True,0.3882470940006897,1.625,2.0,1.9054224385871088,6.0,7445.0,,,,,,
1413,sun3d-mit_76_studyroom-76-1studyroom2,22,21,sagereg_regen,737,0.1207598371777476,0.401113251340856,0.0140933331081655,True,0.3009530859999358,1.9270833333333333,2.0,1.979462621933589,4.0,6642.0,,,,,,
1414,sun3d-mit_76_studyroom-76-1studyroom2,23,21,sagereg_regen,607,0.0263591433278418,1.614754964169146,0.068705403980163,True,0.2466320280072977,1.78125,2.0,2.022699677547405,6.0,5405.0,,,,,,
1415,sun3d-mit_76_studyroom-76-1studyroom2,24,21,sagereg_regen,859,0.0104772991850989,40.070664749511465,0.1126804480008369,False,0.3145599579947884,1.7708333333333333,2.0,1.7395441852423223,4.0,4927.0,,,,,,
1416,sun3d-mit_76_studyroom-76-1studyroom2,34,21,sagereg_regen,780,0.041025641025641,2.9393508115062925,0.1078004770607409,True,0.3058930999904987,1.8020833333333333,2.0,1.257124592763169,5.0,6599.0,,,,,,
1417,sun3d-mit_76_studyroom-76-1studyroom2,65,21,sagereg_regen,1085,0.008294930875576,179.47251445044273,5.9750225879412255,False,0.3725226689930423,1.8541666666666667,2.0,1.7838558702058225,6.0,2308.0,,,,,,
1418,sun3d-mit_76_studyroom-76-1studyroom2,23,22,sagereg_regen,412,0.0558252427184466,1.065682537133027,0.0602595539866587,True,0.1631247760014957,1.71875,2.0,2.553480412137957,2.0,6515.0,,,,,,
1419,sun3d-mit_76_studyroom-76-1studyroom2,24,22,sagereg_regen,689,0.0159651669085631,154.6145228947516,4.878844573501876,False,0.2499065729934955,1.7291666666666667,2.0,1.1252357957852075,6.0,2150.0,,,,,,
1420,sun3d-mit_76_studyroom-76-1studyroom2,33,22,sagereg_regen,796,0.0226130653266331,9.17298613832062,2.231657134211096,False,0.294394343989552,1.8020833333333333,2.0,1.4899140290703763,6.0,1914.0,,,,,,
1421,sun3d-mit_76_studyroom-76-1studyroom2,34,22,sagereg_regen,708,0.0451977401129943,2.701647395212088,0.0695967709754675,True,0.273383797997667,1.7604166666666667,2.0,1.686922936502725,4.0,5722.0,,,,,,
1422,sun3d-mit_76_studyroom-76-1studyroom2,65,22,sagereg_regen,773,0.0090556274256144,105.06193614005588,4.18722331838641,False,0.2846450159995584,1.7291666666666667,2.0,1.5086124372610696,6.0,3087.0,,,,,,
1423,sun3d-mit_76_studyroom-76-1studyroom2,24,23,sagereg_regen,839,0.0762812872467222,2.4904696070436363,0.1395955511144791,True,0.3497563700075261,1.9166666666666667,2.0,2.313621633053301,6.0,9115.0,,,,,,
1424,sun3d-mit_76_studyroom-76-1studyroom2,33,23,sagereg_regen,783,0.0166028097062579,3.280760233718666,0.1303667540611585,True,0.3226165740052238,1.7604166666666667,2.0,1.917789032236085,6.0,8601.0,,,,,,
1425,sun3d-mit_76_studyroom-76-1studyroom2,25,24,sagereg_regen,1264,0.0712025316455696,1.5077936714440376,0.0508999008706077,True,0.4682366329943761,1.9270833333333333,2.0,1.5983123901931595,4.0,8237.0,,,,,,
1426,sun3d-mit_76_studyroom-76-1studyroom2,32,24,sagereg_regen,918,0.0904139433551198,1.5213242480237386,0.040908164955531,True,0.3460465050011407,1.75,2.0,1.4567609859191428,2.0,8094.0,,,,,,
1427,sun3d-mit_76_studyroom-76-1studyroom2,33,24,sagereg_regen,1038,0.0510597302504816,2.237213519868368,0.1323228017727594,True,0.4208765160001348,1.7916666666666667,2.0,1.9650735414387488,6.0,9622.0,,,,,,
1428,sun3d-mit_76_studyroom-76-1studyroom2,26,25,sagereg_regen,1966,0.1185147507629705,0.4514943210915819,0.0287189899331778,True,0.7682724990008865,1.8854166666666667,2.0,2.259794973588589,4.0,13571.0,,,,,,
1429,sun3d-mit_76_studyroom-76-1studyroom2,27,25,sagereg_regen,1657,0.1870850935425467,0.9497258262189052,0.0557797383056806,True,0.6755664160009474,1.8958333333333333,2.0,2.118716813466217,4.0,12572.0,,,,,,
1430,sun3d-mit_76_studyroom-76-1studyroom2,32,25,sagereg_regen,1429,0.1812456263121063,0.6193579544695662,0.0270802223608148,True,0.5941553020020365,1.84375,2.0,2.173877863382617,6.0,11422.0,,,,,,
1431,sun3d-mit_76_studyroom-76-1studyroom2,33,25,sagereg_regen,1481,0.0790006752194463,1.9595906464497803,0.1261603671708539,True,0.562707616998523,1.8020833333333333,2.0,2.3955352510930124,6.0,9317.0,,,,,,
1432,sun3d-mit_76_studyroom-76-1studyroom2,27,26,sagereg_regen,2000,0.149,1.0905615171293517,0.0628656976946363,True,0.808228905996657,1.8645833333333333,2.0,2.1047266280504777,6.0,13607.0,,,,,,
1433,sun3d-mit_76_studyroom-76-1studyroom2,32,26,sagereg_regen,1705,0.0850439882697947,0.8249857840258371,0.0353310555130195,True,0.656327038006566,1.78125,2.0,2.2080494735611773,4.0,10984.0,,,,,,
1434,sun3d-mit_76_studyroom-76-1studyroom2,28,27,sagereg_regen,1539,0.1033138401559454,1.1440343478205175,0.0693188593737953,True,0.5808066449972102,1.90625,2.0,2.0997180080248192,4.0,10592.0,,,,,,
1435,sun3d-mit_76_studyroom-76-1studyroom2,31,27,sagereg_regen,1051,0.011417697431018,44.560746181964106,0.6905254394295782,False,0.3819171430077404,1.8645833333333333,2.0,2.296543535291652,6.0,5412.0,,,,,,
1436,sun3d-mit_76_studyroom-76-1studyroom2,32,27,sagereg_regen,1640,0.2042682926829268,0.5922176822357416,0.0373450768635897,True,0.6852655649927328,1.8645833333333333,2.0,1.9463624009297416,6.0,13283.0,,,,,,
1437,sun3d-mit_76_studyroom-76-1studyroom2,33,27,sagereg_regen,1700,0.0811764705882353,0.7805504918737434,0.061001861688351,True,0.6387154550029663,1.90625,2.0,2.547624305002452,3.0,9096.0,,,,,,
1438,sun3d-mit_76_studyroom-76-1studyroom2,29,28,sagereg_regen,1087,0.2447102115915363,0.4362845863971958,0.0267360164998358,True,0.4434277440013829,1.9375,2.0,1.885377662979868,3.0,8167.0,,,,,,
1439,sun3d-mit_76_studyroom-76-1studyroom2,30,28,sagereg_regen,895,0.1564245810055866,46.28832727759339,0.8300426315551946,False,0.3613766630005557,1.9791666666666667,2.0,1.9682132684074245,4.0,5431.0,,,,,,
1440,sun3d-mit_76_studyroom-76-1studyroom2,31,28,sagereg_regen,1062,0.2504708097928437,0.1299155944077439,0.0109954000585307,True,0.416038606010261,1.9583333333333333,2.0,2.0564503127517906,3.0,8499.0,,,,,,
1441,sun3d-mit_76_studyroom-76-1studyroom2,32,28,sagereg_regen,1541,0.1421155094094743,1.9022203920563896,0.1093714115958016,True,0.598450060999312,1.9270833333333333,2.0,2.077157287498368,6.0,9472.0,,,,,,
1442,sun3d-mit_76_studyroom-76-1studyroom2,30,29,sagereg_regen,1161,0.4203273040482342,0.122774767329073,0.0060203500702701,True,0.4596625330013921,1.9791666666666667,2.0,2.226183811829553,2.0,7468.0,,,,,,
1443,sun3d-mit_76_studyroom-76-1studyroom2,31,29,sagereg_regen,1137,0.4309586631486368,0.8970106511333769,0.0375022622014729,True,0.4652909750002436,1.9895833333333333,2.0,1.6907955342009895,3.0,8034.0,,,,,,
1444,sun3d-mit_76_studyroom-76-1studyroom2,32,29,sagereg_regen,954,0.060796645702306,43.9417482698593,0.7461990028059516,False,0.3795769510034006,1.90625,2.0,2.740696972871348,6.0,6570.0,,,,,,
1445,sun3d-mit_76_studyroom-76-1studyroom2,31,30,sagereg_regen,1022,0.3816046966731898,1.1699574480608788,0.0494664631860135,True,0.4102919270007987,1.9895833333333333,2.0,2.2293168127647767,6.0,6035.0,,,,,,
1446,sun3d-mit_76_studyroom-76-1studyroom2,32,30,sagereg_regen,822,0.0304136253041362,43.46922074900401,0.7517962870732904,False,0.3140917139971861,1.9270833333333333,2.0,2.450333259794006,6.0,5436.0,,,,,,
1447,sun3d-mit_76_studyroom-76-1studyroom2,32,31,sagereg_regen,1017,0.0422812192723697,43.93680745175701,0.74472034274993,False,0.3779965520006954,1.9270833333333333,2.0,1.4721122190446694,6.0,6221.0,,,,,,
1448,sun3d-mit_76_studyroom-76-1studyroom2,33,32,sagereg_regen,1676,0.0912887828162291,1.076991275179279,0.0682278255078627,True,0.6153711449951516,1.9583333333333333,2.0,2.5736262756078063,4.0,8664.0,,,,,,
1449,sun3d-mit_76_studyroom-76-1studyroom2,65,33,sagereg_regen,1310,0.0,70.0258240248845,3.425080609878766,False,0.4730940479930723,1.65625,2.0,2.3190625067647943,6.0,6046.0,,,,,,
1450,sun3d-mit_76_studyroom-76-1studyroom2,35,34,sagereg_regen,850,0.2376470588235294,1.2222644311335105,0.0468336527149477,True,0.3467064829965238,1.9791666666666667,2.0,2.0293113720139115,4.0,4809.0,,,,,,
1451,sun3d-mit_76_studyroom-76-1studyroom2,36,34,sagereg_regen,932,0.1008583690987124,1.6370850882272632,0.0746144929825865,True,0.3367221710068406,1.96875,2.0,2.2438945628246496,6.0,3484.0,,,,,,
1452,sun3d-mit_76_studyroom-76-1studyroom2,37,34,sagereg_regen,1014,0.1025641025641025,2.7051351859216197,0.1169665832085612,True,0.3598091739986557,1.90625,2.0,2.554936708722605,4.0,3291.0,,,,,,
1453,sun3d-mit_76_studyroom-76-1studyroom2,64,34,sagereg_regen,1001,0.0069930069930069,71.31780410411241,2.7092950387331003,False,0.3311415350035531,1.78125,2.0,2.2765696133563416,2.0,1969.0,,,,,,
1454,sun3d-mit_76_studyroom-76-1studyroom2,65,34,sagereg_regen,964,0.0062240663900414,3.1934744623469165,0.2411905799333087,True,0.3478789619985036,1.7708333333333333,2.0,2.0792708824207127,5.0,4972.0,,,,,,
1455,sun3d-mit_76_studyroom-76-1studyroom2,36,35,sagereg_regen,792,0.2323232323232323,0.8018818173998236,0.0410160844547231,True,0.3273084909960744,1.96875,2.0,2.274572099726797,3.0,5188.0,,,,,,
1456,sun3d-mit_76_studyroom-76-1studyroom2,37,35,sagereg_regen,866,0.2933025404157043,1.70984647895602,0.0810003530894148,True,0.3560577359967283,1.9479166666666667,2.0,2.495566041474768,4.0,4940.0,,,,,,
1457,sun3d-mit_76_studyroom-76-1studyroom2,38,35,sagereg_regen,745,0.0953020134228188,1.990621351949065,0.0844795153214932,True,0.2945930369969574,1.9479166666666667,2.0,2.771832611628071,6.0,4551.0,,,,,,
1458,sun3d-mit_76_studyroom-76-1studyroom2,45,35,sagereg_regen,693,0.0331890331890331,89.23367358095842,1.685221950140803,False,0.2819441899991943,1.7604166666666667,2.0,1.9855260727595871,6.0,5470.0,,,,,,
1459,sun3d-mit_76_studyroom-76-1studyroom2,46,35,sagereg_regen,827,0.0157194679564691,3.2264146979998967,0.1520259478167667,True,0.3193843039989588,1.8229166666666667,2.0,2.201144115535204,6.0,4449.0,,,,,,
1460,sun3d-mit_76_studyroom-76-1studyroom2,47,35,sagereg_regen,792,0.0252525252525252,7.302163781350044,0.280054492984001,True,0.3035193719988456,1.8854166666666667,2.0,2.099503451167865,6.0,4787.0,,,,,,
1461,sun3d-mit_76_studyroom-76-1studyroom2,48,35,sagereg_regen,789,0.0139416983523447,61.26612211637533,1.3510688554155807,False,0.2984717679937603,1.8958333333333333,2.0,1.8001877931581698,6.0,3772.0,,,,,,
1462,sun3d-mit_76_studyroom-76-1studyroom2,49,35,sagereg_regen,655,0.0229007633587786,3.333803127518105,0.1520394465136586,True,0.2538394269940909,1.96875,2.0,2.04917451537352,6.0,4806.0,,,,,,
1463,sun3d-mit_76_studyroom-76-1studyroom2,37,36,sagereg_regen,1007,0.3614697120158888,0.7662165890734414,0.0450334270037993,True,0.4087215840045246,1.96875,2.0,1.8473854325256844,3.0,7790.0,,,,,,
1464,sun3d-mit_76_studyroom-76-1studyroom2,38,36,sagereg_regen,800,0.07875,2.458497854225627,0.0922944536776246,True,0.3232919809961458,1.90625,2.0,2.220749237148252,6.0,7223.0,,,,,,
1465,sun3d-mit_76_studyroom-76-1studyroom2,39,36,sagereg_regen,979,0.0234933605720122,2.438185537337052,0.1809833403256299,True,0.3668962599986116,1.96875,2.0,2.19134737660682,4.0,4820.0,,,,,,
1466,sun3d-mit_76_studyroom-76-1studyroom2,45,36,sagereg_regen,644,0.0248447204968944,5.086087302924334,0.2314583874220653,True,0.244323868995707,1.8541666666666667,2.0,1.818325490001944,3.0,4378.0,,,,,,
1467,sun3d-mit_76_studyroom-76-1studyroom2,46,36,sagereg_regen,670,0.0164179104477611,4.623901247949142,0.1998848488375684,True,0.2676054769981419,1.8125,2.0,1.410355220083796,6.0,5347.0,,,,,,
1468,sun3d-mit_76_studyroom-76-1studyroom2,47,36,sagereg_regen,850,0.0235294117647058,3.0530104094054606,0.1326708084993156,True,0.3070156949979719,1.9270833333333333,2.0,1.772203730701266,6.0,5556.0,,,,,,
1469,sun3d-mit_76_studyroom-76-1studyroom2,48,36,sagereg_regen,748,0.0093582887700534,179.35169497537467,3.60109866812854,False,0.2590584090066841,1.9375,2.0,1.4978941025827537,5.0,2051.0,,,,,,
1470,sun3d-mit_76_studyroom-76-1studyroom2,49,36,sagereg_regen,786,0.0229007633587786,3.592858703842798,0.1370028091441142,True,0.2850280000056955,1.9479166666666667,2.0,1.938343954356558,6.0,5272.0,,,,,,
1471,sun3d-mit_76_studyroom-76-1studyroom2,52,36,sagereg_regen,664,0.0015060240963855,3.723682704617734,0.3692852745578464,False,0.2511984539960394,1.75,2.0,1.627085780316621,5.0,3255.0,,,,,,
1472,sun3d-mit_76_studyroom-76-1studyroom2,38,37,sagereg_regen,1055,0.0909952606635071,1.7395379332378362,0.0478772006780212,True,0.4335784989962121,1.9375,2.0,1.5488620279037155,6.0,9515.0,,,,,,
1473,sun3d-mit_76_studyroom-76-1studyroom2,39,37,sagereg_regen,1118,0.033989266547406,1.737476111250056,0.1273259947240234,True,0.4034248589960043,1.9791666666666667,2.0,2.1013911573678943,6.0,6739.0,,,,,,
1474,sun3d-mit_76_studyroom-76-1studyroom2,45,37,sagereg_regen,947,0.0306230200633579,4.1308911503756685,0.1873677121917779,True,0.343141198005469,1.8958333333333333,2.0,1.346422475770776,3.0,5628.0,,,,,,
1475,sun3d-mit_76_studyroom-76-1studyroom2,46,37,sagereg_regen,949,0.0263435194942044,22.57789382910442,0.4715675827164968,False,0.3714157629947294,1.8125,2.0,1.4675882080729463,5.0,8062.0,,,,,,
1476,sun3d-mit_76_studyroom-76-1studyroom2,47,37,sagereg_regen,1063,0.0216368767638758,34.41379577979657,1.1315281189246655,False,0.3891464399930555,1.9583333333333333,2.0,1.5311267164252984,4.0,7384.0,,,,,,
1477,sun3d-mit_76_studyroom-76-1studyroom2,48,37,sagereg_regen,921,0.01628664495114,8.02791883421009,1.29676347452909,False,0.3333500720109441,1.9375,2.0,2.0471617987365107,5.0,5198.0,,,,,,
1478,sun3d-mit_76_studyroom-76-1studyroom2,49,37,sagereg_regen,821,0.0718635809987819,1.4016582513636373,0.0483770497633795,True,0.30150900100125,1.96875,2.0,1.7927566669274082,5.0,6446.0,,,,,,
1479,sun3d-mit_76_studyroom-76-1studyroom2,39,38,sagereg_regen,1051,0.0304471931493815,1.617549810143059,0.042635373607236,True,0.4118924959984724,1.90625,2.0,1.867379298267652,6.0,10239.0,,,,,,
1480,sun3d-mit_76_studyroom-76-1studyroom2,44,38,sagereg_regen,1035,0.0222222222222222,5.282158839611243,1.2324907961463825,False,0.3991456180010573,1.90625,2.0,1.345785358414763,6.0,7518.0,,,,,,
1481,sun3d-mit_76_studyroom-76-1studyroom2,45,38,sagereg_regen,1195,0.0736401673640167,1.185168186684353,0.0532212893056318,True,0.4807379449994187,1.8541666666666667,2.0,2.092831797412352,6.0,9592.0,,,,,,
1482,sun3d-mit_76_studyroom-76-1studyroom2,46,38,sagereg_regen,1226,0.0530179445350734,1.4471994968281692,0.0689776492043504,True,0.4844692230035434,1.8958333333333333,2.0,2.07543752651823,6.0,10022.0,,,,,,
1483,sun3d-mit_76_studyroom-76-1studyroom2,47,38,sagereg_regen,1117,0.0214861235452103,0.9812063137867186,0.0537519156188259,True,0.4322994139947695,1.8125,2.0,2.258311492690533,6.0,8738.0,,,,,,
1484,sun3d-mit_76_studyroom-76-1studyroom2,48,38,sagereg_regen,835,0.0095808383233532,2.3232781960961946,0.983730158657916,False,0.3227350119996117,1.8229166666666667,2.0,1.287983906179644,6.0,4381.0,,,,,,
1485,sun3d-mit_76_studyroom-76-1studyroom2,49,38,sagereg_regen,780,0.032051282051282,2.0578277632214483,0.0616038661801303,True,0.3193880430044373,1.9479166666666667,2.0,2.012413523922388,6.0,7419.0,,,,,,
1486,sun3d-mit_76_studyroom-76-1studyroom2,40,39,sagereg_regen,1081,0.0656799259944495,0.9104952950124688,0.0553233848186335,True,0.404091371994582,1.9270833333333333,2.0,2.094352156621405,4.0,5369.0,,,,,,
1487,sun3d-mit_76_studyroom-76-1studyroom2,43,39,sagereg_regen,1210,0.0157024793388429,1.9878133632843973,0.7450161483786576,False,0.4453567090022261,1.8958333333333333,2.0,2.097327006604188,3.0,7333.0,,,,,,
1488,sun3d-mit_76_studyroom-76-1studyroom2,44,39,sagereg_regen,1299,0.0654349499615088,1.6029615779322846,0.0660219126018247,True,0.5179772400006186,1.9375,2.0,2.12331169953862,5.0,8957.0,,,,,,
1489,sun3d-mit_76_studyroom-76-1studyroom2,45,39,sagereg_regen,1022,0.0724070450097847,1.5871933702718857,0.0679028039796227,True,0.4105180159967858,1.8645833333333333,2.0,2.005861367661545,5.0,8145.0,,,,,,
1490,sun3d-mit_76_studyroom-76-1studyroom2,46,39,sagereg_regen,1009,0.0475718533201189,1.875810060020242,0.0841674791022611,True,0.3995390099953511,1.8645833333333333,2.0,2.365787620722068,6.0,7904.0,,,,,,
1491,sun3d-mit_76_studyroom-76-1studyroom2,47,39,sagereg_regen,1069,0.0093545369504209,35.094573952899324,1.1499361539621595,False,0.3902025650022551,1.7708333333333333,2.0,1.53063548268109,5.0,6275.0,,,,,,
1492,sun3d-mit_76_studyroom-76-1studyroom2,48,39,sagereg_regen,970,0.0061855670103092,148.36735462128829,4.613610546521668,False,0.3443708250051713,1.8645833333333333,2.0,1.5339193595264478,6.0,3668.0,,,,,,
1493,sun3d-mit_76_studyroom-76-1studyroom2,49,39,sagereg_regen,882,0.0340136054421768,1.8107353378612576,0.107579309536763,True,0.3169550950042321,1.8958333333333333,2.0,1.9080793528933,5.0,4815.0,,,,,,
1494,sun3d-mit_76_studyroom-76-1studyroom2,41,40,sagereg_regen,896,0.2611607142857143,0.2778975544861949,0.0134808762763143,True,0.372633979000966,1.9895833333333333,2.0,2.553499954755176,5.0,5625.0,,,,,,
1495,sun3d-mit_76_studyroom-76-1studyroom2,42,40,sagereg_regen,854,0.1065573770491803,0.6234071543029512,0.0238974417912056,True,0.3549071660017944,1.8854166666666667,2.0,2.6446700817238704,5.0,6503.0,,,,,,
1496,sun3d-mit_76_studyroom-76-1studyroom2,43,40,sagereg_regen,884,0.167420814479638,1.269025086159923,0.0601758896892327,True,0.3737363350010128,1.9270833333333333,2.0,1.889592693251828,5.0,7708.0,,,,,,
1497,sun3d-mit_76_studyroom-76-1studyroom2,44,40,sagereg_regen,833,0.0480192076830732,2.5505157842453285,0.093795582280969,True,0.3327141709960415,1.8958333333333333,2.0,2.3565504693174617,6.0,4653.0,,,,,,
1498,sun3d-mit_76_studyroom-76-1studyroom2,45,40,sagereg_regen,571,0.0245183887915936,0.6706387349840727,1.1010773366548727,False,0.2383594130005804,1.7083333333333333,2.0,1.865285276324249,3.0,6515.0,,,,,,
1499,sun3d-mit_76_studyroom-76-1studyroom2,46,40,sagereg_regen,551,0.0181488203266787,3.205784177411161,0.3820405916525367,False,0.2203882379981223,1.7708333333333333,2.0,1.3028951883523106,6.0,4613.0,,,,,,
1500,sun3d-mit_76_studyroom-76-1studyroom2,47,40,sagereg_regen,630,0.0047619047619047,169.80799017378789,4.8269778235227205,False,0.2407272249984089,1.7604166666666667,2.0,1.2326196693946334,6.0,3161.0,,,,,,
1501,sun3d-mit_76_studyroom-76-1studyroom2,42,41,sagereg_regen,1314,0.1917808219178082,0.6149048418312376,0.0327348417396309,True,0.5331147830074769,1.9479166666666667,2.0,2.3343688510377447,5.0,10792.0,,,,,,
1502,sun3d-mit_76_studyroom-76-1studyroom2,43,41,sagereg_regen,1046,0.1892925430210325,0.6327737803903511,0.0650636432770535,True,0.4372185550018912,1.9375,2.0,2.2178568655383355,6.0,8161.0,,,,,,
1503,sun3d-mit_76_studyroom-76-1studyroom2,43,42,sagereg_regen,1313,0.1325209444021325,0.5561453585432427,0.0363933269106771,True,0.5198820310033625,1.9479166666666667,2.0,1.887050138445164,4.0,9318.0,,,,,,
1504,sun3d-mit_76_studyroom-76-1studyroom2,45,44,sagereg_regen,1122,0.0828877005347593,0.8971142943583986,0.0352770291727715,True,0.4483877330058021,1.9791666666666667,2.0,2.587332849765693,6.0,10253.0,,,,,,
1505,sun3d-mit_76_studyroom-76-1studyroom2,46,44,sagereg_regen,1008,0.0734126984126984,1.3505827715547614,0.0518172667985555,True,0.4095209850056562,1.9166666666666667,2.0,2.232586241659603,6.0,8964.0,,,,,,
1506,sun3d-mit_76_studyroom-76-1studyroom2,47,44,sagereg_regen,1089,0.0385674931129476,1.5876656204020982,0.0450462310750119,True,0.3987729450018378,1.9270833333333333,2.0,2.0628688528764907,6.0,6990.0,,,,,,
1507,sun3d-mit_76_studyroom-76-1studyroom2,48,44,sagereg_regen,960,0.0104166666666666,89.4551950053302,5.628271989557934,False,0.3344101580078131,1.8854166666666667,2.0,1.1412203727780543,4.0,3333.0,,,,,,
1508,sun3d-mit_76_studyroom-76-1studyroom2,49,44,sagereg_regen,891,0.0538720538720538,1.3400767730409966,0.0914081165073616,True,0.3236519369966117,1.9375,2.0,1.7115464451185574,5.0,4971.0,,,,,,
1509,sun3d-mit_76_studyroom-76-1studyroom2,50,44,sagereg_regen,779,0.128369704749679,1.3336102895864874,0.0633437993874977,True,0.3017634139905567,1.9479166666666667,2.0,1.974656951979127,2.0,5560.0,,,,,,
1510,sun3d-mit_76_studyroom-76-1studyroom2,46,45,sagereg_regen,1501,0.1485676215856096,0.2607513656609006,0.0144940756026943,True,0.6111630759987747,1.9375,2.0,2.053395076472003,5.0,9980.0,,,,,,
1511,sun3d-mit_76_studyroom-76-1studyroom2,47,45,sagereg_regen,1135,0.0519823788546255,0.7310325794088565,0.0250939154407301,True,0.4280080130047281,1.9270833333333333,2.0,1.9480400582075348,6.0,8108.0,,,,,,
1512,sun3d-mit_76_studyroom-76-1studyroom2,48,45,sagereg_regen,902,0.0310421286031042,2.581416005282752,0.0976457857909026,True,0.3376354930005618,1.8958333333333333,2.0,1.7451515473710997,5.0,6101.0,,,,,,
1513,sun3d-mit_76_studyroom-76-1studyroom2,49,45,sagereg_regen,781,0.0665813060179257,0.8928934566180192,0.0356555914232082,True,0.3069312759980676,1.8958333333333333,2.0,1.6104407511408962,6.0,6502.0,,,,,,
1514,sun3d-mit_76_studyroom-76-1studyroom2,47,46,sagereg_regen,1132,0.1280918727915194,1.1186761806348682,0.022711955019673,True,0.4667539290021523,1.9375,2.0,2.193694266915894,3.0,11000.0,,,,,,
1515,sun3d-mit_76_studyroom-76-1studyroom2,48,46,sagereg_regen,926,0.1025917926565874,1.097918246896771,0.0442895654240679,True,0.3746125869947718,1.8854166666666667,2.0,2.491286151319198,3.0,8878.0,,,,,,
1516,sun3d-mit_76_studyroom-76-1studyroom2,49,46,sagereg_regen,761,0.152431011826544,0.8363433058425888,0.0350306751368483,True,0.3268420079984935,1.9479166666666667,2.0,1.812789515051889,4.0,8913.0,,,,,,
1517,sun3d-mit_76_studyroom-76-1studyroom2,48,47,sagereg_regen,1368,0.2032163742690058,0.3075229275339209,0.0166641416256565,True,0.5472130519992788,1.9791666666666667,2.0,2.219908936705026,3.0,10646.0,,,,,,
1518,sun3d-mit_76_studyroom-76-1studyroom2,49,47,sagereg_regen,1129,0.1505757307351638,1.4373349675161176,0.0243288104550724,True,0.4435045270001865,1.9583333333333333,2.0,1.8436440973150656,5.0,9052.0,,,,,,
1519,sun3d-mit_76_studyroom-76-1studyroom2,49,48,sagereg_regen,1039,0.1751684311838306,1.0135334780979657,0.0245166841880429,True,0.4145556080038659,1.96875,2.0,2.1664574908291696,5.0,7783.0,,,,,,
1520,sun3d-mit_76_studyroom-76-1studyroom2,50,49,sagereg_regen,606,0.2095709570957095,1.1046015928321349,0.0350313336720812,True,0.2543132310020155,1.9479166666666667,2.0,1.3624548322091536,5.0,4503.0,,,,,,
1521,sun3d-mit_76_studyroom-76-1studyroom2,51,50,sagereg_regen,728,0.1071428571428571,1.2134230689624512,0.0459933828769558,True,0.2693102240009466,1.8854166666666667,2.0,1.6355748709515676,3.0,4386.0,,,,,,
1522,sun3d-mit_76_studyroom-76-1studyroom2,52,51,sagereg_regen,1006,0.0874751491053678,1.560223128440407,0.0521087021706358,True,0.4057976530020823,1.8645833333333333,2.0,1.5987252497463649,6.0,9853.0,,,,,,
1523,sun3d-mit_76_studyroom-76-1studyroom2,53,51,sagereg_regen,949,0.0495258166491043,2.912768973675223,0.0691898749531608,True,0.3556994750033482,1.8020833333333333,2.0,1.2119915996643194,4.0,7531.0,,,,,,
1524,sun3d-mit_76_studyroom-76-1studyroom2,53,52,sagereg_regen,1277,0.1268598277212216,1.114064334226272,0.0355314461334422,True,0.5012827069949708,1.96875,2.0,1.653787579775167,3.0,10819.0,,,,,,
1525,sun3d-mit_76_studyroom-76-1studyroom2,54,53,sagereg_regen,1137,0.1081794195250659,1.3800955437140514,0.0106879339589123,True,0.4186159189994214,1.8854166666666667,2.0,1.8688295514862283,3.0,5697.0,,,,,,
1526,sun3d-mit_76_studyroom-76-1studyroom2,55,54,sagereg_regen,954,0.0765199161425576,0.7613878097237151,0.0089528601651251,True,0.3581911539949942,1.875,2.0,2.042598419335156,4.0,6096.0,,,,,,
1527,sun3d-mit_76_studyroom-76-1studyroom2,56,55,sagereg_regen,1006,0.1381709741550695,0.6800448271427627,0.0147711732813224,True,0.409802132002369,1.9375,2.0,2.523065737387149,3.0,7049.0,,,,,,
1528,sun3d-mit_76_studyroom-76-1studyroom2,57,56,sagereg_regen,987,0.1124620060790273,0.3757003420801101,0.0303245117484398,True,0.3606189470010577,1.9583333333333333,2.0,1.8305175775115945,2.0,6154.0,,,,,,
1529,sun3d-mit_76_studyroom-76-1studyroom2,59,58,sagereg_regen,961,0.0312174817898022,0.7959765662131157,0.0125440366825094,True,0.3543044170000939,1.90625,2.0,1.9193235058473912,6.0,7991.0,,,,,,
1530,sun3d-mit_76_studyroom-76-1studyroom2,60,58,sagereg_regen,774,0.0297157622739018,58.00505866735241,1.2048456081303869,False,0.2756444419937907,1.8958333333333333,2.0,1.5448891647909295,4.0,3962.0,,,,,,
1531,sun3d-mit_76_studyroom-76-1studyroom2,61,58,sagereg_regen,1011,0.009891196834817,72.66288029611403,1.6202405158007518,False,0.3644343679989106,1.9375,2.0,1.5710825314876715,5.0,5159.0,,,,,,
1532,sun3d-mit_76_studyroom-76-1studyroom2,62,58,sagereg_regen,1310,0.0106870229007633,95.7918338004871,2.006344995236468,False,0.4530178790009813,1.875,2.0,1.6024623245891971,6.0,6036.0,,,,,,
1533,sun3d-mit_76_studyroom-76-1studyroom2,60,59,sagereg_regen,1044,0.2777777777777778,0.4011876111316287,0.0403816854229703,True,0.4279866660072002,1.9895833333333333,2.0,2.239467552677584,5.0,6842.0,,,,,,
1534,sun3d-mit_76_studyroom-76-1studyroom2,61,59,sagereg_regen,969,0.1300309597523219,1.056300252055482,0.0941784171859207,True,0.3915238919944386,1.9479166666666667,2.0,2.151814444067472,5.0,6864.0,,,,,,
1535,sun3d-mit_76_studyroom-76-1studyroom2,62,59,sagereg_regen,961,0.0676378772112382,1.1453203047075493,0.1016959491151567,True,0.365454637001676,1.90625,2.0,2.535792801576862,4.0,5821.0,,,,,,
1536,sun3d-mit_76_studyroom-76-1studyroom2,61,60,sagereg_regen,857,0.2333722287047841,0.5692012679103386,0.0373215411013711,True,0.3595402350038057,1.9895833333333333,2.0,2.2232260653717666,6.0,7014.0,,,,,,
1537,sun3d-mit_76_studyroom-76-1studyroom2,62,60,sagereg_regen,817,0.1187270501835985,2.0132084008310294,0.1074047054524833,True,0.3251553250011056,1.9479166666666667,2.0,2.491076794856132,6.0,6058.0,,,,,,
1538,sun3d-mit_76_studyroom-76-1studyroom2,63,60,sagereg_regen,842,0.0712589073634204,1.125918152672,0.0620050491088298,True,0.3141904180010897,1.8958333333333333,2.0,2.4766050380638367,5.0,4080.0,,,,,,
1539,sun3d-mit_76_studyroom-76-1studyroom2,62,61,sagereg_regen,1154,0.1759098786828422,1.0843776468410178,0.0479452589070123,True,0.463214859002619,1.9270833333333333,2.0,2.844769484477756,6.0,8196.0,,,,,,
1540,sun3d-mit_76_studyroom-76-1studyroom2,63,61,sagereg_regen,939,0.0532481363152289,6.891160169562268,0.6905510478974453,False,0.355008695005381,1.9479166666666667,2.0,2.2157571705489945,6.0,6117.0,,,,,,
1541,sun3d-mit_76_studyroom-76-1studyroom2,63,62,sagereg_regen,1108,0.1425992779783393,1.8284550241004756,0.0863410824971713,True,0.4312904629987315,1.84375,2.0,2.0385244310375046,2.0,9975.0,,,,,,
1542,sun3d-mit_76_studyroom-76-1studyroom2,64,62,sagereg_regen,1163,0.0275150472914875,3.170018979411436,0.1150389270141892,True,0.4320574050070718,1.78125,2.0,2.4189825610827818,6.0,7306.0,,,,,,
1543,sun3d-mit_76_studyroom-76-1studyroom2,64,63,sagereg_regen,1121,0.1382694023193577,1.2107580484058844,0.0424294713442313,True,0.450039862000267,1.8854166666666667,2.0,2.6539292212505767,6.0,8238.0,,,,,,
1544,sun3d-mit_76_studyroom-76-1studyroom2,65,63,sagereg_regen,1050,0.0504761904761904,3.630140927525674,1.1885127208232311,False,0.4274745069997152,1.8125,2.0,1.8057729240967215,5.0,9087.0,,,,,,
1545,sun3d-mit_76_studyroom-76-1studyroom2,65,64,sagereg_regen,1493,0.0743469524447421,0.2834539181678535,0.0090916549158001,True,0.5661121439916315,1.8645833333333333,2.0,2.8891725713995347,6.0,9581.0,,,,,,
1546,sun3d-mit_lab_hj-lab_hj_tea_nov_2_2012_scan1_erika,1,0,sagereg_regen,841,0.093935790725327,3.047117920000482,0.1236441200608131,True,0.3115376469941111,1.9270833333333333,2.0,2.1579789003889167,3.0,4892.0,,,,,,
1547,sun3d-mit_lab_hj-lab_hj_tea_nov_2_2012_scan1_erika,6,0,sagereg_regen,703,0.0,175.99881447919452,4.205574391052108,False,0.2550320360023761,1.9375,2.0,1.676237411189793,5.0,2367.0,,,,,,
1548,sun3d-mit_lab_hj-lab_hj_tea_nov_2_2012_scan1_erika,8,0,sagereg_regen,658,0.0151975683890577,83.3840346830189,3.5260362052147034,False,0.2386125039920443,1.78125,2.0,2.131462625387321,2.0,3547.0,,,,,,
1549,sun3d-mit_lab_hj-lab_hj_tea_nov_2_2012_scan1_erika,9,0,sagereg_regen,628,0.0111464968152866,30.60636875920961,1.090969955680542,False,0.2254277400061255,1.8645833333333333,2.0,2.3144307884653395,4.0,1753.0,,,,,,
1550,sun3d-mit_lab_hj-lab_hj_tea_nov_2_2012_scan1_erika,10,0,sagereg_regen,598,0.0133779264214046,67.2357498529637,3.587334528734949,False,0.2215853319939924,1.7708333333333333,2.0,1.4827682787130552,5.0,3463.0,,,,,,
1551,sun3d-mit_lab_hj-lab_hj_tea_nov_2_2012_scan1_erika,11,0,sagereg_regen,744,0.0067204301075268,160.3893758612403,4.778372737819804,False,0.2623107889958191,1.8333333333333333,2.0,1.1731661525144987,4.0,2713.0,,,,,,
1552,sun3d-mit_lab_hj-lab_hj_tea_nov_2_2012_scan1_erika,27,0,sagereg_regen,580,0.0413793103448275,4.698398691802647,0.204120670673587,True,0.2226870919985231,1.9270833333333333,2.0,1.900144760498216,5.0,3494.0,,,,,,
1553,sun3d-mit_lab_hj-lab_hj_tea_nov_2_2012_scan1_erika,28,0,sagereg_regen,550,0.0345454545454545,10.031797615786552,0.4595852478129438,False,0.2000833189958939,1.75,2.0,2.40050388207777,4.0,2600.0,,,,,,
1554,sun3d-mit_lab_hj-lab_hj_tea_nov_2_2012_scan1_erika,2,1,sagereg_regen,995,0.0592964824120603,2.2009026220079293,0.08858885207238,True,0.3470056430014665,1.9270833333333333,2.0,2.475379770844639,3.0,3695.0,,,,,,
1555,sun3d-mit_lab_hj-lab_hj_tea_nov_2_2012_scan1_erika,6,1,sagereg_regen,748,0.0106951871657754,121.15880004531378,3.611633049895415,False,0.2824237280001398,1.7916666666666667,2.0,1.5968086905291718,6.0,1235.0,,,,,,
1556,sun3d-mit_lab_hj-lab_hj_tea_nov_2_2012_scan1_erika,8,1,sagereg_regen,761,0.0039421813403416,26.61509485965829,0.7895198976009138,False,0.2903939270036062,1.71875,2.0,2.339268502115416,6.0,3051.0,,,,,,
1557,sun3d-mit_lab_hj-lab_hj_tea_nov_2_2012_scan1_erika,9,1,sagereg_regen,665,0.0180451127819548,120.71154896350292,4.268335141877114,False,0.242360579999513,1.8125,2.0,1.6461314069111423,6.0,2166.0,,,,,,
1558,sun3d-mit_lab_hj-lab_hj_tea_nov_2_2012_scan1_erika,10,1,sagereg_regen,645,0.0124031007751937,103.23281069699838,3.09263451054621,False,0.2250374520008335,1.7708333333333333,2.0,1.4827524144817323,1.0,2219.0,,,,,,
1559,sun3d-mit_lab_hj-lab_hj_tea_nov_2_2012_scan1_erika,27,1,sagereg_regen,560,0.0321428571428571,6.799152494786751,0.3956510103533153,False,0.2121763679970172,1.8645833333333333,2.0,1.8886193276615253,6.0,3681.0,,,,,,
1560,sun3d-mit_lab_hj-lab_hj_tea_nov_2_2012_scan1_erika,28,1,sagereg_regen,583,0.0703259005145797,12.284036352554647,0.6260942366890895,False,0.2250426329992478,1.8854166666666667,2.0,2.3756815882014437,5.0,3550.0,,,,,,
1561,sun3d-mit_lab_hj-lab_hj_tea_nov_2_2012_scan1_erika,3,2,sagereg_regen,1029,0.0903790087463556,1.576012562112135,0.0528408410268833,True,0.3919788479979615,1.84375,2.0,2.348332962148487,6.0,6640.0,,,,,,
1562,sun3d-mit_lab_hj-lab_hj_tea_nov_2_2012_scan1_erika,5,2,sagereg_regen,1018,0.018664047151277,1.5997429292029783,0.0368496435478096,True,0.3685457549945568,1.8333333333333333,2.0,2.4818324972819705,6.0,6201.0,,,,,,
1563,sun3d-mit_lab_hj-lab_hj_tea_nov_2_2012_scan1_erika,8,2,sagereg_regen,1004,0.0209163346613545,5.064439052635099,0.1454843496302121,True,0.3779117719968781,1.6875,2.0,2.059213360861063,6.0,6657.0,,,,,,
1564,sun3d-mit_lab_hj-lab_hj_tea_nov_2_2012_scan1_erika,4,3,sagereg_regen,920,0.0619565217391304,1.3369878434319131,0.0321274101414373,True,0.3627452590008033,1.9270833333333333,2.0,2.713187171455093,6.0,6573.0,,,,,,
1565,sun3d-mit_lab_hj-lab_hj_tea_nov_2_2012_scan1_erika,5,3,sagereg_regen,943,0.0402969247083775,2.085424362468287,0.0889328169048989,True,0.3578561609974713,1.8229166666666667,2.0,2.3469198395495967,6.0,6446.0,,,,,,
1566,sun3d-mit_lab_hj-lab_hj_tea_nov_2_2012_scan1_erika,6,3,sagereg_regen,866,0.0450346420323325,3.066410498128915,0.1445939670130802,True,0.3339072599992505,1.8541666666666667,2.0,2.3475627099139267,6.0,6323.0,,,,,,
1567,sun3d-mit_lab_hj-lab_hj_tea_nov_2_2012_scan1_erika,5,4,sagereg_regen,860,0.0651162790697674,1.4813994939522666,0.0586718672194643,True,0.3382185160007793,1.9166666666666667,2.0,2.792590668086026,5.0,7086.0,,,,,,
1568,sun3d-mit_lab_hj-lab_hj_tea_nov_2_2012_scan1_erika,6,4,sagereg_regen,818,0.0415647921760391,3.8977119469417874,0.1144501187402327,True,0.3198740749940043,1.875,2.0,2.33102860996357,6.0,6418.0,,,,,,
1569,sun3d-mit_lab_hj-lab_hj_tea_nov_2_2012_scan1_erika,7,4,sagereg_regen,743,0.0094212651413189,27.212963141392787,0.8815456493976969,False,0.2649909320025472,1.7916666666666667,2.0,1.537873717088577,3.0,2919.0,,,,,,
1570,sun3d-mit_lab_hj-lab_hj_tea_nov_2_2012_scan1_erika,6,5,sagereg_regen,1143,0.1504811898512686,0.6664167150562058,0.0383755503789771,True,0.4632719700020971,1.9166666666666667,2.0,2.720292987183046,5.0,9040.0,,,,,,
1571,sun3d-mit_lab_hj-lab_hj_tea_nov_2_2012_scan1_erika,7,5,sagereg_regen,1047,0.0362941738299904,1.3739118446668923,0.0293907603201823,True,0.3859892510008649,1.7916666666666667,2.0,2.8680939528768032,5.0,6867.0,,,,,,
1572,sun3d-mit_lab_hj-lab_hj_tea_nov_2_2012_scan1_erika,8,5,sagereg_regen,994,0.0150905432595573,1.8784436917472649,0.1338696738006376,True,0.3626051230021403,1.6354166666666667,2.0,2.7128006491419367,6.0,5696.0,,,,,,
1573,sun3d-mit_lab_hj-lab_hj_tea_nov_2_2012_scan1_erika,7,6,sagereg_regen,1239,0.1178369652945924,1.375333654577482,0.0768665874455107,True,0.4660231370071415,1.9375,2.0,2.796398032721371,4.0,9979.0,,,,,,
1574,sun3d-mit_lab_hj-lab_hj_tea_nov_2_2012_scan1_erika,8,6,sagereg_regen,1274,0.0353218210361067,1.6603576124892412,0.1168815541920021,True,0.452676478002104,1.84375,2.0,2.268723236352103,3.0,8955.0,,,,,,
1575,sun3d-mit_lab_hj-lab_hj_tea_nov_2_2012_scan1_erika,8,7,sagereg_regen,1484,0.1044474393530997,1.0373397545518632,0.0609838367332714,True,0.5389625879979576,1.8854166666666667,2.0,2.393761812721483,1.0,11843.0,,,,,,
1576,sun3d-mit_lab_hj-lab_hj_tea_nov_2_2012_scan1_erika,10,9,sagereg_regen,946,0.102536997885835,2.3313564248138943,0.0782746925975045,True,0.3467464329951326,1.9479166666666667,2.0,2.3419176778560464,6.0,6421.0,,,,,,
1577,sun3d-mit_lab_hj-lab_hj_tea_nov_2_2012_scan1_erika,11,9,sagereg_regen,968,0.0103305785123966,18.14531349791265,0.585017680405706,False,0.3287543950063991,1.9375,2.0,1.989833306447319,0.0,4744.0,,,,,,
1578,sun3d-mit_lab_hj-lab_hj_tea_nov_2_2012_scan1_erika,11,10,sagereg_regen,948,0.0179324894514767,16.774466198812434,0.5811111558411765,False,0.3525753860012628,1.9375,2.0,2.222583418437452,4.0,4358.0,,,,,,
1579,sun3d-mit_lab_hj-lab_hj_tea_nov_2_2012_scan1_erika,15,14,sagereg_regen,1309,0.1375095492742551,0.3544778647494671,0.0437828412431758,True,0.5060471960096038,1.9479166666666667,2.0,2.0552053864060147,4.0,9194.0,,,,,,
1580,sun3d-mit_lab_hj-lab_hj_tea_nov_2_2012_scan1_erika,16,14,sagereg_regen,1131,0.0804597701149425,0.6642950733807248,0.0432946369851241,True,0.427737177000381,1.9166666666666667,2.0,1.970094695551571,3.0,8407.0,,,,,,
1581,sun3d-mit_lab_hj-lab_hj_tea_nov_2_2012_scan1_erika,17,14,sagereg_regen,775,0.0193548387096774,0.9326347747167448,0.5495043065761598,False,0.3029668910021428,1.8229166666666667,2.0,1.8676104012566015,5.0,6934.0,,,,,,
1582,sun3d-mit_lab_hj-lab_hj_tea_nov_2_2012_scan1_erika,16,15,sagereg_regen,1186,0.1037099494097807,0.7370397626902473,0.0141594257265215,True,0.4527936359954765,1.9479166666666667,2.0,2.0795051192627243,2.0,8779.0,,,,,,
1583,sun3d-mit_lab_hj-lab_hj_tea_nov_2_2012_scan1_erika,17,15,sagereg_regen,851,0.0282021151586369,1.3528019204957424,0.0502783212581935,True,0.3198972419995698,1.8333333333333333,2.0,1.6603594682077218,4.0,6192.0,,,,,,
1584,sun3d-mit_lab_hj-lab_hj_tea_nov_2_2012_scan1_erika,17,16,sagereg_regen,886,0.0598194130925507,1.3421558105981706,0.0546308300950774,True,0.3503257979900809,1.90625,2.0,1.836647381132736,5.0,6575.0,,,,,,
1585,sun3d-mit_lab_hj-lab_hj_tea_nov_2_2012_scan1_erika,18,17,sagereg_regen,826,0.0472154963680387,1.5115853708253577,0.0754636032445274,True,0.3358855180049431,1.875,2.0,2.0437634942790943,6.0,7746.0,,,,,,
1586,sun3d-mit_lab_hj-lab_hj_tea_nov_2_2012_scan1_erika,19,18,sagereg_regen,763,0.091743119266055,1.843342981484002,0.0985558065941333,True,0.3056629099955898,1.8958333333333333,2.0,2.3450550645916093,2.0,7635.0,,,,,,
1587,sun3d-mit_lab_hj-lab_hj_tea_nov_2_2012_scan1_erika,20,19,sagereg_regen,1095,0.0858447488584474,2.001373573864647,0.1092145483376756,True,0.4179296150032314,1.9791666666666667,2.0,2.180527210477139,5.0,8441.0,,,,,,
1588,sun3d-mit_lab_hj-lab_hj_tea_nov_2_2012_scan1_erika,21,19,sagereg_regen,992,0.0211693548387096,4.996690500453281,0.4684102713807889,False,0.3652016450068913,1.84375,2.0,1.89449112613182,6.0,5312.0,,,,,,
1589,sun3d-mit_lab_hj-lab_hj_tea_nov_2_2012_scan1_erika,21,20,sagereg_regen,1250,0.0224,1.2509522466053056,0.1856038251989529,True,0.4529814469933626,1.84375,2.0,2.3198482442234947,6.0,8295.0,,,,,,
1590,sun3d-mit_lab_hj-lab_hj_tea_nov_2_2012_scan1_erika,22,21,sagereg_regen,1235,0.0704453441295546,1.5225582016025858,0.0927315650385666,True,0.449991563007643,1.9270833333333333,2.0,1.873749811776487,6.0,7107.0,,,,,,
1591,sun3d-mit_lab_hj-lab_hj_tea_nov_2_2012_scan1_erika,23,22,sagereg_regen,1135,0.1559471365638766,0.4085937176169196,0.0249530651414187,True,0.427822757003014,1.9375,2.0,1.9975328774916443,2.0,7174.0,,,,,,
1592,sun3d-mit_lab_hj-lab_hj_tea_nov_2_2012_scan1_erika,24,22,sagereg_regen,1033,0.0735721200387221,2.9283296431721846,0.096432076947246,True,0.3705051819997607,1.8645833333333333,2.0,2.4788424749524185,6.0,4398.0,,,,,,
1593,sun3d-mit_lab_hj-lab_hj_tea_nov_2_2012_scan1_erika,24,23,sagereg_regen,999,0.1101101101101101,3.5612972611904103,0.103815843568007,True,0.3673703290041885,1.9375,2.0,2.353482726083659,5.0,5057.0,,,,,,
1594,sun3d-mit_lab_hj-lab_hj_tea_nov_2_2012_scan1_erika,25,23,sagereg_regen,874,0.074370709382151,7.015645094240694,0.1935417957329913,True,0.3128050380037166,1.9375,2.0,2.499805553787053,6.0,4266.0,,,,,,
1595,sun3d-mit_lab_hj-lab_hj_tea_nov_2_2012_scan1_erika,25,24,sagereg_regen,948,0.090717299578059,5.399452885929003,0.1365476959525752,True,0.3565102620050311,1.9791666666666667,2.0,2.293432287277837,5.0,6315.0,,,,,,
1596,sun3d-mit_lab_hj-lab_hj_tea_nov_2_2012_scan1_erika,26,25,sagereg_regen,702,0.0484330484330484,4.496772347526584,0.0907056628005514,True,0.2568246100054239,1.9791666666666667,2.0,2.3103096677472266,6.0,3776.0,,,,,,
1597,sun3d-mit_lab_hj-lab_hj_tea_nov_2_2012_scan1_erika,27,26,sagereg_regen,726,0.0358126721763085,0.9483194564354211,0.0657993768029147,True,0.2534341900027357,1.9479166666666667,2.0,1.6796480421660065,6.0,3958.0,,,,,,
1598,sun3d-mit_lab_hj-lab_hj_tea_nov_2_2012_scan1_erika,28,26,sagereg_regen,664,0.0090361445783132,179.42779016514655,3.754838103911858,False,0.2407855900019058,1.96875,2.0,1.8086457646968028,6.0,3080.0,,,,,,
1599,sun3d-mit_lab_hj-lab_hj_tea_nov_2_2012_scan1_erika,28,27,sagereg_regen,799,0.0387984981226533,11.175407573469691,0.561478479174475,False,0.2875660940044326,1.9791666666666667,2.0,2.013867736269228,6.0,5013.0,,,,,,
1600,sun3d-mit_lab_hj-lab_hj_tea_nov_2_2012_scan1_erika,30,29,sagereg_regen,825,0.0242424242424242,0.6429316130036937,0.0215802355145144,True,0.3055739129995345,1.8020833333333333,2.0,1.7987034157153183,6.0,5719.0,,,,,,
1601,sun3d-mit_lab_hj-lab_hj_tea_nov_2_2012_scan1_erika,31,30,sagereg_regen,1151,0.1633362293657689,1.179004538369841,0.0552624805399078,True,0.4450746000002255,1.8958333333333333,2.0,2.1730283159999777,6.0,8574.0,,,,,,
1602,sun3d-mit_lab_hj-lab_hj_tea_nov_2_2012_scan1_erika,32,31,sagereg_regen,854,0.1651053864168618,0.6051647550564629,0.0375589150667394,True,0.330288521006878,1.8958333333333333,2.0,2.242680407978165,4.0,7476.0,,,,,,
1603,sun3d-mit_lab_hj-lab_hj_tea_nov_2_2012_scan1_erika,33,31,sagereg_regen,958,0.0490605427974947,1.0152113149263873,0.0402122043497421,True,0.3552732069947524,1.6979166666666667,2.0,2.3254591787636447,4.0,7090.0,,,,,,
1604,sun3d-mit_lab_hj-lab_hj_tea_nov_2_2012_scan1_erika,34,31,sagereg_regen,900,0.0222222222222222,2.4208891936147325,0.0851629527688507,True,0.3337268629984464,1.71875,2.0,2.1611660455110826,5.0,5870.0,,,,,,
1605,sun3d-mit_lab_hj-lab_hj_tea_nov_2_2012_scan1_erika,35,31,sagereg_regen,903,0.0199335548172757,3.0843629363468072,0.0871209946528382,True,0.3243203180027194,1.7395833333333333,2.0,2.161135631949491,4.0,5749.0,,,,,,
1606,sun3d-mit_lab_hj-lab_hj_tea_nov_2_2012_scan1_erika,36,31,sagereg_regen,1017,0.0176991150442477,1.3330458320956644,0.0785222022794197,True,0.384057830000529,1.7083333333333333,2.0,2.05212524409995,6.0,7949.0,,,,,,
1607,sun3d-mit_lab_hj-lab_hj_tea_nov_2_2012_scan1_erika,37,31,sagereg_regen,888,0.018018018018018,2.510567199349195,0.0474704697106065,True,0.3343102270009694,1.8020833333333333,2.0,2.108978295008353,6.0,6765.0,,,,,,
1608,sun3d-mit_lab_hj-lab_hj_tea_nov_2_2012_scan1_erika,33,32,sagereg_regen,1230,0.3235772357723577,0.5245392941924509,0.0122522224760191,True,0.482584859993949,1.9583333333333333,2.0,2.370914660176324,3.0,9056.0,,,,,,
1609,sun3d-mit_lab_hj-lab_hj_tea_nov_2_2012_scan1_erika,34,32,sagereg_regen,980,0.1448979591836734,1.5776007356198092,0.0281606164236824,True,0.3851274479966378,1.8333333333333333,2.0,2.111198862649459,4.0,7636.0,,,,,,
1610,sun3d-mit_lab_hj-lab_hj_tea_nov_2_2012_scan1_erika,35,32,sagereg_regen,996,0.1234939759036144,0.629461433653432,0.0191120564468635,True,0.3809567509961198,1.7395833333333333,2.0,2.2043104899141843,6.0,7059.0,,,,,,
1611,sun3d-mit_lab_hj-lab_hj_tea_nov_2_2012_scan1_erika,36,32,sagereg_regen,1200,0.2075,0.2396754589742016,0.0062846586191957,True,0.4547836939964327,1.9166666666666667,2.0,2.291849096076313,2.0,9190.0,,,,,,
1612,sun3d-mit_lab_hj-lab_hj_tea_nov_2_2012_scan1_erika,37,32,sagereg_regen,1022,0.1692759295499021,0.76880792049334,0.0303490010937494,True,0.3941592490009498,1.8958333333333333,2.0,2.17381067195632,4.0,8479.0,,,,,,
1613,sun3d-mit_lab_hj-lab_hj_tea_nov_2_2012_scan1_erika,34,33,sagereg_regen,1336,0.3203592814371258,0.3227898728984589,0.0051332359043246,True,0.5200910519997706,1.9375,2.0,2.4459342706986824,2.0,10048.0,,,,,,
1614,sun3d-mit_lab_hj-lab_hj_tea_nov_2_2012_scan1_erika,35,33,sagereg_regen,1367,0.2136064374542794,0.730722577012538,0.0373695594101756,True,0.5286877710022964,1.9479166666666667,2.0,2.26318966241028,4.0,9219.0,,,,,,
1615,sun3d-mit_lab_hj-lab_hj_tea_nov_2_2012_scan1_erika,36,33,sagereg_regen,1520,0.2796052631578947,0.469258199162813,0.016708660672653,True,0.6146182860029512,1.9166666666666667,2.0,2.398915093109182,4.0,11098.0,,,,,,
1616,sun3d-mit_lab_hj-lab_hj_tea_nov_2_2012_scan1_erika,37,33,sagereg_regen,1458,0.3559670781893004,0.465011544023509,0.0196922893970681,True,0.602549570001429,1.9791666666666667,2.0,2.3648954982871664,6.0,10680.0,,,,,,
1617,sun3d-mit_lab_hj-lab_hj_tea_nov_2_2012_scan1_erika,35,34,sagereg_regen,1368,0.293859649122807,0.7506507908847287,0.0302844303844398,True,0.5523643430060474,1.9479166666666667,2.0,2.321706355557118,4.0,9588.0,,,,,,
1618,sun3d-mit_lab_hj-lab_hj_tea_nov_2_2012_scan1_erika,36,34,sagereg_regen,1460,0.3363013698630137,0.7702904675878351,0.0196232689414974,True,0.5543488360053743,1.9375,2.0,2.4187334872642587,0.0,10675.0,,,,,,
1619,sun3d-mit_lab_hj-lab_hj_tea_nov_2_2012_scan1_erika,37,34,sagereg_regen,1394,0.3558106169296987,0.6578093227193786,0.0248709296741535,True,0.5618169810040854,1.9895833333333333,2.0,2.4125422866390047,5.0,9590.0,,,,,,
1620,sun3d-mit_lab_hj-lab_hj_tea_nov_2_2012_scan1_erika,36,35,sagereg_regen,1419,0.2769556025369979,0.3757061500928479,0.0222177393312941,True,0.5717589429914369,1.9479166666666667,2.0,2.413109593076412,3.0,10811.0,,,,,,
1621,sun3d-mit_lab_hj-lab_hj_tea_nov_2_2012_scan1_erika,37,35,sagereg_regen,1272,0.2397798742138364,1.028349863555449,0.0543618424148708,True,0.5092495829958352,1.90625,2.0,2.318337071614504,5.0,8752.0,,,,,,
1622,sun3d-mit_lab_hj-lab_hj_tea_nov_2_2012_scan1_erika,37,36,sagereg_regen,1457,0.2772820864790666,0.3686246833854407,0.0224148468382352,True,0.5918476420047227,1.9166666666666667,2.0,2.388290496821821,4.0,10426.0,,,,,,
