pair_index,variant,rotation_error_deg,translation_error,success,runtime_seconds
0,base,2.3039572925958156,0.056514332920350296,True,1.2707309199977317
0,seeds_48,2.3039572925958156,0.056514332920350296,True,0.15085847100272076
0,seeds_72,2.3039572925958156,0.056514332920350296,True,0.21443909899971914
0,seeds_120,2.3039572925958156,0.056514332920350296,True,0.35391168700152775
0,neighbors_24,2.297788949205152,0.056232444604058136,True,0.20408721499552485
0,neighbors_36,1.7889105829304708,0.054598613405025795,True,0.24368440699618077
0,neighbors_72,1.7721175770014013,0.05219335059046755,True,0.32947422699362505
0,hypotheses_5,2.08197487912027,0.06433030503100622,True,0.2724781310025719
0,hypotheses_10,1.7746536114357587,0.052170957986897415,True,0.2743137770012254
0,hypotheses_30,2.3039572925958156,0.056514332920350296,True,0.28251590400032
0,motif_0,2.0576796372676998,0.0544486810941263,True,0.26199195600202074
0,motif_075,2.213811015547266,0.05099751376655436,True,0.2791529950045515
0,motif_225,1.8096168223222497,0.05515915085605429,True,0.279673659002583
16,base,5.371324701219795,0.04022340850110886,True,0.26344843500555726
16,seeds_48,5.371324701219795,0.04022340850110886,True,0.14621875500597525
16,seeds_72,5.371324701219795,0.04022340850110886,True,0.2046070360011072
16,seeds_120,5.371324701219795,0.04022340850110886,True,0.3286262660039938
16,neighbors_24,4.234819532312691,0.05746703902070768,True,0.19462948299769778
16,neighbors_36,5.357696854711969,0.0402453286830289,True,0.2291566049971152
16,neighbors_72,5.393870878165595,0.0402861071708744,True,0.31183272499765735
16,hypotheses_5,4.228858970947289,0.05725292506886315,True,0.25720262299728347
16,hypotheses_10,5.358373529710521,0.040242282265217325,True,0.2592908780061407
16,hypotheses_30,5.371324701219795,0.04022340850110886,True,0.2669889660028275
16,motif_0,5.358918288958472,0.04023611786193028,True,0.24845681499573402
16,motif_075,5.44377195323453,0.04055608673361039,True,0.2653944919948117
16,motif_225,5.3713201473496035,0.040223425322195555,True,0.26283929200144485
32,base,4.608584298636326,0.1432807220021221,True,0.2934451559995068
32,seeds_48,4.607091870623263,0.14324465777028042,True,0.16489349900075467
32,seeds_72,4.607091870623263,0.14324465777028042,True,0.22608205200231168
32,seeds_120,4.608584298636326,0.1432807220021221,True,0.3722196019953117
32,neighbors_24,3.961975691378729,0.12993728544768793,True,0.21528719700290821
32,neighbors_36,4.6070811742976145,0.14324439885464788,True,0.25716850999742746
32,neighbors_72,4.608812868319859,0.14328636145328,True,0.35204268399684224
32,hypotheses_5,4.607091870623263,0.14324465777028042,True,0.2862772959997528
32,hypotheses_10,4.608584298636326,0.1432807220021221,True,0.2884285070031183
32,hypotheses_30,4.608584298636326,0.1432807220021221,True,0.29601938200357836
32,motif_0,4.607072837188311,0.14324419158781923,True,0.28176587400230346
32,motif_075,4.607314893137936,0.14324940186159127,True,0.29504600299696904
32,motif_225,4.607092626386395,0.14324467628878243,True,0.291132408005069
48,base,168.8304277673151,3.33763648378564,False,0.1016326079989085
48,seeds_48,168.8304277673151,3.33763648378564,False,0.05831028900138335
48,seeds_72,168.8304277673151,3.33763648378564,False,0.08057168900268152
48,seeds_120,168.8304277673151,3.33763648378564,False,0.12010960800398607
48,neighbors_24,175.18090231125413,0.9683942468740528,False,0.09222339199914131
48,neighbors_36,168.8304151071051,3.3376366711105594,False,0.09918621999531751
48,neighbors_72,168.83042819875308,3.3376364771114067,False,0.10149356599868042
48,hypotheses_5,13.47116883322557,0.29998891932795846,True,0.09655936600029236
48,hypotheses_10,168.8304277673151,3.33763648378564,False,0.09843572299723746
48,hypotheses_30,168.8304277673151,3.33763648378564,False,0.1031330780024291
48,motif_0,175.18089502889066,0.9684008283902655,False,0.09691584100073669
48,motif_075,168.83043577697683,3.337636365513077,False,0.10002739800256677
48,motif_225,168.8304232975693,3.337636549067199,False,0.10103528200124856
64,base,99.51972399470122,0.6328219230554961,False,0.2901926140038995
64,seeds_48,99.50793232541061,0.6181177861913734,False,0.16210014800162753
64,seeds_72,99.50793232541061,0.6181177861913734,False,0.22183913399931043
64,seeds_120,99.51972399470122,0.6328219230554961,False,0.3631040690015652
64,neighbors_24,102.55914192541601,0.5398241202673849,False,0.21121130900428398
64,neighbors_36,102.2642824158141,0.5360567410252447,False,0.2537255799979903
64,neighbors_72,102.50312412297284,0.5591940517113297,False,0.35096671400242485
64,hypotheses_5,102.63615295014398,0.5432826293841623,False,0.28397814399795607
64,hypotheses_10,99.51972399470122,0.6328219230554961,False,0.28631723799480824
64,hypotheses_30,99.51972399470122,0.6328219230554961,False,0.29430038599821273
64,motif_0,99.13772164126661,0.6738010117601283,False,0.27403150199825177
64,motif_075,99.40116491158831,0.6137517428869422,False,0.2889643009984866
64,motif_225,99.51971371099673,0.6328289746185819,False,0.28838791599991964
80,base,2.1656627346842843,0.04145896996043397,True,0.2805161249998491
80,seeds_48,2.1656627346842843,0.04145896996043397,True,0.1511156979977386
80,seeds_72,2.1656627346842843,0.04145896996043397,True,0.21116032300051302
80,seeds_120,2.165595241454578,0.04143321184282179,True,0.3519708800013177
80,neighbors_24,2.5679596626327905,0.1080394173753302,True,0.20801125800062437
80,neighbors_36,4.089701131647587,0.1717876648506974,True,0.24534209599369206
80,neighbors_72,2.1653213017487696,0.041479151823083496,True,0.3281016529945191
80,hypotheses_5,2.567916936813363,0.10804902905457589,True,0.2742549700051313
80,hypotheses_10,2.1656627346842843,0.04145896996043397,True,0.27634383799886564
80,hypotheses_30,2.1656627346842843,0.04145896996043397,True,0.28360092300135875
80,motif_0,2.165811037707906,0.0414508119330026,True,0.2601376739985426
80,motif_075,2.1662068166568145,0.04137579297726904,True,0.278568510999321
80,motif_225,2.165662398124882,0.04147464264214343,True,0.27948983900569146
96,base,24.046069740898048,0.6589580447951044,False,0.3076748060047976
96,seeds_48,24.046512523927127,0.6589851024245992,False,0.16596392600331455
96,seeds_72,24.046512523927127,0.6589851024245992,False,0.2301052550028544
96,seeds_120,24.046069740898048,0.6589580447951044,False,0.38467724200017983
96,neighbors_24,24.04513500593598,0.6589142128339445,False,0.2184378470046795
96,neighbors_36,24.04621239254555,0.6589637383943117,False,0.264333606006403
96,neighbors_72,17.891946888058825,0.5199862235135398,False,0.371333870003582
96,hypotheses_5,24.046069740898048,0.6589580447951044,False,0.30132425199553836
96,hypotheses_10,24.046069740898048,0.6589580447951044,False,0.3021173310044105
96,hypotheses_30,24.046512523927127,0.6589851024245992,False,0.31071992900251644
96,motif_0,17.890767966281658,0.5199902431353706,False,0.2837114650028525
96,motif_075,24.046068909203804,0.6589580148565384,False,0.3063033220023499
96,motif_225,17.890898963572884,0.5199673514342646,False,0.30859789600071963
112,base,2.642471565219759,0.06056172411801223,True,0.21935011499590473
112,seeds_48,2.642471565219759,0.06056172411801223,True,0.11233708500367356
112,seeds_72,2.642471565219759,0.06056172411801223,True,0.16036776100372663
112,seeds_120,2.642471565219759,0.06056172411801223,True,0.2735159309959272
112,neighbors_24,1.7807316246644933,0.03019551190354494,True,0.17035001699696295
112,neighbors_36,1.488763571508353,0.038185151700274506,True,0.19681370099715423
112,neighbors_72,4.67715676131073,0.08769794581971128,True,0.23237216899724444
112,hypotheses_5,2.642471565219759,0.06056172411801223,True,0.21193787799711572
112,hypotheses_10,2.642471565219759,0.06056172411801223,True,0.2136494189981022
112,hypotheses_30,2.642471565219759,0.06056172411801223,True,0.2216774330008775
112,motif_0,4.676984025881332,0.08769549330829826,True,0.2069018890033476
112,motif_075,2.642637258786694,0.06056702275592115,True,0.21667614200123353
112,motif_225,2.6426651779103505,0.0605673366442568,True,0.2171271560000605
128,base,5.997020791729676,0.0886992497565472,True,0.12342916100169532
128,seeds_48,5.993668417997408,0.08868851592563694,True,0.07028009599889629
128,seeds_72,5.996419945707354,0.08871937835316442,True,0.10102641499543097
128,seeds_120,5.997020791729676,0.0886992497565472,True,0.14545050200104015
128,neighbors_24,5.996417194308575,0.08871776609894413,True,0.11076782500458648
128,neighbors_36,5.996414912861385,0.0887189717395692,True,0.1193521579989465
128,neighbors_72,5.9937177602706075,0.08868785753620666,True,0.1239933269971516
128,hypotheses_5,5.996419945707354,0.08871937835316442,True,0.11772762900363887
128,hypotheses_10,5.996419945707354,0.08871937835316442,True,0.11948234400188085
128,hypotheses_30,5.997020791729676,0.0886992497565472,True,0.12673697900027037
128,motif_0,5.997025322388667,0.08869955051700226,True,0.11835112999688135
128,motif_075,5.9970247712033435,0.08869953834701774,True,0.12217679400055204
128,motif_225,5.997023323787799,0.08869937857737518,True,0.12217930200131377
144,base,107.83393010387098,1.943464655967253,False,0.11533102199609857
144,seeds_48,107.83393010387098,1.943464655967253,False,0.0680429370040656
144,seeds_72,107.83393010387098,1.943464655967253,False,0.09429531000205316
144,seeds_120,107.83393010387098,1.943464655967253,False,0.13704670799779706
144,neighbors_24,62.66194612400243,1.7206205341811094,False,0.10546134600008372
144,neighbors_36,107.83500674016065,1.9434808690814003,False,0.1121929610017105
144,neighbors_72,107.83390983450737,1.9434643501633444,False,0.11598186400078703
144,hypotheses_5,107.83393010387098,1.943464655967253,False,0.11011050199886085
144,hypotheses_10,107.83393010387098,1.943464655967253,False,0.11166571100329747
144,hypotheses_30,107.83393010387098,1.943464655967253,False,0.1179612160049146
144,motif_0,89.36515419991926,1.820450558000046,False,0.11167594199650921
144,motif_075,107.8339322899642,1.9434646889604026,False,0.11499563200050034
144,motif_225,97.37235017933737,1.7936590894085087,False,0.11507294400507817
160,base,58.31188254853358,1.84087611319088,False,0.25044945099944016
160,seeds_48,8.151072486693595,0.21172843912256137,True,0.13768106199859176
160,seeds_72,58.31188254853358,1.84087611319088,False,0.1934501529976842
160,seeds_120,65.15847426346808,2.0344795130044537,False,0.3151988640020136
160,neighbors_24,1.1910302678775828,0.05858755904553301,True,0.19053776800137712
160,neighbors_36,58.32292453245609,1.8411960321689311,False,0.22457316099462332
160,neighbors_72,3.613664941614958,0.08998230527220781,True,0.2923784560043714
160,hypotheses_5,149.8463528296459,3.6088749529411155,False,0.24716436000016984
160,hypotheses_10,58.31188254853358,1.84087611319088,False,0.24829167899588356
160,hypotheses_30,58.31188254853358,1.84087611319088,False,0.25595751700166147
160,motif_0,16.909657174196315,0.32955806411910193,False,0.24142836099781562
160,motif_075,65.15857235089632,2.0344822582077504,False,0.25174261400388787
160,motif_225,58.30983864201698,1.840815849324425,False,0.25267830200027674
176,base,2.4090973205379793,0.09073073082383465,True,0.3179907949961489
176,seeds_48,2.4090973205379793,0.09073073082383465,True,0.17419978600082686
176,seeds_72,2.4090973205379793,0.09073073082383465,True,0.24341166999511188
176,seeds_120,2.4090973205379793,0.09073073082383465,True,0.40103455799544463
176,neighbors_24,10.542502006093843,0.16741194578235474,True,0.22685359400202287
176,neighbors_36,9.379138989316855,0.1477700879739928,True,0.27275071300391573
176,neighbors_72,2.4090856404327385,0.09072901512733182,True,0.3763607610017061
176,hypotheses_5,2.4090973205379793,0.09073073082383465,True,0.31166416199994273
176,hypotheses_10,2.4090973205379793,0.09073073082383465,True,0.3131105690044933
176,hypotheses_30,2.4090973205379793,0.09073073082383465,True,0.3215298320064903
176,motif_0,2.4090936171137396,0.09073059276669833,True,0.29059321899694623
176,motif_075,2.4090960933974905,0.09073067485230354,True,0.3144981329969596
176,motif_225,2.4091032052209673,0.09073144573445727,True,0.31672292800067225
192,base,2.702223571489823,0.06858339992689036,True,0.12712472600105684
192,seeds_48,2.3271806172276355,0.06887012212832905,True,0.07317039899498923
192,seeds_72,2.702223571489823,0.06858339992689036,True,0.10461699200095609
192,seeds_120,2.702223571489823,0.06858339992689036,True,0.14949580900429282
192,neighbors_24,2.701281570749714,0.06857431097366505,True,0.11507394000364002
192,neighbors_36,2.701798579322806,0.0685791284636911,True,0.12355503199796658
192,neighbors_72,2.7011005304416695,0.06857258215196141,True,0.12729972600209294
192,hypotheses_5,2.702223571489823,0.06858339992689036,True,0.12163478500588099
192,hypotheses_10,2.702223571489823,0.06858339992689036,True,0.12315765699895564
192,hypotheses_30,2.702223571489823,0.06858339992689036,True,0.12972145800449653
192,motif_0,2.3273753373813646,0.06887097351407352,True,0.12008747299842071
192,motif_075,2.702221627375711,0.06858338124078521,True,0.1260871220001718
192,motif_225,2.704386246064847,0.06860409261733864,True,0.12645274700480513
208,base,106.60396125640212,2.574797248952074,False,0.27728033900348237
208,seeds_48,106.60396125640212,2.574797248952074,False,0.14756894699530676
208,seeds_72,106.60396125640212,2.574797248952074,False,0.20840122899971902
208,seeds_120,106.61591878196263,2.575198228967143,False,0.3569495569972787
208,neighbors_24,95.47341906316485,2.1520291454514937,False,0.20541587900515879
208,neighbors_36,105.93797907804091,2.546561780848294,False,0.24544204599806108
208,neighbors_72,106.0393875673421,2.5576013175314136,False,0.334395414996834
208,hypotheses_5,106.60396125640212,2.574797248952074,False,0.2717502039959072
208,hypotheses_10,106.60396125640212,2.574797248952074,False,0.2740198780011269
208,hypotheses_30,106.60396125640212,2.574797248952074,False,0.281858711001405
208,motif_0,106.61592527551166,2.575198430172656,False,0.25735817499662517
208,motif_075,106.61592070233667,2.5751982877893234,False,0.2781863440031884
208,motif_225,106.61328761272294,2.5751192956653655,False,0.2800311429964495
224,base,57.477405320365584,0.8594387806267418,False,0.21142438999959268
224,seeds_48,57.477405320365584,0.8594387806267418,False,0.10984467300295364
224,seeds_72,57.477405320365584,0.8594387806267418,False,0.15644217500084778
224,seeds_120,57.477405320365584,0.8594387806267418,False,0.2566736260050675
224,neighbors_24,57.469938615725304,0.8592929947189372,False,0.165370372000325
224,neighbors_36,84.83720823216974,3.443812899978066,False,0.18981024499953492
224,neighbors_72,120.77899914160739,3.1395870699068764,False,0.22693901500315405
224,hypotheses_5,84.83583365048732,3.4438067794800666,False,0.2043719430002966
224,hypotheses_10,84.83583365048732,3.4438067794800666,False,0.20657070699962787
224,hypotheses_30,57.477405320365584,0.8594387806267418,False,0.21325294900452718
224,motif_0,57.477824867335606,0.8594461527184957,False,0.20267261200206121
224,motif_075,57.477504618063655,0.8594405200707486,False,0.21095311799581395
224,motif_225,57.477310311896105,0.8594371057644348,False,0.2097145969964913
240,base,8.914776463048705,0.058176063267784614,True,0.07714488000056008
240,seeds_48,8.914776463048705,0.058176063267784614,True,0.04434554399631452
240,seeds_72,8.914776463048705,0.058176063267784614,True,0.060475907994259614
240,seeds_120,8.914776463048705,0.058176063267784614,True,0.09171418600453762
240,neighbors_24,8.905207497919456,0.058111421081800285,True,0.07413306999660563
240,neighbors_36,8.914785274624125,0.05817612148785504,True,0.0755692579987226
240,neighbors_72,8.914776463048705,0.058176063267784614,True,0.07591440599935595
240,hypotheses_5,3.095291408266784,0.029960314947701815,True,0.0715616029992816
240,hypotheses_10,8.914776463048705,0.058176063267784614,True,0.07352871899638558
240,hypotheses_30,8.914776463048705,0.058176063267784614,True,0.07927986199501902
240,motif_0,8.91480162994407,0.058176229195106545,True,0.07465292300184956
240,motif_075,8.914786255849101,0.05817612756420501,True,0.07617543100059265
240,motif_225,8.914770746064953,0.058176025738789536,True,0.0766199920035433
256,base,3.052997105505406,0.08881900382333778,True,0.18931230799353216
256,seeds_48,3.052997105505406,0.08881900382333778,True,0.09950948200275889
256,seeds_72,3.052997105505406,0.08881900382333778,True,0.14406645700364606
256,seeds_120,3.052997105505406,0.08881900382333778,True,0.21838276900234632
256,neighbors_24,3.064876816653957,0.0898183347830315,True,0.15124970699980622
256,neighbors_36,2.1049661281497576,0.068430646427953,True,0.172522922999633
256,neighbors_72,3.0511298521180668,0.08751823185842458,True,0.20529477200034307
256,hypotheses_5,3.052997105505406,0.08881900382333778,True,0.18244199399487115
256,hypotheses_10,3.052997105505406,0.08881900382333778,True,0.18505014400579967
256,hypotheses_30,3.052997105505406,0.08881900382333778,True,0.19271929099340923
256,motif_0,3.0594714542973294,0.08972983039433785,True,0.18123189700418152
256,motif_075,3.067338178259975,0.08983418446055168,True,0.18858211899350863
256,motif_225,3.051758697706251,0.08880983484802982,True,0.18846993199986173
272,base,165.8367964842177,3.889147242509485,False,0.1780789070035098
272,seeds_48,165.8367964842177,3.889147242509485,False,0.0930148779953015
272,seeds_72,165.8367964842177,3.889147242509485,False,0.13479850899602752
272,seeds_120,165.8367964842177,3.889147242509485,False,0.20453745900158538
272,neighbors_24,166.60191494805144,3.8868923970656293,False,0.13829098799760686
272,neighbors_36,165.83719179571193,3.889136917605073,False,0.16268218900222564
272,neighbors_72,173.49109888721014,3.8745427062620243,False,0.19080942499567755
272,hypotheses_5,76.44233799390601,2.2662026834422613,False,0.17242669699771795
272,hypotheses_10,165.8367964842177,3.889147242509485,False,0.1738413579951157
272,hypotheses_30,165.8367964842177,3.889147242509485,False,0.1808918770038872
272,motif_0,165.83679527476966,3.8891472775673814,False,0.16945128200313775
272,motif_075,165.83693070168567,3.889143493996072,False,0.17818194500432583
272,motif_225,165.83679658228846,3.8891472395222086,False,0.17818385399732506
288,base,137.10904669847443,2.972024574233315,False,0.16731568899558624
288,seeds_48,137.10904669847443,2.972024574233315,False,0.09162394199665869
288,seeds_72,137.10904669847443,2.972024574233315,False,0.13019809200341115
288,seeds_120,137.10904669847443,2.972024574233315,False,0.19421199900534702
288,neighbors_24,161.4474958595207,3.19997836139637,False,0.13576751899381634
288,neighbors_36,137.10817004590484,2.972097771986343,False,0.15729918999568326
288,neighbors_72,148.7716752838488,3.632518870356582,False,0.17025397100223927
288,hypotheses_5,137.10904669847443,2.972024574233315,False,0.1613593910005875
288,hypotheses_10,137.10904669847443,2.972024574233315,False,0.16311768800369464
288,hypotheses_30,137.10904669847443,2.972024574233315,False,0.17003212299459847
288,motif_0,161.43485948263995,3.200036052216692,False,0.15748855399579043
288,motif_075,137.1090154036398,2.972027816257876,False,0.16513846400630428
288,motif_225,137.10904274117885,2.972025067626227,False,0.1668587820022367
304,base,2.501835436609742,0.09438411774302853,True,0.2742147320022923
304,seeds_48,2.501835436609742,0.09438411774302853,True,0.15472840899747098
304,seeds_72,2.501835436609742,0.09438411774302853,True,0.21406624000519514
304,seeds_120,4.124720492348981,0.08681968564908757,True,0.3472687559988117
304,neighbors_24,4.170283946632002,0.0886701750653051,True,0.1993536179943476
304,neighbors_36,4.169757126163787,0.08864888715820567,True,0.24427641900547314
304,neighbors_72,6.771444242720396,0.17798833714442586,True,0.3276397170047858
304,hypotheses_5,2.501835436609742,0.09438411774302853,True,0.26883696200093254
304,hypotheses_10,2.501835436609742,0.09438411774302853,True,0.2701736320013879
304,hypotheses_30,2.501835436609742,0.09438411774302853,True,0.27861746800044784
304,motif_0,2.5019884190769095,0.09438564360314826,True,0.255384028001572
304,motif_075,2.5018351633623745,0.09438411781530451,True,0.2736326869999175
304,motif_225,3.4372505432687723,0.04905242930212101,True,0.27639144199929433
320,base,118.66282288929646,3.0408510399425044,False,0.20391718899918487
320,seeds_48,121.23640658037613,3.111216227207296,False,0.10552672100311611
320,seeds_72,118.66282288929646,3.0408510399425044,False,0.15243904999806546
320,seeds_120,118.66282288929646,3.0408510399425044,False,0.24585687900253106
320,neighbors_24,118.6766659986228,3.041171972701218,False,0.16021427299710922
320,neighbors_36,118.67974288165163,3.0412432500730184,False,0.18258542100375053
320,neighbors_72,118.67679155251317,3.0411748789047213,False,0.20930830400175182
320,hypotheses_5,121.23640658037613,3.111216227207296,False,0.19593214899941813
320,hypotheses_10,118.66282288929646,3.0408510399425044,False,0.19803261799825123
320,hypotheses_30,118.66282288929646,3.0408510399425044,False,0.2045776590020978
320,motif_0,118.67680485861206,3.0411751871513015,False,0.19152315799874486
320,motif_075,118.66284315273423,3.0408515100409987,False,0.2007498500024667
320,motif_225,118.66281322533484,3.0408508158779157,False,0.2024388740028371
336,base,172.82121770412996,3.7495886551452844,False,0.17333049100125208
336,seeds_48,176.94373643119002,5.691652563958836,False,0.08678221899754135
336,seeds_72,172.82121770412996,3.7495886551452844,False,0.12867171999823768
336,seeds_120,172.82121770412996,3.7495886551452844,False,0.20424416800233303
336,neighbors_24,169.95801332574277,3.023733583057946,False,0.14649243700114312
336,neighbors_36,172.82114223534035,3.7495932322973813,False,0.16688379699917277
336,neighbors_72,172.82107143837902,3.7495553229028142,False,0.1753611149979406
336,hypotheses_5,176.94233302024284,5.691635909597464,False,0.16807250199781265
336,hypotheses_10,176.94233302024284,5.691635909597464,False,0.16978538499824936
336,hypotheses_30,172.82121770412996,3.7495886551452844,False,0.1739687809968018
336,motif_0,176.9437588705,5.691652830459102,False,0.16649199999665143
336,motif_075,172.8212177977006,3.7495886376715943,False,0.17452167900046334
336,motif_225,172.82121772584185,3.7495886605490245,False,0.17194113999721594
352,base,163.66188614830526,1.6428576474138206,False,0.3111685719995876
352,seeds_48,163.66188614830526,1.6428576474138206,False,0.17743769100343343
352,seeds_72,163.66188614830526,1.6428576474138206,False,0.24308978200133424
352,seeds_120,163.66188614830526,1.6428576474138206,False,0.39091173999622697
352,neighbors_24,30.50388143453494,0.996074457430791,False,0.22541418299806537
352,neighbors_36,179.12874108134048,3.9702993783010196,False,0.2732567819984979
352,neighbors_72,163.6617069338848,1.642858840514417,False,0.3737153469992336
352,hypotheses_5,149.3368590693934,4.309854412368578,False,0.306134534002922
352,hypotheses_10,163.66188614830526,1.6428576474138206,False,0.3085558160018991
352,hypotheses_30,163.66188614830526,1.6428576474138206,False,0.3161686289968202
352,motif_0,164.6593689634517,1.6331678007718429,False,0.28359719100262737
352,motif_075,164.65989570631874,1.633162384393834,False,0.30823089499608614
352,motif_225,163.65962843032133,1.6428843559392021,False,0.31337738699949114
368,base,32.96395712408651,3.606904338778128,False,0.27946129799966
368,seeds_48,32.96395712408651,3.606904338778128,False,0.15009199600171996
368,seeds_72,32.96395712408651,3.606904338778128,False,0.21238890499807894
368,seeds_120,32.96395712408651,3.606904338778128,False,0.34884736700041685
368,neighbors_24,38.30912717525161,3.906061108208945,False,0.20429432599485153
368,neighbors_36,32.99283945166225,3.6076578324764563,False,0.24238868999964325
368,neighbors_72,32.96065860148962,3.6068895750986947,False,0.3204383079937543
368,hypotheses_5,32.96395712408651,3.606904338778128,False,0.27339225100149633
368,hypotheses_10,32.96395712408651,3.606904338778128,False,0.27599550200102385
368,hypotheses_30,32.96395712408651,3.606904338778128,False,0.2829254899988882
368,motif_0,32.96066586711742,3.6068996285472243,False,0.2624530649991357
368,motif_075,32.96065708836624,3.6068988524061565,False,0.27935753099882277
368,motif_225,32.963962803395454,3.606904563131721,False,0.2781777769996552
384,base,99.8466330777778,1.9774308136503964,False,0.10326619899569778
384,seeds_48,99.8466330777778,1.9774308136503964,False,0.05752798200410325
384,seeds_72,99.8466330777778,1.9774308136503964,False,0.08286146199679933
384,seeds_120,70.15915781739047,1.9003233361722496,False,0.12395667900273111
384,neighbors_24,70.15931049715965,1.9003272383413483,False,0.09728820800228277
384,neighbors_36,127.97651435215937,2.461905807543388,False,0.10202893499808852
384,neighbors_72,99.84663315973579,1.9774308212900662,False,0.10318415100482525
384,hypotheses_5,137.30570040916604,2.648645780150499,False,0.10025835200212896
384,hypotheses_10,99.8466330777778,1.9774308136503964,False,0.10165790600149194
384,hypotheses_30,99.8466330777778,1.9774308136503964,False,0.1035244330050773
384,motif_0,93.30069733221991,1.8643312425068281,False,0.09771801700117067
384,motif_075,128.00910098762938,2.4625654402270407,False,0.10112183700402966
384,motif_225,128.00913784456355,2.462566220624676,False,0.10319744300068123
400,base,34.42931040521488,1.8848953455311035,False,0.16609620799863478
400,seeds_48,158.5584494541934,2.552277440841784,False,0.08688500800053589
400,seeds_72,158.5584494541934,2.552277440841784,False,0.1268663410010049
400,seeds_120,34.42931040521488,1.8848953455311035,False,0.19151481599692488
400,neighbors_24,66.0120717456651,1.8822616108248351,False,0.13811635200545425
400,neighbors_36,140.56385959691204,2.7176180382094324,False,0.1570463940006448
400,neighbors_72,158.0764375656654,2.550562053636333,False,0.16678870699979598
400,hypotheses_5,34.42931040521488,1.8848953455311035,False,0.16026967899961164
400,hypotheses_10,34.42931040521488,1.8848953455311035,False,0.16153102200041758
400,hypotheses_30,34.42931040521488,1.8848953455311035,False,0.16532574200391537
400,motif_0,34.4286772614114,1.884929098052711,False,0.1585880740021821
400,motif_075,34.42930399878785,1.8848956866042021,False,0.16420504900452215
400,motif_225,34.42931505568362,1.8848950977780903,False,0.16515397200419102
416,base,7.239068235570946,0.13819710840452704,True,0.31446703799883835
416,seeds_48,7.239068235570946,0.13819710840452704,True,0.17619586699584033
416,seeds_72,7.239068235570946,0.13819710840452704,True,0.2429502480008523
416,seeds_120,7.239068235570946,0.13819710840452704,True,0.3928753209984279
416,neighbors_24,22.022697549308962,0.41099386225803913,False,0.2235947040026076
416,neighbors_36,26.791416663421973,0.5186152157559856,False,0.27091824499802897
416,neighbors_72,7.651072875547336,0.14496432075014323,True,0.3888031550013693
416,hypotheses_5,7.239068235570946,0.13819710840452704,True,0.3082700199956889
416,hypotheses_10,7.239068235570946,0.13819710840452704,True,0.3110212899991893
416,hypotheses_30,7.239068235570946,0.13819710840452704,True,0.31877532500220696
416,motif_0,28.935666800183494,0.5946132014857789,False,0.2896823929986567
416,motif_075,7.239060030580654,0.13819693830443303,True,0.31409559799794806
416,motif_225,7.691840453393138,0.1465870603869734,True,0.3154905690025771
432,base,50.02354453101016,0.9085794924698197,False,0.208730148995528
432,seeds_48,50.02414432340375,0.9085837520034428,False,0.10891203199571464
432,seeds_72,35.72213274517001,1.309350590083822,False,0.1551164600023185
432,seeds_120,50.02354453101016,0.9085794924698197,False,0.252693624002859
432,neighbors_24,19.055785010489448,0.4790172242648575,False,0.16251905699755298
432,neighbors_36,4.937223625468392,0.1312498416688848,True,0.1889194920004229
432,neighbors_72,167.623167739753,2.2075673534865397,False,0.22980789299617754
432,hypotheses_5,50.02354453101016,0.9085794924698197,False,0.20116104200133123
432,hypotheses_10,50.02354453101016,0.9085794924698197,False,0.20387607400334673
432,hypotheses_30,50.02354453101016,0.9085794924698197,False,0.21600157899956685
432,motif_0,4.941088023036019,0.1314519305960015,True,0.19713460499770008
432,motif_075,4.94114289464182,0.1314547948079181,True,0.207845726996311
432,motif_225,4.9411809954325845,0.13145678730044275,True,0.208389839004667
448,base,93.39839359440852,2.4997775627310865,False,0.12559837099979632
448,seeds_48,93.39839359440852,2.4997775627310865,False,0.07339611500356114
448,seeds_72,93.39839359440852,2.4997775627310865,False,0.10385874700295972
448,seeds_120,93.39839359440852,2.4997775627310865,False,0.1475210650023655
448,neighbors_24,93.39795022742659,2.499764909722118,False,0.10925726300047245
448,neighbors_36,93.39862370229339,2.4997845889814196,False,0.11889271599648055
448,neighbors_72,93.39785388049069,2.4997620612524925,False,0.1275115390017163
448,hypotheses_5,93.39839359440852,2.4997775627310865,False,0.12017657699470874
448,hypotheses_10,93.39839359440852,2.4997775627310865,False,0.12200792400108185
448,hypotheses_30,93.39839359440852,2.4997775627310865,False,0.12835147800069535
448,motif_0,161.7885881214505,3.119012011692849,False,0.11948978999862447
448,motif_075,93.39786363988296,2.4997622686764847,False,0.12406375700084027
448,motif_225,93.39800854362412,2.4997666652258723,False,0.1249822870013304
464,base,147.46006631751587,3.7433636823595258,False,0.1892135199959739
464,seeds_48,6.158039685899708,0.1811388851916533,True,0.09937026999978116
464,seeds_72,6.158039685899708,0.1811388851916533,True,0.1414652390012634
464,seeds_120,147.46006631751587,3.7433636823595258,False,0.22764965800161008
464,neighbors_24,69.88102195032583,1.0638041765267323,False,0.1538443610043032
464,neighbors_36,6.156975708728909,0.18109584026592082,True,0.1763640100034536
464,neighbors_72,147.54841073893508,3.7444611704210575,False,0.1978187339991564
464,hypotheses_5,147.46006631751587,3.7433636823595258,False,0.18714567200368037
464,hypotheses_10,147.46006631751587,3.7433636823595258,False,0.18783750900183804
464,hypotheses_30,147.46006631751587,3.7433636823595258,False,0.18964883299486246
464,motif_0,147.46513292324335,3.743519689399471,False,0.18230217400559923
464,motif_075,6.158033524936162,0.18113869425281337,True,0.1873636600066675
464,motif_225,6.158042266705481,0.18113896649334293,True,0.1878328400052851
480,base,6.742503744303609,0.10433541764575253,True,0.11539197200181661
480,seeds_48,7.7076847417607635,0.04240128464583416,True,0.06461415300145745
480,seeds_72,6.742503744303609,0.10433541764575253,True,0.09352058699732879
480,seeds_120,6.742503744303609,0.10433541764575253,True,0.13731688899861183
480,neighbors_24,8.556993541198297,0.08761272799464356,True,0.10937060900323559
480,neighbors_36,7.557815231714198,0.04478789893781854,True,0.11428879999584751
480,neighbors_72,6.742503307557239,0.10433527634951846,True,0.11484010099957231
480,hypotheses_5,6.742503744303609,0.10433541764575253,True,0.1102330920039094
480,hypotheses_10,6.742503744303609,0.10433541764575253,True,0.11159625800064532
480,hypotheses_30,6.742503744303609,0.10433541764575253,True,0.11768348300392972
480,motif_0,6.742492728446569,0.1043329530573835,True,0.11095443600061117
480,motif_075,6.742498078151906,0.10433418097403856,True,0.11504502900061198
480,motif_225,6.742503846253893,0.10433545630984235,True,0.11562496999977157
496,base,0.48742714252556363,0.0502748052868745,True,0.26559445900056744
496,seeds_48,0.48742714252556363,0.0502748052868745,True,0.14431180599785876
496,seeds_72,0.48742714252556363,0.0502748052868745,True,0.20413964799809037
496,seeds_120,0.48742714252556363,0.0502748052868745,True,0.3396784610013128
496,neighbors_24,0.483911380805832,0.050386449509296,True,0.2009251880008378
496,neighbors_36,1.5115137492339288,0.03070431281546082,True,0.23652702599792974
496,neighbors_72,0.48741247870297566,0.05027548559910739,True,0.30713389300217386
496,hypotheses_5,0.48742714252556363,0.0502748052868745,True,0.26069664399983594
496,hypotheses_10,0.48742714252556363,0.0502748052868745,True,0.262864766002167
496,hypotheses_30,0.48742714252556363,0.0502748052868745,True,0.2707847030033008
496,motif_0,0.48711194568866545,0.050285968217087834,True,0.256678069003101
496,motif_075,0.487504815840818,0.05027212264965125,True,0.26776796099875355
496,motif_225,0.48539704825833563,0.05035026972833162,True,0.26706468000338646
512,base,54.0319082697083,2.8578707003085335,False,0.07260253800632199
512,seeds_48,54.0319082697083,2.8578707003085335,False,0.04156348499964224
512,seeds_72,54.0319082697083,2.8578707003085335,False,0.05625261000386672
512,seeds_120,54.0319082697083,2.8578707003085335,False,0.08952304600097705
512,neighbors_24,126.07324494181056,2.7295692072228572,False,0.07386269500420894
512,neighbors_36,54.0319082697083,2.8578707003085335,False,0.0725540909988922
512,neighbors_72,54.0319082697083,2.8578707003085335,False,0.07262604499555891
512,hypotheses_5,54.0319082697083,2.8578707003085335,False,0.07114001299487427
512,hypotheses_10,54.0319082697083,2.8578707003085335,False,0.07200892999389907
512,hypotheses_30,54.0319082697083,2.8578707003085335,False,0.07288666599924909
512,motif_0,47.62799227420532,2.5692480490539613,False,0.07222895599988988
512,motif_075,54.031899880710576,2.857870638550557,False,0.07351682800072012
512,motif_225,54.031744041053976,2.857869261442999,False,0.07369104799727211
528,base,117.11157576996172,3.8283234101546637,False,0.32625602400366915
528,seeds_48,117.11157576996172,3.8283234101546637,False,0.1758963400061475
528,seeds_72,117.11157576996172,3.8283234101546637,False,0.24682648300222354
528,seeds_120,117.11157576996172,3.8283234101546637,False,0.40456707600242225
528,neighbors_24,86.95390357215794,4.124758559014162,False,0.22813660700194305
528,neighbors_36,93.0385999736343,3.763181108083383,False,0.2794486280035926
528,neighbors_72,117.115915951753,3.833654482152271,False,0.3945593979951809
528,hypotheses_5,117.11157576996172,3.8283234101546637,False,0.3194005869954708
528,hypotheses_10,117.11157576996172,3.8283234101546637,False,0.32160445699992124
528,hypotheses_30,117.11157576996172,3.8283234101546637,False,0.3282239219988696
528,motif_0,117.11157861596027,3.828323121871669,False,0.30854667999665253
528,motif_075,117.11157665607483,3.828323319692125,False,0.32770410199736943
528,motif_225,117.11157529287796,3.828323456252431,False,0.32475668100232724
544,base,2.112972403726877,0.04026626760036984,True,0.29555376700591296
544,seeds_48,2.5056148305616697,0.07521600107403313,True,0.16142951200163225
544,seeds_72,2.5056148305616697,0.07521600107403313,True,0.2228107769988128
544,seeds_120,1.0543244512830745,0.04600622044096688,True,0.37477428399870405
544,neighbors_24,0.7825506550320994,0.033346356460703434,True,0.2110325190005824
544,neighbors_36,1.904012394965637,0.03566719465929572,True,0.2547991490064305
544,neighbors_72,1.0656738541780528,0.04605855424486778,True,0.35680486699857283
544,hypotheses_5,0.7853055967870369,0.03335338518551669,True,0.28961536299902946
544,hypotheses_10,2.112972403726877,0.04026626760036984,True,0.2925477359967772
544,hypotheses_30,2.112972403726877,0.04026626760036984,True,0.2968719639975461
544,motif_0,1.709320159217096,0.03364756878050025,True,0.2717300290023559
544,motif_075,1.6708635901125872,0.03919741698448728,True,0.29565566499513807
544,motif_225,2.112972354257173,0.04026626133546836,True,0.29642704100115225
560,base,93.59551083798033,3.4169207734922464,False,0.3446540090008057
560,seeds_48,93.59551083798033,3.4169207734922464,False,0.1927181470018695
560,seeds_72,93.59551083798033,3.4169207734922464,False,0.26437129699479556
560,seeds_120,93.59551083798033,3.4169207734922464,False,0.42676871399453375
560,neighbors_24,33.001798183855385,0.2659345068309285,False,0.24295941699529067
560,neighbors_36,8.68962757843462,0.7296467698492697,False,0.29818961499404395
560,neighbors_72,110.89353937323845,3.5050958304279587,False,0.41601122899737675
560,hypotheses_5,93.59551083798033,3.4169207734922464,False,0.3387001809969661
560,hypotheses_10,93.59551083798033,3.4169207734922464,False,0.34038117100135423
560,hypotheses_30,93.59551083798033,3.4169207734922464,False,0.3463000429983367
560,motif_0,91.33162581776179,3.3445055693834536,False,0.3196322429939755
560,motif_075,93.59535082393472,3.416915340409783,False,0.3424386629994842
560,motif_225,93.5955076339739,3.416920665995666,False,0.3453959499966004
576,base,179.21400922339788,4.634657955475601,False,0.1852897610006039
576,seeds_48,179.21400922339788,4.634657955475601,False,0.0958756199979689
576,seeds_72,179.21400922339788,4.634657955475601,False,0.13777274700260023
576,seeds_120,179.21400922339788,4.634657955475601,False,0.2140693779947469
576,neighbors_24,150.06193539008913,3.3187384888819986,False,0.14821183300227858
576,neighbors_36,142.72945104782733,3.904572476491069,False,0.16868776999763213
576,neighbors_72,142.68155716903092,3.9068577585807027,False,0.19170940299954964
576,hypotheses_5,142.56958083475593,3.910580453328814,False,0.17838088799908292
576,hypotheses_10,179.21400922339788,4.634657955475601,False,0.18178209599864203
576,hypotheses_30,179.21400922339788,4.634657955475601,False,0.1880297009993228
576,motif_0,161.10435581162815,3.7066477140346215,False,0.17496013699565083
576,motif_075,178.45260079597497,4.641659969927071,False,0.18412404300033813
576,motif_225,149.44578327042717,3.117679031891538,False,0.18273880000197096
592,base,101.03199581802973,3.5081484840957726,False,0.20856308600195916
592,seeds_48,85.82638357312244,3.2164122606778602,False,0.11127597599988803
592,seeds_72,101.03199581802973,3.5081484840957726,False,0.15823975899547804
592,seeds_120,83.49126082621581,3.1702411737106906,False,0.2495236999966437
592,neighbors_24,86.1965579814991,3.220925658356954,False,0.16560747900075512
592,neighbors_36,85.81423931593402,3.2160812135202406,False,0.19084314599604113
592,neighbors_72,83.49126069646795,3.1702411701908106,False,0.22230356599902734
592,hypotheses_5,85.82638357312244,3.2164122606778602,False,0.2024948249963927
592,hypotheses_10,85.82638357312244,3.2164122606778602,False,0.2041850660025375
592,hypotheses_30,101.03199581802973,3.5081484840957726,False,0.2113973240047926
592,motif_0,86.16205431984912,3.219642658160258,False,0.19898664399806876
592,motif_075,100.73746088579252,3.5004569638836704,False,0.20671168000262696
592,motif_225,83.4912609041427,3.1702411751988473,False,0.20762056700186804
608,base,85.60694673415279,3.0591164842845844,False,0.1556224439991638
608,seeds_48,85.64424036768229,3.056979383210042,False,0.08544635599537287
608,seeds_72,85.60678100749156,3.059094222094753,False,0.12370239500160096
608,seeds_120,85.60694673415279,3.0591164842845844,False,0.18278668700077105
608,neighbors_24,85.60684536157387,3.0591029488509336,False,0.13538459799747216
608,neighbors_36,85.6066393324952,3.059074503088253,False,0.14802303499891423
608,neighbors_72,85.61454282503128,3.0597013781959554,False,0.1626424619971658
608,hypotheses_5,85.60678100749156,3.059094222094753,False,0.15028161599911982
608,hypotheses_10,85.60694673415279,3.0591164842845844,False,0.15179608300240943
608,hypotheses_30,85.60694673415279,3.0591164842845844,False,0.15927318899775855
608,motif_0,85.61427088904195,3.0596581150797686,False,0.15006690800510114
608,motif_075,85.61502595145879,3.059774616654361,False,0.15612747900013346
608,motif_225,85.76565787494617,3.0637379108130243,False,0.15572065400192514
624,base,5.664403211363289,0.2894810158823692,True,0.2070523750007851
624,seeds_48,5.664331247558634,0.2894794305037136,True,0.10877851199620636
624,seeds_72,5.664403211363289,0.2894810158823692,True,0.15511822600092273
624,seeds_120,5.664403211363289,0.2894810158823692,True,0.24604663799982518
624,neighbors_24,5.666224242669539,0.2894273246608847,True,0.16511616799834883
624,neighbors_36,5.629376200805917,0.28846325540518913,True,0.18913329800125211
624,neighbors_72,8.28090218522464,0.3608213310203563,False,0.21986006299994187
624,hypotheses_5,5.664403211363289,0.2894810158823692,True,0.2019375250019948
624,hypotheses_10,5.664403211363289,0.2894810158823692,True,0.2039247919965419
624,hypotheses_30,5.664403211363289,0.2894810158823692,True,0.21100737799861236
624,motif_0,8.281099979715474,0.36082970776215156,False,0.20193945800565416
624,motif_075,5.66433139262968,0.28947946219759607,True,0.20924682400072925
624,motif_225,5.664402969383582,0.28948100452410713,True,0.20767932300077518
640,base,0.9889319763706174,0.04287850995798067,True,0.21741804599878378
640,seeds_48,0.9889319763706174,0.04287850995798067,True,0.11861250799847767
640,seeds_72,0.9889319763706174,0.04287850995798067,True,0.16767040899867425
640,seeds_120,0.9889319763706174,0.04287850995798067,True,0.276428858996951
640,neighbors_24,0.9904130493284211,0.04289651626907225,True,0.17010436500277137
640,neighbors_36,0.9905501740822025,0.042906159207181056,True,0.19381699400400976
640,neighbors_72,0.9518255588030838,0.046613719455532,True,0.2365780510008335
640,hypotheses_5,0.9909865733488576,0.042952898769030204,True,0.2111141079949448
640,hypotheses_10,0.9889319763706174,0.04287850995798067,True,0.21293972200510325
640,hypotheses_30,0.9889319763706174,0.04287850995798067,True,0.22052770700247493
640,motif_0,0.9905492916709645,0.04290618295417244,True,0.2049200990004465
640,motif_075,1.03617116756135,0.03942099481631404,True,0.21595618100400316
640,motif_225,0.9911112734517933,0.0429312441447502,True,0.21685251699818764
656,base,102.40538583808373,4.593516444129131,False,0.2231482670031255
656,seeds_48,72.02013787952724,4.089802480717921,False,0.11793486399983522
656,seeds_72,72.02013787952724,4.089802480717921,False,0.16749614799482515
656,seeds_120,133.1809464091252,6.180129839365924,False,0.27754630200070096
656,neighbors_24,6.650776066217369,2.647705171938053,False,0.16841543500049738
656,neighbors_36,127.08313223742853,5.683232563112539,False,0.19898362700041616
656,neighbors_72,15.471808791112657,2.217476028242113,False,0.24250284599838778
656,hypotheses_5,102.40538583808373,4.593516444129131,False,0.21700169699761318
656,hypotheses_10,102.40538583808373,4.593516444129131,False,0.21875106100196717
656,hypotheses_30,127.00908682720491,5.680487969467939,False,0.22593654099910054
656,motif_0,35.255900635842494,1.8460408813195952,False,0.21736348300328245
656,motif_075,102.41073531853847,4.5936240355399836,False,0.2239526279954589
656,motif_225,133.1542548601258,6.178592705166649,False,0.22205704399675597
672,base,1.9018351781531062,0.04086955174044339,True,0.12188912100100424
672,seeds_48,1.9018340898674817,0.04086946986098944,True,0.07333045099949231
672,seeds_72,1.9018340898674817,0.04086946986098944,True,0.09981741600495297
672,seeds_120,1.9018351781531062,0.04086955174044339,True,0.1439249920003931
672,neighbors_24,1.901776061826637,0.04086710619201597,True,0.10539989999961108
672,neighbors_36,1.90183448386125,0.040869483214690784,True,0.11410260300181108
672,neighbors_72,1.9018522274876615,0.04087058656802064,True,0.13101378999999724
672,hypotheses_5,1.9018351781531062,0.04086955174044339,True,0.11679117599851452
672,hypotheses_10,1.9018351781531062,0.04086955174044339,True,0.11803235499974107
672,hypotheses_30,1.9018340898674817,0.04086946986098944,True,0.12513479899644153
672,motif_0,1.9018463973155308,0.04087023357745035,True,0.11676653500035172
672,motif_075,1.90183480874508,0.04086954282530756,True,0.12132858500262955
672,motif_225,1.9018351780971376,0.04086955186440678,True,0.1210757389999344
688,base,8.863308485595482,0.22035324182819893,True,0.16504378600075142
688,seeds_48,8.863302596141672,0.22035373583080156,True,0.08732931900158292
688,seeds_72,8.863308485595482,0.22035324182819893,True,0.12706400300521636
688,seeds_120,8.863308485595482,0.22035324182819893,True,0.19278640099946642
688,neighbors_24,10.130508249899389,0.22878783919218185,True,0.1383181049968698
688,neighbors_36,10.130247357984583,0.22877966270271483,True,0.1583582769962959
688,neighbors_72,6.636025476297551,0.09588497124992373,True,0.1665166219972889
688,hypotheses_5,8.863308485595482,0.22035324182819893,True,0.15962453000247478
688,hypotheses_10,8.863308485595482,0.22035324182819893,True,0.16141177999816136
688,hypotheses_30,8.863308485595482,0.22035324182819893,True,0.1665515860004234
688,motif_0,10.1301972739656,0.228775728464797,True,0.15863839499797905
688,motif_075,10.131210014214272,0.2288179363546148,True,0.1647682819966576
688,motif_225,10.130371053367869,0.22878249898665454,True,0.1647681160029606
704,base,172.65648174616112,4.525359208136241,False,0.1732078949935385
704,seeds_48,162.4073079328979,4.306083452233343,False,0.09359868799947435
704,seeds_72,172.80598250465962,4.527578512677859,False,0.1338065669988282
704,seeds_120,172.8059794074461,4.527578657638061,False,0.19954726099967957
704,neighbors_24,168.77081813309783,4.639561179501588,False,0.14244388900260674
704,neighbors_36,172.65648016531,4.525358963539911,False,0.16118669700517785
704,neighbors_72,172.80595313757922,4.527579409671296,False,0.18042882100417046
704,hypotheses_5,172.65648174616112,4.525359208136241,False,0.16726862100040307
704,hypotheses_10,172.65648174616112,4.525359208136241,False,0.16859138300060295
704,hypotheses_30,172.65648174616112,4.525359208136241,False,0.17729749099817127
704,motif_0,172.80598031952283,4.5275785803942314,False,0.1669470850029029
704,motif_075,172.21302659327887,4.53535792783132,False,0.17355680599575862
704,motif_225,172.65647854189416,4.525359037351066,False,0.1727509199990891
720,base,146.55350338906374,3.2136588866176514,False,0.20802486300090095
720,seeds_48,146.55350338906374,3.2136588866176514,False,0.11190729300142266
720,seeds_72,146.55350338906374,3.2136588866176514,False,0.1564055950002512
720,seeds_120,146.55290178147962,3.213671241687421,False,0.2617341209988808
720,neighbors_24,166.32448402404188,4.209673325362541,False,0.16307070099719567
720,neighbors_36,31.7336585128039,1.1309416864976143,False,0.19132053100474877
720,neighbors_72,179.05710676723047,2.835154101841876,False,0.21873415400477825
720,hypotheses_5,166.23039627163303,4.207471589779287,False,0.20202214700111654
720,hypotheses_10,166.23039627163303,4.207471589779287,False,0.20418643100128975
720,hypotheses_30,146.55350338906374,3.2136588866176514,False,0.21120321300259093
720,motif_0,29.620652261878462,1.19540128508435,False,0.19739298700005747
720,motif_075,146.55350348977746,3.213658883925361,False,0.20798355599981733
720,motif_225,179.05695176937564,2.8351488859489025,False,0.20781179099867586
736,base,179.47447549807293,4.148431725745274,False,0.2050745000015013
736,seeds_48,85.76860571495682,4.026029601988351,False,0.1086463960018591
736,seeds_72,179.40018260237474,4.139175503370176,False,0.153055854003469
736,seeds_120,179.47447549807293,4.148431725745274,False,0.25750826399598736
736,neighbors_24,10.043872639383196,0.05029142055432052,True,0.16256972800329095
736,neighbors_36,10.038331143217725,0.050297093797981154,True,0.18584951299999375
736,neighbors_72,179.4662944583428,4.1324612803899745,False,0.2256462069999543
736,hypotheses_5,179.47447549807293,4.148431725745274,False,0.19885655499820132
736,hypotheses_10,179.47447549807293,4.148431725745274,False,0.20141579599294346
736,hypotheses_30,179.47447549807293,4.148431725745274,False,0.2089919270001701
736,motif_0,179.47447551239372,4.14843172007155,False,0.19621964800171554
736,motif_075,85.76273992160301,4.025878521232739,False,0.2043534370022826
736,motif_225,179.47447548042175,4.148431724559558,False,0.2052294540044386
752,base,2.767297366728368,0.03242849015205544,True,0.41994358700321754
752,seeds_48,2.8017595766932364,0.030885229875672666,True,0.23631043099885574
752,seeds_72,2.767297366728368,0.03242849015205544,True,0.32555798799876356
752,seeds_120,2.801075792157929,0.030898973715571192,True,0.5245034420004231
752,neighbors_24,2.724965914393503,0.031339499593752804,True,0.29707739500008756
752,neighbors_36,2.700654700176563,0.0329115731268479,True,0.3757320520016947
752,neighbors_72,2.8021127531039784,0.030879453875194383,True,0.5341456739988644
752,hypotheses_5,2.9249131805725006,0.02514772918474833,True,0.41367770900251344
752,hypotheses_10,2.873597523531587,0.02608161571449167,True,0.416611903005105
752,hypotheses_30,2.767297366728368,0.03242849015205544,True,0.4270517269978882
752,motif_0,2.799300771149312,0.030931843039943386,True,0.39189056000031997
752,motif_075,2.8010865330751473,0.03089901210153813,True,0.4206867449975107
752,motif_225,2.800970619984463,0.030902769571631874,True,0.42189090200554347
768,base,1.8961719950045273,0.044601339998711236,True,0.24491827999736415
768,seeds_48,1.8961719950045273,0.044601339998711236,True,0.1310045270001865
768,seeds_72,1.8961719950045273,0.044601339998711236,True,0.18492036200041184
768,seeds_120,1.8961719950045273,0.044601339998711236,True,0.30425281000498217
768,neighbors_24,1.954423673328229,0.04582495979965706,True,0.18151442400267115
768,neighbors_36,1.9544392728640316,0.045825259720958,True,0.21756819399888627
768,neighbors_72,1.9539937452865153,0.045813290196023794,True,0.2770645249984227
768,hypotheses_5,1.954052522331299,0.04581463601267365,True,0.23680273699574172
768,hypotheses_10,1.954052522331299,0.04581463601267365,True,0.23815536300389795
768,hypotheses_30,1.8961719950045273,0.044601339998711236,True,0.24705115100368857
768,motif_0,1.8940552454728976,0.04455715827832674,True,0.2270961470057955
768,motif_075,1.895101061743377,0.04457774620600375,True,0.24030172800121363
768,motif_225,1.8961724910788118,0.04460135349432743,True,0.24234198799968
784,base,10.52041258928765,0.4626785141372968,False,0.22700832300324691
784,seeds_48,10.52041258928765,0.4626785141372968,False,0.12128056099754758
784,seeds_72,10.52041258928765,0.4626785141372968,False,0.1722277309963829
784,seeds_120,10.52041258928765,0.4626785141372968,False,0.29391061200294644
784,neighbors_24,4.331388381452688,0.20038752289506934,True,0.17566980000265175
784,neighbors_36,4.7243256741574,0.22815362923911808,True,0.20412971699988702
784,neighbors_72,10.52041368791423,0.4626785560520775,False,0.2490764659960405
784,hypotheses_5,10.52041258928765,0.4626785141372968,False,0.22101189899694873
784,hypotheses_10,10.52041258928765,0.4626785141372968,False,0.22297824500128627
784,hypotheses_30,10.52041258928765,0.4626785141372968,False,0.23028166600124678
784,motif_0,14.467537287881877,0.612212064375571,False,0.2171539880000637
784,motif_075,6.932686812863635,0.32499991616158647,False,0.22580370200012112
784,motif_225,10.520410502466174,0.46267843562424665,False,0.22659549100353615
800,base,3.944798824091251,0.09042091261665859,True,0.24541251500340877
800,seeds_48,9.939539049605894,0.15469932765428482,True,0.12915922599495389
800,seeds_72,9.939539049605894,0.15469932765428482,True,0.18591646300046705
800,seeds_120,3.3500511487332334,0.09061936083521904,True,0.30516322499897797
800,neighbors_24,16.790566930246957,0.11156519538927391,False,0.18899713100108784
800,neighbors_36,10.807978325037766,0.12335363813805898,True,0.21773994599789148
800,neighbors_72,3.9738764464007033,0.09084401451516595,True,0.2828479259987944
800,hypotheses_5,3.944798824091251,0.09042091261665859,True,0.23956296400137944
800,hypotheses_10,3.944798824091251,0.09042091261665859,True,0.24169576999702258
800,hypotheses_30,9.939539049605894,0.15469932765428482,True,0.24873970299813664
800,motif_0,10.429717319515166,0.11910702930770072,True,0.23350595100055216
800,motif_075,13.320113572002212,0.1432434506164297,True,0.24515306799730752
800,motif_225,3.9447975451796817,0.09042093092794243,True,0.2443857480029692
816,base,31.66735145156547,1.504667318306194,False,0.2236736069971812
816,seeds_48,172.21167685839305,2.8465884608014496,False,0.11586664200149244
816,seeds_72,32.02662965668124,2.09560512440637,False,0.16616480900120223
816,seeds_120,31.66735145156547,1.504667318306194,False,0.2838627399978577
816,neighbors_24,13.4674106326917,1.9237683811229742,False,0.17272065799625125
816,neighbors_36,17.66328016605008,1.9626627905778027,False,0.19853734899515985
816,neighbors_72,31.577476809467136,1.9784194168390026,False,0.251486388995545
816,hypotheses_5,31.66735145156547,1.504667318306194,False,0.22002559699467383
816,hypotheses_10,31.66735145156547,1.504667318306194,False,0.22147581500030356
816,hypotheses_30,31.66735145156547,1.504667318306194,False,0.2255404610041296
816,motif_0,64.16240345286305,2.0748655195542223,False,0.21171262599818874
816,motif_075,31.667428751941475,1.5046671518221,False,0.22362501700263238
816,motif_225,31.667322081210354,1.504667385710275,False,0.22322729399456875
832,base,88.27963638117613,2.987003989002908,False,0.295373759996437
832,seeds_48,88.27963638117613,2.987003989002908,False,0.1649515360040823
832,seeds_72,88.27963638117613,2.987003989002908,False,0.2300016789959045
832,seeds_120,88.27963638117613,2.987003989002908,False,0.37709539399656933
832,neighbors_24,93.5653653385081,3.118126671661449,False,0.21411262799665565
832,neighbors_36,106.47001271217898,3.4266369764928477,False,0.26042449299711734
832,neighbors_72,88.27997668053276,2.987007932303455,False,0.37088276899885386
832,hypotheses_5,88.27963638117613,2.987003989002908,False,0.29370504899998195
832,hypotheses_10,88.27963638117613,2.987003989002908,False,0.29602008600340923
832,hypotheses_30,88.27963638117613,2.987003989002908,False,0.29848139600653667
832,motif_0,88.27964549233108,2.9870043519064455,False,0.2766496129988809
832,motif_075,88.27964017906748,2.987004122616024,False,0.2950585709986626
832,motif_225,88.27963405207232,2.9870039147139322,False,0.29712287100119283
848,base,4.33993485800776,0.09031322899735801,True,0.36799135799810756
848,seeds_48,4.33993485800776,0.09031322899735801,True,0.2011553880001884
848,seeds_72,4.33993485800776,0.09031322899735801,True,0.28272241199738346
848,seeds_120,4.33993485800776,0.09031322899735801,True,0.45763487899967004
848,neighbors_24,2.4897196517100086,0.10001345672471128,True,0.2532322530023521
848,neighbors_36,4.339911847604932,0.0903264454671062,True,0.31165077499463223
848,neighbors_72,4.339847390546809,0.09032658744189166,True,0.4519046060013352
848,hypotheses_5,4.33993485800776,0.09031322899735801,True,0.3612505900018732
848,hypotheses_10,4.33993485800776,0.09031322899735801,True,0.3636794510020991
848,hypotheses_30,4.33993485800776,0.09031322899735801,True,0.37129624899534974
848,motif_0,4.3399912436265415,0.09032459148414353,True,0.33762205799575895
848,motif_075,4.340405429422603,0.09032327759377926,True,0.3654472580019501
848,motif_225,4.339950561768502,0.09031305908653166,True,0.36763768200034974
864,base,1.9238665842844993,0.06013809905648281,True,0.2258571890051826
864,seeds_48,1.9238708583067075,0.06013878290002488,True,0.11945557100261794
864,seeds_72,1.9238708583067075,0.06013878290002488,True,0.16717434000020148
864,seeds_120,1.9238741780745112,0.06013907266717273,True,0.285381720001169
864,neighbors_24,1.8828925462751314,0.05967071746188972,True,0.1727987310005119
864,neighbors_36,1.9239723162988704,0.06014846986218208,True,0.2011177980020875
864,neighbors_72,1.9238664961363758,0.06013807250305998,True,0.2532486810014234
864,hypotheses_5,1.9238665842844993,0.06013809905648281,True,0.21771984500082908
864,hypotheses_10,1.9238665842844993,0.06013809905648281,True,0.21947064000414684
864,hypotheses_30,1.9238665842844993,0.06013809905648281,True,0.22703480500058504
864,motif_0,1.9238860780774258,0.06014022345401199,True,0.21602487399650272
864,motif_075,1.9238664687061895,0.06013808628804613,True,0.22469476999685867
864,motif_225,1.9238791457309823,0.06013930721501971,True,0.2226500289980322
880,base,134.71980254615679,2.608449842563975,False,0.11112086899811402
880,seeds_48,133.87263362930332,2.5697760407386676,False,0.06510146800428629
880,seeds_72,134.71980254615679,2.608449842563975,False,0.09082098200451583
880,seeds_120,134.71980254615679,2.608449842563975,False,0.13166561999969417
880,neighbors_24,164.53264811908986,2.902527699418451,False,0.10291298399533844
880,neighbors_36,146.24124227321084,2.1931362625493187,False,0.1094104959993274
880,neighbors_72,166.14308975260627,2.796945327434848,False,0.11100576199532952
880,hypotheses_5,123.1414863441755,2.722256044143541,False,0.10544371900323313
880,hypotheses_10,134.71980254615679,2.608449842563975,False,0.10746748000383377
880,hypotheses_30,134.71980254615679,2.608449842563975,False,0.11332676700112643
880,motif_0,151.43052492858544,2.801963215183503,False,0.10731327700341353
880,motif_075,135.4767435463569,2.6410944565010923,False,0.11054824500024552
880,motif_225,134.71980339057131,2.60844972796343,False,0.11058662999857916
896,base,99.67154675161518,0.8570987904248492,False,0.09190265300276224
896,seeds_48,99.67154675161518,0.8570987904248492,False,0.05403535499499412
896,seeds_72,99.67154675161518,0.8570987904248492,False,0.07317048300319584
896,seeds_120,99.67154675161518,0.8570987904248492,False,0.11038147500221385
896,neighbors_24,138.8400187204822,5.338057587843078,False,0.08727764499781188
896,neighbors_36,99.67154562459571,0.8570986872455051,False,0.09174091999739176
896,neighbors_72,99.67154702435671,0.8570988214931367,False,0.0920281939979759
896,hypotheses_5,116.60645091213469,2.957588649064622,False,0.0874089319986524
896,hypotheses_10,99.67154675161518,0.8570987904248492,False,0.08931093699357007
896,hypotheses_30,99.67154675161518,0.8570987904248492,False,0.09353638199536363
896,motif_0,99.67191186831352,0.8571428832736293,False,0.08863524900516495
896,motif_075,99.67154534949725,0.8570986511904711,False,0.09003184600442182
896,motif_225,99.67154595315223,0.8570987264505875,False,0.0926234679936897
912,base,3.057674536069692,0.04612469544560293,True,0.11200903200369794
912,seeds_48,3.057674536069692,0.04612469544560293,True,0.06922387600207003
912,seeds_72,3.057674536069692,0.04612469544560293,True,0.09147101200505858
912,seeds_120,3.057674536069692,0.04612469544560293,True,0.1335962590019335
912,neighbors_24,3.057528561364219,0.04612381798801431,True,0.0970691119946423
912,neighbors_36,3.0577459877357493,0.04612518236222304,True,0.10676234700076748
912,neighbors_72,3.057762683147231,0.046125293615646434,True,0.11686367200309178
912,hypotheses_5,3.0577154385297045,0.046125001771938734,True,0.10714324899890926
912,hypotheses_10,3.057674536069692,0.04612469544560293,True,0.10851991500385338
912,hypotheses_30,3.057674536069692,0.04612469544560293,True,0.11517131599975983
912,motif_0,3.0577220271523697,0.046125029896458045,True,0.10806707799929427
912,motif_075,3.0574917218897433,0.046123620429885555,True,0.11145071299688425
912,motif_225,3.057767977276632,0.04612536247511763,True,0.11201377499673981
928,base,104.10549054201357,2.4982384825226776,False,0.21367489799740724
928,seeds_48,110.86846620927928,2.6089275479860574,False,0.11073290000058478
928,seeds_72,110.86846620927928,2.6089275479860574,False,0.15668212600576226
928,seeds_120,97.2767202410516,2.5354902531220547,False,0.2636625559971435
928,neighbors_24,87.23730792173492,1.6224907718481159,False,0.1612486349986284
928,neighbors_36,87.23731016326397,1.6224907228675205,False,0.19177961300010793
928,neighbors_72,104.1104155005614,2.498300816774634,False,0.2324875449994579
928,hypotheses_5,104.10549054201357,2.4982384825226776,False,0.20826951999333687
928,hypotheses_10,104.10549054201357,2.4982384825226776,False,0.21017029300128343
928,hypotheses_30,104.10549054201357,2.4982384825226776,False,0.21567029200377874
928,motif_0,151.800702065415,3.096228230570832,False,0.1976562269992428
928,motif_075,87.23730716117846,1.6224908121300399,False,0.21138876500481274
928,motif_225,140.09373556013065,5.980723355818213,False,0.2145027150036185
944,base,8.751485103980851,0.11345111715622491,True,0.0759473519938183
944,seeds_48,107.13457953393821,0.751356658960493,False,0.04372104100184515
944,seeds_72,139.52101219012465,1.447493714902126,False,0.05871716999536147
944,seeds_120,8.751485103980851,0.11345111715622491,True,0.08871927400468849
944,neighbors_24,8.751485196238736,0.11345111959507426,True,0.0701670189955621
944,neighbors_36,8.751482881734738,0.1134510912243312,True,0.07410899499518564
944,neighbors_72,8.751486213622218,0.11345113013009758,True,0.07492621599521954
944,hypotheses_5,8.751485103980851,0.11345111715622491,True,0.06995408299553674
944,hypotheses_10,8.751485103980851,0.11345111715622491,True,0.07164466800168157
944,hypotheses_30,8.751485103980851,0.11345111715622491,True,0.07719303000340005
944,motif_0,8.751487469250712,0.11345114482791994,True,0.07296775199938565
944,motif_075,8.751485526007485,0.11345112207284763,True,0.07452961600210983
944,motif_225,8.75148460262456,0.11345111126889516,True,0.07518358300148975
960,base,95.06319898526604,2.247897318259285,False,0.07483580300322501
960,seeds_48,101.09473932977524,2.406265110261739,False,0.04498622000392061
960,seeds_72,95.06319898526604,2.247897318259285,False,0.05976346199895488
960,seeds_120,76.02248927365714,1.961501222066235,False,0.09070161399722565
960,neighbors_24,95.06278814136517,2.2478890628020998,False,0.07365211700380314
960,neighbors_36,95.06320479997142,2.2478974357122707,False,0.07473315999959596
960,neighbors_72,95.06319898526604,2.247897318259285,False,0.07500000699656084
960,hypotheses_5,120.51188751070598,3.5240610029160604,False,0.07015625899657607
960,hypotheses_10,95.06319898526604,2.247897318259285,False,0.07219062600051984
960,hypotheses_30,95.06319898526604,2.247897318259285,False,0.07759584100131178
960,motif_0,95.0631412508961,2.247896278856565,False,0.07339349699759623
960,motif_075,95.06317607962735,2.247896892638574,False,0.0745941139975912
960,motif_225,95.06319474357707,2.2478972179313677,False,0.0756818179943366
976,base,132.062657731836,3.5622728126594327,False,0.12956847400346305
976,seeds_48,132.062657731836,3.5622728126594327,False,0.07094189100462245
976,seeds_72,132.062657731836,3.5622728126594327,False,0.10389456499979133
976,seeds_120,132.062657731836,3.5622728126594327,False,0.15231742600008147
976,neighbors_24,124.88346764171705,3.4179891488134455,False,0.11314466499607079
976,neighbors_36,123.27672099406178,3.380305899563914,False,0.12258226800622651
976,neighbors_72,170.42017246389815,3.379510500652865,False,0.13133797999762464
976,hypotheses_5,132.062657731836,3.5622728126594327,False,0.12495909800054505
976,hypotheses_10,132.062657731836,3.5622728126594327,False,0.12642456799949287
976,hypotheses_30,132.062657731836,3.5622728126594327,False,0.12994746700132964
976,motif_0,123.27657610138745,3.380306236725471,False,0.1249458720049006
976,motif_075,132.0661227755988,3.5623753161706513,False,0.12916629000392277
976,motif_225,132.06274785822984,3.56227562145257,False,0.12920418900466757
992,base,147.13688118939334,1.1392629516776083,False,0.13993070300057298
992,seeds_48,61.12550458556546,2.164219047566529,False,0.07030240799940657
992,seeds_72,143.20416409507777,5.48398502038334,False,0.1055407909952919
992,seeds_120,147.13688118939334,1.1392629516776083,False,0.1663237949978793
992,neighbors_24,154.39045066890563,2.9325164213793755,False,0.13004275999992387
992,neighbors_36,147.13689390487454,1.13926244958195,False,0.13764613599778386
992,neighbors_72,147.1368817093156,1.1392629391690619,False,0.14025976099947002
992,hypotheses_5,147.13688118939334,1.1392629516776083,False,0.13630729199940106
992,hypotheses_10,147.13688118939334,1.1392629516776083,False,0.13838355900224997
992,hypotheses_30,147.13688118939334,1.1392629516776083,False,0.14107034300104715
992,motif_0,150.54451781482973,5.462009948244827,False,0.13476987000467489
992,motif_075,147.1368531430225,1.1392639539880414,False,0.1397305850041448
992,motif_225,143.17869646803769,5.483389972891397,False,0.1397184789966559
1008,base,9.978109683223613,0.4253526389385378,False,0.30449692100228276
1008,seeds_48,9.978109683223613,0.4253526389385378,False,0.1704387220015633
1008,seeds_72,9.978109683223613,0.4253526389385378,False,0.2353189729983569
1008,seeds_120,9.978109683223613,0.4253526389385378,False,0.38519109000480967
1008,neighbors_24,86.9288826526397,2.799266636506498,False,0.2287201850049314
1008,neighbors_36,9.994973919881138,0.42624505709434024,False,0.2697939200006658
1008,neighbors_72,9.99499517087366,0.4262466773203421,False,0.33702345700294245
1008,hypotheses_5,9.978109683223613,0.4253526389385378,False,0.2993526509962976
1008,hypotheses_10,9.978109683223613,0.4253526389385378,False,0.3012032859987812
1008,hypotheses_30,9.978109683223613,0.4253526389385378,False,0.3083304810061236
1008,motif_0,9.978104591895892,0.4253524311922069,False,0.2855271449952852
1008,motif_075,9.97811673903935,0.42535302746299136,False,0.30488011500710854
1008,motif_225,9.97810966935121,0.42535262502769916,False,0.3057922000007238
1024,base,120.48609189668984,4.657406279807747,False,0.2069756819983013
1024,seeds_48,120.48609189668984,4.657406279807747,False,0.10628730899770744
1024,seeds_72,120.48609189668984,4.657406279807747,False,0.15026909800508292
1024,seeds_120,120.48609189668984,4.657406279807747,False,0.2646261739937472
1024,neighbors_24,124.59702953549156,4.727909829453534,False,0.16472288200020557
1024,neighbors_36,117.1175586520569,4.571039016455701,False,0.19176516000152333
1024,neighbors_72,120.48004772882807,4.657339643664128,False,0.21376556900213473
1024,hypotheses_5,120.48609189668984,4.657406279807747,False,0.19848392600397347
1024,hypotheses_10,120.48609189668984,4.657406279807747,False,0.2008632579963887
1024,hypotheses_30,120.48609189668984,4.657406279807747,False,0.20789845200488344
1024,motif_0,120.48466278447275,4.657388871814243,False,0.19639205899875378
1024,motif_075,120.48464594458441,4.657388682424071,False,0.20524127699900419
1024,motif_225,120.4860841269407,4.657406191157746,False,0.2040598290041089
1040,base,72.35018333638196,3.1866588645249467,False,0.19692570999905
1040,seeds_48,177.31052532242683,2.9192040885047756,False,0.10174207600357477
1040,seeds_72,177.31052532242683,2.9192040885047756,False,0.14757196699792985
1040,seeds_120,174.67869068612418,3.090077012848616,False,0.23358995300077368
1040,neighbors_24,92.08715819067996,3.2671759803047595,False,0.15688229900115402
1040,neighbors_36,176.26257734472364,3.1249830343383076,False,0.18317436199868098
1040,neighbors_72,177.24433076676237,3.0789466352886974,False,0.21143961499910802
1040,hypotheses_5,72.35018333638196,3.1866588645249467,False,0.19179480599996168
1040,hypotheses_10,72.35018333638196,3.1866588645249467,False,0.19307397300144657
1040,hypotheses_30,72.35018333638196,3.1866588645249467,False,0.20013274699886097
1040,motif_0,157.06544147830286,3.075114751777696,False,0.18882425800256897
1040,motif_075,72.35017690138554,3.186659078303051,False,0.1966305879977881
1040,motif_225,178.1773814589183,2.7689590717345545,False,0.19715082999755396
1056,base,6.970992781633362,0.19420626854257164,True,0.35251944600167917
1056,seeds_48,6.970992781633362,0.19420626854257164,True,0.19669518600130687
1056,seeds_72,6.970992781633362,0.19420626854257164,True,0.27010566900571575
1056,seeds_120,6.970992781633362,0.19420626854257164,True,0.4404004680036451
1056,neighbors_24,11.510590555982459,0.3115313900012064,False,0.24661868600378511
1056,neighbors_36,11.790500332163859,0.31846726287049953,False,0.3060874560032971
1056,neighbors_72,6.971977951807844,0.194227055407569,True,0.44109257100353716
1056,hypotheses_5,11.512776438439275,0.3115860286993437,False,0.3472831920007593
1056,hypotheses_10,6.970992781633362,0.19420626854257164,True,0.3506237570036319
1056,hypotheses_30,6.970992781633362,0.19420626854257164,True,0.3585760450005182
1056,motif_0,6.972245342796313,0.19423508153548386,True,0.3261211130011361
1056,motif_075,6.9715718855544715,0.19421512215592798,True,0.3515718120033853
1056,motif_225,6.971934086399259,0.19422581345419165,True,0.35661925099702785
1072,base,1.6540620626201392,0.13457476503382965,True,0.30743314700521296
1072,seeds_48,1.6422169806714817,0.13374915871907328,True,0.16953481100063073
1072,seeds_72,1.6422169806714817,0.13374915871907328,True,0.23625939799967455
1072,seeds_120,1.689735050141671,0.13718097012904873,True,0.3861274860028061
1072,neighbors_24,3.265304564236007,0.2428225139376941,True,0.21737309199670563
1072,neighbors_36,1.6897899555365774,0.13718409473443927,True,0.26658144500106573
1072,neighbors_72,2.0293930519507315,0.095186443576297,True,0.3657134160021087
1072,hypotheses_5,1.6540620626201392,0.13457476503382965,True,0.3012241329997778
1072,hypotheses_10,1.6540620626201392,0.13457476503382965,True,0.30373605599743314
1072,hypotheses_30,1.6540620626201392,0.13457476503382965,True,0.30994484000257216
1072,motif_0,1.6505460099545946,0.13469795135353038,True,0.2845450270033325
1072,motif_075,1.6897834808142522,0.13718319632940806,True,0.30993196000054013
1072,motif_225,1.6897278793448287,0.1371805299047173,True,0.3082748020024155
1088,base,6.245893573949038,0.13438503201675484,True,0.23717247300373856
1088,seeds_48,8.086368922073714,0.17836244998621892,True,0.1286646990047302
1088,seeds_72,8.086368922073714,0.17836244998621892,True,0.17893951699807076
1088,seeds_120,6.245893573949038,0.13438503201675484,True,0.30063683399930596
1088,neighbors_24,8.085837293436994,0.1783482393831603,True,0.1771195399996941
1088,neighbors_36,7.960474577020785,0.18288260950878094,True,0.2108856740014744
1088,neighbors_72,8.085833993594356,0.1783482479551435,True,0.2625051639988669
1088,hypotheses_5,8.086426665090993,0.17836255547130295,True,0.23090896599751431
1088,hypotheses_10,8.086368922073714,0.17836244998621892,True,0.23219909399631433
1088,hypotheses_30,6.245893573949038,0.13438503201675484,True,0.24006532299972605
1088,motif_0,6.236424609607688,0.13420959765046164,True,0.21869385800528107
1088,motif_075,6.237757133836522,0.13420150038964906,True,0.23493600999790942
1088,motif_225,7.960481242579401,0.18288014701097638,True,0.23559923600259935
1104,base,8.03004314353705,0.09792141997341403,True,0.1976835489986115
1104,seeds_48,8.030025690505905,0.09792103146872587,True,0.10300602100323886
1104,seeds_72,115.52129413978237,2.836706253099206,False,0.14765317300043534
1104,seeds_120,8.03004314353705,0.09792141997341403,True,0.2399505289940862
1104,neighbors_24,8.030081070872978,0.09792084771826026,True,0.15857519400015008
1104,neighbors_36,8.030058051727757,0.09792113082480006,True,0.17972617099439958
1104,neighbors_72,5.3898747456635405,0.12498896481499848,True,0.21242554700438632
1104,hypotheses_5,8.03004314353705,0.09792141997341403,True,0.19380241599719739
1104,hypotheses_10,8.03004314353705,0.09792141997341403,True,0.19517084400285967
1104,hypotheses_30,8.03004314353705,0.09792141997341403,True,0.1996230110016768
1104,motif_0,8.030048225982954,0.0979213090746075,True,0.18862106199958362
1104,motif_075,8.03004327825316,0.09792141552603426,True,0.19713176199729787
1104,motif_225,5.389877870831996,0.12498898290476033,True,0.19924388099752832
1120,base,119.12870630728136,1.1700288663356289,False,0.2375041209961637
1120,seeds_48,119.12870630728136,1.1700288663356289,False,0.12482511100097327
1120,seeds_72,119.12870630728136,1.1700288663356289,False,0.17892697399656754
1120,seeds_120,88.78746412624359,3.1377554135475636,False,0.30376515600073617
1120,neighbors_24,119.25769667656661,2.0181668564986195,False,0.17783534499903908
1120,neighbors_36,172.99314820698618,2.9459885266908548,False,0.21021367000503233
1120,neighbors_72,119.11341727170853,1.1706025215481906,False,0.26535304699791595
1120,hypotheses_5,88.78746412624359,3.1377554135475636,False,0.2318167289995472
1120,hypotheses_10,88.78746412624359,3.1377554135475636,False,0.23369726199598517
1120,hypotheses_30,119.12870630728136,1.1700288663356289,False,0.24059202200442087
1120,motif_0,117.39766341500574,1.2342712727478555,False,0.22862247900047805
1120,motif_075,172.9916150364952,2.94599143536956,False,0.23738061200128868
1120,motif_225,119.1110268379707,1.1706992851434255,False,0.23493477999727475
1136,base,19.93659497287352,2.1182199632524474,False,0.2459057189989835
1136,seeds_48,19.93659497287352,2.1182199632524474,False,0.14061460499942768
1136,seeds_72,19.93659497287352,2.1182199632524474,False,0.19098024500272004
1136,seeds_120,19.93659497287352,2.1182199632524474,False,0.31397086300421506
1136,neighbors_24,7.448003534033593,2.125089716742601,False,0.1868988369969884
1136,neighbors_36,179.4515383118576,3.3060680636902315,False,0.21825190100207692
1136,neighbors_72,179.50613091194393,3.317904349820075,False,0.28805366899905493
1136,hypotheses_5,19.93659497287352,2.1182199632524474,False,0.24203938800201286
1136,hypotheses_10,19.93659497287352,2.1182199632524474,False,0.24439140100002987
1136,hypotheses_30,19.93659497287352,2.1182199632524474,False,0.2521769730010419
1136,motif_0,19.936596067805407,2.1182203298215034,False,0.2343688929977361
1136,motif_075,19.93659449677751,2.118219992053367,False,0.24718847800249932
1136,motif_225,19.93659528202045,2.1182199453721084,False,0.24934660099825123
1152,base,75.90169476873884,3.7706477313729394,False,0.33353124799759826
1152,seeds_48,89.76143587784131,4.380145429896971,False,0.18762690899893641
1152,seeds_72,89.76143587784131,4.380145429896971,False,0.25571913800376933
1152,seeds_120,148.07327850444528,4.00141953092953,False,0.4169869399993331
1152,neighbors_24,167.72268130709887,4.014722942034922,False,0.23962598200159846
1152,neighbors_36,92.6419909417554,1.4748171583115903,False,0.28631794799730415
1152,neighbors_72,106.92254417600138,2.5986093359629634,False,0.40870151900162455
1152,hypotheses_5,88.1242418554749,4.138158004197346,False,0.3281092709949007
1152,hypotheses_10,152.24428476018724,4.616670442328113,False,0.33048748400324257
1152,hypotheses_30,75.90169476873884,3.7706477313729394,False,0.3372210779998568
1152,motif_0,173.33917353470702,5.278688270109547,False,0.3136715210057446
1152,motif_075,88.12424185670594,4.138158407326345,False,0.33424355600436684
1152,motif_225,160.05085484810246,5.474619644260578,False,0.33318426899495535
1168,base,2.3053539056448726,0.1040024947851588,True,0.295115157001419
1168,seeds_48,2.3053539056448726,0.1040024947851588,True,0.16795365900179604
1168,seeds_72,2.3053539056448726,0.1040024947851588,True,0.22906540799885988
1168,seeds_120,2.456844949774057,0.11030599272323195,True,0.3737801329989452
1168,neighbors_24,2.456871977382695,0.11030655075834099,True,0.22171754999726545
1168,neighbors_36,2.305332896482914,0.10400166375464093,True,0.2587294430049951
1168,neighbors_72,2.4568710462318983,0.11030653397382437,True,0.350705419004953
1168,hypotheses_5,2.3053566628740234,0.10400258458436204,True,0.2887840839975979
1168,hypotheses_10,2.3053566628740234,0.10400258458436204,True,0.29055155200330773
1168,hypotheses_30,2.3053539056448726,0.1040024947851588,True,0.2982650779958931
1168,motif_0,2.3053003939288623,0.1040000824299062,True,0.28489932999946177
1168,motif_075,2.305066325018037,0.10399211420261165,True,0.2942514349997509
1168,motif_225,2.3053528441629108,0.10400239817372586,True,0.2940109269984532
1184,base,5.887706796364071,0.21568746246329437,True,0.31137943599605933
1184,seeds_48,5.887706796364071,0.21568746246329437,True,0.1719728620009846
1184,seeds_72,5.887706796364071,0.21568746246329437,True,0.23863053700188175
1184,seeds_120,5.887706796364071,0.21568746246329437,True,0.39146379999874625
1184,neighbors_24,7.546527807698618,0.23601546834500317,True,0.22811345599620836
1184,neighbors_36,1.668477376035751,0.07523511936181368,True,0.2721165149996523
1184,neighbors_72,5.909267990937597,0.2164470931171763,True,0.3613814639975317
1184,hypotheses_5,5.887706796364071,0.21568746246329437,True,0.3040738300041994
1184,hypotheses_10,5.887706796364071,0.21568746246329437,True,0.30657957200310193
1184,hypotheses_30,5.887706796364071,0.21568746246329437,True,0.31464263499947265
1184,motif_0,5.886199701321798,0.21560336921624557,True,0.2923614940009429
1184,motif_075,5.887731068385345,0.21568818802629422,True,0.30831163300172193
1184,motif_225,5.888438274747997,0.21571668867744123,True,0.3117304640036309
1200,base,76.98922054959091,2.931681447743435,False,0.2883227510028519
1200,seeds_48,179.95389072064293,4.07297589045893,False,0.1556366579970927
1200,seeds_72,76.98922054959091,2.931681447743435,False,0.21607973799837055
1200,seeds_120,76.98922054959091,2.931681447743435,False,0.36432431299908785
1200,neighbors_24,76.9877494225944,2.931572432402961,False,0.2090231979964301
1200,neighbors_36,69.08892844026187,2.020212772483663,False,0.2449170729960315
1200,neighbors_72,76.98684820390274,2.9315009471948743,False,0.3393447259950335
1200,hypotheses_5,76.98922054959091,2.931681447743435,False,0.28249776199663756
1200,hypotheses_10,76.98922054959091,2.931681447743435,False,0.28459885899792425
1200,hypotheses_30,76.98922054959091,2.931681447743435,False,0.29083662800258026
1200,motif_0,76.98929976340311,2.9316861764768216,False,0.268526831001509
1200,motif_075,76.98309229447815,2.931200909429559,False,0.28196471700357506
1200,motif_225,76.98690896119695,2.931506309844802,False,0.2896705840030336
1216,base,6.893620962942259,2.2883231641694413,False,0.3286734220018843
1216,seeds_48,6.908239397855117,2.2882939720697717,False,0.18014477899851045
1216,seeds_72,4.821136230136521,2.3091353935030137,False,0.25616654899931746
1216,seeds_120,6.893620962942259,2.2883231641694413,False,0.4169533809981658
1216,neighbors_24,17.087444041205462,3.4438450016699633,False,0.23391297699708957
1216,neighbors_36,19.972571441019358,2.2481667969259034,False,0.2822579760031658
1216,neighbors_72,6.904598585377444,2.2883029492272544,False,0.40178130399726797
1216,hypotheses_5,6.893620962942259,2.2883231641694413,False,0.3222153110036743
1216,hypotheses_10,6.893620962942259,2.2883231641694413,False,0.3257217149948701
1216,hypotheses_30,6.893620962942259,2.2883231641694413,False,0.331767495998065
1216,motif_0,6.9083428878040305,2.28829402514892,False,0.30525401100021554
1216,motif_075,6.908280808635505,2.288293735400432,False,0.32929267599683953
1216,motif_225,4.814760466389575,2.309346456923983,False,0.3299688309998601
1232,base,4.429935311055681,0.1407182214342083,True,0.35593103199789766
1232,seeds_48,4.429935311055681,0.1407182214342083,True,0.20192587400379125
1232,seeds_72,4.429935311055681,0.1407182214342083,True,0.27840055499837035
1232,seeds_120,4.429935311055681,0.1407182214342083,True,0.44602165200194577
1232,neighbors_24,4.029231288436561,0.12944338996559415,True,0.2537681799949496
1232,neighbors_36,4.046822009195487,0.1298708809431602,True,0.3091573839992634
1232,neighbors_72,4.425788329391442,0.14060997621941482,True,0.44746972800203366
1232,hypotheses_5,4.494735608627579,0.14245861400084486,True,0.3495530569998664
1232,hypotheses_10,4.429935311055681,0.1407182214342083,True,0.35210205399926053
1232,hypotheses_30,4.429935311055681,0.1407182214342083,True,0.36089230100333225
1232,motif_0,4.4281545774912825,0.14066698421252627,True,0.3314368959981948
1232,motif_075,4.046654935958135,0.12986641687661105,True,0.3571973069992964
1232,motif_225,4.494376254486898,0.1424485190364507,True,0.3567321929949685
1248,base,2.312981508680457,0.050089950908173315,True,0.18526711499725934
1248,seeds_48,2.312981508680457,0.050089950908173315,True,0.0964696549999644
1248,seeds_72,2.312981508680457,0.050089950908173315,True,0.14021899700310314
1248,seeds_120,2.312981508680457,0.050089950908173315,True,0.21142428899474908
1248,neighbors_24,2.312594677318381,0.05021232780628764,True,0.14891420200001448
1248,neighbors_36,2.312995248301948,0.05009118108396455,True,0.16932661199825816
1248,neighbors_72,2.3129719442032046,0.0500890626253327,True,0.1949552070000209
1248,hypotheses_5,2.312981508680457,0.050089950908173315,True,0.17904497299605282
1248,hypotheses_10,2.312981508680457,0.050089950908173315,True,0.1802598729991587
1248,hypotheses_30,2.312981508680457,0.050089950908173315,True,0.18591841599845793
1248,motif_0,2.3129810952977805,0.05008992649581214,True,0.17403458899934776
1248,motif_075,2.3129814496383125,0.05008994534127495,True,0.18394477200490655
1248,motif_225,2.312981578389129,0.05008995415491961,True,0.18420236500242027
1264,base,2.6215879129301354,0.08111303245288522,True,0.26555731499684043
1264,seeds_48,2.6215879129301354,0.08111303245288522,True,0.1424827520022518
1264,seeds_72,2.6215879129301354,0.08111303245288522,True,0.2002751569962129
1264,seeds_120,2.6215879129301354,0.08111303245288522,True,0.3345780969975749
1264,neighbors_24,3.4036824591326256,0.10049921306679191,True,0.1938209520012606
1264,neighbors_36,2.621591863910486,0.08111312802822232,True,0.22903618400596315
1264,neighbors_72,2.3065298729551453,0.07384020163795886,True,0.31521849899581866
1264,hypotheses_5,2.6202674743593013,0.08107992974950731,True,0.25693206900177756
1264,hypotheses_10,2.6215879129301354,0.08111303245288522,True,0.2588877849993878
1264,hypotheses_30,2.6215879129301354,0.08111303245288522,True,0.26673820200085174
1264,motif_0,2.6218037815323525,0.08111820026093142,True,0.250670136003464
1264,motif_075,2.2227214750151267,0.07223856608917684,True,0.26287475900608115
1264,motif_225,2.6215669691725756,0.08111253654845144,True,0.2635290510006598
1280,base,1.5004232749160624,0.025598255542383205,True,0.31463220399746206
1280,seeds_48,0.420319642609432,0.04107274019349086,True,0.1751928930025315
1280,seeds_72,0.420319642609432,0.04107274019349086,True,0.2456098020047648
1280,seeds_120,1.5004232749160624,0.025598255542383205,True,0.395058075999259
1280,neighbors_24,0.5290026326372006,0.04109285441147525,True,0.22581766000075731
1280,neighbors_36,2.1467197055810905,0.06385626711223033,True,0.2708312769973418
1280,neighbors_72,2.1290756481936204,0.08359407490389796,True,0.39283333699859213
1280,hypotheses_5,1.5004232749160624,0.025598255542383205,True,0.3108014430035837
1280,hypotheses_10,1.5004232749160624,0.025598255542383205,True,0.3122927129952586
1280,hypotheses_30,0.420319642609432,0.04107274019349086,True,0.32026253200456267
1280,motif_0,11.822405669773413,0.4629049169966638,False,0.29380329699779395
1280,motif_075,1.5004572140218,0.02559906254359598,True,0.31190721500024665
1280,motif_225,2.0538019268774335,0.08165679899461871,True,0.3160425660025794
1296,base,3.4136030280732963,0.1803017862634202,True,0.3722595720028039
1296,seeds_48,12.505526153885603,0.733965016931343,False,0.20765916600066703
1296,seeds_72,12.505526153885603,0.733965016931343,False,0.28609190100542037
1296,seeds_120,3.4136030280732963,0.1803017862634202,True,0.46937184700072976
1296,neighbors_24,11.938713393021585,0.725120034206698,False,0.2646074590011267
1296,neighbors_36,5.344758192733363,0.29588370456914453,True,0.3227189000026556
1296,neighbors_72,10.331876518697127,0.6482856760810841,False,0.46375033600634197
1296,hypotheses_5,3.4136030280732963,0.1803017862634202,True,0.3659196369990241
1296,hypotheses_10,3.4136030280732963,0.1803017862634202,True,0.36761067000043113
1296,hypotheses_30,3.4136030280732963,0.1803017862634202,True,0.37521772499894723
1296,motif_0,2.8637461056803244,0.1479348653562055,True,0.34956465299910633
1296,motif_075,12.505886714328867,0.7339943802513775,False,0.3747111650009174
1296,motif_225,3.4134450625705597,0.180290311155451,True,0.37297735899483087
1312,base,163.70842452466243,3.270500604405605,False,0.43388615699950606
1312,seeds_48,178.22764036913975,3.141901658799372,False,0.2456983259980916
1312,seeds_72,163.70842452466243,3.270500604405605,False,0.3351624270071625
1312,seeds_120,2.588592519265531,0.08052664884646134,True,0.5363700469970354
1312,neighbors_24,2.5885876438630255,0.08052649789344547,True,0.3034273680023034
1312,neighbors_36,2.588578234423141,0.08052639689298544,True,0.3671295270032715
1312,neighbors_72,2.5901121207686453,0.08060163322231458,True,0.5374581270007184
1312,hypotheses_5,178.22764036913975,3.141901658799372,False,0.42495277599664405
1312,hypotheses_10,178.22764036913975,3.141901658799372,False,0.4282239070016658
1312,hypotheses_30,163.70842452466243,3.270500604405605,False,0.43740448099561036
1312,motif_0,97.41950722586951,3.3225079219739313,False,0.39454094500251813
1312,motif_075,175.04706099497886,3.154937953386943,False,0.4305707320017973
1312,motif_225,2.5885846641785113,0.0805264118398202,True,0.4314512900018599
1328,base,7.114515370034094,0.13688142305530204,True,0.11979008200432872
1328,seeds_48,6.65413735430311,0.13596232704794176,True,0.07066533099714434
1328,seeds_72,6.654037603817863,0.1359610290524935,True,0.09880485300527653
1328,seeds_120,7.114515370034094,0.13688142305530204,True,0.14126284299709368
1328,neighbors_24,4.644194836138617,0.11417337902761668,True,0.1082815610061516
1328,neighbors_36,7.124405669730676,0.13684592802166096,True,0.11654554800043115
1328,neighbors_72,7.114513254702346,0.13688134899098597,True,0.12086285899567883
1328,hypotheses_5,7.114515370034094,0.13688142305530204,True,0.11491443999693729
1328,hypotheses_10,7.114515370034094,0.13688142305530204,True,0.1162228219982353
1328,hypotheses_30,7.114515370034094,0.13688142305530204,True,0.12272512399795232
1328,motif_0,6.587901333225021,0.13100987650822127,True,0.11528435999935027
1328,motif_075,7.114518100154619,0.13688134679889485,True,0.11875781599519541
1328,motif_225,7.114513612829066,0.13688145469216215,True,0.12113319899799535
1344,base,179.23962116100964,3.0636784201759526,False,0.2766547970022657
1344,seeds_48,179.23962116100964,3.0636784201759526,False,0.15230071500263875
1344,seeds_72,179.23962116100964,3.0636784201759526,False,0.20788569300202653
1344,seeds_120,179.06186710048016,3.0148972360040864,False,0.3485321699990891
1344,neighbors_24,179.20487104557608,3.009543693967772,False,0.20856536099745426
1344,neighbors_36,179.03046259224715,2.9849712375827133,False,0.24124365799798397
1344,neighbors_72,179.03050473942227,2.9849669140011135,False,0.32093633100157604
1344,hypotheses_5,5.391078751565807,0.11489870385633275,True,0.2706675180015736
1344,hypotheses_10,179.06186710048016,3.0148972360040864,False,0.27320775899715954
1344,hypotheses_30,179.23962116100964,3.0636784201759526,False,0.28041934800421586
1344,motif_0,179.02970516200315,2.9756267524647297,False,0.2610473969980376
1344,motif_075,179.02969583381326,2.9756282560656198,False,0.27392926199536305
1344,motif_225,179.06186706925308,3.0148972882425635,False,0.27662768000300275
1360,base,12.039088048776444,0.19525426999573633,True,0.1772975670028245
1360,seeds_48,5.251427837239193,0.10183415828258062,True,0.09328964399901452
1360,seeds_72,12.039088048776444,0.19525426999573633,True,0.135602973998175
1360,seeds_120,12.039088048776444,0.19525426999573633,True,0.2057720029988559
1360,neighbors_24,11.429847097208132,0.1923543346924993,True,0.1480894479973358
1360,neighbors_36,12.050929508128283,0.19633052896578485,True,0.16430524099996546
1360,neighbors_72,11.351424821515584,0.18348280869157965,True,0.18574505799915642
1360,hypotheses_5,12.050986692715213,0.19633091582047768,True,0.17097894500329858
1360,hypotheses_10,12.039088048776444,0.19525426999573633,True,0.17239549600344617
1360,hypotheses_30,12.039088048776444,0.19525426999573633,True,0.1794242679970921
1360,motif_0,12.050993961183266,0.19633095554085508,True,0.17075606399885146
1360,motif_075,12.050988087259299,0.1963309207395399,True,0.17563849400175968
1360,motif_225,12.050923760280078,0.19633054355528695,True,0.17494726199947763
1376,base,92.55711651198295,4.303710857300834,False,0.23408530699816765
1376,seeds_48,163.83048905014977,6.157844983733641,False,0.12438219000614481
1376,seeds_72,81.49276843635008,3.8403920335437993,False,0.1753559619974112
1376,seeds_120,92.55711651198295,4.303710857300834,False,0.29961548400024185
1376,neighbors_24,179.7051490070493,3.882535161759938,False,0.17885845300043002
1376,neighbors_36,179.6995777973554,3.883273764791142,False,0.20846869699744275
1376,neighbors_72,179.69958013218394,3.883273460704882,False,0.2565595599953667
1376,hypotheses_5,92.55711651198295,4.303710857300834,False,0.22622310600127093
1376,hypotheses_10,92.55711651198295,4.303710857300834,False,0.22797771399928024
1376,hypotheses_30,81.49276843635008,3.8403920335437993,False,0.23550955099926796
1376,motif_0,81.49278985846122,3.840392356206938,False,0.22624852399894735
1376,motif_075,92.5571109847098,4.303710688817254,False,0.23313487899577012
1376,motif_225,92.55711936216763,4.303710944178153,False,0.23162871199747315
1392,base,120.5718002028174,1.9325980818836392,False,0.22903122199932113
1392,seeds_48,106.95648614650148,1.2605663620585739,False,0.12340778100042371
1392,seeds_72,120.5718002028174,1.9325980818836392,False,0.17376896800124086
1392,seeds_120,120.56870655795355,1.9329190932967792,False,0.2875254790051258
1392,neighbors_24,121.10462392606038,1.9369837798594018,False,0.17201637200196274
1392,neighbors_36,120.66513724404058,1.8987980154647577,False,0.20364091000374174
1392,neighbors_72,106.96883844183986,1.261200651409268,False,0.26375840199762024
1392,hypotheses_5,120.56870655795355,1.9329190932967792,False,0.22253715099941473
1392,hypotheses_10,120.56870655795355,1.9329190932967792,False,0.22441489299671957
1392,hypotheses_30,120.5718002028174,1.9325980818836392,False,0.23264294900582172
1392,motif_0,120.69804287226688,1.9267923747745799,False,0.2193419190007262
1392,motif_075,120.57113183016955,1.9326637539478706,False,0.2279974039993249
1392,motif_225,120.57179686779804,1.9325983724514189,False,0.22816300699923886
1408,base,3.9367846582948824,0.08109144972911089,True,0.12023430800036294
1408,seeds_48,3.9367846582948824,0.08109144972911089,True,0.07270141800108831
1408,seeds_72,3.9367846582948824,0.08109144972911089,True,0.09834300100192195
1408,seeds_120,3.9367899817819922,0.08109156497804142,True,0.1419624769987422
1408,neighbors_24,3.9358556701806657,0.08108048820620216,True,0.1048054470011266
1408,neighbors_36,3.9368117131776685,0.08109213107131463,True,0.11281145899556577
1408,neighbors_72,3.9362078397591898,0.08108045302536313,True,0.12228361100278562
1408,hypotheses_5,3.9368061754158568,0.08109174440475515,True,0.11439732900180388
1408,hypotheses_10,3.9367846582948824,0.08109144972911089,True,0.11628075800399529
1408,hypotheses_30,3.9367846582948824,0.08109144972911089,True,0.12335761599388206
1408,motif_0,3.9367754100433947,0.08109170918513375,True,0.11676153599546524
1408,motif_075,3.936806126196697,0.08109174430858898,True,0.11916827099776128
1408,motif_225,3.936799645407098,0.08109166689628805,True,0.11944112299534027
1424,base,1.952248409869025,0.046756151181909594,True,0.38377166500140447
1424,seeds_48,5.542767009657762,0.2463302882219162,True,0.2141116770071676
1424,seeds_72,1.952248409869025,0.046756151181909594,True,0.29766876899520867
1424,seeds_120,1.952248409869025,0.046756151181909594,True,0.4796216530012316
1424,neighbors_24,17.98493053649285,0.6723344899170124,False,0.26900836799904937
1424,neighbors_36,1.951850853524864,0.04674200763237601,True,0.3290416979943984
1424,neighbors_72,50.48232623749246,1.5313674736698597,False,0.4823298289993545
1424,hypotheses_5,1.952248409869025,0.046756151181909594,True,0.3792679220059654
1424,hypotheses_10,1.952248409869025,0.046756151181909594,True,0.3811329119998845
1424,hypotheses_30,1.952248409869025,0.046756151181909594,True,0.3896168729988858
1424,motif_0,142.20376233448948,1.6475298042193989,False,0.35720759900141275
1424,motif_075,2.7081624927538197,0.1260562316779582,True,0.38576370899681933
1424,motif_225,5.542562834298276,0.24632338572169463,True,0.38667205599631416
1440,base,149.19957991601342,2.897250359419159,False,0.26728138200269314
1440,seeds_48,149.19957991601342,2.897250359419159,False,0.14520305299811298
1440,seeds_72,149.19957991601342,2.897250359419159,False,0.20124498799850699
1440,seeds_120,149.19957991601342,2.897250359419159,False,0.33491679500002647
1440,neighbors_24,149.2104094502843,2.897149053346406,False,0.19561965000320924
1440,neighbors_36,149.20297353755922,2.8972360978892198,False,0.23560520500177518
1440,neighbors_72,154.7158341177197,2.338936173652287,False,0.309189110994339
1440,hypotheses_5,94.84782189428522,1.541968600883507,False,0.25781977899896447
1440,hypotheses_10,149.19957991601342,2.897250359419159,False,0.260118562997377
1440,hypotheses_30,149.19957991601342,2.897250359419159,False,0.2680920700004208
1440,motif_0,149.19959702165747,2.8972336618703536,False,0.2449396970041562
1440,motif_075,149.19958680571185,2.8972504259468796,False,0.2639752309987671
1440,motif_225,149.1995756975258,2.8972503183032416,False,0.26502311600052053
1456,base,1.9689997681665263,0.0315147869828258,True,0.2092179280007258
1456,seeds_48,1.9689614036665608,0.03151401349725649,True,0.11271527400094783
1456,seeds_72,1.9689614036665608,0.03151401349725649,True,0.16118354199716123
1456,seeds_120,1.9846696811845175,0.031964192533437796,True,0.24476824099838268
1456,neighbors_24,1.9692342096548165,0.03151956482283387,True,0.16863298899988877
1456,neighbors_36,1.969031645112379,0.03151546019839159,True,0.19356861199776176
1456,neighbors_72,1.96906009350087,0.03151605197639736,True,0.2340411530021811
1456,hypotheses_5,1.9845579286559831,0.03196181854062116,True,0.2030012409959454
1456,hypotheses_10,1.9846696811845175,0.031964192533437796,True,0.20527115199365653
1456,hypotheses_30,1.9689609676208848,0.03151400483510865,True,0.21390858900122112
1456,motif_0,1.9690616926123785,0.03151600149877658,True,0.20079112499661278
1456,motif_075,1.9690543116975434,0.031515852270128895,True,0.2096112750004977
1456,motif_225,1.9690055152289694,0.03151490438305773,True,0.20897385200078133
1472,base,179.43397609764878,4.121752566877295,False,0.22814661599841202
1472,seeds_48,179.37750825424405,4.129152308502641,False,0.12139985200337833
1472,seeds_72,179.43397609764878,4.121752566877295,False,0.1682246779964771
1472,seeds_120,179.43397609764878,4.121752566877295,False,0.2909220630026539
1472,neighbors_24,179.58322485069675,4.104764798396771,False,0.17527595200226642
1472,neighbors_36,179.54638497732242,4.080662694113856,False,0.20573926100041717
1472,neighbors_72,178.99433901812804,4.147044194280955,False,0.24957164600346005
1472,hypotheses_5,179.37750825424405,4.129152308502641,False,0.22204498299834086
1472,hypotheses_10,179.43397609764878,4.121752566877295,False,0.22417678499914473
1472,hypotheses_30,179.43397609764878,4.121752566877295,False,0.2318881430037436
1472,motif_0,179.02187042456498,4.146616550745525,False,0.21710377300041728
1472,motif_075,179.3775202207435,4.129151892193863,False,0.22615206299815327
1472,motif_225,179.02194513211683,4.146614611250324,False,0.22761605499545112
1488,base,96.24216014185943,0.2643044116373586,False,0.2884541300009005
1488,seeds_48,96.3088061878303,0.2756432117850515,False,0.15605666300689336
1488,seeds_72,96.3088061878303,0.2756432117850515,False,0.2200575030001346
1488,seeds_120,96.24216014185943,0.2643044116373586,False,0.36019733200373594
1488,neighbors_24,96.24075678053902,0.26443109745495397,False,0.21395676900283433
1488,neighbors_36,96.24103281938538,0.26432273277771096,False,0.25381403799838154
1488,neighbors_72,96.24237907533514,0.2643008003119243,False,0.33498719499766594
1488,hypotheses_5,96.24216014185943,0.2643044116373586,False,0.28267795600550016
1488,hypotheses_10,96.24216014185943,0.2643044116373586,False,0.28478517300391104
1488,hypotheses_30,96.24216014185943,0.2643044116373586,False,0.292076598998392
1488,motif_0,96.24787956954307,0.2641139156520757,False,0.27555414200469386
1488,motif_075,96.24299733141136,0.26438785364233713,False,0.28822880100051407
1488,motif_225,96.24212554178708,0.26430510323139667,False,0.287865395002882
1504,base,18.846778151727083,0.9011363762842337,False,0.21075293399917427
1504,seeds_48,18.846778151727083,0.9011363762842337,False,0.11253282700636191
1504,seeds_72,18.846778151727083,0.9011363762842337,False,0.16008457099815132
1504,seeds_120,25.214198457835675,1.2790752965110603,False,0.2526188120027655
1504,neighbors_24,1.9086000118653663,0.8959049339040669,False,0.16625535700586624
1504,neighbors_36,18.84538297159888,0.9011277173370615,False,0.1916926659978344
1504,neighbors_72,18.845815237432777,0.9011756432929545,False,0.2322053380048601
1504,hypotheses_5,18.84551929306323,0.9011384123358827,False,0.20540267499745823
1504,hypotheses_10,18.846778151727083,0.9011363762842337,False,0.20663850699929753
1504,hypotheses_30,18.846778151727083,0.9011363762842337,False,0.21374408400151879
1504,motif_0,19.110552252554584,0.9323982021440825,False,0.20422713500011014
1504,motif_075,24.147412956592994,1.224263060700188,False,0.2113222100015264
1504,motif_225,5.499156302116051,0.7125724447289976,False,0.21013175199914258
1520,base,16.55308305332485,0.3746156844355156,False,0.22201768300146796
1520,seeds_48,16.55308305332485,0.3746156844355156,False,0.11783918300352525
1520,seeds_72,16.55308305332485,0.3746156844355156,False,0.16688006799813593
1520,seeds_120,31.67746192519424,0.39113917226029465,False,0.27070908799942117
1520,neighbors_24,179.37579477801552,7.0096632090571065,False,0.17337638999742921
1520,neighbors_36,8.084874341856645,0.08348983653541851,True,0.2023362800027826
1520,neighbors_72,16.55322196038296,0.3746175638232482,False,0.23163153800123837
1520,hypotheses_5,31.67746192519424,0.39113917226029465,False,0.21663856499799294
1520,hypotheses_10,31.67746192519424,0.39113917226029465,False,0.21815121699910378
1520,hypotheses_30,16.55308305332485,0.3746156844355156,False,0.2253353230044013
1520,motif_0,156.34759757692763,2.4916713818115532,False,0.2103054230028647
1520,motif_075,16.55306140300778,0.37461539521850934,False,0.2192424629974994
1520,motif_225,16.553080291621352,0.37461564344603454,False,0.22074618699843995
1536,base,17.300822216809177,0.9686965342163321,False,0.29482489099609666
1536,seeds_48,17.300822216809177,0.9686965342163321,False,0.16541972699633334
1536,seeds_72,17.300822216809177,0.9686965342163321,False,0.23075590599910356
1536,seeds_120,17.300822216809177,0.9686965342163321,False,0.37433226499706507
1536,neighbors_24,20.07166636667562,1.121145304353952,False,0.22318041900143726
1536,neighbors_36,17.30072741691698,0.9686908247796451,False,0.26516943799651926
1536,neighbors_72,17.301431638333526,0.9687305707528326,False,0.3441671859982307
1536,hypotheses_5,17.300822216809177,0.9686965342163321,False,0.292085686000064
1536,hypotheses_10,17.300822216809177,0.9686965342163321,False,0.2951775710025686
1536,hypotheses_30,17.300822216809177,0.9686965342163321,False,0.3023923090004246
1536,motif_0,17.30103078119528,0.9687081526256227,False,0.27941067600477254
1536,motif_075,17.30105739716213,0.9687104019931695,False,0.2957640519962297
1536,motif_225,17.30067704884608,0.9686885672719308,False,0.29988084100477863
1552,base,105.47205830656425,2.880086486604501,False,0.2298665760026779
1552,seeds_48,105.47205830656425,2.880086486604501,False,0.12402799099800177
1552,seeds_72,105.47205830656425,2.880086486604501,False,0.17150797799695283
1552,seeds_120,105.47205830656425,2.880086486604501,False,0.2898429929991835
1552,neighbors_24,102.50490200956027,2.725536574657887,False,0.1752010269992752
1552,neighbors_36,102.50334323524177,2.7253609084656247,False,0.2031768499946338
1552,neighbors_72,104.21044767528572,2.8189520186307013,False,0.2582281850045547
1552,hypotheses_5,105.47205830656425,2.880086486604501,False,0.22200671700556995
1552,hypotheses_10,105.47205830656425,2.880086486604501,False,0.22383578999870224
1552,hypotheses_30,105.47205830656425,2.880086486604501,False,0.23155545199551852
1552,motif_0,105.53592333635171,2.8833088571332004,False,0.22254529999918304
1552,motif_075,105.47212747663582,2.880089989191066,False,0.23034420900512487
1552,motif_225,90.86006339798277,2.1560111100507204,False,0.22787630999664543
1568,base,15.244512092074846,0.8998853833459493,False,0.1843850340010249
1568,seeds_48,15.244568285297609,0.8998893070743241,False,0.09477364199847216
1568,seeds_72,15.244512092074846,0.8998853833459493,False,0.13543519599625142
1568,seeds_120,15.244512092074846,0.8998853833459493,False,0.22424978599883616
1568,neighbors_24,15.277800737409823,0.8973610254257217,False,0.16204291199392173
1568,neighbors_36,15.243909507954065,0.8998403143770244,False,0.17688188300235197
1568,neighbors_72,15.24452527735149,0.8998866336245852,False,0.18692131699936
1568,hypotheses_5,15.244512092074846,0.8998853833459493,False,0.1789404880037182
1568,hypotheses_10,15.244512092074846,0.8998853833459493,False,0.18071212799986824
1568,hypotheses_30,15.244512092074846,0.8998853833459493,False,0.18765780000103405
1568,motif_0,15.244528735965993,0.8998866605575702,False,0.1759896790026687
1568,motif_075,15.244523251705745,0.8998862070368153,False,0.18461187999491813
1568,motif_225,15.244501768025405,0.8998846116317986,False,0.18438727199827554
1584,base,88.41034783715169,0.8502499396595653,False,0.2653287110006204
1584,seeds_48,87.62605972452899,0.824969241665861,False,0.1438451569993049
1584,seeds_72,88.41034783715169,0.8502499396595653,False,0.20123058299941476
1584,seeds_120,88.41034783715169,0.8502499396595653,False,0.3337065420055296
1584,neighbors_24,88.73348296864629,0.8577795829853438,False,0.19571557099698111
1584,neighbors_36,95.02961756459017,1.0053771290741298,False,0.23306307799794013
1584,neighbors_72,88.41435833292913,0.8503171341099606,False,0.30507564500294393
1584,hypotheses_5,88.41034783715169,0.8502499396595653,False,0.25872713099670364
1584,hypotheses_10,88.41034783715169,0.8502499396595653,False,0.2608235430016066
1584,hypotheses_30,88.41034783715169,0.8502499396595653,False,0.2678069909961778
1584,motif_0,179.4076538297385,2.8397121937621077,False,0.25087793199782027
1584,motif_075,88.41426921018994,0.8503156523198131,False,0.26549214699480217
1584,motif_225,88.43265589488587,0.8506543670908842,False,0.26380739500018535
